,Unnamed: 0,0,1,2,3,4,5,6,7,8,9,10,11,12,13,14,15,bigcat,cat_name,cr,radius,within_cat_distance,between_cat_distance,between_cat_distance_resid
0,0,7.646442719294865,7.509499071454585,11.091934691880692,7.039863020153164,8.148239599585033,8.490120819211965,8.259511975223976,9.050441646066808,6.002995748866058,-1.8447287490872213,7.531908994626851,7.382513010611958,11.51046582994969,7.876017844207424,12.770569177684289,-0.3735872073111165,1,animal,0.7797390820360361,29.31242566670558,4.567324751211876,34.220104660447724,15.170691907824327
1,1,19.427331619856528,19.5327384541894,28.384997909942044,18.416021521183268,21.02654507294269,21.201770170749228,21.545844706830792,23.13768289141061,15.9727104524474,-4.968286378778676,19.363545432592183,20.41763306358929,29.18480142881865,19.55566279508339,32.76946753928995,-1.4010019375724247,13,home decor,0.7984847327250593,75.6201302895872,-1.608313326327834,15.04348968102696,2.8504591052285306
2,2,18.270545737129797,18.372284029337543,26.51832923853528,17.411510369283796,20.03272161883138,19.768147736087144,20.043578216292683,21.801047717463717,14.925154249713255,-4.64636005665878,18.2546735911742,19.043152071657325,27.16964781512916,18.484943417611262,30.78586643169039,-1.1837390811938409,18,musical instrument,0.7528452093783106,70.88913776377838,-1.4410430605863356,11.887933016871823,-1.005574792613972
3,3,17.76215156826013,17.69569052268114,25.584303658819824,16.689299027318363,18.981807425322323,19.415626207375823,19.28826509673962,20.842380829116944,14.627779741259577,-4.445671885176383,17.701980877304752,18.536265993343893,26.36333517910789,18.00390127955179,29.7495039724453,-1.1913478977286789,99,,0.7618513406522875,68.491992340381,-2.697680957871926,12.266374754084804,-0.9820576902989604
4,4,16.901243776854653,16.799043453020815,24.16715985087231,15.58180124987192,17.460108425056294,17.797612364260694,18.128292659234397,19.37676019704296,13.760378490391393,-4.18805759162166,16.19962074320134,16.70514577615311,25.08864121587132,16.40800829018282,28.03091305989593,-0.8483047135656481,9,electronic device,0.7944662057985066,64.01738543879631,-1.8578748101074325,9.901285421509177,-4.009663449853001
5,5,20.403937340836144,20.28247277989126,29.201176153209964,18.60688867370892,21.318673698602343,21.76917960704988,21.733623386851487,23.65851549691996,16.8935716837324,-5.053524213514992,19.9347063903268,20.749320453194084,30.20441090879829,20.31861460162894,33.70166269465741,-1.0840713915064055,12,furniture,0.805999844651182,77.70615968949157,3.551933969029024,16.658097307125345,4.773927101632767
6,6,17.08556636934527,16.836240233881842,24.650586804597467,16.449241236392414,18.91460788177999,18.809036871357723,18.73458911559122,20.307314374894798,14.249975656097662,-4.620885124853781,17.329720210756797,18.18948008118738,25.39422411799907,17.75067521343342,29.182696001394472,-1.4717374073479037,23,tool,0.7251907697869563,66.55055242849153,-2.9213857314294573,10.23898223718687,-3.296902459854616
7,7,19.55755970866072,19.17326543814286,27.50371910970953,17.92406692291823,20.492585434269067,20.9012628431826,20.5451275905354,22.360024766119103,15.788724234003272,-4.879006544151423,19.030469342553303,19.5431366298917,28.487390153894683,19.6511203007542,32.33520001679424,-1.2389509620768788,20,part of car,0.7951560114950681,73.7253937190151,3.8090484517611536,13.479112179599788,1.0055443118313772
8,8,18.299824206009056,18.10994394399885,26.81797347056408,17.552780425463517,20.42668405704037,19.58173703607851,20.170128397568696,21.895865446347315,15.937196331910862,-5.192872131383561,18.338657983798967,19.457495659743014,27.794276064974373,18.85743448848349,31.4312172875228,-1.448977079008634,26,vehicle,0.7435045885816449,71.7321178507906,4.703874625889982,12.313584028516528,-0.45511099460729554
9,9,14.27888943671451,13.995414544079804,21.155370032678555,13.842214175821644,16.197113926216424,15.321651591968529,15.895280456530688,17.26633039808714,12.505189185560663,-4.18998351441236,14.308128409994396,14.911298165741306,22.040683932649785,14.888808573774185,24.832954532947,-1.1183117100135938,26,vehicle,0.7626539564322118,56.33469018099607,-2.2447150269857614,11.426785400979123,-3.621673853688282
10,10,14.035820345333608,13.781490416459986,20.80745012660463,13.446647286868746,16.140386329844095,15.146449515320628,15.56824859500503,17.139637383097643,12.380287451623447,-4.198247291059117,14.1904001157596,15.02001722697639,21.625098435855843,14.954683668543067,24.343822791865197,-1.2612828198898831,26,vehicle,0.7905644443789653,55.608188476491165,-2.0432887581939942,11.747098632503851,-3.4089274596642625
11,11,19.747834549678103,20.002549459747307,28.15503689964491,17.414541631314197,20.380776844234767,20.95886659014717,20.881558957966547,22.813460101560853,15.495197596762855,-4.637616979207748,18.855780668315905,19.707832787058567,29.024749979286067,19.51249822743008,31.98787373981689,-1.1541441433012738,13,home decor,0.6915167869055066,74.46595749818698,-1.9673125416297994,14.247925216853236,1.8840062366223709
12,12,12.369250932980108,12.212432723133002,18.280457966084235,11.593461159570571,13.507595472946406,13.568740341449672,13.648761884302967,14.842405019600776,10.337896578020825,-3.2781274718165925,12.272794125841196,12.494912475908391,19.04178913779808,12.803467417277805,21.049792135779285,-0.7732862683733965,1,animal,0.8363870150806295,48.27866171308638,-2.047217772864048,16.41383471300218,0.1725888485644944
13,13,13.366403855197513,13.304383164044244,19.318750322926643,12.483717156517068,14.42945830361584,14.17328416986391,14.427770018762525,15.65357732098993,11.488364539857916,-3.5969174068920187,13.159629408678938,14.053139450212,20.007919431599277,13.551424331078987,22.491718142065285,-0.958048515502864,10,food,0.820347729377413,51.60343692457281,-2.4805588592850567,14.408734195691045,-1.3402408967956365
14,14,16.31687319464207,16.1887774468513,23.226303646989287,15.0592882658713,17.138734959052552,17.278083006868687,17.213235695496095,18.77524195108962,13.719104457236718,-4.081616188451802,15.97339161972729,16.53861636391629,24.100491881061387,16.3007022821427,27.126169356634627,-0.784432407548946,21,plant,0.7518986941243039,62.04849707984474,-2.1273473666008043,9.774748002627287,-4.427717176062361
15,15,10.173514489748277,10.00871075897192,14.708451311493894,9.446961817728557,10.956557174033696,11.091838474174608,10.927012230587223,12.013635420156977,8.274930993065247,-2.5431818393018037,10.057994518234258,10.077246113347185,15.239366161104584,10.45853593528577,17.041573027199192,-0.5233621866505064,1,animal,0.8132426873349942,39.06347468667829,-2.2803660822757834,24.5894228001248,6.983763721978548
16,16,20.071035401151512,20.12084800258317,28.966138845023583,18.938786131463992,21.357403778537368,21.949290492210835,21.899852164953035,23.62053084139171,16.243191384027032,-4.809037344807448,20.017241545700315,20.700370041492448,29.698433613173936,20.023157885277683,33.49716828593993,-1.1584749702548869,99,,0.7450487333383564,77.32407905716262,0.8944632212608088,18.6651585698007,6.7244169825273925
17,17,16.414208704141966,16.169004396119472,23.04150230736322,14.852946269162096,16.616377235463688,17.37211807491344,17.23205067230953,18.53184308235438,13.041379492660967,-3.893380109080759,15.680576351105776,15.980774231375484,23.924166948387185,15.939896883280932,26.846130328784376,-0.7787366140993501,99,,0.7671410703118021,61.31491189668676,-0.41870695275182435,10.198045924665776,-4.1130348810766115
18,18,19.349721284775363,19.323827779545663,27.64252783271017,17.73569944089885,20.512901051062155,21.514143736128258,20.89784345764984,22.62088132219751,15.15059235579143,-4.670035715933244,19.16740245931009,20.076671360709,28.43611993269441,19.83906416148348,31.992292072899197,-1.631340512135603,99,,0.7793528366816241,74.08760143103594,-1.0978091924762374,16.000492092790957,3.5805531950013574
19,19,15.48960453374734,15.357462549177164,22.25491739071701,14.486584457969927,16.93367761864387,16.566242949483087,16.73257997849667,18.181378859689776,12.92276708783842,-4.2286668538854615,15.274075115601356,16.228163405046978,23.011648629298197,15.900204747997412,26.13256388140533,-1.3573749125531749,26,vehicle,0.7523692131061679,59.69689906821383,-2.4669234987916475,10.205911359785336,-4.344734641627197
20,20,13.951850361818051,13.853567749505885,20.2622296922916,13.61658100459909,15.72459933115165,15.159661540013465,15.275345833394608,16.815809885695373,11.376870302910636,-3.6088774962673456,14.101283789818387,14.248510769520678,20.76008543107608,14.399478148854762,23.809103292390567,-0.7856496239911985,9,electronic device,0.7503827045402132,54.32343231322384,0.3861535527042168,12.237430939845668,-3.1088179096611785
21,21,15.149321659307754,14.867141254522275,22.461718986457456,15.014939986925343,17.311161079144004,16.57115887781776,16.900287178145675,18.45517213042145,13.383760291871113,-4.262960372873184,15.583478340408524,16.08672405303833,23.22266023533004,15.908079085331986,26.4141176777828,-1.0067801677612875,99,,0.760987919409889,60.159962392167316,0.4285824749422744,10.223118236093976,-4.258965975289188
22,22,14.585186997384442,14.434300126602755,20.47245865662488,12.366601201487438,14.561879175962222,15.42163159202676,14.623193640181494,16.62946881978315,12.648146952222396,-3.399917788680995,14.285165608882396,14.922377159106016,21.237266863781866,14.696390006543512,23.249951443148227,-0.270352325959102,3,body part,0.8365940917408214,54.61394531499589,-1.440324186880808,12.178112166979897,-3.1251229295519956
23,23,18.813277344650345,18.86955709652988,26.653291087014093,16.694066987562895,19.70381610119969,20.217471380123985,19.4376489933168,21.936114903436003,15.765309136405891,-4.373457543131816,18.750921327925003,19.69622432213353,27.2938023039972,19.203342352197176,30.40777661183916,-0.7773322938575643,99,,0.8637443554163707,71.4650494414716,-2.0750007207714907,14.132015878099958,1.3237783404732024
24,24,11.925578304653722,11.71304792872767,17.362062685836243,10.990147449384647,12.77418304653316,12.89177362435441,12.848309908180546,14.049095215992027,9.817593649603944,-3.0754276514103163,11.650269972062151,11.628131678790956,18.17227414104132,12.209498535401927,20.095746494261792,-0.5898569998725551,1,animal,0.7547192904467438,45.83110711564815,-2.6615839839853273,18.460815034375962,1.8571808836834336
25,25,9.625815313455831,9.47435911932319,13.926830592867278,8.966450358507169,10.247551919747153,10.642925890588248,10.40077386854673,11.35458732059242,7.706648639032424,-2.3264630410278992,9.548997186057033,9.475622037399788,14.426775992653088,9.842197204918774,16.115506377503745,-0.4500733588733736,1,animal,0.7807796539898186,36.96035815620126,-1.5065109605334488,26.63063702477207,8.713587632362138
26,26,10.043445359641815,9.890786141155273,14.53585182838736,9.32666874481624,10.691464283549005,11.078066386509123,10.844226824618309,11.843620645698952,8.082878120302041,-2.4443380217275026,9.952508138565747,9.929767744382955,15.053200975664916,10.26881443607506,16.799269394255287,-0.4933745977982166,1,animal,0.7213829798072418,38.56727919674052,-2.137034416568426,25.07149814994758,7.392371687893267
27,27,16.829931434095844,16.687296605128633,24.915752738093435,16.585907398345395,18.772341157796173,18.24925523935276,18.894821677311164,20.283845281415783,14.794636485053385,-4.66944206236398,17.09690336596845,17.977941233920287,25.766114216871056,17.164130237038485,29.176379720719893,-1.1225401538511364,99,,0.7427858388224243,66.57005610032775,-2.3533173897862083,11.509275977650434,-2.0237209790236648
28,28,14.951216980335978,14.725374314421078,21.62247128988052,14.642009879963783,16.41642763255091,16.459356974871678,16.474699791513586,17.684133366420678,12.467249667834963,-3.905057633435666,15.165118129541534,15.654261730528804,22.28007895188085,15.274647984204185,25.617126369181467,-1.066075443155594,23,tool,0.7379074854388374,58.21485648866558,-1.692266852470281,10.54711206136571,-4.222967194414808
29,29,12.216228209790849,12.188702884052043,17.62584534272362,11.455168938262894,13.43221507723506,13.265966119311653,13.235189846705644,14.502801861969653,10.223226725834897,-3.2032658201517976,12.23900329187485,13.087720535058365,18.070788174248214,12.670394258070717,20.471347609923235,-1.0257770831843978,10,food,0.7514259463110777,47.37102587476967,-2.803585219343314,17.655205564386545,1.2795738944859956
30,30,13.03821684930526,12.81517618232466,18.574246307675555,12.009366487485368,14.044062042524612,14.336169328077633,14.02747815668815,15.236532227701211,10.451992434479337,-3.456015153327545,12.871812092450815,13.54461905628397,19.24528509187473,13.574306425103662,21.83431012811764,-1.2313425488211096,10,food,0.8265585952093325,49.95842544279586,-2.7994607759909345,15.616002456635458,-0.3765352891111906
31,31,13.795965338525836,13.782579901499812,19.720983738025,12.77519051880492,14.684329829865666,14.534419876364066,14.66477906143087,15.950225884066116,11.60517013493586,-3.5544451287349115,13.463247686605712,14.17918856054842,20.43021960233845,13.834833613773274,23.016956093719887,-0.8502743901801546,21,plant,0.6634847776082441,52.68559166089469,2.8078532858654697,12.933814494988143,-2.654935284948328
32,32,11.493384296596702,11.211706519105256,16.29419539142419,10.65993141527206,12.307115394257345,12.430762302337955,12.14380272954156,13.343910839508297,9.562165110181834,-2.956787920867572,11.390329563684585,11.809127814224388,16.84556923349929,11.85691127628552,19.147562172276068,-0.7641600690343614,10,food,0.8204776639761957,43.83608029203338,-1.919676062411579,20.60229525036814,3.7032746954667317
33,33,15.773790305146733,15.432938431913868,22.46762828659901,14.857313256285051,17.050044972714836,16.98154594821965,16.57514689335843,18.48708321769411,13.475208081105412,-3.91485335011282,15.922688360811902,16.193182079675225,23.11052128327391,16.216065119354163,26.32356044825853,-0.6125764415043622,4,clothing,0.8204058310950777,60.455450193669776,-1.8406851892204648,10.112240957412059,-4.326092925333793
34,34,17.791433174822547,17.522653956014373,25.940570776285902,16.42033903423454,19.080849461947825,19.18292669936732,19.33094213311941,20.99497502234396,14.660433708926131,-4.681093178692362,17.347211095762525,17.633831796656835,27.09092467906868,18.11622707680438,29.996896068358872,-1.0653547967635426,6,container,0.6884195044638517,68.52221494991899,-2.4260476823541532,11.066721484861905,-2.1772361585559974
35,35,17.992398784280674,17.758430667151117,26.686166638013628,17.625733914413694,20.291437341748463,19.65700904001317,20.110380447200047,21.858958994334927,15.930228273332515,-5.030306988889805,18.434170896324883,19.343434780357335,27.573507336084475,18.715239043691614,31.16726663202445,-1.2429568612408557,99,,0.7091216650057741,71.38382013635483,-2.0004627496066627,14.119742958369667,1.2994784985628094
36,36,17.942836124263813,17.89526485650045,25.64499871601143,15.884554130120872,18.425123444658144,19.216823049657272,18.754783887756787,20.81353852995483,15.37967886221066,-4.333845647895409,17.717489699791116,18.6530957857991,26.51502109565612,18.03528789551477,29.23437697401324,-0.674227142798747,3,body part,0.8251103855218805,68.30884397919907,0.7218031749264942,10.733989750506149,-2.5415598911031942
37,37,14.732177691360528,14.587525303667183,21.05752575216512,14.045814589200676,16.190790357920775,16.03513165264264,15.713147222633552,17.406713324465002,12.274963729940565,-3.679576030756895,14.951758578498447,15.338609156178835,21.56034574143251,15.230374556504003,24.75139997150724,-0.8354453630805002,4,clothing,0.8255687669198581,56.81189659294553,0.1470751810463078,11.08864206404957,-3.889161355607172
38,38,19.49653119462561,19.28546740057303,28.179843273131755,19.04665580138917,21.33283938829316,21.586047506129862,21.60676776862744,23.060578234555308,16.190382524236238,-5.111381391391166,19.813743108232902,20.76089221605582,28.98744533479452,19.89336336494127,33.370429159403194,-1.5988968635594665,27,weapon,0.8159023739227937,76.03116838134395,4.041844716421503,15.281436099535869,3.1492643866257666
39,39,11.99907377078754,11.83081566554192,17.01951341034082,11.192229184903704,12.84872458066416,12.65751220854015,12.63398465232984,13.8345727808616,10.092247556278515,-3.1244583483533024,11.76691746513713,12.184022113811508,17.67164900507729,12.1489190666702,20.100771945445263,-0.6880332238168154,10,food,0.8075332676084237,45.67280080279766,-2.5376681801406393,19.049257710749835,2.422184510535285
40,40,10.905970187047515,10.650940581561432,15.475055509637182,10.223708804444035,11.770871840008189,11.45942372545366,11.41847948285402,12.588902085511938,9.33299173273056,-2.899554578998686,10.723819707524225,10.984923180468828,16.114662775929432,11.140653932419244,18.363932289412944,-0.563094811182384,10,food,0.7882286857834038,41.54493453324381,-0.8174386558037945,22.627534481057328,5.389283746793698
41,41,17.37688842191358,17.20518585990813,24.435530840916257,16.12387959952831,18.060574617478046,18.83692698138064,18.44263861701681,19.740787575192517,14.190671998533496,-4.279679962618344,17.070192986226814,18.042392373379744,25.218451274281943,17.43311541237744,28.78953407300748,-1.3322160175892224,6,container,0.7826210779562147,65.86709077793655,-2.018405299359957,10.158493796509077,-3.478585168690822
42,42,12.713871812982534,12.517675503041366,18.178938045488888,12.063917936222806,13.653171919971223,13.488012635765658,13.604169885239916,14.72311664408294,10.86631679515101,-3.3733008375629274,12.55839918567296,13.089895514035598,18.872752209117024,12.815087763906444,21.502134667857167,-0.7708092650545244,10,food,0.8175056245355452,48.77726274695759,-2.8834707304978497,16.52901798114372,0.3615956687438917
43,43,14.413300902386268,14.245366056346562,20.6960226792618,13.470859360935926,15.722721864770625,15.648045468999062,15.464038682841467,17.004853557634142,11.92453027278987,-3.748767255029133,14.353378719378943,14.950819403226811,21.35575008436195,14.958016836724727,24.17796024771556,-1.0173129733730224,10,food,0.8171612926547138,55.52199718757496,-0.6645858068453521,11.792804449762773,-3.375983242703505
44,44,22.25807803416833,22.308007311951123,32.15743315696283,20.45125286676106,23.545455132168744,23.868857793034792,24.08626482173184,26.06630131681163,18.48542222409466,-5.619656782545533,21.828056201790503,23.13559428725773,33.167734141675425,22.267022654757504,36.94380118418552,-1.4721685382232772,99,,0.7950330257627584,85.52335500913813,8.145515108454259,26.484900740094847,15.758155181297033
45,45,16.395211948669544,16.067044155284698,23.66308696894519,16.29308900736618,17.884264138015883,18.0842844089276,18.09834471238985,19.27441038576376,13.955246369585916,-4.283329548121758,16.761475459749846,17.316269454563713,24.396812874526702,16.624634545882834,28.245046775677977,-1.087918799539113,23,tool,0.8317437765969407,63.932785638663475,-3.0916782830721194,9.89759642869897,-4.0258784049521505
46,46,13.63307240842662,13.7575709503361,19.309144098541505,11.465359460693362,13.986031049483588,14.46682277510925,13.833498864830707,15.824472484433104,11.502549632096704,-3.188973177601047,13.344708105471817,14.227129775564135,19.85569959784138,13.947180388542138,21.640106916146447,-0.5556369475697044,99,,0.8649896259588173,51.41328662575941,7.762555479397147,12.426302813415255,-3.350826192773681
47,47,19.156776120955914,19.013054566778116,27.47128968551377,17.756167058558166,19.8078243061474,20.59648216730878,20.630124669591865,22.16124008047331,15.58061503131791,-4.568989000392262,18.711068661317704,19.144648500761768,28.41392713808952,18.758559211123192,31.730613823468225,-0.8318357630848128,99,,0.7595028308803852,72.93369088026508,-1.6844470404083722,15.113534017865105,2.522745543349858
48,48,20.07692294791716,20.17569027940561,29.21992936879184,18.67081388589072,21.78345995223816,21.857529852155785,21.957807612599115,23.961888294084897,16.503141812110805,-5.129531114576292,20.002764238004875,21.070709992751716,30.023793641885625,20.479495110520133,33.59832662055378,-1.4149110713451123,99,,0.7759221079108509,77.88011544560686,1.3082964664706225,19.153313805855124,7.294899727890311
49,49,20.583412803802062,20.35415753262144,29.304603366240503,18.83143757381759,21.934969095374026,21.98703689625356,21.57510801032129,23.986755942178807,17.535546920374486,-5.184551482394565,20.47047827292321,21.37279579495584,30.230714524358355,21.057014487782475,34.04149158951289,-1.0567482794117076,6,container,0.7586346533028325,78.61858431300625,2.1059489599704495,17.786504211630646,6.037428845696821
50,50,18.510362586200337,18.068073858143347,26.578486273970807,17.890452095934926,19.878627368105104,20.591040203182438,20.139104591595675,21.82086951426,15.474568327939018,-4.616574933033633,18.94506961863141,19.256259146505723,27.374511487480376,18.85427564943265,31.39096530244933,-0.9487214194503112,23,tool,0.8030283817999511,71.66809440068788,-0.9815657474868953,12.363737668420683,-0.4144367544220007
51,51,13.741850864656463,13.566664617574927,19.70724359643878,12.911898556550248,14.647539386241316,14.650478224164448,14.760212020476434,15.985283269589294,11.6416404155866,-3.551084289213368,13.557532295289054,14.182636379926883,20.364949892557583,13.787111399437483,23.029706045933256,-0.8172907691370634,10,food,0.8386790793308543,52.71042138749419,-2.090121048460359,13.61000527853487,-1.9750681780705541
52,52,19.003315955261684,19.27224958828,27.22947094427171,17.332103551689137,20.47353372601406,20.65382461488156,20.343267764881784,22.43784623895557,15.278564565039964,-4.599508748714916,18.883629024305865,20.068977042464947,27.78058128254069,19.43769892040859,31.22854490866517,-1.4379581898160787,99,,0.8093417621254789,72.95991407287381,-1.6397246918643926,15.132069993370848,2.5451641606726874
53,53,9.744961738639676,9.621497946637747,14.049421558989012,8.880973712970043,10.292720203616076,10.756972003836848,10.454433732879004,11.454481430292104,7.644763382202909,-2.328956341977084,9.561233767043252,9.50312470433832,14.563008941478111,9.975006733023235,16.16156970678907,-0.5041998650191971,1,animal,0.779213680869929,37.19707719952211,-1.610099690500693,26.40917992080154,8.52717947419356
54,54,19.332534633906864,19.225383602473613,27.306758773175584,17.23465188250638,20.097052117492165,20.55080422415966,20.044252865244907,22.29905347402247,15.826024741100552,-4.566854282031504,18.87319148027999,19.505470433186375,28.1274049546541,19.433590782679232,31.378801843624167,-0.8491672983458493,6,container,0.7891456960745815,72.87271332378627,-1.5780146444989551,13.277112335844965,0.677295440792955
55,55,12.909437294752218,12.620107129099054,18.449341979621263,12.076321079868167,13.9330067735471,14.257381758329856,13.87222563596266,15.18476833555646,10.61648183070846,-3.330792266812774,12.962472479969016,13.43462918098041,19.043274117832027,13.426989896073076,21.656236686894083,-0.9404160900237252,10,food,0.8156871869524309,49.67412785458767,-2.8384752722591724,15.827417524505739,-0.20721371156998636
56,56,20.06358558171112,20.11348372763001,28.759909954588828,18.80561601231509,21.935091892078283,22.20718438773729,21.613123301626963,23.909535033504504,16.117870746319003,-4.857066927454609,20.354059839272345,21.167069387779485,29.284665601781715,20.793324939603973,33.365230826662234,-1.379650128262782,18,musical instrument,0.7654029441235759,77.48731923171894,3.3767474444643506,16.544500699339316,4.627928675910397
57,57,8.402923983268572,8.163322602692897,12.037324307578835,8.07615355894657,9.301818270290903,8.91827824031743,8.942534978857035,9.878386386727843,7.392695789380695,-2.301861613495617,8.442481070279053,8.778127304608816,12.426071180370547,8.709641808780392,14.27264871374339,-0.4989775534319585,7,dessert,0.8040352260446132,32.46028539671417,7.165973180800664,29.530188099322913,10.94685177013147
58,58,18.408937768259094,18.23092261776905,26.6384046000338,17.066464537006595,19.62416656171458,19.788081373223623,19.920447707777527,21.66837600518807,15.751842788429636,-4.825341219915873,18.30256110864076,19.31424005929249,27.57857790553025,18.58504343237861,30.855475942360467,-1.127726941565128,22,sports equipment,0.7888944969548628,71.09957253422415,-1.8441060012373223,12.137608595202014,-0.724741953926813
59,59,18.94287198089837,19.109874929179025,27.06611307903911,16.830333974128397,20.042547947302637,20.822137424199628,20.419151410593983,22.17334675938612,14.797170573795842,-4.789372785392904,18.50748924075862,20.030669430881225,27.87250465454689,19.47375824793515,31.08706456184156,-1.944724986898149,22,sports equipment,0.7860352151020906,72.43096205205181,-1.4638082408477775,12.998238310384716,0.33301511694724617
60,60,21.401387138423264,21.67816715286284,30.497564763284977,18.68264643579558,22.40624830386589,23.091246202854432,22.75320990806553,24.87731194949514,16.980375233897483,-5.338738296543972,20.68534359469447,22.475909294232792,31.393682227939117,21.771225276623426,34.761826204934906,-2.0042296254548764,24,toy,0.7961419311674186,81.32889003204868,1.2360627959609403,20.06122524159218,8.713441452883433
61,61,18.558857776409088,18.24920033701452,25.945480319113656,16.218295158567397,18.281370893953877,19.627589256160636,19.121071876986168,20.79539489746288,14.660158996375838,-4.212738729143212,17.54739482025739,17.626441443532112,27.042213885088675,17.98052832295728,29.87412007573733,-0.5750454308932308,6,container,0.7644093597619754,68.65661982889004,-2.368023470555107,11.214313357663112,-2.0097441152721416
62,62,17.047471210508643,16.832899240268294,24.778206450731183,16.55610074667759,18.235100524837417,18.677968138447312,18.83327096848516,20.01191102512253,14.552343845939538,-4.393577856909794,17.188934834043266,17.865815551233492,25.636147162519453,17.059780245783283,29.11142785475733,-1.0195997431021464,21,plant,0.7731107416524674,66.34390662834188,-1.2249713645819762,10.13438039826214,-3.4321005590042937
63,63,14.81848511625464,14.46658265536179,21.067845345972987,13.833672719442037,16.03046303960129,15.898673634515,15.58724192517003,17.29471316019043,12.508463263636887,-3.843475759546136,14.761931582140024,15.09638969168574,21.804518870861504,15.309969029280586,24.82841454151502,-0.7966852855791681,10,food,0.8145355217547103,56.64268279402185,0.02682882719771129,11.170286176340076,-3.8325712701673034
64,64,15.472685684799693,15.219019108501309,22.01681093297313,14.28144454453449,16.364537415002253,16.356502912533095,16.258920318232143,17.856290228926603,13.242471460500497,-3.970082093264939,15.204449887996187,15.79167080879079,22.842684609329,15.623645117816595,25.748646037518508,-0.7535777122648266,99,,0.8331194877109437,58.92130374959415,1.1749667532995858,10.173375249164923,-4.492106457500537
65,65,12.072986695945216,12.039962246640057,17.236887568427296,11.02215092261756,13.131370945832728,12.93875202691494,12.79736869659956,14.166894613391229,10.068088551578212,-3.1522733838047845,11.932898244744557,12.781318190245615,17.702593054196754,12.536101635426506,19.9896454748138,-1.0125395413806304,7,dessert,0.7974938719385984,46.304154767732626,-3.0362693062774984,17.281632539126182,0.7480384717622144
66,66,21.735672909736174,21.437476430196337,30.28815826011288,18.683075593064924,21.18458084606177,22.942863720783567,22.15509186196569,24.26859314586805,17.52354691429459,-4.89852990646914,20.613961206513476,21.01820570881016,31.549537344652222,21.098931196442432,34.71461137200746,-0.6223816679165055,17,medical equipment,0.8533712702813668,80.29042815411333,0.7025665359273852,19.129019325076825,7.627479448279232
67,67,17.04112075102884,17.222109209104854,24.25538891748953,14.953377252015583,17.987523892713984,18.20810860865043,17.763360105083606,19.9491497221916,14.03242871217907,-4.097437572973381,16.760575989438795,17.88721695745826,24.835508220972287,17.426111258137485,27.52874838515832,-1.0388212130676393,4,clothing,0.8461554760335249,64.79884222267886,-2.6169842419307523,10.079072006043637,-3.716173303490004
68,68,17.173734196648404,17.105461958479278,24.88105232419329,16.542867694778167,19.188004144045973,19.343860972828317,18.954965547479524,20.78089469249368,13.7284700490531,-4.350382197056563,17.664216966763544,18.25038463060633,25.38778154230838,18.003001097165864,29.133216937930804,-1.354441799358821,18,musical instrument,0.7209028178853369,67.16252855494001,-2.0541087019002378,10.469726674573646,-2.975547998926519
69,69,21.48076054632329,21.41483136784821,30.25174835319871,18.999640301588357,21.80563800916342,23.28780916537212,22.6550241082792,24.493279090431933,16.588974318841466,-5.006866361202325,20.649049049093616,21.41745479520077,31.26708217224367,21.302818625509417,34.84592893676529,-1.4488879631583378,6,container,0.7866108178076415,80.56137556327549,3.6825791184118764,19.59510066302678,8.13367763076219
70,70,19.50888899800716,19.699152001522297,27.962247929519243,17.704014026439115,20.49448820108498,20.89414155599944,20.96765075986514,22.666208042392213,15.649835649302297,-4.79572405991755,18.904957922338813,20.06976067594582,28.773093774211212,19.4452291239193,32.08732685566433,-1.4281999988646508,99,,0.8372539503674096,74.363709582799,-1.0197248708072486,16.19031674545989,3.8112587988217523
71,71,16.272493339386926,16.259593104879208,23.75172754861301,15.876183311847374,17.67731356561767,17.435813435941117,18.02600073971105,19.175365770789764,14.047677582247866,-4.305573929212764,16.280076007843203,17.210214941544617,24.5302454271518,16.190061752960805,27.84479070475343,-1.0431054831178723,99,,0.7623180826936125,63.508527394985556,-1.5141506680707755,10.515256173592306,-3.4710349167490033
72,72,15.99330432481978,15.644856946898662,23.01297591306257,15.561031459186504,17.829634243999482,17.712653510784573,17.493771830221426,19.07137291588548,13.35694095716469,-4.318165878334638,16.39686592359111,16.964334415270123,23.69712803348651,16.72632409358371,27.442872315830552,-1.270180430305072,22,sports equipment,0.7873816910161584,62.36126619599325,1.7135193170442529,9.816773605032383,-4.339382549902236
73,73,17.468247054801267,17.441666358634645,25.040613858680288,15.920803849992042,18.035975214604107,18.36763395762857,18.68500668260976,20.12812761383777,14.13914043930156,-4.275498814122922,16.681751887158242,17.18485766515964,25.96582487608889,17.006443236792684,28.796014577374425,-0.782650537500199,99,,0.8176916040045575,66.12724488634308,-2.36241246625148,11.314342624041386,-2.284217567519603
74,74,15.51761774105164,15.563658513072468,22.69055651642234,14.885742526475418,16.491386112495952,16.629715323843307,17.085740158114447,18.220980126994505,13.401735505325004,-3.920370339519467,15.435720584553788,16.22729533679493,23.441559891183445,15.273609889156203,26.248167299457283,-0.7363900835352538,99,,0.7701270682030154,60.31566650264617,0.20014491434953108,10.142365591050384,-4.31666485645829
75,75,17.679960356471003,17.877636091655948,25.82110691390464,16.158111687577257,18.968122160894083,19.01295699013149,19.336328329697945,20.909516685913133,14.653499069079515,-4.595412189725315,17.27362520111061,18.55564448688866,26.71179276484482,17.922672254965157,29.4834175084207,-1.4118363468655664,1,animal,0.713455250696459,68.44297969782133,13.245466070052647,9.290053599231715,-3.9656357241449065
76,76,17.962907970688356,17.584296940928557,25.64347514182871,16.811818317003706,18.665737586586847,19.667002140089465,19.36895214705904,20.70382396654053,14.664137058265316,-4.43272943613158,17.743981271863472,18.12458685808608,26.615340826454183,17.912824933953782,30.065927033015782,-1.0425715228237136,6,container,0.7818442515473123,68.53842626194643,-2.556443035066761,10.990195729475639,-2.2513616448779015
77,77,18.21817717048468,18.40411197713629,25.91593898304025,16.106826199649433,18.95946418700529,19.5892365895944,18.89087085739066,21.28426655891575,15.207274999703955,-4.115256769476239,18.12980047628176,19.040499062817812,26.49530806526945,18.452125838176208,29.32736112121157,-0.6493200515645244,99,,0.8563788023332909,69.25454287152125,-2.4818830105988905,12.788572030957429,-0.34695613727581787
78,78,20.87670560583154,20.71652841525627,29.70543512320483,18.715868698951645,21.808291037980236,22.90711412658538,22.28679633952644,24.284416672425007,16.735629205281484,-5.193946942842839,20.546348879963404,21.696161429277502,30.703421275072003,21.2953769705548,34.32562055224937,-1.6230435597492212,22,sports equipment,0.8062906233477479,79.54315774566578,2.5643022377219173,18.52010181754753,6.907920060495375
79,79,17.515375930307655,17.184606703161652,25.2230622848872,16.873376312330013,18.88486653120616,19.351544339739423,19.21106653811846,20.607698767922905,14.775039133788988,-4.59607694582427,17.790414398196113,18.585025580784738,26.035662445622023,17.844148918938085,29.834172565788496,-1.2747748736671507,22,sports equipment,0.8071709625063285,68.0224890972115,-1.528535494435685,10.742134925040476,-2.575812812632913
80,80,18.94713278856856,18.80335133597483,27.29013101992764,17.60067570471012,20.65023405978684,20.455531024043506,20.247587456881934,22.48935321598185,16.20650950713736,-4.9096442498153055,19.0921558932041,20.106756772251597,28.06114095585559,19.601821169678164,31.65314056897961,-1.1607584273832752,22,sports equipment,0.777232731821949,73.28483399840499,-1.4151177600737617,13.498098422543077,0.9593006790808154
81,81,12.176035923478391,12.006149686022944,17.212643915499985,11.25607178779903,12.77181848309009,12.68915186583404,12.710580674953617,13.868124131667749,10.258146945619815,-3.086309667079416,11.790262918116794,12.106149156776674,17.924121752093857,12.098894373551548,20.259563798839807,-0.5371624554434818,10,food,0.7288439165971375,45.98905922063775,-2.574419212935525,18.794747450586566,2.2144999049150016
82,82,21.77969142192049,21.870821877189567,31.08800283629837,19.85545602638012,22.443022068379552,23.47538670426597,23.417583020261237,25.12103093019096,17.476383405150816,-5.187089849266263,21.218429342602843,22.308129095828235,32.036170772280315,21.368053806485925,35.78886242318237,-1.3656433752209616,6,container,0.750885376093977,82.78975634502221,5.722270609005989,21.663572016206267,10.532086094830088
83,83,15.85934552333182,15.71904644171408,22.73688414747924,14.549062718401254,17.15124953525206,17.700647712878304,17.22941918898996,18.799213654982623,12.5777491690572,-4.121551070551943,15.859450652967803,16.775258471491284,23.437948046190822,16.591467683452233,26.482247593568413,-1.5155963432362711,22,sports equipment,0.8086267859720019,61.175532982546805,2.7324964795429887,9.856810989796973,-4.474906448888396
84,84,18.14547795439859,18.182140246264748,26.470026497077384,17.053117815434135,19.682060990149346,19.843250549022425,20.095923521537834,21.597049370830145,15.21214976539556,-4.830672350037053,18.160442068515398,19.561928630233176,27.2911744559169,18.488750855792595,30.65427468242765,-1.5818038324312649,22,sports equipment,0.7100569791650336,70.81497251197686,-1.876183134185264,11.991629818948578,-0.9128589993074154
85,85,20.076366850104204,20.0243809571112,28.675804632000144,17.902053156418003,20.99503629841865,21.41976547713273,21.161131680774368,23.393805713951423,16.769782220787008,-4.974381272428512,19.716302740321314,20.782000113928888,29.603335062458235,20.22949057458478,32.855430213753564,-1.09921992440026,12,furniture,0.7619022498570481,76.44890315278188,2.6082120566573987,15.629392975351358,3.5590716448960116
86,86,19.12128406557529,19.066478928226523,27.775988330128445,18.589962191494507,21.283512953156453,21.37218225230888,21.136655827947276,23.064523105235608,15.58984332934118,-4.817911845206665,19.6636661385451,20.305973008966337,28.34575676479262,19.81783873792859,32.514765158663124,-1.342497298313546,18,musical instrument,0.759348673586241,74.85629305908151,0.9181264057040286,14.492803106083867,2.186677743664406
87,87,9.183170358621943,9.051828596338042,13.362492659386987,8.399836489832488,9.769407366823554,10.17165745008491,9.915953819745113,10.890034932136262,7.294021358039004,-2.215197936688638,9.048254963209498,8.936864713489378,13.871494063164716,9.456415313173752,15.302951770825931,-0.4347456778921457,1,animal,0.7979304912634764,35.26285984235309,-0.5788803404765357,28.30808656279884,10.139703244878206
88,88,20.3984828901158,20.273683254905563,29.146195975461605,19.019516795964,21.77920068506137,22.577555524849995,22.07674683903999,23.915530789070125,16.54110327072089,-5.118822063912546,20.47345575706449,21.543135826292826,29.94893871603432,20.87500931007784,34.07412025135018,-1.6325388407183268,22,sports equipment,0.7302228322506259,78.49711150497482,1.6731014933785735,17.588993993638166,5.821933197358824
89,89,17.56026311716479,17.430904789033097,24.875597432617475,15.767683679479903,17.658251565130353,18.45040742220961,18.454527865174164,19.92427097655432,14.401797935788894,-4.145376233871157,16.82045471358717,17.310818306876737,25.83908707073857,16.928186047244793,28.64671830466643,-0.6221752812032801,99,,0.7516862233904059,65.91083757311213,-2.300681658703338,11.237703779578437,-2.3928979752052317
90,90,17.606699538708803,17.31636221190841,24.644807926212096,15.4000430218026,17.779764465318532,19.01024602588534,18.002750308822353,20.106015485893312,14.262776757140411,-3.92749987373313,17.23732671543712,17.48645159792579,25.46241711189916,17.683408891769673,28.248786293372035,-0.542785913468354,4,clothing,0.822043802735997,65.80523285077845,-2.4247971675204107,10.242614830914762,-3.4036229037105716
91,91,16.283719540525524,15.808692354425292,22.93349515214712,14.442288146239648,16.192853510253553,17.48732962225883,16.949622115926548,18.39276536766036,13.178517849197686,-3.8380013522277134,15.654498472179595,15.601863348403114,24.010052892563003,15.993577393113314,26.594943561141825,-0.5342312101917956,6,container,0.7868906994268036,60.79938784256973,0.7526768434264515,10.023582827030294,-4.3638271763079945
92,92,15.22684213614189,14.821934215999384,22.11940896063282,15.25965351528371,16.994388279958983,17.246727386932633,16.99309521593047,18.308846791703285,12.71589981933674,-4.009861842552389,15.892478659653255,16.123960222200992,22.751932854978502,15.855943559439128,26.44625181241351,-1.0515298912107909,99,,0.7830712451861361,59.932347259133984,0.5884473913228376,10.240690965800638,-4.2750942539571515
93,93,15.45754834555271,15.07070118757665,22.392210412767596,15.464479745546496,17.306159761933575,17.37272354464454,17.123650362797246,18.54540772855885,13.022150067951252,-4.078740272079109,16.100436712362498,16.424830688305985,22.98779237338648,16.143287244456435,26.76692718989561,-1.0570924518516944,27,weapon,0.807895001392697,60.734994303202065,-2.49799338697027,10.03602529036181,-4.360918908618837
94,94,17.51233373436338,17.352548440902083,25.33207149140264,16.983849432901344,19.462428469927527,19.35193501752343,19.21187149251773,20.963186027344488,14.572542621063077,-4.575918535086578,17.93352720326328,18.60759222661109,25.986699854459168,18.15488239905609,29.88292428200114,-1.267956204804765,22,sports equipment,0.7707799598043501,68.38313335892377,-1.6111557582492404,10.905575039423342,-2.3589752148654703
95,95,18.487190906505862,18.247388531184967,26.537127322267448,17.33419076114931,20.03263226678265,20.31368681866603,19.93839708644544,21.86187175398988,15.38199146168887,-4.789894213393328,18.672687236706683,19.43323321586369,27.353431294394227,19.095393556567235,31.114394281580463,-1.2803596212943416,22,sports equipment,0.7968352583564395,71.43492708538,-1.849010004817229,12.313492429024622,-0.4992050659054037
96,96,13.790399163459533,13.436318444877791,19.51140998698672,12.937643482817986,14.758563900059146,15.014975117528197,14.635794175461738,16.00711260640877,11.380914767086434,-3.517423637216693,13.760477569113904,14.15424075289539,20.153373825466787,14.15737432594228,23.07923639166904,-0.8931816686277507,10,food,0.8029628746754534,52.633027207930056,-2.09617712443971,13.665134505501507,-1.9313980393415004
97,97,15.416477936881725,15.11872336802828,21.91014989520581,14.844179628255665,16.652384251013842,16.775425026765948,16.66195767025539,17.884491582876514,12.250786328800162,-3.9141585932393466,15.238743470103124,15.42369032510914,22.61870171985668,15.60889525279371,26.095267821780286,-1.0831984853641443,99,,0.8152164886468304,58.906350936298246,1.2042122580938184,10.210246835731903,-4.457448804951888
98,98,19.065922755718184,18.731067629486294,27.459375115489497,18.384071671122275,20.99966843742328,21.04672212181272,20.69460546997237,22.619082194794487,16.029445132944176,-4.958173178406458,19.45101365741427,20.06857981387703,28.253548446945786,19.83641958172468,32.43011514052533,-1.2943241514288253,27,weapon,0.8031261076239846,74.10177636119553,2.277391716073218,13.823563559556778,1.4057234213428362
99,99,17.715077932954877,17.715449823848047,25.486939649565205,15.79686127466706,18.89394415403525,19.579017474515712,19.166505077614943,20.90927574544773,14.13673570058294,-4.599993331219922,17.452081499171328,18.75558486566872,26.35237617446284,18.42197674207903,29.29273464253116,-1.7536119994608694,22,sports equipment,0.7530306342716097,68.1429374534076,-1.4688853036270624,10.80854812972649,-2.4915658593433747
100,100,20.422676301994976,20.621808498880423,29.22780733111843,18.270632387849528,21.548592337102622,22.160889167671744,21.885203493085022,23.87471066987868,16.438899172596432,-5.096735030050359,19.997451075162253,21.553100185433664,30.062311931659995,20.77615349751319,33.49050872458873,-1.7192513010606694,99,,0.8005449834718129,78.0975485787532,1.5091300340533227,19.373764187461234,7.547543557020898
101,101,14.29901227714116,13.813497060342444,19.896044729583604,12.820145905674009,14.505626312618851,15.716687632582776,14.804140436301608,16.17363620103978,11.154219980060102,-3.323990290555054,13.924994771740838,13.82469204859732,20.71184164982316,14.479835519668448,23.365310357534767,-0.7168222032833655,6,container,0.7610230138772341,53.32103943022224,7.056896798163981,12.452394213283576,-3.0422702995164244
102,102,11.61627257244264,11.550475356998897,16.59967523584573,10.737190973870565,12.584350885267876,12.202763366352428,12.298489779133028,13.526784999618082,9.893323156623786,-3.101179147113329,11.38400765236936,12.104200449845932,17.16609812355945,11.868118788746916,19.39866234330522,-0.815715214129419,10,food,0.8158888345123164,44.48556193168421,-2.1700622042651867,20.061830747768667,3.258973334066802
103,103,23.425987319633258,23.387468739092977,32.71574310947602,20.08483639013533,23.50159715552873,25.348270622529224,24.156630706615623,26.646632352073823,18.27834828251404,-5.301235394776154,22.57134941861318,23.59972678998905,33.73643012695253,23.444263329132607,37.3448617324638,-1.3903551561739276,12,furniture,0.8293577110830803,87.31939956652958,12.316267571466733,25.838659266320814,15.377838524837253
104,104,17.154738053106687,17.150233405501655,24.26053196626085,14.942202383980623,17.76971831658303,18.39842022824964,17.518903031349268,19.9552022935862,14.44245411227042,-3.936671866301272,17.028096712948017,17.78266326193221,24.89056021483693,17.561141027728713,27.50484577441503,-0.5449303240819089,4,clothing,0.8598406892366053,64.88024529221975,-2.6329792797854497,10.147357655686301,-3.6358350038685856
105,105,8.952130298013955,8.838803401223672,12.95159482372412,8.232603662887053,9.450674247541642,9.84618755839249,9.671361435612608,10.506996167373398,7.065152745312178,-2.166583699532104,8.754163062088992,8.70948323588977,13.45116105559706,9.097593429960872,14.927230703276145,-0.4660624931982563,1,animal,0.8131854241409895,34.23469261981206,0.13838165700960836,29.320684819795567,11.000069654564953
106,106,15.585601680159494,15.57832967406654,22.09078117980405,13.52001275544801,15.978725751999644,16.62754766077766,15.860668270177444,18.070110686082376,13.279108722799084,-3.5387252826326554,15.412625753113174,15.993436739812092,22.729179636664902,15.836010298537362,24.95763957823492,-0.3078549130480141,3,body part,0.8892157258547346,58.8649757722742,-2.7414675037833147,10.478703523920025,-4.1951181802231385
107,107,8.348027527317146,8.241146426144876,12.16300743635205,7.753683079008351,8.852675517667619,9.277996473256383,9.106793187747767,9.874094969579028,6.60838559360886,-2.005568607581803,8.235341617357381,8.15685607485578,12.615013026691727,8.509578327144297,13.9811427718867,-0.4127043288314931,1,animal,0.7771789288680178,32.12061171661636,1.8497250660497695,31.419905503522997,12.786276623985444
108,108,17.968572725559177,17.73042391185536,25.405213585960198,16.152118206043,18.268307872507588,19.334516454066925,18.787551304929483,20.598731169453213,14.606514577338324,-4.114484090614653,17.564392277265767,17.811505227236317,26.26464690701308,17.767015091104064,29.251521404863347,-0.5848718995440418,12,furniture,0.783240404047152,67.63324822712303,-2.100093612925191,10.50137922695682,-2.8742000471077667
109,109,21.54845633006148,21.33645675772463,30.30727631253739,18.805394501125097,21.683457035702062,23.19402713012431,22.4840948159492,24.48224853582101,17.076280993849156,-5.097096086122514,20.665711816689004,21.43445266708896,31.467124390189472,21.419362461536227,34.85305113214484,-1.272210697111393,6,container,0.8001298888728533,80.6168190771161,3.7330931729925005,19.640345780820873,8.187131791159734
110,110,16.088903567361765,16.034765110668538,23.20171671905952,15.185049644933455,17.1207064870786,17.72277440079526,17.42182457042328,18.99418126301772,13.04283654278804,-3.745800741278222,16.174735999829196,16.402968837063106,23.780012266899284,16.185611304627702,26.797526485883147,-0.6887674247777058,12,furniture,0.739768260551316,61.94111058821013,-1.7114533776591836,9.779839320325506,-4.438525649409097
111,111,14.98522790620578,14.846520287431382,21.681581450031963,13.567126217488235,16.03541804344459,16.282563278754633,15.988411279558091,17.69248105684921,12.263219504433868,-3.763606703218073,14.738075524497528,15.001832706316993,22.517081659679334,15.472453786869403,24.907367259409646,-0.8335133865595993,1,animal,0.7645790069216878,57.479386715420254,3.347122909031773,10.36635393053032,-4.512619987292702
112,112,20.447279278416836,20.49296627775244,29.74421205243428,18.94870394307476,21.756532920458373,21.971985792837376,22.293022605663847,24.012367614327857,17.073142560996605,-5.233769606804733,20.04424770269009,21.147243584852205,30.776197116146182,20.499173700529138,34.21080505122071,-1.3695996292650354,99,,0.8081771574266886,78.90848240573395,2.1379077632298706,20.10113955283629,8.394986895602036
113,113,16.093200479080416,15.83290030157072,22.983791431817977,14.792487572695649,17.314226862855314,17.55369387766567,17.04606776399522,18.90317850926385,13.292245199266633,-4.0306595353209165,16.045464916812943,16.573311249433615,23.67960792337151,16.718462288558502,26.686408677622968,-1.0050807895077118,8,drink,0.7918609982130597,61.63069702400763,0.021035656341933162,9.77999261014057,-4.484332617101401
114,114,14.018106858292434,14.015492831293487,19.914027310429628,12.65740635009402,14.976197636200624,15.19421202264336,14.93634072551297,16.299798559602067,11.197192609771568,-3.609758410704384,13.693276558039226,14.667800658742896,20.54062267587012,14.45007794034962,23.14492432214042,-1.3255914111247975,10,food,0.7826807489965385,53.44738457120512,-1.7242132378094137,13.13369139787006,-2.342266280293714
115,115,11.785174485387824,11.55743696324632,17.308839600750975,10.942807440886227,12.78038505582165,12.901555546977692,12.845410537160088,14.059068298928402,9.683702846226613,-3.066395259416131,11.614943731721656,11.534229262375115,18.09456517881926,12.198249473745085,19.97939611375682,-0.620493868644513,1,animal,0.8350173384992922,45.637610948776036,-2.695558946660304,18.637004326856317,2.004720868653731
116,116,17.41975770870815,17.429632263020146,25.0408634879158,16.48981702798672,19.03124378485657,19.41817448886668,18.94080335202514,20.75254701318419,13.814404327269902,-4.218263152892379,17.656629868011937,18.19048520260477,25.561138496702757,17.987715433021584,29.163627728456184,-1.229216424221414,18,musical instrument,0.7657189580620827,67.37602371258238,-2.071713821349368,10.467899083068328,-2.945765204954551
117,117,12.84883976287521,12.763663042542236,18.326423664265096,11.781305152886814,13.84502583630054,13.622441859684145,13.626843411652418,14.928308528556324,10.746156087891178,-3.433197757153774,12.551619865646604,13.343584079984092,18.98464050492549,13.171350520940916,21.43597345361359,-1.0146072411341047,10,food,0.8196554270962855,49.10946286021203,-2.9012496828248224,16.26528379974762,0.1470474911500972
118,118,17.494201084961166,17.23894416504155,24.84231000705541,16.377704654067653,18.8088400225853,18.921792127354905,18.37913187133917,20.494347319088217,14.782911110966165,-4.248872351969743,17.698649994051923,18.167589799362474,25.456569822621603,17.933045545837857,29.02085228895461,-0.7437562537013335,4,clothing,0.8158603591530422,66.97867675220557,-2.0984037606236665,10.447838084922576,-3.024657938322976
119,119,17.46589000560275,17.31513059703774,24.94784977067948,16.48091956598458,19.057770438540985,19.18323378004808,18.662651962205064,20.67439779892661,14.297740288397945,-4.277088954779373,17.71324961183164,18.20830067926861,25.5235639885079,18.07728754401232,29.160313583151886,-1.0294710141098624,5,clothing accessory,0.8059146087973517,67.27020117076084,-1.4729847722664067,10.335017764280698,-3.0943147542355796
120,120,16.978019498752904,16.880363649353693,24.77673666261077,16.307044603411214,17.990162625372346,18.196785661354248,18.678386687626624,19.90870338224064,14.689975320480904,-4.324207528313882,16.912821518848197,17.622939214792765,25.63789734923719,16.661538282591177,28.77266500145458,-0.7633291580960839,12,furniture,0.8130257191994997,65.88946205683122,-2.309625934924056,10.077171292280664,-3.556595350722846
121,121,13.342522180707231,13.320249421991983,18.997454921414104,12.060342251666569,14.3280508429989,14.226160670462995,14.132103417500652,15.525623065953528,10.993042117617438,-3.5153641911547013,13.01732471897129,13.971127015149571,19.61659611030594,13.728045957313167,22.07389072345485,-1.1523686531305073,10,food,0.7951923076923076,50.92056396741149,-2.662975635431539,14.901290363967435,-0.9487918339274284
122,122,18.97610937670746,18.958351089732837,26.55120239101066,16.336270311369802,19.44218637089849,20.17041638709892,19.312423883606712,21.74908657084887,15.345474771664968,-4.374777520065416,18.40723408937553,19.214464682644493,27.30467712025843,19.1868813044964,30.27807096496853,-0.8947017975214667,99,,0.8101352374493253,70.92515954913372,-2.2103350398218122,13.798435362539617,0.9102609879346737
123,123,15.576206795915564,15.434016630033195,22.60184275472025,14.708791821523942,17.584470730780282,16.866585337587413,16.982118303782133,18.76363093707452,13.20965068729932,-4.392272346583807,15.750914725021598,16.786193657889267,23.287560054082785,16.417050101082296,26.521431889714723,-1.4230943078615004,26,vehicle,0.7057918170604446,60.89454354222622,-2.2787308891389246,10.045698216674841,-4.327622903432001
124,124,14.978414276344784,14.85805646249765,21.466538375642585,13.241269700815856,15.723101495526263,16.025071549605013,15.521627001325724,17.579366991859697,13.04081598786974,-3.683832746875147,14.927309773807222,15.608656330336434,22.18032218755185,15.414309194777678,24.433256185042136,-0.4971466375604428,4,clothing,0.8874203371154591,57.247594218555534,-0.2625961166150983,11.017412293751018,-3.895881138657481
125,125,18.60154387141758,18.503145737899604,26.622201901652865,17.047097111124454,19.367323690926376,19.752721410042312,20.02235340124613,21.38795579779169,14.921294936685502,-4.695288261720987,17.817452139405223,18.49768340884328,27.646068990832752,18.29292230469522,30.890736027540218,-1.2404542348472392,6,container,0.8054367870569964,70.56878422446525,-2.341709020713438,11.97029004705538,-0.970649746268025
126,126,18.312728308158047,18.11003066775204,26.077757017964693,16.615173948133158,18.812296327546065,19.450308164301557,19.33981032691877,21.06255847939796,14.634494149317662,-4.305423983833813,17.609806179361975,17.622188438198584,27.04791987683188,17.958848853427256,30.04881299033377,-0.5850714681845871,19,office supply,0.7863576778050464,68.95115026341178,-0.6172061338810471,11.028305250120887,-2.1521436432435816
127,127,20.59115393931705,20.333649084727718,29.716498342740447,19.115992550653612,22.46226357683932,22.36269750239668,21.98015188104924,24.46743068471723,17.151398055711123,-5.237355645876438,20.595080463470623,21.0301751404868,30.669422863694816,21.41058075436064,34.45412033928218,-1.0927277034832956,99,,0.7521085066852226,79.37889877142491,2.5550814917612303,20.530309518366817,8.893807352593472
128,128,12.63009535935896,12.532869312669732,18.591435734417725,11.742063829276002,13.86746322099729,13.7893306494905,13.846623450600095,15.157093563795543,10.546161908141718,-3.366600990401078,12.527801972740676,12.91362788628104,19.30996117109806,13.137908445158205,21.39834406137836,-0.8836204724274631,1,animal,0.7413489424889212,49.22566455587929,-1.6887800161259907,15.644040152910982,-0.4569911734578156
129,129,19.377008560681357,19.03876504277887,27.83816253941936,18.1034784716091,20.503067316588623,21.273620246429942,20.966142870222757,22.61849911491254,15.738738090886704,-4.841210186998374,19.182319413361288,19.581983955768536,28.8767048408767,19.637135506462247,32.49307515066163,-1.1922940238428474,6,container,0.7515266947711645,74.30467917471485,-0.9597687352838884,14.264500649854416,1.87670258013795
130,130,19.254248453518716,19.21311654478953,27.945251828804786,18.03214917280733,20.445173933969187,20.80124787680209,21.11773834045555,22.58922734706727,15.74267981267726,-4.872329575242511,18.90043860698825,19.649472277438857,28.91026833460277,19.134279911380933,32.326966893946754,-1.2641760240628737,6,container,0.7401486350826966,74.18623907630312,-1.0057886102775733,14.181953709186258,1.776619236264649
131,131,20.33748684222185,20.11159268410905,29.68011729867994,19.39548540703017,21.86994043730641,22.011850290901965,22.331718228898783,23.99029886837714,17.24751227016135,-5.294221146052973,20.229351829162027,20.87066436926301,30.79338108843929,20.453038550690167,34.56128839265229,-1.1508435164354704,13,home decor,0.7606118866584358,78.93534542743923,0.5671744161434056,17.86154082581957,6.159365544374847
132,132,15.489499222399564,15.605988984104563,21.94422563114212,14.052563529027092,16.69063808231022,16.911081184295437,16.418325680606397,18.1126290651235,12.47409388146774,-3.821602468463071,15.4107860603678,16.644950190853894,22.35858165906244,16.07917920998527,25.37203405963133,-1.4575853494957944,7,dessert,0.8029860128223416,59.239736715251105,0.8476226932202415,10.228943105888025,-4.38939097970608
133,133,12.06878440876115,11.824208465241371,17.164841253995093,11.226553753714516,12.983915478391127,13.03191014436374,12.846118243788128,14.050345096948234,10.088449080531989,-3.163155606241042,11.970807715726474,12.578003314207896,17.733881174574247,12.431328729730746,20.16645207049524,-0.9028952851436338,10,food,0.8313133606027372,46.203481971869344,-2.6574413261360155,18.604331911536285,2.055832092119406
134,134,10.366433115605968,10.20537085077365,15.034213021024534,9.683935596295656,11.18644507563542,11.41013754517316,11.248134433626277,12.2679676186856,8.392513509984873,-2.6198298540942795,10.276177102747,10.36865023172761,15.575206083871905,10.68835155494643,17.443608526853527,-0.6345586006761997,1,animal,0.8067885690137169,39.9595246343924,-2.5070696791999243,23.739617923280186,6.266629227764305
135,135,13.938426531071064,13.878423120348264,19.90836732749713,12.779241925121516,14.96251813029266,14.804469079726086,14.674000683813368,16.257422327843248,11.60085147332014,-3.493023935042997,13.686891094236575,14.207186834387658,20.543523116250874,14.228871522454345,23.070125636426127,-0.7689997834925869,10,food,0.8017524031928307,53.17155503989494,-1.8888257281771281,13.294449926083344,-2.2223474503059943
136,136,18.97809123057932,19.35311566466976,26.85104855333301,16.48257110584587,19.138973157159917,20.12283527757957,19.926711678064343,21.70994370497403,14.87950416851045,-4.240975223456762,18.107607531904318,19.27215684223492,27.53493440314052,18.4602770362794,30.265089080937177,-1.1023678577854403,99,,0.783035743674383,71.16072572750402,-2.1191640303282266,14.004720578298707,1.1514244547319876
137,137,17.448309134963612,17.5499556934548,24.555321334748182,15.177972125402173,17.90221332550697,18.7370257500165,17.935213540228116,20.1398599923932,14.058944323922823,-3.86231794726827,17.10088304690994,17.849457431442815,25.12721458537433,17.57214445403017,27.813725849137395,-0.7451848743316308,4,clothing,0.7325663386544959,65.57150266074898,-2.504654908643145,10.21774212473394,-3.463102021981017
138,138,15.916843223798551,15.491460509127151,22.487060978016174,14.772007608131974,16.75515526762329,17.151784325913454,16.818332667289805,18.285589462534244,12.906429685497796,-3.976060231400861,15.579006938195164,15.783765934415648,23.33644287387551,16.084542903547792,26.492404080072337,-0.908548963052819,9,electronic device,0.7414925334347757,60.23418189760839,-2.4221087207462615,10.107039579307214,-4.364055590437564
139,139,15.55035317128907,15.29505353452944,22.985638757451937,14.721993079674592,17.595174255442995,16.937830121969643,17.263148687640566,18.85626712204376,13.325923312934036,-4.532557215713378,15.573378577718692,16.432636111589453,23.910117864264404,16.471929932456085,26.789507126688815,-1.4652291292171675,99,,0.8223372833128931,61.2638871412136,-0.2993592182549829,10.225972604490522,-4.092662996438801
140,140,18.92087537677423,18.965666598937847,27.2785731175358,17.510474184146194,19.15267459118316,20.087106708442136,20.66307416434381,21.703728095300782,15.53691376194449,-4.571485645216555,18.22103746963007,19.08367281790659,28.293860154293668,17.932416568492627,31.36769523918186,-0.9076890083859228,99,,0.755334955776844,72.08185629191107,-1.8982654724768002,14.591172581929767,1.8742603114553589
141,141,17.37612685265875,17.29106751125913,24.85077365113544,15.53416646041647,18.570785104956,18.872709829916545,18.306189204241928,20.440734115302945,14.148951363737831,-4.31659207612099,17.162627447798847,17.830956582386033,25.623025961983533,18.045778798156352,28.547686762162105,-1.1209189520718537,99,,0.7399041521850453,66.34485310632323,-2.461744987719671,11.313390581264366,-2.2529502391757035
142,142,20.0391140738237,19.919401052364226,28.31612566560021,17.880290545758506,20.802844453528994,21.4975886515601,20.56973659145118,23.26870333492413,16.66934731248036,-4.485474448388395,19.915407533979025,20.295944466101272,29.03318824264724,20.286144362169004,32.334146928297386,-0.42521962044209,99,,0.8303674909035093,75.68863274481195,-0.13715095888549556,17.29758001442731,5.114692005981263
143,143,17.30708879425268,17.167373035070653,24.79481876727589,16.005873330293813,17.612180609466936,18.690180667891312,18.74189660213103,19.859858388786737,14.012927570735512,-4.137768143882812,16.825097471564753,17.311128208855997,25.712785285312524,16.75624475083138,28.69733940630489,-0.8562097321327244,99,,0.8183656373579353,65.78601004124144,-2.310378064389992,11.174564494248616,-2.47451939588737
144,144,15.854363895955808,15.867913400273656,22.3139431716811,13.681807632371951,16.18725265695858,16.979171370725513,16.152641365003923,18.28388307158402,13.058150109360852,-3.5228045888020616,15.575628310242148,16.2132019746581,22.89733762141506,16.030209897558503,25.222944173600972,-0.5226817139890375,4,clothing,0.7780958963330706,59.55220134108491,-1.579420744518428,10.394393801895214,-4.177676343196934
145,145,20.33780687350097,19.954243212770344,28.977202865987216,19.38438615145956,21.98669315145258,21.96584067198991,21.78662459003328,23.65320891710617,16.650243278692148,-5.21651427675232,20.172382593142327,20.52828763538982,29.953901510540792,20.69354956032007,34.34189013313252,-1.270104096603519,9,electronic device,0.8450875387971435,77.82859056386773,7.713335574085489,16.747125128582883,4.881082206051142
146,146,15.73360363930701,15.543263405691992,23.083003443944584,14.40276567886588,16.94111375781185,17.282263989384887,17.243378594229398,18.75337876614048,12.866204462021605,-4.149367985219482,15.460776280842344,15.858353238006735,24.09717860100374,16.26451427898193,26.52397861637088,-1.1094126897127017,1,animal,0.8152041865580113,60.97588696777456,6.223104432382925,9.147444018649415,-5.213833282449912
147,147,19.29755731223708,19.02448009004332,27.761012097663603,18.60466083722553,21.110306808739768,21.34130537017941,20.91513613394194,22.872494900116525,16.374239303400692,-4.946698866835054,19.80912678493923,20.53678271708272,28.51211925180798,19.979863548572364,32.75602900385809,-1.2027175760444735,27,weapon,0.7949677850982446,75.05005998940882,3.1138851042975766,14.525128976962558,2.2476930116612124
148,148,15.982421777954286,15.568579189473546,22.59767030164376,15.81480592000587,17.618446653532356,17.95901034768601,17.490043997858393,18.58299670234817,12.564963176088066,-4.121672356973369,16.205383249443962,16.622416891009298,23.195303873537508,16.595272832433466,27.37991463983015,-1.6276479425910273,23,tool,0.7999178376791617,61.59995266098057,-2.6817708826449564,10.053997421291179,-4.214879858452925
149,149,15.250857046645018,15.21699600260873,21.88923011701409,14.066258076416398,16.30528481159196,16.31344150598271,16.44926854354489,17.76886029434622,12.629237148546478,-4.028318547133995,14.903178000158428,15.94164484573053,22.666012527998053,15.450621941052788,25.484289847686185,-1.2493282129576575,10,food,0.8147679402536182,58.52485794775623,1.2649471611222562,10.233786185781296,-4.490393829339199
150,150,17.843361695737325,17.85679494538052,25.358505924004227,15.833575858152887,18.54817256816276,19.372445443355577,18.580732248444484,20.81077157453851,14.692754423548958,-4.042282890969488,17.74336266031536,18.46270211437919,25.986030497346405,18.143770673073725,28.803231817198004,-0.7390925624749595,4,clothing,0.812255576401918,67.76321977562893,-1.886445197878893,10.70026150128388,-2.6560740072793223
151,151,8.426374218718912,8.304349989872982,12.224699079643132,7.8119338430729535,9.0079730812598,9.28413806512348,9.10695460869582,9.957019868146688,6.7384268970720544,-2.0574465800498096,8.313245476819791,8.262674798328966,12.670649919154709,8.64654744148426,14.09937554764434,-0.4246202096256458,1,animal,0.8168758454140356,32.36386801296445,1.630363418627848,31.171348783647776,12.573736764549842
152,152,15.340633441856228,15.1708351574078,22.23005514879992,14.613531551862094,15.791899192476512,16.468096706394093,16.87508705432011,17.682440806274258,12.8358494839011,-3.805917553691882,15.002780724329682,15.404896881163856,23.111322755140467,14.723136124022274,25.877936264485754,-0.687589227796386,99,,0.7480672321634292,58.881330254793866,1.2370022703514447,10.254735891675478,-4.416664345384136
153,153,16.916176288630687,17.174406179329967,24.395009686915188,15.096194374430794,18.126625619823432,18.132540559338228,18.18707241601137,20.004745599648917,13.550511820611147,-4.297326533796458,16.451361084215975,17.641999226788094,25.059095179218843,17.230911550625727,27.773583359191854,-1.368571203877572,99,,0.755169724296064,64.84119769487691,-2.0233865929719075,10.847801392621873,-2.941172707681366
154,154,16.623382498635166,16.34531060277922,24.69433019671834,15.93300380443685,18.5354631589526,17.999507552513116,18.527431095053892,20.08737577480511,14.731131084570464,-4.775168004314929,16.75006868171019,17.616620737471226,25.72277272152757,17.24073202900536,28.73664207315633,-1.2188740466606385,26,vehicle,0.7342169340085573,65.68005960470482,0.11480124047339046,10.104382608356199,-3.560388448539886
155,155,16.306222952402873,16.299781440237524,23.65821997113001,14.966280291857954,18.11951041042182,17.615846370721247,17.706935916085403,19.503246428846168,13.57177914453325,-4.524497775011514,16.188088017881423,17.442692554876906,24.40721884082236,17.11912567668274,27.42364048074164,-1.632223038694523,22,sports equipment,0.7768454820287822,63.36009721952142,0.8740571559060042,9.806160010650387,-4.202107854783602
156,156,11.98095234639574,11.708254551601076,17.001276726858993,11.201215137343915,12.887630911135698,12.574129743497087,12.545702257003477,13.814872365658994,10.214861466781528,-3.1682471543828647,11.747492304566205,12.022093788058177,17.700975019748,12.194720017670424,20.136969367607183,-0.6113354046824514,10,food,0.8057252929808244,45.583135077987194,-2.4936627273906886,19.13481990199144,2.4944706717410803
157,157,17.75607545258627,17.65482805552814,25.30519005960245,16.236428656915187,18.890964248902144,19.236241681625103,18.52982873735691,20.891948875135448,14.92521893660513,-4.127078726189991,17.917603419905678,18.36657760974567,25.88809957915715,18.197783892048687,29.06942883904864,-0.5536485683595692,4,clothing,0.7637236070162899,67.86777849688384,-1.8436690987784434,10.713250699164536,-2.6276037019094893
158,158,10.828591500339217,10.551440138959542,15.523125103465269,10.165963734691491,11.923046331385002,11.816767123289615,11.576105861013463,12.817534765873187,9.05915665320028,-2.8896105609680016,10.86684958232182,11.219555786920596,16.03788062031888,11.4027181600777,18.25455422589733,-0.7774757417542385,10,food,0.8389753467070092,41.768344390457266,-0.9366604362783804,22.41866258029662,5.213490215509509
159,159,14.75780963775902,14.541029600162709,21.204524980348676,14.245635964387782,16.15638837677508,15.982057127279338,16.022446579008438,17.35916825273687,12.215412430407907,-3.8586226366418543,14.791135729047904,15.134425282620638,21.89761914634156,15.017978785741958,25.14112810523979,-0.957431674968712,99,,0.7898394830102148,56.98910932432256,2.66931317463229,10.442831664244558,-4.508733395665896
160,160,16.867536149594844,16.39199093207485,24.476089332351908,16.720503414483034,19.083249023008296,18.49891151372949,18.637310614887863,20.07026516632355,14.198813227590168,-4.751910721856851,17.080325769241064,17.529403179751952,25.3491010304949,17.6720706102851,29.357431487727656,-1.4896143643524362,27,weapon,0.7936801089368485,65.98629946466038,-1.964019317920691,10.157195391490069,-3.4622333722664163
161,161,20.00812459730537,19.60163635332463,28.298723252632197,18.088813197808367,20.506043995576626,21.679930734802568,20.982391761202354,22.9180919520256,16.630123371964558,-4.871654911833345,19.69473956223125,20.220239737654246,29.42476395053771,20.11383367943092,32.96845389255522,-0.92823873743689,3,body part,0.7775878329344312,75.70627885442478,7.078218048990726,14.939850094122717,2.7595747928368475
162,162,19.403060143039827,19.25600815980117,27.94028802926853,18.400132840432235,21.061073721489414,21.529738338574187,21.149646593675623,23.031645404058786,15.600470839660556,-4.813940308555172,19.58201991093436,20.1345391469666,28.671623696640086,19.92219707482738,32.622024896553846,-1.3126075637266228,18,musical instrument,0.758592312812467,75.02550076288779,1.0374241415672314,14.55413953888182,2.273067300861568
163,163,19.619105985942543,19.82710936411526,27.607465105689474,16.80409981692685,20.094921310575423,21.117452709798165,20.08760376775916,22.668528358690857,15.907313467227308,-4.4110089556563965,19.233696821654785,20.355292670113435,28.252454250309587,19.92818634990538,31.17937085130753,-0.9714282802673748,4,clothing,0.8359625807796541,73.78803416667256,1.7039923108943889,13.873295345679637,1.4090021083936595
164,164,18.785475743628904,18.64485234713857,26.98387909429524,17.648475093648926,20.005288546009535,20.379126211874443,20.23955497078271,21.953950790915925,15.499074334675615,-4.669541117589762,18.663875341431133,19.217221116342248,27.890191026188923,18.93948541886241,31.48417781710477,-1.0341867505141322,13,home decor,0.7880499107954181,72.14422653916598,-2.3131869938587224,12.57265134208908,-0.13502630414460448
165,165,17.178176467508326,17.197183050782975,24.754530572911158,15.687938516362776,17.93351748138556,18.320732914088865,18.479852779829304,20.015025369436827,13.866675449036538,-4.17297163137855,16.61377913018643,17.114783890008077,25.579413145917048,16.948305394884166,28.354639561483395,-0.8378547767493353,99,,0.7579507690703644,65.43726610426421,-2.2421645415559253,11.028787381247758,-2.6719320138919667
166,166,17.83041268306306,17.958575803486518,25.520552213489317,15.963092221183484,18.614616433143496,19.272803965147084,18.98290830392977,20.815927060482217,14.139781719562135,-4.188817543645633,17.37919271051858,18.083792286691835,26.22188299888641,17.87916107084124,29.066615823306627,-1.0323008923304644,99,,0.7564864027322036,67.7663497232349,-2.6348873551842535,11.964391239753917,-1.3914808444794726
167,167,15.148022788111676,15.076970716079254,22.10008281983181,14.382274867925275,15.782306885019038,16.344828556808782,16.7655295915771,17.6891180511693,12.833574147357156,-3.8215775271306582,14.96970493367606,15.634211691508572,22.90351270740949,14.708933859027418,25.56731026362085,-0.7759836764281882,12,furniture,0.7810911041256298,58.605974593104115,0.6631112986287349,10.411276307059314,-4.300893466440778
168,168,20.699094213362013,20.4092124735783,30.066052324211498,19.96876516247576,22.854894181631984,22.84709655534565,22.72794254197655,24.758209781551013,17.583879571708476,-5.471979365284017,21.17203922380166,22.06350699973793,30.928537178750076,21.44589908035257,35.311881900505234,-1.4642081509668394,24,toy,0.8494199470443613,80.94649621428117,1.0312718098152942,19.689748872340708,8.285347331186212
169,169,17.881981312784735,17.631399661090295,25.514262164424427,16.592827291376647,19.16818282777169,19.21963575231605,18.7722480733399,20.943538097827457,15.419959104539233,-4.449577044324838,18.00947767088518,18.64765850752845,26.252225126357903,18.35654123295148,29.68565416665453,-0.7540073451072036,4,clothing,0.805784743088177,68.58282125054782,-1.4682289935103796,10.978541246096151,-2.2564429454346637
170,170,16.439784912117045,16.378918432934583,23.56733021395077,14.841623218173211,17.49448409304545,18.1002780091236,17.665434482955078,19.28069668773738,13.131510046767929,-4.118541954999626,16.202971520283853,17.092971207187407,24.31809218583081,16.97557830906277,27.15291095991166,-1.415480281310414,6,container,0.7810316650496368,62.98565479819505,-0.7049412781960882,9.793414661091019,-4.270293662140153
171,171,15.160787820766611,14.77213775516793,21.498932291100548,14.433740556037025,16.410091501385125,16.64260846919447,16.24283176130261,17.708496846932878,12.344088359425102,-3.901766874410273,15.250720174511528,15.519889447265111,22.1940017076528,15.601094540700206,25.617170559410745,-1.031599786943154,16,kitchen tool,0.7876851569052365,58.10263255232283,0.5586763415253211,10.553118038011512,-4.233577247503577
172,172,17.62055183026447,17.574356261630125,25.713018288122907,16.718311645606374,18.897150668783716,19.570422081595943,19.671129367589455,20.850695939731825,14.4893295585084,-4.57481163942619,17.608974599491113,18.755016408442447,26.57138949237856,17.887015604159796,29.845822141823326,-1.532906594207291,99,,0.7394831901089925,68.70623416597844,-2.6327063305218603,12.428873620285373,-0.7878378859409239
173,173,17.352683359857686,17.522039289170007,24.605803871473803,15.577186895373671,18.21697579982889,18.730729097167167,18.233882049671195,20.149409284395336,13.832680150691838,-3.994709772569732,17.04867723040503,17.841164615427235,25.19731827286632,17.52240114931284,28.18073021804388,-1.0296536130400689,99,,0.6915540939637447,65.79189562470278,-2.318995842537009,11.135639520643352,-2.5125729419435228
174,174,19.807678619152487,20.034152972641117,27.892997832246643,16.946383743786004,20.34436458740915,21.13274665117057,20.177876230497954,22.90644848753842,16.320521182858027,-4.454526290729345,19.43263598376964,20.626145974558053,28.53054675183485,20.109589092104027,31.411532673554607,-0.8589218408930134,4,clothing,0.85021565208208,74.52857467978806,2.2640356408971325,14.409765913415995,2.0551181188633887
175,175,18.8072040659791,18.63438093547296,27.565507708377982,18.12443491686501,21.120333238742205,20.31849483891429,20.76949669797388,22.589709317749985,16.36938819809185,-5.299134948353281,19.02073090364558,20.25497241259379,28.45360381955632,19.535888130836515,32.30329557137752,-1.5818864170479645,27,weapon,0.82885189374931,73.94306922038675,2.210960624993934,13.772617103507466,1.331278568634957
176,176,17.58540107311277,17.945503280783107,25.140138336006707,15.734202376395231,18.69214550017175,19.082002592874098,18.749356655197506,20.69072864536827,13.65164821168412,-4.065930805593503,17.22347439847493,18.220080553791732,25.603478827509285,17.831692721487425,28.50815887157567,-1.2782389682898694,99,,0.7645208721605491,67.01566740782043,-2.472583910661549,11.683809523656945,-1.7832096124500154
177,177,18.61667035633546,18.38953525165922,26.22461945576419,16.70110191620017,19.28338366558133,20.14542460689293,19.573245654567977,21.372552791736524,14.709389450982362,-4.484613111069162,18.09909125293012,18.67730260747976,27.104884618317165,18.751044707665777,30.44217626343365,-1.2107463977798378,6,container,0.7545982490623057,70.11825203926054,-2.45286464014948,11.702576718827476,-1.305069486957521
178,178,19.050757816113137,18.901560068688376,27.07944314915414,17.26896831666456,20.201035350329565,20.987322878799212,19.965485270152268,22.41175921501504,15.541778571996826,-4.4213870869075,19.191185577942427,19.68761863217243,27.73529514187574,19.723751272990576,31.138689525206715,-0.86430644949905,4,clothing,0.8143809247398319,72.71462735427086,0.9227540984624039,13.045963479847318,0.4227401596092939
179,179,15.663983563429907,15.797829318643306,22.536402995885798,14.001538953449227,16.778654226924324,17.385800223359084,17.095339746100322,18.539472301576048,12.29281473278371,-4.080160816735866,15.443099994714531,16.86252532078077,23.196807645584183,16.26982977111265,25.8875977593634,-1.7695428621525418,22,sports equipment,0.8316375781421159,60.392907659550424,3.5065864404099427,10.028041901828235,-4.41955211418748
180,180,17.33791645257202,17.487647973420614,24.570898362849377,15.18491688750706,18.22571461162377,18.583170792668284,17.855878296195378,20.27937180417455,14.344620994666627,-4.003735159178399,17.184788630956195,18.124939509462276,25.095874144380023,17.781092895024365,27.83324508596039,-0.7987190914241682,4,clothing,0.8371528810988743,65.75530004797552,-2.498961318018467,10.25636341510622,-3.3972674386979858
181,181,18.918267174929568,18.719320790333125,27.025486841846107,17.367565151729224,19.11023069905832,20.12820041996741,20.390492350432528,21.49931293895492,15.129771950697227,-4.573191681667616,18.02852298033202,18.40842291710557,28.14930867915261,18.12067351292953,31.31788941016689,-0.9376783514710972,6,container,0.781539603686923,71.37763236791,-2.049131293357199,12.506610335256841,-0.31457029402170456
182,182,13.46168052068791,13.39353182219954,18.973295465602668,11.652568057874376,13.77504435305806,14.237800425110516,13.579040007554426,15.530936073919609,11.637445348438389,-3.10605544015347,13.32110197081307,13.88949983792329,19.53718239345591,13.65503252691932,21.53259187346602,-0.246533781909284,4,clothing,0.8617610124086375,50.71082828143867,4.923275127035641,14.176204114597802,-1.7049318362493864
183,183,17.72461232807006,17.622558056994436,25.01931415959699,15.719705708394349,18.685186159437755,19.135332807856635,18.363142053091103,20.61857485990447,14.763571125496911,-4.3536785609178645,17.617349809673733,18.623198035352623,25.717360506119576,18.31655157846509,28.85661636654835,-1.0815685486044302,22,sports equipment,0.8304005095056534,67.31206520524317,-1.244758037049654,10.527605043303168,-2.8955290289240487
184,184,13.765482528981906,13.857460608576794,19.56644982098005,11.661171424927186,14.324251098979175,14.633322161883152,13.962243766573025,16.117632950329714,11.947339556523684,-3.309584917515629,13.662371623962628,14.658447986490538,20.105005228617955,14.276463966616992,21.97335372406265,-0.5386882007341368,99,,0.8683954613091207,52.28595640459344,6.974802717089098,12.081526413145877,-3.566393910242251
185,185,17.049624068489596,17.05137696339971,24.15633376645583,14.887694912457164,17.883635654801942,18.209777361922768,17.51121511698826,19.88678534821937,14.20346833183864,-4.035797701355408,16.82349553295415,17.611816735961163,24.816170783072547,17.51593752079855,27.472008338525846,-0.7559981430618906,4,clothing,0.876400958480324,64.55410876926834,-2.666131292942751,10.060661972220537,-3.7708189076507352
186,186,19.33626053983983,19.055154214000996,27.176229268685525,17.337509648150863,20.13436630960142,20.709984735687197,19.940655352462745,22.278739617268112,16.022569180778024,-4.619598792292353,19.09119054140968,19.643824300939244,28.02281662386512,19.62641068930062,31.5130590557376,-0.8154597706296639,17,medical equipment,0.8617534698327383,72.9252340294707,-2.1954626302550295,13.0559098270597,0.4638692196319987
187,187,19.49170088280946,19.418296670453,27.571993414232285,17.203605896143188,20.48340930293266,20.81652763275336,20.07137872440376,22.69187212600864,16.44419118418054,-4.753966794018869,19.320828606831306,20.31395375567494,28.378495678412136,20.01976897100096,31.65510262327934,-0.9086785313630144,4,clothing,0.8214069348376154,73.9469842899734,1.7690850228087562,13.906230359082796,1.4654714947759864
188,188,18.74181424712902,18.89412761771893,26.616632398583324,16.454319604126276,19.70623159054371,20.370538685495927,19.450467401382568,22.00502651366964,15.318343583954157,-4.32688708676748,18.67419710173792,19.608128689652467,27.220102968167996,19.303806137261724,30.216907447656546,-0.9356895975209268,5,clothing accessory,0.8307190225033616,71.27960194292241,-2.460908390963361,12.123082734191156,-0.7126124140890369
189,189,13.973601361096277,13.721772117711886,20.306021873262832,13.582608207590406,14.920941631434069,15.174815332825396,15.441820841713396,16.41425752386578,11.79612201452593,-3.6019873470570705,13.994989547787828,14.275708052036414,21.050825816354827,13.819501751626108,23.88167235194682,-0.70080404188131,99,,0.8081004349838873,54.1855440446903,5.101694480301415,11.216632568375086,-4.150032207044431
190,190,19.43485099829548,19.573671460002256,27.721928673237347,17.378973262348662,20.14303495303938,20.911383571721636,20.384068667166645,22.635226884431443,16.273382991812735,-4.472265849593816,19.295369886645936,20.35969787756085,28.39490115193713,19.49791061987659,31.48693643785479,-0.8014853141652072,99,,0.8573075732231777,74.02831096473844,-1.109435613580949,15.959512835571346,3.5307953101281324
191,191,12.773351448572074,12.606808096622585,18.52137187094801,12.64627607913759,14.187949600373988,13.867983687025768,14.03500785684876,15.181655348253482,10.91500668081673,-3.368665314019826,13.023547131671204,13.420808100777112,19.05072481742863,13.012664741198153,21.96977648285376,-0.760446898224435,20,part of car,0.6892734649063574,49.89277387763819,2.7563371184820955,14.636406344625957,-1.3658518617847086
192,192,17.101615305856633,17.0372331719799,24.973198597392837,16.530954499689525,18.375737469593428,18.531362140195185,18.893032110567177,20.16302249260975,14.745867163192944,-4.419430142322208,17.177600213194133,18.04296745739694,25.800226906465124,17.069151144595416,29.118572116045424,-0.9819263635016828,99,,0.6750614672304355,66.68943849762071,-2.497512110067368,11.483227490614034,-2.0320935447918433
193,193,14.79872593329992,14.50158449070138,20.943968260970102,13.91580268345252,15.865978904219244,16.030280909545603,15.58278881890038,17.200008230050063,12.589780514279663,-3.75035092083276,14.947659015485426,15.456033472739096,21.585438785213867,15.194215901576875,24.764570075878076,-0.7918387352939817,27,weapon,0.8588819342830896,56.65492696737404,-1.6407124314160164,11.077643192720828,-3.92340136470847
194,194,12.913168884117862,12.696377380594576,18.560508508909773,12.137766813610495,13.878520398528837,13.838308702779033,13.907136066919556,15.094842940992148,10.9025000616221,-3.393062923710766,12.759419104608444,13.313237021592888,19.208950232887958,13.099642203225986,21.712062386277307,-0.8347794249270596,10,food,0.793818392775389,49.64420238337606,-2.8744393609304844,15.844337429773484,-0.19472461256049378
195,195,15.757727022444676,15.383028408738614,22.533807044759797,14.847368627804183,16.50536748288955,16.9146875838765,16.881343583704048,18.19082860681568,13.213662403788046,-3.9522524041204,15.5336620122139,15.775732197944077,23.38796875000422,15.638951412865753,26.42891639009282,-0.6946306014399324,6,container,0.7806736542799262,60.124593926001474,1.1566299649450773,9.988207742895115,-4.4991131720348125
196,196,10.70947569004641,10.446405392369783,15.248605032591206,10.02876868981895,11.538551501584212,11.5053441408891,11.3185087228181,12.494239346875233,9.261868127604178,-2.813448805357828,10.735364501259982,11.204244848881109,15.745670518931773,11.035280550122303,17.944478181686097,-0.624362379114519,10,food,0.8378911971820013,41.0980434116352,-0.5647655473189577,23.028233023688912,5.723814977827104
197,197,10.497068265944376,10.2241334115189,15.148764997958615,10.070509313015624,11.68635130508595,11.267248411271526,11.28113806972163,12.47826193914715,9.077220225131509,-2.86287178687171,10.579987876921315,10.891133793579757,15.646092324561566,10.937734319399928,17.87403739033976,-0.6281624765638539,10,food,0.774916219687623,40.71927653382834,-0.330976174122366,23.371913584045576,6.011414795436622
198,198,19.100898582628552,18.71665721410395,26.876339619620747,17.66526859566121,20.114095205670765,20.738920813747654,20.03051537785605,21.954837542505857,15.520170610117598,-4.670569285299491,18.878280267676544,19.26002183679512,27.74691747937922,19.476147020307376,31.640904156878044,-1.0805817166139955,99,,0.7722594478692041,72.30070732686097,-1.9295932553098263,14.62852230118395,1.9440134147172383
199,199,17.320855697459656,17.552264501040334,25.18857850266193,16.23070176144635,18.298043546957235,18.677977136549888,19.213665666137416,20.18996000167952,14.19901335052014,-4.442799939472551,16.88462116174989,18.29945808487912,25.969540505864764,17.06464886928418,29.039424671279136,-1.5297725026052411,99,,0.8462606463913085,66.94928634505426,-2.5457100774271257,11.614568524969094,-1.862279082217034
200,200,17.208932407525456,16.968614294602883,24.63202207641876,15.981862658254451,18.23596976455069,18.498813126791077,18.188200921250093,20.143994965547016,14.139183447850236,-4.060833987520222,17.042864307984757,16.983598159238973,25.382326576561177,17.323145458695787,28.47768967994165,-0.4553733738074174,6,container,0.7988687465508009,65.55270209155236,-1.962885418049071,10.094126357780587,-3.5895014269618564
201,201,10.003267971898696,9.77552234466441,14.177628990402727,9.417303275631465,10.860547238064845,10.430995613009484,10.41945919645434,11.55652436840416,8.629566206306107,-2.6562199693444626,9.851040119022018,10.070931484434254,14.73020861018204,10.221012553889588,16.836536646825028,-0.4619361740973817,10,food,0.8510118784195034,38.09413509637839,1.5127733906546759,25.77220741223896,8.023026586591985
202,202,20.856399680268076,21.07247489486901,29.749233968284965,18.65933252037249,22.03388985758262,22.81657247108909,22.04384637089091,24.51554971166756,16.69804922255076,-4.780093605530008,20.734813093497944,21.83316195002359,30.367281563090373,21.33308539291821,33.8040407535325,-1.2731617352336355,5,clothing accessory,0.7918821106681215,79.5972562762273,1.77575044012681,18.348172382613157,6.74400052809785
203,203,17.66260137885237,17.31778585529429,25.3153271199216,16.932658782071314,18.572754862864308,19.484735361177474,19.24769870535272,20.536019653166367,14.744227411322813,-4.406919591306456,17.79862146647673,18.303042016126703,26.16797254432561,17.6499912748728,29.864091561483463,-0.9880665392992988,23,tool,0.8096880418336446,68.04135728678443,-2.596938460619098,10.66023301804685,-2.654921069633513
204,204,10.772997782119251,10.578361848235632,15.42099789671945,10.155822818575883,11.668831549227942,11.418759891832757,11.472795410067611,12.591943184556296,9.277557903286835,-2.842880735711255,10.694537719017562,11.183113789918014,15.912139595091055,10.96810368242648,18.08197808733533,-0.6241535282549779,7,dessert,0.8277516712234747,41.381461040136806,-0.9157125260129071,21.25980622432454,3.997351380752317
205,205,20.65428662647884,20.43650920765602,29.268672093673075,18.759955703641914,21.317900191174907,22.383610288408367,21.61279940084181,23.89680933004627,17.1466240932387,-4.7742272618339205,20.55905964601455,21.05700909353957,30.12700528931793,20.712884982968426,33.76546050209208,-0.6779488188238062,23,tool,0.8289519319538082,78.33900700106953,3.8620921576489113,17.249797392222607,5.459327426530097
206,206,10.902072515679873,10.743567264262955,15.513585998047471,10.163644452341329,11.828506382728811,11.379100100707584,11.444222851507371,12.641279745369078,9.403341765671856,-2.9274935982740304,10.711454683086403,11.21819728749907,16.086607452449794,11.134162057772825,18.285363818993623,-0.6470773348111659,10,food,0.7978136372845227,41.650634096774226,-0.8820271831295656,22.53926182942761,5.316661117323143
207,207,19.60554779466491,19.55142411168625,28.01397858510124,17.600791101520844,20.64835266101356,21.98748672569468,21.212292932397883,22.961218967417867,15.075106540529882,-4.776071281016247,19.31823166642385,20.396835542296905,28.889465709246853,20.25433522177882,32.2368330076453,-1.8713697456255076,99,,0.7410484040303502,74.9805669400286,-0.5186448446086231,16.76754397813703,4.479818776755771
208,208,18.277842071577027,18.442660924014767,25.9957456265756,16.165863877084067,18.214980057114808,19.5281647364434,19.63575705719216,20.742199409661552,14.278659127705703,-4.262504955155354,17.293779017857474,18.438647842041327,26.934290200494782,17.539498109321183,29.60063935467675,-1.2766528344638726,99,,0.8354534678106565,68.75191107804521,-2.475555943512436,12.603019102119422,-0.6069294179399414
209,209,20.447067851298304,20.116076653206285,28.77473903450297,18.71876043938017,20.817806921580083,22.249466946836723,21.783390400896668,23.12929366600366,15.908954806906229,-4.872745586408149,19.732697520614963,20.1700111103046,29.854724110666265,20.139518030874243,33.7280331424556,-1.3992035004158931,6,container,0.7259559254536417,76.83338241783021,0.6968270516701605,16.303365716983947,4.289970913155306
210,210,13.41805011992294,13.17264662387733,19.043497031299356,12.514369313802726,14.298339651172384,14.381509241329768,14.080500196682705,15.620843476227726,11.11637277358912,-3.249285802525595,13.353865123302306,13.412703354418223,19.63610540386757,13.582050659074657,22.27909431779635,-0.4624215087634728,5,clothing accessory,0.7741061646343145,51.03237237717498,11.598978823296337,13.802813948152934,-2.0307137434418525
211,211,11.856780354071388,11.816455713963643,16.92510806161451,10.939527662805276,12.869424507770924,12.556076859578791,12.546565163647385,13.878970280500944,10.002513946988708,-3.0872190584980976,11.70818930219318,12.431990928933043,17.39611785610732,12.148210627395152,19.693154449636346,-0.826329316878173,10,food,0.7468196220985871,45.42582855090712,-2.4663487632574626,19.263517655006787,2.5998774048850386
212,212,13.700977259959148,13.589262838999872,20.180677253108836,12.580210987744078,14.899634528181265,14.967352656325517,15.0286737979548,16.397393348711635,11.25209658880622,-3.635663687381333,13.45123521956268,13.783504960960885,21.043179911227384,14.200299772032158,23.14440415240516,-0.966055039117912,1,animal,0.7240232123171157,53.218666569674795,0.3938331330937501,12.814767547644497,-2.6950544311142295
213,213,17.16175822561103,16.975808765823277,24.988859239224407,16.444993978864296,19.001007866348797,18.37092310610369,18.79369777420857,20.43879621529271,14.883604798671186,-4.750926684007972,17.251392275187058,18.2323228262522,25.83143576227013,17.568365517352188,29.325563154493857,-1.2469027023862838,26,vehicle,0.7308720228466775,66.99586349118846,0.9838059701928579,10.304594999457262,-3.1653563316728075
214,214,10.913735974152017,10.718633980892156,15.79150805813546,10.196488923001176,11.745112377454054,12.006193799156897,11.759219912310584,12.895292913184464,8.959885867622521,-2.729609547169164,10.879555912590115,10.944538739978324,16.35057807360861,11.265080542217532,18.33319433023297,-0.5767770503058252,1,animal,0.7773634649839982,42.03834485882828,-2.878917195343976,21.798238548881415,4.633042823276693
215,215,13.203916178321297,13.045317375765128,19.332224527875944,13.23677012373979,15.055030322776114,14.171436791955536,14.743777966459874,15.787218402346417,11.465599824497064,-3.790013631834521,13.365725786311083,14.122928149783643,19.93949501172845,13.581325473817994,23.052314683137745,-1.1575263313302635,26,vehicle,0.7102144806413101,52.04879324312736,-0.3246128137228048,13.52453680258487,-2.1584982233461254
216,216,13.879703051280636,13.549523542170112,19.936109331895672,13.913172968751883,15.416584094619926,15.547474203317757,15.36969526095284,16.424781511973883,11.44394592512328,-3.651735220627196,14.305541248689622,14.656543464928204,20.474697704806385,14.33570757312149,24.018197411428133,-1.126762208600647,27,weapon,0.8360331934613559,54.1814698311371,-0.5012367876737116,12.25371969022373,-3.1135483188351607
217,217,14.777162436829798,14.97544893963921,21.32006326946565,13.085147343815423,15.313171261331988,15.522828881857604,15.84619282877082,17.159842648211992,11.82257356956909,-3.656905149269099,13.98150187055272,14.767695241626496,22.07505149841821,14.52040445965755,24.144388900392627,-0.9090903552845312,99,,0.715567956024564,56.06629606052232,3.5032402616409115,10.758400052991986,-4.329798002787827
218,218,16.786319896892113,16.484714471533636,23.75081332815969,15.481493591084089,17.876663297761567,17.95663982821457,17.44252909652571,19.492876314329227,14.261764496112216,-4.1352443650795685,16.768810213246425,17.200879173349136,24.46371846150592,17.187568570139472,27.741885349633225,-0.6795703741615744,4,clothing,0.8420858323836576,63.87150468783902,-2.593985407361914,9.938505995329416,-3.9940421798408625
219,219,14.705174030197265,14.478588755566042,21.23784955296514,14.233402986887851,16.052363295115512,15.563489425167656,15.957450227070437,17.239408915077988,12.570891976049616,-3.941872036943019,14.593610693166989,15.000014021399828,22.025451857006047,14.755804663405009,25.125392269343696,-0.7972526863281815,20,part of car,0.7294280725576812,56.81466185070048,-1.8674090429035557,11.041549007791282,-3.935844984014526
220,220,11.753394406895678,11.522956378877986,16.7768847430043,10.988662071287502,12.742447263665875,12.761153368085358,12.584574844808133,13.7809612024134,9.744670672697298,-3.0919019341632685,11.696760639241742,12.220920354204456,17.32058180313815,12.161703968908345,19.712195260360694,-0.8835414376097679,10,food,0.8458441287709583,45.13673553407702,-2.3732413049350045,19.495096563799464,2.7886528056183053
221,221,17.60896560524895,17.465451800961485,25.08299182921764,16.629292070733985,19.104836518925342,18.965140505063488,18.800432175237077,20.636073239868896,14.591290597038828,-4.432687218976453,17.634022832110222,18.349458361485773,25.72008442073101,17.931804826064592,29.434727183779057,-1.1175397397368911,22,sports equipment,0.7669761963327434,67.57604024346823,-1.4210324443264293,10.554152201699981,-2.8298973647856442
222,222,16.15491543041292,16.067217541047565,23.35720289036211,14.995363205276288,16.92200335325857,17.403036962613584,17.522269233273565,18.878180776662816,13.60040121761316,-4.046320328618286,15.977828036241116,16.70516950918136,24.15009539296709,16.004321161803713,26.95386792873116,-0.8597028638506201,12,furniture,0.8206655553831421,62.13788332556668,-1.8368062509826455,9.756707260291646,-4.432523268418862
223,223,18.875676824530423,18.671702635364223,27.401907388885068,17.399236372594647,20.456919184801755,20.830360509148598,20.661485425174277,22.385919887415294,15.392414873325723,-5.065129415133315,18.70078150152007,19.68578986781258,28.4552534332636,19.64416626133057,31.825904307651683,-1.731516736940797,99,,0.6955369646399814,73.13323752921283,-1.5913761004785227,15.246778982395785,2.685535658054416
224,224,14.80048313055919,14.424055560623035,20.9605362531734,14.380617043184795,16.05708078348507,16.225020801582367,16.007242324351314,17.11163149608627,11.919960882141575,-3.8229931380867934,14.754498151461808,15.104867078097024,21.62201987113652,15.130561758640212,25.154730204785917,-1.2139926451404206,15,kitchen appliance,0.7846575094328627,56.68720756296502,-1.2794552838426387,11.0510260509909,-3.945238997238583
225,225,10.059190730470185,9.854451907890317,14.370066933948,9.493874131851609,11.064181489384833,10.627821915277634,10.628276083609494,11.785917807143749,8.718181378533222,-2.712413853176652,10.011404726255678,10.45168742430194,14.836885499543689,10.410756883305211,16.93782745914091,-0.6179589511203798,10,food,0.8179938867438868,38.66688342016002,1.0570869734733748,25.24282783803348,7.578448913732366
226,226,12.575860037986756,12.41236351907464,18.26473769771226,11.936085837118627,14.104785519388226,13.38011182384145,13.67672476246018,15.034993065004205,10.739165613168865,-3.5529845146976067,12.543841671337978,13.193928250947003,18.896003858348777,13.04660619703349,21.45613623290892,-0.9886680103737944,26,vehicle,0.7545929699129986,48.94697172626165,1.7143125847387743,15.394852002202692,-0.7474429662610991
227,227,14.594681008881624,14.503248240208436,21.0078083555294,13.840274156611938,15.590021629546689,15.536655165542593,15.763014916237063,16.957418902615967,12.35936836742189,-3.775590029114869,14.3890503628092,15.022489481193906,21.788162816500705,14.573628672419844,24.63261547592411,-0.8452315574049712,21,plant,0.6898913755621073,56.13507204160283,0.2937191216256796,11.275473952867863,-3.8025410369466996
228,228,13.343112026940457,13.080396628878995,18.886646735499063,12.292335127772374,14.12516999091818,14.126773275434008,13.966485212271472,15.384862200034204,11.37879148117094,-3.4314986168316586,13.145660201152776,13.68676499520966,19.55074564404741,13.511762767327411,22.15170767483783,-0.7019349214606421,10,food,0.8320938931717975,50.709021274419804,-2.7089941976479484,15.056946793542545,-0.824456705239017
229,229,16.620671973400096,16.467184624031134,24.352048693453764,15.335856942479367,18.16853041042419,18.03109636376073,18.05012678967837,19.87449683558088,13.965509539150531,-4.416482120185954,16.471696192573038,16.978404698203303,25.31420522119387,17.267299989173278,28.04300428880473,-1.0756067577028463,1,animal,0.7783495294286373,64.54902852487933,9.467542695755622,8.686366339887442,-5.145866727926773
230,230,16.1302168812957,16.329380059776447,23.1820292113185,14.396433485840015,17.09079180567124,17.60330867004565,17.352252441087803,18.99780405034509,12.884779794072962,-3.9884067607616087,15.847509272200082,17.042363955269185,23.808676017420524,16.48513436239554,26.41580910625804,-1.3425500668375203,5,clothing accessory,0.7854904330193163,61.85344696363342,1.64924951307799,9.778528642221586,-4.4528159238458205
231,231,14.954463097678811,14.85335322281425,21.49475391012212,14.18557291435614,16.26610986052488,16.53456448655404,16.321919652623066,17.710538056397837,11.809929208253386,-3.7431913750316768,14.965161622756806,15.358804417177325,22.09980307258482,15.333983934391275,25.173947040638904,-1.0859261955131,99,,0.8066913100449686,57.68271410185778,2.128411658360392,10.349258293103203,-4.49961069337451
232,232,11.241652568310071,10.987003226292442,15.956843179176674,10.534422072948184,12.119252932389388,11.884733955515037,11.816551999008142,12.985884519395697,9.49690140915692,-2.971267437927991,11.046371151238564,11.29899697879248,16.61257877229772,11.488439785824456,18.925966824701007,-0.6221746940622452,10,food,0.8478824550493427,42.822402596215504,-1.4851552674059274,21.491073142398857,4.441966079361254
233,233,15.176971834451464,14.808758506908934,21.70094884886366,14.49167353829638,15.751277849475317,16.283510414211197,16.45743995474592,17.367717119794097,12.42381816654923,-3.78128482629125,14.801961064136444,14.894773856963498,22.574653338336336,14.754163084444276,25.595737587472318,-0.730740255270156,6,container,0.7050466809613153,57.754105172645204,3.024351810383779,10.612299955381063,-4.225998771367355
234,234,17.37593093825679,17.345352130490244,24.950388718921356,16.668649135094057,18.88401816091455,18.76600679518155,18.926937462356825,20.364648754911432,14.151257910990449,-4.409242656558196,17.249453276440047,18.022028408913123,25.602000401963625,17.51320903736222,29.28250902263426,-1.2708208524449576,99,,0.7954536793483192,66.95047500523833,-2.55755837318424,11.573866096827615,-1.9028055157034842
235,235,18.056484181053445,17.95923373105131,26.303486798359,17.310496425184372,19.400056627549542,19.539914383808085,19.87376108947332,21.23685693369793,15.348564906171433,-4.69187845926586,17.995290056684834,18.80559312788596,27.244324355188336,18.092061458293664,30.701563250456964,-1.1157572782124694,21,plant,0.7776301669243576,70.15386304266806,1.3002010225733827,11.46308742995142,-1.539286161890594
236,236,18.932605263727392,18.78492890461057,27.504443887425325,17.946390297390444,20.00421210891589,20.285484245472595,20.880911651944047,22.081198961308694,15.789472439583635,-4.9325603429880935,18.544471116809177,19.337075358683467,28.57588066335864,18.576353519950946,32.05350670277403,-1.2169034865375925,6,container,0.784517944851706,73.02865250034999,-1.5046694527682583,13.41911810800466,0.8423897810336509
237,237,14.798387013201223,15.00438728351913,20.740681360975355,12.907251427551502,15.460216175889474,16.024001454030394,15.42061919733628,17.086352380670498,11.419785160563782,-3.4304816540055945,14.38499933413338,15.44193384518498,21.13681746909941,15.08482890433815,23.68727094251851,-1.2681696588364395,7,dessert,0.7893155489496954,55.68436958899303,-1.0979387204640592,11.577219966323334,-3.5675266459780453
238,238,13.761661880735298,13.50259001867094,19.62370435783465,12.734649138645205,14.819093170272652,15.07933778669396,14.71761033510363,16.113500807873702,11.222550827602111,-3.5332322578563917,13.672914972120196,14.24974172002571,20.262191863888127,14.285388250570138,22.94682819779142,-1.0742621075895975,7,dessert,0.7997533176663025,52.73707223948992,-2.5117274426653076,12.950444359882386,-2.630683135071326
239,239,10.947425581103117,10.691801266516851,15.80819772608774,10.45989593983551,12.219971331438735,11.712349202585797,11.783961780187497,12.992010605570313,9.507665618482976,-3.0493412717490465,10.982598985473112,11.490223933875258,16.33895078481134,11.44866170507884,18.645444430617346,-0.790346778635635,10,food,0.7858661353113948,42.50798071623375,-1.3249894781019798,21.78373817431387,4.688077377044198
240,240,12.515052857458109,12.385196551902272,17.984890800477363,11.740030130720978,13.408040218611545,13.169063256407648,13.405262743780517,14.604015981467638,10.063264849875845,-3.152304291240346,12.059733247495943,12.050678410371416,18.641031799368168,12.45479186975828,20.952378510602145,-0.5060157633694914,99,,0.8074446467716229,47.6112672828691,11.362613598179774,14.359449054434517,-1.9806121435101751
241,241,10.072371887445495,9.866230637723922,14.53264462087359,9.274425051739255,10.610771416138684,11.085761802126946,10.76778291402001,11.826953854006224,8.242652363462351,-2.4384600414022195,9.993611279915198,9.939572196188362,15.078152521529152,10.293374762197978,16.781669915650696,-0.3936437873530212,1,animal,0.8028208945998226,38.564464523161575,-2.1325062038805616,25.07214804342526,7.392604836945424
242,242,13.508357271990564,13.347844867787687,19.248835344921435,11.931296762944,13.971779055762006,14.474262665326057,13.915607931280698,15.703529246867893,11.889721743735494,-3.301171384134568,13.498015348451954,14.12882631397935,19.920701975961254,13.812838455222256,22.0173066667574,-0.3906663422520056,3,body part,0.8553948966539754,51.47224283241826,0.46762832844656543,13.748889681608054,-2.019510187867221
243,243,9.65910488140827,9.387153403415269,13.729658108634752,9.024680894142866,10.461080080191392,10.22788855990112,10.143195997906933,11.23498542349714,8.344692525899974,-2.5839675696823123,9.57524427464874,9.921765502823716,14.217932031467909,9.95157644106923,16.196894929496125,-0.552649014170793,10,food,0.7994551597217509,36.92026087561033,2.4804004496570666,26.860018398407018,8.93703214770921
244,244,15.488309976378916,15.33489984969006,22.41809341076178,14.548371828337457,16.90862252264136,16.608816672565585,16.537842739116677,18.412423388106784,12.980060736744251,-3.888874868190374,15.42556227787045,15.578625127481502,23.112660172995167,15.90578483043338,25.951711926572887,-0.5574181679591073,9,electronic device,0.7549220662561038,59.68238212328473,-2.2941265024614994,10.239864386909924,-4.312931013253516
245,245,12.989582326665086,12.884485077168216,18.93389465397815,12.10367513592134,14.038406527503598,14.252237703573725,14.165710175929302,15.447445341240112,10.683023955435644,-3.3069440091218314,12.92190689924358,13.266662710017162,19.578782163611013,13.3460774655224,21.84018741334247,-0.8251446592614669,1,animal,0.8345152370752253,50.30503136799127,-1.2064144150484015,14.79968486151103,-1.1415339361848549
246,246,19.12124011722172,19.008482836825504,27.7266278747099,17.886408374516577,20.931849290584317,20.74505403173343,20.630527360180487,22.79269829629901,15.679039668514012,-4.833617975882562,19.01707304887302,19.433296284426834,28.549647861694872,19.7380133139984,32.043049383247975,-1.0718647924712197,99,,0.7822201479745439,73.84334560422069,-1.2482784606325659,15.780736936468793,3.324633186389491
247,247,19.004782402119208,18.892299402714634,27.456000708446933,17.806467701831,20.831166590577865,20.599501030916997,20.40106738463288,22.65364457135826,15.48561562654566,-4.734029833619954,18.95251394295325,19.219551277256524,28.225001521067696,19.60537008568435,31.792020432424174,-0.9492308737002672,9,electronic device,0.7611819826829752,73.24019443964593,3.6354220572712848,13.241044232136934,0.6956370944594017
248,248,14.783078706430018,14.593410998771608,21.294776577325308,14.26664892376556,16.519984875202784,15.96137525169105,15.920956792890458,17.630839997237093,12.18683236564816,-3.812027511988465,14.868681340655252,15.033135527550163,21.86295493137603,15.322993741266846,25.06537643157367,-0.7886077574183891,9,electronic device,0.7715344000865839,57.17186991707397,-1.4121467624091686,11.018707559971437,-3.9057977162384105
249,249,14.252594017037191,13.973779697798593,20.468896719434504,13.34602560271912,15.42267908465597,15.200609175196488,15.356871237652609,16.685141232741678,11.909859989233013,-3.8443858798412975,14.020437779685167,14.56092178405618,21.260924616432572,14.484666923656562,24.055506285158888,-1.0062639291049422,26,vehicle,0.7625694160353981,54.73467065037886,-1.7088866213013318,12.021117439085462,-3.2642428989251027
250,250,14.728963464924794,14.293097089500815,20.88200139430717,13.777173481168806,15.895852532613768,16.312927554482027,15.73395233045646,17.208490593858556,11.753298343426916,-3.779093444807937,14.703669132346576,14.933745873392072,21.621538180709088,15.362162288896617,24.738783303842865,-1.1162537801356391,6,container,0.7860639031130047,56.291293753066824,4.296343551561572,11.078600772729848,-3.9762838164993752
251,251,14.63347112622598,14.21266220054731,20.825220170170923,14.048398691907892,15.884258654515811,15.872681528704543,15.67997256687215,17.094538395965053,12.137165991356904,-3.8093082624684858,14.688397613848728,14.832873841334184,21.554104578418844,14.94659709180628,24.84383395242452,-0.8434565564207235,16,kitchen tool,0.7637369918462257,56.13988103237488,1.9293984908346982,11.264741049023808,-3.8125619150298906
252,252,17.558806832032513,17.706251032023136,25.239284757120853,16.606267680606347,18.98902786824709,19.396270629208463,19.129513998900865,20.808803523029734,13.993067645207049,-4.161419206342208,17.711305543345475,18.463185237478708,25.69107373724997,17.80378241929491,29.23616960289519,-1.2180066627173536,13,home decor,0.7382176127454897,67.80921709304462,-1.6653873038090756,10.569814977555914,-2.7797101051855133
253,253,20.97636359009345,21.091336299381265,29.417770290342176,18.834375563290944,21.382702973944063,23.11020627578941,22.24692468665968,23.91376190862249,15.870025080331322,-4.6519042973657765,20.406746193678988,21.355842019033457,30.117412877864915,20.853102386640195,33.92988896756795,-1.6196671918125407,13,home decor,0.7832288631470274,78.84256618060193,0.4678697956718523,17.867697768339315,6.151785464522721
254,254,15.87585220672285,15.790135457587349,22.73685616943821,15.15160527081192,17.144353511979663,17.726421723005778,17.275165517544327,18.755501709293934,12.631602104194906,-3.787102132735488,16.11304576203609,16.511204140245596,23.23076654817464,16.207139660175127,26.607925506465737,-1.0560489779706466,13,home decor,0.7210403805427241,61.25422466141363,1.4396689465693324,9.839294422739197,-4.4807718181845715
255,255,12.644094502104936,12.810214284705165,18.137213382857595,11.31380557034704,13.614665933423856,13.373828974263413,13.498004379345865,14.804550551540208,10.54539283083936,-3.370095594492623,12.294109490298457,13.608413761619277,18.64164408958313,12.952693816016016,20.811465741647392,-1.2276242395079306,10,food,0.8256941965246498,48.507035496399695,-2.8214066347396747,16.778586640611394,0.5711541113479548
256,256,15.113166725419044,15.191828500034353,21.59582019539129,13.589333096035563,16.232304301232293,15.993106064023564,16.032582271635984,17.645710997170212,12.378235773057526,-3.925845941256776,14.650466525583465,15.751902095727818,22.2185434919101,15.43604560174024,24.863334159577228,-1.2571127642030149,10,food,0.872834397986837,57.645347532192126,0.6836340545631518,10.676235478103102,-4.1781660538624745
257,257,16.072335342021436,16.356869157589454,23.02546668938463,14.275121817793195,16.94862380436443,17.169004932509296,17.217086485439253,18.73544550868244,13.11172615458973,-4.09090972029115,15.600442228076266,17.172158901401886,23.654119584655454,16.220904921872947,26.27726518734615,-1.4698013904867353,10,food,0.8274523477090124,61.44689604297549,3.5027301661102968,9.317906052481385,-4.973632999775116
258,258,19.53606852625688,19.267860475151803,28.289701928407048,18.89385140865652,21.650732801555225,21.6084043131827,21.32200199252643,23.388376515019747,16.625602237433522,-5.10702105915393,20.11199060656333,20.87319402149911,29.0504159943126,20.352172228528307,33.30063954874371,-1.2778278834244423,17,medical equipment,0.795322411328509,76.38138482577557,-1.382706405841927,15.651136095339835,3.5708179089041483
259,259,19.074821552591388,18.66451099892145,26.7284787157354,17.146100650345982,19.39731701575081,20.673593711243736,19.949832417914493,21.65813772536882,14.937981270076746,-4.448542744797998,18.454327505247345,18.611693283088435,27.731136737666297,18.982588040083265,31.13839825168899,-0.9886749356080198,6,container,0.7975683345323912,71.34594136962312,-2.1458907984366427,12.41444073953698,-0.41143210235692784
260,260,13.880081452834272,13.561518809773403,20.12256369824561,13.927757670210976,15.763988741599752,15.143945136902936,15.342386283559252,16.540478532109137,11.941692176210838,-3.895910860280996,14.218432223398493,14.7560939592257,20.74410744256948,14.44500473848767,24.198208711799108,-1.1539131013919413,27,weapon,0.7954397227641846,54.50042541349118,-0.6820432601040931,12.096862172427576,-3.223180836215926
261,261,18.635610928811364,18.615482936733624,26.909586264689707,17.50906472995196,20.106116990483844,20.29216373329933,20.4282951076331,21.87888079763072,15.292305090383872,-4.908771057862944,18.418136850349857,19.685377340887666,27.79307661536115,18.982970175798588,31.39644066133166,-1.6680234595171817,27,weapon,0.7786572287896101,72.06727050334561,0.8878543197482021,12.44286075823661,-0.2762111040718036
262,262,16.91251609050648,16.515899681529344,24.922820999181948,16.182115182872376,18.90267853722827,18.42999727621069,18.645408983904943,20.39565505598932,14.734064359073216,-4.779905497651242,17.08785680853087,17.654937071000216,25.950207112506337,17.724357599097353,29.161071565140887,-1.1793779301565388,26,vehicle,0.8096292948613414,66.47910295385685,0.6399512971300538,10.216160270050176,-3.3303033340742267
263,263,12.88972566745854,12.654958796385252,18.410161378654124,12.050584536606792,14.021844619645682,13.865872420777547,13.762265691877898,15.067014428979206,10.71111232155644,-3.44422808375257,12.736763232111675,13.261385389203308,19.07983814349241,13.329634632957855,21.69788759272342,-0.9665781504451813,10,food,0.819222359550196,49.44141384303081,-2.889890566876872,15.999798359682298,-0.06928883170647637
264,264,17.762713093329044,17.62282207685953,25.42663006052151,16.429195809993068,18.254918170589693,18.990630828896343,19.098833145086445,20.447515533021487,14.323862080284227,-4.225140453336639,17.213475050733724,17.490640390041097,26.330043070291328,17.23434240065262,29.40145623740529,-0.7363235577232135,99,,0.7536085693557818,67.3630794327459,-2.5748764674166047,11.805050250987003,-1.6105305848389992
265,265,18.25413725170707,18.380491101134304,25.656812943712275,15.425566535469653,18.361435262658087,19.544604647210598,18.87161936387809,20.822845363446454,14.318100919347003,-4.253159962275573,17.388381124661684,18.446862331326752,26.50518359300086,18.265702386613462,29.06757993838114,-1.2104169752966725,99,,0.8147471109161709,68.14986122043783,-2.451631484073342,12.292248231012152,-1.006840615627329
266,266,15.565517252357909,15.691085651094289,22.44500734305305,13.787994990467489,16.785630086063883,16.75119504038474,16.442154278856478,18.493179802736567,13.111468091958328,-3.935619439411171,15.458544645686954,16.600222020851323,23.036362891967062,16.212939519820274,25.45810542945794,-1.0857158125469273,4,clothing,0.8148443419367682,59.91404168336918,-1.716578624648693,10.265084172354928,-4.253411396024811
267,267,13.561591292198155,13.388996279484047,19.721872936979047,12.872528590547846,15.214481579412192,14.636111366651804,14.831399328598042,16.263827476184655,11.402464575271605,-3.785286102189285,13.576534735539791,14.26619900277236,20.38018583438392,14.15969883800262,23.124798981514434,-1.1448277796284807,26,vehicle,0.756563173668437,52.87303881387962,-0.8376797650411056,12.992982225779876,-2.5680138719283576
268,268,13.884015093409914,13.629978809135691,20.05307301527308,13.060542686999772,15.278347759637652,14.79865084599227,14.899897204271117,16.453451243186358,11.843376506074993,-3.7590197978980666,13.825999367984824,14.26841237863891,20.782632811363136,14.31590180049938,23.497349173163368,-0.8295215285602556,20,part of car,0.7641120346062206,53.64192535256455,-0.22748975034193997,12.447705449660452,-2.9994482539414005
269,269,16.511069992678276,16.237587835680923,23.769314225585067,15.40474218695982,17.940174173712702,17.513177004313366,17.615404360374757,19.4657610240936,14.146490874085284,-4.381605004753662,16.409367877762143,16.9844047387909,24.60475776600258,16.85205822068018,27.743819932121703,-0.879941346868028,20,part of car,0.8032849589047504,63.551504643798836,-2.486639168492921,9.757796845906979,-4.222130974106594
270,270,16.049796321459564,15.80869987377421,22.46353808949248,14.220109563359536,16.404324140700243,17.42196802223189,16.742849398932012,18.27203168006941,12.675076175449622,-3.82492673371467,15.548336252956664,16.168399054894582,23.24008966410177,16.193578999127208,26.05498653598433,-1.0894833191307869,7,dessert,0.8455446403016336,60.1640030046671,1.4465902327069333,9.952812870428152,-4.528673082333631
271,271,17.377018144831432,17.541499145409365,24.91224595170624,15.486806394021306,18.36620418073249,18.61905831381058,18.46644261144173,20.394632690829976,13.89088060624966,-4.214680867612171,16.899360625644437,17.74721149838774,25.59503364868072,17.561334712762925,28.351823947207127,-1.0893307608891762,99,,0.8234258597976246,66.16223400225738,-2.414871344511046,11.273137433361027,-2.3202422217710588
272,272,18.47681704688909,18.56801392680067,26.395664810194425,16.644113652376188,18.466118887366857,19.548782692078657,19.86593135496576,20.97618092812884,14.748382220464682,-4.349656961424585,17.50237536387145,18.307757421652777,27.371901871480105,17.547907290407498,30.19723998028249,-0.9726175961173344,99,,0.8179271270734686,69.60525717862535,-2.4208240307827946,13.055773040160435,-0.027827887369157978
273,273,14.857944327756332,15.017552041869047,20.989651204015804,12.876925066596186,15.442692217860204,15.960873099381011,15.34690766376946,17.253322434330872,12.064452916247976,-3.428264163523656,14.585699267428035,15.538378019652342,21.463125945418263,15.147024265145296,23.75440947739148,-0.8724604025514182,4,clothing,0.8225730792024576,56.13600064130771,0.5363570963734112,11.438241697616984,-3.639635802453318
274,274,12.825523885370764,12.79509783575239,18.578131453757045,11.597008272680482,13.714982252616707,14.0694032587798,13.860323565285029,15.143634940755534,10.206039889121415,-3.2351904658615958,12.542729103173144,12.974672600285604,19.237488259760685,13.23416565329507,21.303665546177616,-0.980928474187958,1,animal,0.8114230150109484,49.2514578475071,-1.655061801102363,15.635000123563366,-0.4622122127164445
275,275,18.37065700937396,18.70479000626746,26.79287602311169,16.871943842794764,20.269684946794293,19.931861503044583,20.04455986435489,22.10527394971729,15.199255054709033,-4.77399677925851,18.36145472892972,19.871865410044663,27.377532808061588,19.0258552775404,30.59131369862797,-1.6063450495886098,99,,0.7708322535534675,71.58078937037442,-2.081234227937747,14.188278646362416,1.397177721144736
276,276,15.486499391719512,15.413242038563544,22.54491521534649,14.755770990973726,17.32442599728662,16.65649521819801,16.955003501744976,18.570617215152893,13.404093670013468,-4.316516453497838,15.675216210048209,16.797350484617105,23.206584186416904,16.04046769195776,26.39913755937864,-1.2920338798073576,26,vehicle,0.7572996363392706,60.64677392313146,-2.343690890653317,10.087350945697755,-4.32265528359674
277,277,14.925444807259634,14.786733961970778,21.29855491396836,14.115501160144708,16.240989827532125,16.046748173077706,16.03072066461505,17.359858443466795,12.262063832736924,-3.912976728688293,14.7228553156654,15.438355550092172,21.948138891667377,15.27002934706974,25.124083164160563,-1.2350335350269923,10,food,0.854378794588727,57.23988534192477,0.40667026182289234,10.846898405051673,-4.067536414190075
278,278,18.7930239719742,18.58177974901006,27.3872081623677,18.288844639827627,20.921365425840417,20.335790856406557,20.744407756292137,22.406049705912302,16.26029472199773,-5.212897187178322,19.045775857101937,20.130547662552107,28.27307596342497,19.300915177747942,32.33971325378951,-1.4773854588894983,26,vehicle,0.7086570146624034,73.65819417157796,6.544080987287018,13.479584693230507,0.9960671684214173
279,279,13.334520973359192,13.208923899943288,19.24294608909769,12.621544458446303,14.394445020266309,14.06516177580538,14.458988675576524,15.609220349932825,10.84824944546052,-3.4813244410312816,12.917421068351183,13.150454279426196,19.954046444125,13.279277080164592,22.505777691254966,-0.7356637138549321,9,electronic device,0.7757643730729007,51.06251791444949,3.1514034789807894,13.966678509752917,-1.8623857923009073
280,280,16.580175055381797,16.42790986688478,23.67382709042234,15.44353838153326,17.68255337512457,17.62919602369005,17.678036085732977,19.284504819026026,13.256907611854464,-4.110588399499473,16.1020412247194,16.26324038471922,24.462212152859724,16.584289404104993,27.610099695737187,-0.820918836681692,99,,0.7360727784909429,62.97943160925337,-1.3122974469690032,10.386712558429693,-3.677917178680449
281,281,12.122825089642442,12.03234741001694,17.519898430718342,11.302663436198351,13.224208609033818,12.87118035121037,13.028963379599936,14.281089423127591,10.425862869223645,-3.28228398064308,11.985703675650178,12.733413236825946,18.11609878637229,12.43801947840592,20.39349606132134,-0.8641628898279329,10,food,0.8324921152569899,46.84175101494744,-2.761919619018423,18.088303021998378,1.6343061913739376
282,282,7.850152625726682,7.6134393480722355,11.211510548753152,7.536716310177226,8.743118319957942,8.295768461812221,8.314414539838785,9.230358109389591,6.886155759092609,-2.1664563860460784,7.875464018876153,8.178719247701682,11.568141188866734,8.17485526687991,13.325035641033711,-0.4814074922845873,10,food,0.7749576248051859,30.274234190108423,8.873482145687145,33.32243721886532,14.41543115366212
283,283,15.535357465958365,15.63543895955263,22.407269741360132,14.285284936993136,16.669262612324378,16.54380640814741,16.779517893118104,18.25561739610056,12.416386977407983,-3.936098489963391,15.041219083683387,15.68870226382998,23.095388078483907,15.60723467067629,25.810665549479868,-1.0428653294135843,99,,0.8191027956413665,59.4456151236659,0.7872145690900876,10.151419418595768,-4.4364320278447895
284,284,9.282314267603695,9.167135812188826,13.405880531520006,8.44552007176412,9.778051597006492,10.220210058506932,9.902896343026592,10.94017371736681,7.457812007543636,-2.184507195622341,9.176118859808811,9.123551306894274,13.86588590429612,9.49368107865098,15.33884073927698,-0.3587071926107261,1,animal,0.8403844016488433,35.484561321899825,-0.7192583880167955,28.079455848252753,9.94389795507124
285,285,18.370655407342355,18.15743799614045,26.971866865971016,18.30321750982503,20.4761166360176,20.12169912164148,20.61830929831099,21.994779815945797,16.06140777293863,-5.064046925248352,18.834460337861064,19.899518999629425,27.78889939059061,18.75988717165427,31.90169175461608,-1.41218019997122,27,weapon,0.7466059299936215,72.5897108860355,1.16536427582745,12.917542320504863,0.27582369687454644
286,286,14.107916249652732,13.851292120908669,20.40216714105426,13.03497701955686,15.212206196133792,15.253882386121129,15.060206704054236,16.65632767918533,11.656697879728146,-3.584527580916132,13.932750277632966,13.931608180384313,21.222450848732887,14.524472814504527,23.66494099096538,-0.6496285354797576,1,animal,0.796544143900837,54.15456552740054,0.9963900076346768,12.187847828538056,-3.1834036685844644
287,287,11.714149864460664,11.44813568099264,17.506060561436268,10.891586466545006,13.013277929578956,12.893003212083627,12.93280076012555,14.276305080328449,9.92456301724584,-3.218963259574073,11.663834315836477,11.659649941821357,18.34112594944402,12.403424068949,20.067578510093057,-0.6799795026564511,1,animal,0.8555502371178031,46.01372763273567,-2.5942650027597747,18.338323184113687,1.7617280773271027
288,288,13.628529999229858,13.419029742736514,19.33565467527272,12.554190507618069,14.532750968707528,14.51991461416587,14.340353096033184,15.764978603460822,11.458323247320225,-3.534160727533865,13.412427902578044,14.005177175062569,20.044911964491988,13.918421795343416,22.69524210639384,-0.8437822664997345,10,food,0.8415133092463806,51.91446472714561,-2.398363704870544,14.167699520641797,-1.5352243693630534
289,289,17.463135607107215,17.33302363071319,25.20886273565616,16.27917694376343,18.96176276228472,19.10225251130188,18.836930413984888,20.699844218619297,14.323596022618286,-4.394931831395985,17.42148813964484,18.03719046340911,25.95062419243002,18.056214131606925,29.18077468140377,-1.1407428761146796,10,food,0.8255039438520855,67.38260447306348,8.72306227679666,9.050216148659239,-4.362473782952758
290,290,15.735024094205585,15.589934209533205,22.635600136583715,14.901647321583114,17.214285118411123,17.21942737879301,17.019554885537907,18.694878147535597,12.4974230884126,-3.9187545142870457,15.68793389615971,15.843272824432184,23.26924219565352,16.180056834920272,26.435128246230025,-0.906888755953914,9,electronic device,0.7994120979087916,60.55733600531945,-2.4392936396255163,10.09277222313002,-4.33047630678405
291,291,11.482766978600464,11.19924184971206,16.35153221565341,11.023307590117776,12.531493849714744,12.2124658101116,12.19193298535234,13.35839836787094,9.90277000432574,-3.0790827942292034,11.483382296056591,11.815206234667194,16.955111777151572,11.757898638963423,19.51979912094827,-0.6390348233516726,10,food,0.8369833080198936,44.112630333894415,-2.0176360991640934,20.38813082186633,3.530056644969573
292,292,18.28869684739978,18.38711959535854,26.63683844192681,17.51324268114525,20.278961968345406,20.34768015582639,20.15694746198115,22.124010475680382,14.905367373757128,-4.537963334474438,18.731418669822222,19.492395005788755,27.129589209911227,18.910812472874248,30.836135004444422,-1.2387995493317794,18,musical instrument,0.7876587623538843,71.55021589378114,-1.241953787075416,12.295760418320842,-0.49986725771951157
293,293,15.067397143634212,14.935923681642295,21.67502422166624,14.146326374981196,16.30188900115385,16.05089785765814,16.13112402508978,17.724431760686006,12.18355994140522,-3.7634555312229674,14.737495667230672,14.817724581921617,22.369723889729705,15.22875656843674,25.20055022549548,-0.6617359488493619,9,electronic device,0.803484467588576,57.59818630852436,-1.6566873955461165,10.860777628966636,-4.000606658374666
294,294,16.54373043644944,16.29310953871932,23.900796873982543,16.23845241097395,18.17208583754613,18.0894671997295,18.236784481981232,19.4531332998233,13.71587611526402,-4.354408818788646,16.61735925446418,17.192803866561526,24.63488708991298,16.830608810296678,28.3571537965271,-1.2794420092422072,99,,0.7316954697945907,64.25143595966368,-1.8106841463137258,10.685070198014648,-3.191224832635273
295,295,15.40084224013373,15.545479781450227,22.298281323040147,14.581353940888322,16.879902295920186,17.029677712899776,16.843707514922897,18.439787959230618,12.325950574448422,-3.6978637658359834,15.580485042912178,16.210187992862615,22.6868766982096,15.772895680588691,25.71205251758209,-1.0665300807731166,13,home decor,0.6760376279853916,59.77602981678459,2.5001139402016097,10.05461203996109,-4.484317754428059
296,296,15.146675686029004,14.901437611050811,21.72667267218091,14.612377849621373,16.57977960105914,16.545917399371078,16.515797953734396,17.811270447654955,12.064011496696535,-3.896719626659911,15.049818566438598,15.26702595024783,22.41318988896305,15.467998799475597,25.727234762765228,-1.0807860961661404,9,electronic device,0.7264727816913462,58.29553094998596,-1.9173167435850509,10.64917652694274,-4.108957957590171
297,297,13.749882874216162,13.466296862869736,19.438817718446035,12.57619745818022,14.443716095967783,14.678649352079637,14.351970507879328,15.830833957949572,11.597135698129357,-3.432470381546776,13.541573308113366,14.024751318536705,20.10679816549882,13.96013432020186,22.68303466910337,-0.6876406670942488,10,food,0.7933877944548677,52.13188514500581,-2.300545659973375,14.019165213275455,-1.6515671118475996
298,298,14.673073995074407,14.448697362428232,21.11095334197422,14.26202032627232,16.291881207784492,15.862404000691312,15.86106100608052,17.391026761140143,12.580980727236078,-3.886184093176764,14.93244995489317,15.491609072066677,21.702761935959423,15.135801799524543,25.014259497029613,-0.9169936238076544,23,tool,0.7941334770179519,57.02249770534608,-0.9801968625626571,10.96643117276129,-3.9801903577208098
299,299,14.98126155479385,14.635725641658563,21.590418640162085,15.11629234337383,16.8676725499658,16.404307952038714,16.550780792689,17.721362589436524,12.581806191767924,-4.092364980703359,15.281421100714974,15.69282899808458,22.22534934065288,15.446593730995568,26.068783700831588,-1.1958010124995977,9,electronic device,0.8123836482103641,58.512289580292595,-1.8128023856087117,10.671166093416854,-4.0548748114059325
300,300,18.219529040163074,18.00722088363445,26.38383398652912,17.168527662127612,19.37689320355458,19.65500866119416,19.814022411771123,21.430856771110168,15.485664567895103,-4.664927119405721,18.18876115006537,18.86190023899411,27.297077491265917,18.20603876954144,30.67395688119616,-0.9225418542243894,12,furniture,0.7678123335667296,70.38491917012975,-1.2098117937393242,11.596524828569049,-1.3716382765499482
301,301,15.2593177049039,15.23797025140636,21.792825339285788,14.362908263949022,16.554532633280996,16.95198202546067,16.422092740122554,18.05994226729605,11.998003830122697,-3.5775821994152097,15.413297777020675,15.754844846496136,22.223905524173947,15.69892064584627,25.353945758472253,-0.9834655684981998,99,,0.7059924601464237,58.65125596079957,1.4199822563769935,10.253971658836734,-4.4514936933378415
302,302,19.690878168809224,20.05921891578361,28.213911178298137,17.394385539126617,20.44690519212486,21.018123425405985,21.15434681788476,22.796655865704288,15.839592428156807,-4.942378263843783,18.907296434717736,20.71536212764865,29.093658227078777,19.616395837551444,32.1376835123632,-1.7510257865211776,99,,0.8321431082473403,74.99397681027425,-0.5643005955444256,16.762455095379547,4.476715377755138
303,303,16.516654005658957,16.423600367592346,23.734795998381824,15.163692682254316,17.159846668477552,17.462276868363354,17.74888246192929,19.112493571662384,13.350266798582576,-4.07064847476165,15.853351793765128,16.189195155499576,24.641555722461025,16.14412350833529,27.374929207066906,-0.7369497200873645,99,,0.7950149274844397,62.69720240658457,-1.152462786840264,10.377291697103804,-3.729125282339263
304,304,16.42605824226987,16.12742275568454,23.28754227379646,15.03798061516052,17.360291995461065,18.140408495514123,17.388508618358358,19.119133856912057,13.094659831618811,-3.9095061481545454,16.322581126981017,16.664593298768267,23.98780538155849,16.914507502373844,27.05235069370122,-1.0271929672891942,8,drink,0.764668550676253,62.47415302449385,0.5461859264255509,9.752546976650748,-4.386894999828405
305,305,16.891368637919495,17.076351229621466,24.512333321178676,15.88435887080984,18.094857864510463,18.598518769477337,18.580590934005567,20.04110287106785,13.633723810341566,-4.026713249444142,16.91813291757028,17.790372555217026,25.04699587042339,16.958832146890884,28.11525525219512,-1.1454713594972212,13,home decor,0.7397963941557398,65.44055177333594,-0.9025054209087138,9.920562627204935,-3.779670287271456
306,306,17.557769579615123,17.38133750088984,25.009593424848745,16.378628794125262,18.787925592833847,19.003301036813006,18.49261380430201,20.560288183853796,14.905919687046978,-4.25146833859059,17.74237585141338,18.3177498234488,25.638350032436183,17.943427104428764,29.104862961444333,-0.751960195609847,4,clothing,0.8399150767639384,67.3116446156398,-2.0158249699240764,10.531596639819101,-2.891599705480896
307,307,16.041568326723755,16.018033694585565,23.10114447880776,15.522362231872362,17.460335268867194,17.42986726520384,17.623487620283747,18.70252006776431,13.385689484851648,-4.193931744865912,15.97935474981222,17.133284774432006,23.737540599317395,16.281731190808046,27.210443645987787,-1.4844923054984436,99,,0.7790643257539548,62.182609162314506,-0.897633966708197,10.266750298204954,-3.915858061853088
308,308,16.488912787220883,16.179054432192483,23.573925497450315,15.7076401645233,17.90516304695621,17.660413813560677,17.61770981036855,19.333241315588243,13.585464342489068,-4.192767667454958,16.36097211939845,16.48847274371589,24.321988216756157,16.74484911615987,27.765125618110464,-0.7755209709918439,99,,0.7788679742980023,63.13480310967668,-1.3818063719394722,10.39921424105931,-3.642410978876759
309,309,18.228563642157773,18.20907391788556,26.365096658419287,16.8882227595863,20.05589479318668,19.74527077856208,19.7401017500296,21.715679163453327,15.29118070043864,-4.892746220381326,18.25176682627568,19.522908117563784,27.122476876902724,18.93453204383471,30.602586672193,-1.5686278410710333,26,vehicle,0.7575891694954596,70.7474178063787,3.8686032488710076,11.702119514424709,-1.2123715460757651
310,310,18.83681132793371,18.86529169002003,26.770885502129428,16.806787592966334,19.38241577799168,20.04709755183851,19.840656224294424,21.719858503093487,14.851457891457404,-4.359956950717447,18.095008289568263,18.522387493913115,27.610338427285942,18.577877625194382,30.58424117165527,-0.8364014338121358,99,,0.7457653671389232,70.88903401389487,-2.282269437348739,13.753073016122023,0.8595498452863648
311,311,22.59395914599755,22.87622716068794,32.56712686760879,20.4940539187524,23.98458327020641,24.42404768869118,24.46451509949886,26.596935880165454,18.020262912915,-5.580127413768127,22.083478026530887,23.47358054991546,33.44438622866932,22.73957181106505,37.21580369840263,-1.7015369591838216,99,,0.8197012746916471,86.63267425195151,9.236062829253576,27.596689434493356,17.03419120228569
312,312,13.788690775152158,13.71757653813224,19.83999891925195,12.571178427733148,14.793613446699108,14.649082781322432,14.73497014962081,16.14622768011992,11.605238735066331,-3.644823801777098,13.473666927521508,14.339495284336431,20.52091966975514,14.068884428581235,22.920162635263942,-1.0058120590086237,7,dessert,0.8030823092183812,52.89103797925228,-2.418580269805087,12.870996366121048,-2.6873347505076044
313,313,8.101002921347714,7.861287775120298,11.573695178914477,7.741808966567539,9.046226550360434,8.710106799383555,8.616565339742783,9.57062664539469,6.964111355772127,-2.222813247152669,8.162578390358979,8.47310791830309,11.931379104273514,8.5395934194533,13.742599910491078,-0.5748129011048152,10,food,0.8439307664355803,31.2901451689198,7.860347692285522,32.30817857764595,13.55158968351802
314,314,11.251827678421458,10.952873443387814,15.8663020206619,10.31800381906918,11.850621013695976,11.941952637051916,11.73977115970582,12.915090344804703,9.446230296506332,-2.868492166500123,11.013146349004176,11.35113354461563,16.448970504731946,11.405004707137865,18.62200235315312,-0.6060488547261721,7,dessert,0.8085201120374421,42.55120224067999,-1.6256540335581118,20.262797604509938,3.1735362453528175
315,315,9.76373033346274,9.65643331858574,14.073528112091608,8.843571483121773,10.273148680429731,10.69934749393964,10.428838817999644,11.454911015891655,7.773177323344541,-2.344767325758732,9.563444606449233,9.577165572223542,14.593479270630588,9.962092873757245,16.148858631669945,-0.4764020968822722,1,animal,0.8235210997918796,37.24125132850299,-1.6342831604658414,26.359002036953438,8.483542072390243
316,316,13.979458569291928,13.932264697185667,19.801809669838796,12.531691274837476,14.913920971155603,15.135787857321894,14.785451799809511,16.23144689975504,11.12748832228688,-3.589870174291684,13.62428537851352,14.493084679772952,20.43973222572473,14.467935572486136,23.01473038140904,-1.2790881119080275,10,food,0.8169013326799845,53.12660588981397,-1.8661280379230725,13.347755186762058,-2.1756974223577394
317,317,17.492300319125768,17.661903107138723,25.47675834285325,16.293159181417487,18.913799252628174,19.2239114736244,19.181740069917065,20.906477381442,14.24319295404139,-4.321257027352182,17.52067058156701,18.438966264743254,26.079901787016208,17.810617161881467,29.17390505391338,-1.205849579448524,99,,0.7950737247822407,67.922298446826,-2.6711119339770697,12.002251866631546,-1.3305302359748907
318,318,19.840248628801536,20.026789484724627,28.54996913590078,17.988380720078837,20.62397284524148,21.01670462758043,21.427415394334464,23.04759269346896,15.999532518223685,-4.877599115809555,19.090304854936065,20.15715388549752,29.46770024911265,19.382444280750008,32.64253428519606,-1.2175852495844175,99,,0.7675769462780241,75.56214723130209,-0.2808013816960422,17.193149823605786,4.991534196774889
319,319,13.78868617335927,13.673096231343568,19.51007497699596,12.13196943909524,14.311480334338317,14.73873726225268,14.068978057835864,15.985046547843623,11.8484622508183,-3.266063272520576,13.713196764040298,14.256305904537658,20.101674545593823,14.131610728708628,22.30120168379667,-0.4026747383517279,3,body part,0.8746419666280295,52.21915747378319,-0.040209309523898895,13.298996894017902,-2.35881377056438
320,320,15.967475319559885,15.830650942901414,22.926709586876477,15.01121846547784,16.59521582982607,17.298255795713303,17.272086505687927,18.535186071396936,12.869015042765122,-3.735144901781608,15.725197081018914,15.824717589575458,23.662011279161085,15.604246559608878,26.578547665609392,-0.607222621511806,6,container,0.6970687385217046,60.91146484890837,0.5896315876122458,9.90642691199816,-4.464388816263222
321,321,9.511271419559392,9.342964847057347,13.775757478508732,8.746202871578513,10.18254972892636,10.552329441345982,10.309274128049966,11.252097960573892,7.485195964362781,-2.3774096155565485,9.360886835165488,9.353751517886272,14.309599932694091,9.838698086098738,15.92721155171089,-0.6073546123429565,1,animal,0.8175600605514105,36.517302847386034,-1.2888805324351633,27.071099392188348,9.088450623876565
322,322,18.786827695212423,18.885590211685265,27.281505228907392,17.79539866452458,19.755288652080125,19.963830495386752,20.721210474888228,21.845623121786577,15.69888381396126,-4.777507951641268,18.3342348143342,19.44998340788765,28.205523799990942,18.20643514055325,31.591862299306005,-1.2014715851714162,99,,0.8304843815641426,72.4242366437867,-1.8487095510035365,14.773923866572868,2.1077048999754826
323,323,12.152423661974648,11.811556451207236,17.414651416776664,11.232767558331622,13.14909531189795,12.98326046841707,12.754906109878055,14.25886006569301,10.593205065887334,-3.223393521949312,12.118328161708224,12.430862290521253,18.087593707866528,12.64280224923116,20.367453872700864,-0.5733875958455671,10,food,0.7952430562399367,46.63961211278858,-2.7022729567576675,18.261470916820777,1.777545123461266
324,324,9.77477095206394,9.61613535127116,14.10919663166489,9.107454530726898,10.528282001786575,10.738312859604134,10.529840214878362,11.532553921334896,7.815373948587541,-2.4215002113572286,9.660278354598203,9.648083817032967,14.601508464652078,10.06917015810684,16.38057662307284,-0.5521460321221651,1,animal,0.8078881957641357,37.504920552652194,-1.7429295598073082,26.095930931983794,8.259510193911233
325,325,13.471288384862383,13.554205365927816,19.522924701598985,12.580031639568292,14.513970016499364,14.28360887982719,14.662207510165745,15.793333202981016,11.469328693836692,-3.585713201062718,13.212069933210987,14.323040277037467,20.15673606129453,13.558115783220147,22.599050221926333,-1.0547745292815,10,food,0.8510214821417318,52.09688582823267,-2.3046482832057045,14.063028797894379,-1.6128855740107078
326,326,9.398488491230594,9.308507493194869,13.449041456112324,8.299894095284534,9.770107979683356,10.286017185682882,9.79449708693479,11.010352253525287,7.526782367818668,-2.1235818796215367,9.243634043359696,9.184128524284594,13.887218350793336,9.644726669050064,15.25772051611432,-0.2737576766107378,1,animal,0.8414892821302352,35.594549000880114,-0.7561971213202909,27.97710063505232,9.85782766827716
327,327,10.47886384340578,10.217106095018462,14.947607454605436,9.95942675105383,11.453437224453314,11.19478866786216,11.144534553957705,12.246743903063862,8.932049574618453,-2.789843390090685,10.442346499490336,10.80077003906075,15.443959748799909,10.797715853795124,17.685414382152103,-0.6574214497213194,10,food,0.8022253183884397,40.240337483370794,-0.04186908625955965,23.79729925476824,6.365888094317821
328,328,16.653504799420425,16.731381888264917,24.423541517895654,16.16211648620987,18.203740517376318,18.481575810435903,18.729946983182383,19.970026645841017,13.876571168406572,-4.309605248719538,16.949177148530158,17.977652246134266,25.03746830409685,16.851043408355896,28.424283350239403,-1.321241632506887,18,musical instrument,0.7547590695527452,65.46783006362926,-1.820221039131174,9.986319917103392,-3.7098741363475067
329,329,19.03470641926372,19.056212326288,27.702044841623987,18.013797880454867,20.350599046192038,20.648066200291662,20.97200609612344,22.375212937427964,15.99096007344177,-4.896474202449681,18.89315739210793,20.06021338780465,28.56965325862814,19.051842045253636,32.089774843335505,-1.392650268900485,99,,0.7868221638074163,73.84848746338724,-1.2874972478113111,15.77975564195028,3.3244132025822815
330,330,12.513910295127491,12.409805745053903,17.58730650827482,10.648053025886725,12.67612535369907,13.243278641579062,12.48981836167338,14.370478092477464,10.913242249747077,-2.903495955092992,12.35017423198978,12.890477375125664,18.16879701907743,12.767790989648828,19.931062432144454,-0.1998909263235574,3,body part,0.8723126805443879,46.99144539424395,4.0925997187634735,16.75462622983691,0.32279335405622334
331,331,20.530842803456125,20.53844842922041,29.04071319683781,18.462105429306064,21.344686130437804,22.38731092381902,21.76290613006471,23.743103392920474,15.972073083156872,-4.768005379968368,20.07074430715516,20.85528925826101,29.819759095358005,20.624294692832123,33.43594959481612,-1.385544728704755,99,,0.7076806118223261,77.63078630153493,1.1669280494048984,18.964856398733357,7.069526306176597
332,332,9.849459881432503,9.738982401819325,14.178860413863363,8.95671548073834,10.418296544420054,10.809471867937894,10.494427306954268,11.574149154268914,7.842243822027929,-2.3492797624154504,9.689636992777372,9.678942767843942,14.675679992139887,10.096529783120014,16.28981788610847,-0.4654114288332039,1,animal,0.8171262001749807,37.584151926948735,-1.779881640589764,26.02327889542913,8.198589263162742
333,333,18.08663535415469,17.99797199556242,25.917957186503227,16.693476138056088,19.10240063445044,19.228073725907187,19.28737349590088,21.013514012486308,14.84154516197174,-4.490347725116251,17.610213119350792,18.126076744361576,26.804074653336716,18.0527133808568,30.0193786104194,-0.8851990201914303,99,,0.8116035711087135,68.90010500116944,-2.652837733424933,12.508184249473587,-0.6798224753381525
334,334,8.471331406975612,8.334466954091097,12.24344943674316,7.817340239777771,8.977387291002582,9.343206956395052,9.126917220871674,9.955447667581776,6.678887954192156,-2.038589147438,8.315040903779646,8.19718364510891,12.707878902697072,8.65132581028145,14.13673837938453,-0.4129676757971649,1,animal,0.8110505949442086,32.39023794196267,1.6094799448411496,31.1507551062231,12.55704745493307
335,335,9.341126255084031,9.245883848140563,13.357197002414416,8.684714915305404,10.18709516254562,9.8991165502324,9.935032858173557,10.943712591319445,8.013181278464224,-2.515874918839056,9.250258650172864,9.904929272635416,13.752366264669815,9.61836493028346,15.61350113147708,-0.7123064867682795,10,food,0.8214570098636211,35.91885744209872,3.387147610408608,27.80753891326424,9.736283498520073
336,336,13.335681895026886,12.932696181854704,19.13805739274949,13.328696022374537,14.674912783340982,14.87023834813619,14.641365640351758,15.7456344468522,11.151909199196565,-3.461252333544366,13.76637064510864,13.865554960785303,19.71927025760922,13.68836579839064,23.04796040607475,-0.8144906088045851,23,tool,0.7722275114577039,51.910958451421884,2.8361743564721458,13.397118644538022,-2.3063243894532324
337,337,12.683249231210883,12.455302466187556,18.14662188380921,12.086712549397468,13.77044821940993,13.47368695595695,13.567115880833198,14.75985989473294,10.818962773964442,-3.4046468200052007,12.568668970394832,13.015700866063492,18.838534914516856,12.899428004177308,21.529415879646823,-0.7761325153428054,10,food,0.8345685292813022,48.73792507215191,-2.8794781806100804,16.560625106731464,0.38737840431680226
338,338,12.538159231386487,12.43433971909339,18.036579258441986,11.605065119153045,13.371003844773034,13.278092560765202,13.396400109508397,14.634351402850422,10.780154943267837,-3.268394132234904,12.341283950250205,13.068363076606497,18.631615734325408,12.643878726851472,20.89569387756824,-0.7366524688346522,7,dessert,0.8064310314918045,48.14201782633717,-3.173473576021334,15.922350915299559,-0.3391266301793099
339,339,21.30229056235933,21.083533607254587,30.881355068568972,20.49465848508808,22.913625501435785,23.383729940193277,23.41814283046988,25.186310662392376,17.80080993342568,-5.381375083309679,21.4955106424822,22.206323593964207,31.81512290867911,21.453685914568428,36.09953029207504,-1.220488354006384,23,tool,0.8171752145436356,82.70303906700221,7.6877036108071355,21.29933875982942,10.155013359487892
340,340,18.34732358895557,18.470521699231902,26.129235225153025,16.175776522637857,19.007193564074893,19.75525089221033,19.386273097301608,21.29278344173732,14.335852606067872,-4.291967649148496,17.7049029350831,18.39165413911517,26.893236888375814,18.3786751682504,29.724493369989915,-1.1106973343451505,99,,0.7614445125052046,69.29524563106546,-2.5419296015200032,12.802452105164017,-0.3270495567381744
341,341,19.644682177897145,19.881485083077923,28.1382532845368,18.016028948709508,20.59147413580964,20.941912334823247,21.10138377520128,22.76583366481736,16.01504977718794,-4.7587419299601255,19.152965662395346,20.35682204409364,28.93079212998846,19.397158047698024,32.35896287361036,-1.2755051743349524,13,home decor,0.7868938587086856,74.97335618579767,-1.90987037126534,14.542400617504642,2.25360778197496
342,342,18.83878290900487,18.57551515380875,26.87464994426452,17.845443622373402,19.875909663505357,20.52893679627445,20.339195924761466,21.797534874148205,15.48348035367774,-4.697742416128789,18.724457849608,19.32637764913316,27.74800738251821,18.842045740898435,31.63909379798205,-1.182544622537658,99,,0.7764477047451872,72.12373865095195,-2.007335103833018,14.506180161184714,1.7954690501586068
343,343,17.59972192236318,17.375243113832568,24.996091619928418,16.680854242985177,18.52670478607839,19.38072478944044,18.95045700271997,20.264449110634413,14.627270451574592,-4.369412127744835,17.646705693041454,18.561965753324166,25.744100790611498,17.79882943562917,29.49278867350132,-1.2949566630198714,99,,0.839607838113615,67.49136318587725,-2.569429803409175,11.835974544673661,-1.5606124229459848
344,344,16.154610651720365,15.82034077824263,22.732856716268287,15.465480793188766,17.094834484313914,17.93910621725788,17.35822827061644,18.477636948838544,13.047864585315333,-3.999085376530199,16.178186737047113,16.806626400046458,23.396674194262317,16.462525313534407,27.155230880564982,-1.3570691753754154,99,,0.854164678770482,61.65902031828602,-0.5620152091073258,10.249790448580704,-4.010341192914343
345,345,18.90138185009688,18.81856386398013,26.84161902163497,17.538648963585693,19.666535178894083,20.411286976729052,20.325509040011784,21.615719884389517,15.576038581192751,-4.757683847587728,18.516250045884167,19.803858852397813,27.73367041762697,18.818804009742504,31.426178453511543,-1.5107404461052232,99,,0.8204688298742032,72.0602911198586,-2.016681327113351,14.480846384215766,1.7607411448281987
346,346,18.49327375481303,18.336813555493496,26.804667281499025,18.04997834510389,20.538208152583582,20.896468960261736,20.42976422493878,22.239521496805995,14.98185363582744,-4.606199836002092,19.096735317995684,19.54861790341463,27.376371877345445,19.279208830754847,31.49950847805359,-1.329167022897962,99,,0.7694713448725002,72.35299798826601,-1.7213287874867067,14.769142065965767,2.092375406452252
347,347,10.586814182279907,10.409122563954496,14.964829964241495,9.816028931523046,11.157148451298989,10.975542527439432,11.022412816470949,12.055154305129712,9.032504477286537,-2.7376642243980123,10.262592207418416,10.529360845867274,15.61842171302674,10.549146729157208,17.68851296483161,-0.4532026973389402,10,food,0.7561731576740959,40.02124598085117,0.13216628880449477,24.002292146594126,6.5384419981782536
348,348,18.58711955978445,18.519112474184286,26.79911086641386,17.76343857774721,20.093363087543704,20.322258046678943,20.316709431895543,21.85987498817928,15.604282039409735,-4.7680259977198345,18.711019509063725,19.858923416923904,27.52611971010539,18.886550372548733,31.36182378038176,-1.4080083894261488,10,food,0.8418518296318921,72.09663590725133,13.251953653200601,10.879837659612743,-1.8348863207698862
349,349,17.430618675834584,17.37741122365278,25.481908534014437,16.219653600137356,18.86512441556986,18.78524994712888,19.072732064347136,20.6758450262077,14.80362501801332,-4.661222990963308,17.221515041571045,18.257611836861336,26.419303918277848,17.797938089814,29.39174710626041,-1.2623529706060304,1,animal,0.7947111210088585,67.72753374901603,12.540484719667845,9.075477134941929,-4.286142095602807
350,350,15.341102746598343,15.301818313724306,22.271019510481874,14.91509622586453,17.116816706021513,17.187567957885342,16.89094866057028,18.571881065593573,12.399727979371985,-3.772730191631003,15.82835781754791,16.138002577270917,22.678922002020784,15.937401073920263,26.018504061353376,-0.935823790296824,18,musical instrument,0.7866056304710399,59.99885491151774,0.6922863063244185,10.115107182503646,-4.390830823142798
351,351,13.667271852010504,13.667546603129797,19.64354640878468,12.839429385668788,14.831270926433778,14.670185291182545,14.7697171090002,16.09042609915597,11.288374720721087,-3.5121781427495518,13.577177451189511,14.282064287897734,20.19365126097241,13.837817041445598,22.90551947866001,-0.9632063551443756,99,,0.8100305336703086,52.6536490667899,6.4902517896558205,11.734188099397862,-3.859291144775394
352,352,22.00855173048336,22.09550069266846,31.266504145072943,19.65391200264905,22.693537105565024,23.686399474297488,23.256100717267827,25.36822941676177,17.76665831493694,-5.2285963631864965,21.40561065476003,22.575856791094456,32.19240884988916,21.976324017254605,35.82977991277133,-1.349442257785604,99,,0.7990741027610002,83.33130565308622,6.065438071191343,24.330048649758005,13.278745260725422
353,353,18.760455721981582,18.66140496103281,27.05004845442937,17.47252938007285,20.15687753111856,20.11692555963062,20.171622957747093,22.10015917092168,16.00651947120458,-4.835979760178131,18.725949855873974,19.736814537573597,27.88349524361039,19.01290595501663,31.36801962327661,-1.0941604172229806,22,sports equipment,0.7635555018018375,72.39327780370925,-1.6765347038969454,12.891044928168933,0.22024215330355368
354,354,15.054700992700957,14.550645055527456,21.388528023200298,14.677843537766266,16.3697385839294,16.466940476994132,16.183761263816624,17.565424599450697,12.540425041697851,-3.896967437096832,15.246361124297923,15.343159040472134,22.09456516999272,15.404262779140833,25.67679041957284,-0.8612597441573984,16,kitchen tool,0.792525620589213,57.87350635454204,0.7158448786088805,10.6634579621157,-4.1571620620903165
355,355,19.050595407751537,19.060380405684832,26.934966858490952,16.819139221385207,19.145816074050146,20.30327057849985,20.01224506424641,21.710116867235214,14.861437692155626,-4.2944945692307295,18.161644531961866,18.56996582266632,27.840400379685114,18.51068730850449,30.739351205676783,-0.8240273066829686,19,office supply,0.7412917064393317,71.23401741152666,0.8019942431330485,12.1451061440044,-0.6973383124340362
356,356,15.974132954656325,15.728131575793649,23.04106394365751,15.481150530182823,17.421354719321773,17.114387493629454,17.324629437720088,18.745911849573176,13.799242256730595,-4.268873700622993,16.051559996394186,16.62476342738933,23.878452308362068,16.173830952943472,27.3207825135773,-0.9044254451641244,23,tool,0.8147516468169754,61.918654242370806,-2.817344905657823,9.846400487551172,-4.375289399508167
357,357,16.88594369363117,16.472223609738837,23.905708860899477,15.709119980990945,17.823496695164284,18.48952487342205,17.76256836461025,19.632212505734383,14.047664694297277,-4.111967053653936,17.0130025651542,17.160934255477077,24.699665499089978,17.25322855098543,28.117374865668012,-0.6829777846251949,99,,0.822088417664141,64.3697081867053,-1.8902466633002488,10.67181595513054,-3.186967527579238
358,358,16.576791405310626,16.54584863647284,23.678942915722875,15.234547727010993,17.68270067760811,17.9214513989297,17.38204780772852,19.498010335513605,14.009441586950992,-3.891342838371799,16.714094294830026,17.27751663087691,24.207423249199184,16.952602353295173,27.212310611536083,-0.6046463192837404,4,clothing,0.8479060701920745,63.50419742849627,-2.619500098123459,9.922826128897032,-4.064106062213687
359,359,17.84550818196767,17.73604752266205,25.90048582472225,16.966474789392855,19.662883773071822,19.61512955727564,19.49083394432306,21.366562597001337,14.531849107705824,-4.536512309048377,17.955936719010474,18.426013123678363,26.619970323561,18.44808446635875,30.129588028015466,-1.1439958908641477,99,,0.6987360291281166,69.2953238909449,-2.570198199639478,12.740060561573474,-0.3894295130637708
360,360,17.424999047416957,17.28829215149161,25.024472124860573,16.007721068936984,18.15742060325393,18.64510868104026,18.54915744669668,20.288401422625515,14.682043898034005,-4.216654020554146,17.208014008212228,17.73185753193739,25.8467796860362,17.30040873822745,28.791187091649164,-0.6293423735641757,6,container,0.7609964711895196,66.55781376485356,-2.2294927343108997,10.30578098329861,-3.2290285903348366
361,361,16.552347355993376,16.649246668300343,23.63782828457909,14.74249121115962,17.338149085440637,17.754672779166135,17.339847526002156,19.36290495119601,13.8531948515462,-3.9129712005719055,16.408484619820655,17.326718120647616,24.23021410349146,16.760100901249288,26.86566342052675,-0.7755860260130804,4,clothing,0.7505609378913191,63.10686939929548,-2.606104874555487,9.935756519227239,-4.110004604130301
362,362,20.0817304632495,19.89992930526565,28.635532343754285,18.266503950319496,20.841663031413752,21.347448133212417,21.151719878623368,23.169782948588125,16.960855980293186,-4.918497642611068,19.690594932317257,20.447991844083017,29.648337561500004,20.007251780466014,33.07445913950067,-0.8473203636437613,99,,0.7751490987771477,76.3150744833784,0.20368697458832585,17.801210615863656,5.711074429303505
363,363,19.48896924378689,19.28590420963397,27.98286903834984,18.3792825943496,20.526013925627364,21.288627942573644,21.18902931823482,22.70117064853485,16.10106126893052,-4.870369667736583,19.42278344207662,20.172419102301514,28.900942736580248,19.445804382851485,32.718706577121935,-1.1990365151309494,99,,0.843673017738979,74.92560460957388,-0.7055399461095924,16.62378271647682,4.327919717163329
364,364,16.916239300569487,16.7349611581022,24.484709541004268,15.372155219223034,17.769146021030565,18.403232767553284,18.308739085173357,19.767626298154084,14.036832544780587,-4.320420979584759,16.570361615014523,17.394301096564057,25.48269114959129,17.150594812829095,28.1470047762814,-1.1982232524656256,99,,0.7364997682391777,64.99705828451943,-2.1291839238978705,10.861085766921674,-2.9048114009877626
365,365,15.881312177992712,15.875480619601545,23.067385098432368,15.052807131083398,17.21097013434014,16.97731554716729,17.2692064605475,18.721186210113338,13.544516512792098,-4.126525018549618,15.765965590461782,16.599599061542513,23.80817863217291,16.038750961164283,26.78739139249648,-0.9664331073294328,10,food,0.7488879853209123,61.54280726718781,3.542490689418921,9.201213373603732,-5.076124931420702
366,366,12.456299721090216,12.449494707508654,17.75776275190576,11.542396411837595,13.309539688194045,13.151914211886451,13.166490225689095,14.42430602124166,10.369187819793984,-3.140971732881432,12.19924746348834,12.686977060504358,18.36753357772486,12.533462714579692,20.74343926613729,-0.6930078437854462,21,plant,0.7189443158268726,47.48453655778778,7.703757209598434,16.230861891021032,-0.12796323166965706
367,367,15.948701484753082,16.06793573556425,22.98587640416371,15.276937755812922,17.003954691448396,17.136664145632704,17.600284253588512,18.43758757887451,13.27931986090887,-4.14152201019949,15.656942815843136,17.04266606774372,23.66770530005221,15.79197539390283,26.908710168849183,-1.4729441005011965,99,,0.8066408354518112,61.611967129559396,-0.579773181393282,10.22239007497407,-4.044708326095334
368,368,19.682378390774232,19.49582979823726,27.97547118291061,18.00114449778432,20.393571097169048,21.6821276157252,21.082505110799183,22.77965891643453,15.44118475501514,-4.632690411943642,19.34669505497679,19.833663687536276,28.849725717731317,19.7433786002588,32.41316144065192,-1.2117866177847925,13,home decor,0.8174198762221571,74.72226159459836,-1.9361775855384922,14.392010908426577,2.066040663785035
369,369,13.04108113868203,12.941140238210602,18.460163865032943,11.675373451096943,13.652228567885167,13.826922931455185,13.308126298378632,15.188325509660269,11.083720617206158,-2.963410019591645,12.986284668361916,13.202994232255014,18.93150626234584,13.225964977957798,21.07824234793917,-0.1628557715573133,4,clothing,0.7697615683931623,49.32533568330551,6.190049695870465,14.972661666392474,-1.1136122163242437
370,370,17.016961156516317,16.870633645049054,24.497768801436816,16.238654869364957,18.334348618703583,18.68055720133128,18.45355795055688,20.124650062333394,14.06571783468206,-4.1549523651823925,17.243393809795798,17.648847534989223,25.12999316202758,17.228176231982296,28.592786528149077,-0.8568719062462026,12,furniture,0.7237649216596586,65.75802449641816,-2.3031455736555104,9.98887310749579,-3.6643543607401625
371,371,12.574094828155587,12.29218155724507,18.35117164758019,11.965848841856284,13.728323939693633,13.982656848279506,13.774435936101115,15.017747014637676,10.247663031486091,-3.201194075595456,12.628281626128226,12.541296749839958,19.02984952338483,13.044900101314346,21.38928581329443,-0.7107460639787382,1,animal,0.8585535977836323,48.811443781224945,-1.8326373707304509,15.989614483166477,-0.17274693847997113
372,372,12.59856881168404,12.486508267986736,18.37066758541799,11.48574823324883,13.559590176503658,13.796199662163712,13.611851254508965,14.994350334469209,10.313604510136893,-3.194659533992912,12.43696676455412,12.678538653990426,19.061024787257782,13.04000442075306,21.042511703975013,-0.7518478967312091,1,animal,0.7955357971083262,48.617627980135936,-1.9279021856439549,16.12912892955618,-0.061929125080300906
373,373,10.670096251617904,10.501811935728114,15.781767383629555,9.884400768098743,11.672721561569006,11.689202924564553,11.71848576717318,12.821262932167697,8.81711333371599,-2.843311311849856,10.511389373251683,10.562880992005184,16.502361794583326,11.12079667901053,18.13796470205677,-0.6566870406202358,1,animal,0.8288376907172994,41.541783384042894,-2.8045715440100585,22.29073557067596,5.052018272945329
374,374,15.392581231300534,15.259102172420276,21.801877417339927,13.81935891406883,16.29763950406383,16.94953986724861,16.256837234264985,17.91993686832838,12.17103167801745,-3.735174809387668,15.18005692158238,15.85983603986135,22.42262988334164,15.95959193264281,25.19345887120374,-1.2237807689023912,8,drink,0.7476930810098706,58.491072364355986,-1.1320539945428827,10.482908377532215,-4.246273977344602
375,375,16.033651272109225,15.714303952908104,22.74788630873925,14.58240340810743,16.9019169460401,17.565382767253457,16.948862452432998,18.625489204507836,13.015485935334183,-3.9783328579195736,15.86454903623714,16.357998614067057,23.549311294755405,16.50654105960346,26.49659605177517,-1.0354316289645078,10,food,0.8117311013492016,61.00482358765877,3.1099882597803923,9.327777653214397,-5.029215252308697
376,376,16.50878441978813,16.367113780782923,23.49353782472825,14.723405950732776,17.199846893170253,17.80760738462842,17.37720215747359,19.056720963593847,13.239002251890229,-4.064049588109878,15.98799217595071,16.39519109329798,24.437696415369604,16.758387292421684,27.16103613441122,-1.0011815153284132,99,,0.7824772181774303,62.45498884827099,-1.0663195971283361,10.293317709358552,-3.848961741302446
377,377,14.553235776905767,14.13917953110147,20.52968487360316,13.493058521982045,15.469574043928462,15.909800203771098,15.236507576632071,16.859912463723926,11.862334902020818,-3.5337126979851328,14.492559756655954,14.598014249281148,21.18435756285136,15.031692656086513,24.109662310714604,-0.7453105374097159,8,drink,0.8040064780098216,55.21952881139526,0.06853338678545917,11.701971213795977,-3.5116003607560256
378,378,13.686708403024252,13.712820520850672,19.84743329423239,12.74342074438862,14.820603644092918,14.554899218897653,14.77201973892952,16.13308414118213,11.70552135647958,-3.582932071882967,13.507839579136038,14.412734616957364,20.46407523891347,13.919471448438893,22.89786740413028,-0.9084328414769968,10,food,0.8453316838987571,52.9196638876562,-1.9983965637686074,13.480190005748264,-2.07390271967153
379,379,17.934271512000322,17.58642297652036,25.352765118614677,16.39183378078928,18.627809774582428,19.409123852296844,18.915765130668827,20.59413103899695,14.459673563478642,-4.33178612740782,17.526220682760954,17.89448106195833,26.26011230637165,18.05352466136199,29.5506578680334,-0.9710588097524264,99,,0.8321684644694914,67.77042101042734,-2.6682671026024005,11.925632290379765,-1.4296369934952313
380,380,17.014398441217416,16.488476134962653,23.990762125270304,15.751613031606825,17.78445611592704,18.706330965267718,17.97796497168905,19.584746467776696,13.444733669213765,-4.079884328918573,16.771335077575884,16.670389035853344,24.88043059835008,17.296543445987584,28.22975219015847,-0.8847710039424399,6,container,0.7534022509915873,64.29334719466821,-1.4465310292155618,9.942870702916592,-3.9272188928702967
381,381,16.003372113088083,15.734042397518968,22.896267650395583,14.898977284729948,16.64837201453954,17.355272735976655,17.24660214790685,18.54158028807484,12.76113434885762,-3.84127348380158,15.644076975093515,15.722627814083188,23.735280550947184,15.820114121103192,26.61990634370592,-0.7337309273155418,12,furniture,0.7506114359116121,60.84734602076121,-1.1426823552671328,9.93534151616229,-4.444967733621857
382,382,15.300145816608255,14.777236940701346,21.45548596202945,14.246740393965844,15.976323524197802,16.464456618236042,16.035207382629384,17.427202233564152,12.240444238252504,-3.747123441872804,14.911758049794138,14.780193542291505,22.2996466549464,15.370075668762505,25.441755011371068,-0.7262455443146884,9,electronic device,0.7451633780466534,57.48811600118021,-1.578923349530986,10.903602613104109,-3.974078834712282
383,383,19.57728953781385,19.31619521404357,28.138855899634457,18.68669313880797,20.865219003256357,21.313218429026453,21.24100632673618,22.84331162170117,16.34226685780535,-4.921303118670224,19.58100053194748,20.157412754281864,29.057720301252274,19.64661232886037,33.041045507501735,-1.120686202382605,6,container,0.833953792934735,75.4013139460886,-0.2719124364731744,15.087255583667138,2.8618267603248118
384,384,15.069811868322317,15.108534699601892,21.71914920722627,14.21640614276687,16.135364122730543,16.255569234124746,16.51611213432764,17.652312845073446,12.240701871580836,-3.854210168225589,14.85135459218174,15.679720778040291,22.38686432713348,15.013112372452769,25.32357737494626,-1.148771736324991,23,tool,0.7494122070341583,58.05559491867598,-1.5226780857972901,10.562112708052313,-4.231547033930717
385,385,17.28661917494126,17.406445004829553,24.90326866344151,15.888204372573194,18.53367209077981,19.03491077558329,18.81723721323571,20.4364138605564,13.533196272311368,-4.249310331049914,17.072259954181753,17.913770797155404,25.5560198689786,17.633163920699772,28.662149868416613,-1.39328284746578,99,,0.8173749947034122,66.47299490041178,-2.4628054582931265,11.408935477344066,-2.1384324935399714
386,386,10.5790674301518,10.49699641225253,15.212036607772395,9.92425995583271,11.465043109815818,11.08891305930912,11.341460256201431,12.35105357954738,9.201608423359366,-2.864155837153966,10.408443311689926,11.168952645467904,15.720182895158151,10.706788152369963,17.767612346924853,-0.739252119931609,10,food,0.7858503541815481,40.751286829685796,-0.3519523102697253,23.347614311468803,5.9918550111108715
387,387,17.46991832813838,17.19583640071902,24.77432706034489,16.266840530601264,18.99796138613027,19.17142968362588,18.3897552833541,20.614986989198663,14.390653603403182,-4.270353419148247,17.748383804753004,18.19709084236212,25.361283690811145,18.24651738953077,28.980567401982785,-0.9762483020576344,99,,0.795378561455561,66.97432374912067,-2.4725406485602965,11.609340237639257,-1.863800297205609
388,388,18.55437986870317,18.48730113120097,26.719285741381256,17.594594563969583,19.51986335254503,20.38315822112865,20.2483904448377,21.6958957543842,15.1275407504143,-4.418886154750426,18.550219253184423,19.100989887235983,27.453823896355598,18.400244931275296,31.028915515606236,-0.987225818016656,99,,0.7481209976831654,71.39875808400933,-2.2206290172977514,14.026820120576199,1.2087673937604446
389,389,20.47705717646908,20.493366176818,28.96760551213083,18.397150486701165,20.823414315163177,22.062343582201525,21.65213232450696,23.460247754524943,16.383206517393273,-4.724871842017326,19.93225314641816,20.75614322285466,29.84052432457517,20.11023649031061,33.31724945129477,-1.057518513305678,99,,0.7976111142793981,77.23812432112238,0.853521524538774,18.612209779722082,6.658741616493449
390,390,17.130810696728354,16.88987715961032,24.449941535366705,15.995324466274768,18.311882482581176,18.853710517378275,18.41073293033825,20.07744290799879,13.498967344288609,-4.1989064872426685,16.984668856855794,17.180626813753797,25.22692759689319,17.505364351899587,28.60045291188109,-1.0427725583569996,99,,0.7636276183017309,65.46092450816346,-2.2341664106351535,11.025298938332037,-2.67191756112007
391,391,15.71055409567946,15.745703617497782,22.39451865750785,14.159604293971348,16.470356672167192,16.80947150376313,16.703467477212076,18.223221410686488,12.436038826673098,-3.8175717490229,15.177888570631676,15.773592387708415,23.07837161780644,15.719819970145114,25.7558495781388,-1.0035368936993454,99,,0.8020425622890024,59.52054122837931,0.7279775662547454,10.14359249270571,-4.43316529204033
392,392,17.207930506234383,17.082567864193223,25.10040777330059,16.44395879041973,19.18113288307082,19.14006221390088,18.9995716762325,20.762561570881545,13.945803708206306,-4.484646134301666,17.424610135530145,17.96508606739836,25.80756866012671,18.000319688201166,29.260301969769767,-1.3456085708828314,99,,0.7022710712335902,67.24341025909708,-2.532510096997707,11.732815650536716,-1.7004835670575709
393,393,15.744108642298809,15.596409538237989,22.87529638864448,15.437247749133096,17.071119069927306,16.908295251786335,17.339436621006797,18.461236109358996,13.58005770179942,-4.155891115541263,15.770093353476348,16.44023146688327,23.668478821457693,15.706063937147544,27.00043411020149,-0.9235027023020854,99,,0.6960579435808095,61.256533928506826,-0.3633041412547815,10.188384757956158,-4.131339569718655
394,394,14.305382230008645,14.103503305083144,20.513813654283098,13.34568616474217,15.179508092845882,15.258688317018557,15.358175557097534,16.66189508380416,11.35134190830547,-3.5355295876991257,13.824060134282204,13.80617097756771,21.272012634414555,14.252057177630046,23.86444728268897,-0.6384129981716422,9,electronic device,0.7935265369681138,54.35789220672672,0.3423602694505412,12.226038381442331,-3.115108289030756
395,395,14.709417395014588,14.486181376073857,21.087422810369915,13.618006817049212,15.51636637001789,15.594111428424254,15.722233458977255,17.080242496345743,11.813774609319758,-3.663965593949323,14.166808163130254,14.184615770296688,21.912513025139027,14.612813880551611,24.496403307349063,-0.6196874478073144,9,electronic device,0.8187803239231819,55.80549333362525,-0.627142325896644,11.573231402207872,-3.5535814625530104
396,396,19.977689827141344,20.520020454028938,28.73600022615308,17.75977061829704,20.83864543110837,21.22862677606035,21.46569685605172,23.27079566479672,16.087761952064035,-4.800884568469384,19.24442652269113,21.01341749666746,29.44976986248511,19.78033686180516,32.41722358896688,-1.5139413261482122,99,,0.7978230052074352,76.22087307004867,0.20522348220016084,17.78097481170616,5.676891034855242
397,397,19.681290822886304,19.457622608871016,27.335661564930863,16.65548796851375,19.5171673902862,21.39881362000016,19.877236571321728,22.31254212903888,15.611163461848555,-4.287631250356868,19.10272904127999,19.586902112778656,28.25601134345461,19.90366208057566,31.12633165892716,-0.7374915859041828,99,,0.8584613430268919,73.01667241511053,-1.3793540097985382,15.328108561919407,2.7496064471180226
398,398,18.411423249176988,18.388394455223025,26.564255454910956,17.12951426420071,19.325204376666587,19.59779442722211,20.13960362701412,21.29693757957375,15.041379635771229,-4.769303550191984,17.76902520522904,18.77980018310572,27.559157854903543,18.05209226762596,30.848144012842187,-1.3958567383463794,6,container,0.8051929563039054,70.49687531848294,-2.330774259568412,11.922514571358196,-1.029072153082769
399,399,18.109631505159204,17.529691048419338,25.386727053116697,16.732908574050786,18.61703431825793,19.5533266015954,19.04439356228844,20.540509264928343,14.41293216398369,-4.395585113914296,17.59962950381281,17.5266421273343,26.43527888662577,18.002376625818727,30.038493464860583,-0.8720631498241038,6,container,0.7652923962742285,67.94159882677577,-2.4836141892337578,10.816086098460376,-2.513838363453843
400,400,11.76729430404751,11.618784512283565,16.77461479551793,10.919803552911194,12.690612244915885,12.684483486169608,12.555067118928148,13.739256953032363,9.773706965560308,-3.077004623925484,11.643371077493928,12.278924820844798,17.292375930841743,12.098599761274494,19.644001707038345,-0.9058451515657132,7,dessert,0.8195325940277728,45.08657769047374,-2.7687399318834096,18.208983728604938,1.4951135313957558
401,401,16.605602351647995,16.771088418073195,23.91013990943939,15.340571878368465,17.600633155656944,17.649258444623594,17.995994511839065,19.37279050852644,13.477026262787998,-4.144249838625839,16.138501443043086,17.088895232275394,24.614417153101037,16.41076690249973,27.544539829313692,-1.1389804447256169,99,,0.8073834839913203,63.57388582115502,-1.616504133762457,10.480070848846808,-3.4965431833906067
402,402,13.643842450256274,13.375090011362577,19.57808657737512,13.059653833008692,14.60746666842639,14.505111168162047,14.72703890572886,15.865951074232608,11.45931849802322,-3.540825174603866,13.456288610131615,13.725267978851438,20.30256165412265,13.571620097823065,23.09782440698721,-0.680953674366833,99,,0.7448465311615103,52.314396012049514,6.820341236291263,11.892854992306445,-3.7508545238463498
403,403,20.055041659028355,19.60737008760892,28.42873566960785,18.348894705243293,20.87191308366533,21.618819938106093,21.377682791323736,22.949908088561816,16.21927607688413,-5.139571441855911,19.45029633579584,20.107175034734148,29.611975330690395,20.12524714397584,33.37124498527373,-1.4742407232841148,99,,0.7644638872165564,75.9421098596809,-0.06385543657230208,17.4777483560818,5.332390516465621
404,404,19.35648141897332,19.242688408303344,27.98912093058918,18.223816491600605,20.553995416885407,20.78212915440041,21.10814845864865,22.57932244587771,16.068472458588154,-4.957970874078693,19.006166470267463,19.80038036939051,28.973178128690854,19.237706146020475,32.56268508515617,-1.2348924415098468,6,container,0.7825232557921594,74.46951001066891,-0.8426622608361773,14.383320250465015,2.0199272600983083
405,405,15.80302044038469,15.553059325176832,22.689407232585943,14.964243749725265,16.787758499362944,16.796220351459787,17.08130025121745,18.332674088559635,12.701534837944063,-3.982117435868007,15.293397203300849,15.327130593514454,23.55591643222056,15.607556582140017,26.58311252645053,-0.7647793823625111,9,electronic device,0.7902783683153568,60.19175099412875,-2.380383827722066,10.206143477950187,-4.271234069483867
406,406,16.394549321955687,16.53079448233235,23.85952080492512,14.793511442508242,17.51428183642783,17.63422072267042,17.784170869107758,19.3336440523246,13.452925634140332,-4.220878089004966,15.945552517079973,16.983779367165205,24.73161351364605,16.683464504088587,27.21192635026964,-1.2901188169263444,1,animal,0.7109396866377976,63.17526886154526,8.202584176448251,8.731757632496704,-5.303876172789405
407,407,15.004233023616978,14.59969588030756,21.32463812231036,14.63062822550938,16.408815103162468,16.135343180344712,16.01312588307495,17.486754187134224,12.293084594130027,-3.782502262987989,14.978077624772144,14.843840267393748,21.978108543477227,15.248887981922776,25.454088005074382,-0.6909795427960724,99,,0.7513022639260811,57.376177961808985,2.4152034160909945,10.434442505848875,-4.4598126414048735
408,408,9.820595392445949,9.62483792860957,13.99426496391523,9.12716531746164,10.745037685910368,10.417697619048695,10.328126850768395,11.502144619320134,8.425648415540257,-2.629188393984392,9.745616992054424,10.208304896028109,14.44134757723571,10.211858359204156,16.420656603710565,-0.6407166283498887,10,food,0.7724683089012357,37.64071244484539,1.8611368723595696,26.186635496017438,8.370320291505067
409,409,20.86039345980585,20.54478131198904,29.69262022325473,19.357612221655533,21.727906035011248,22.832179601412054,22.33947776061312,24.09581500363988,16.952712271015855,-5.06258505806808,20.6341121142492,21.220059046950222,30.697114758747546,20.93443013267302,34.658073351207506,-1.2044684152625882,99,,0.8216532463048144,79.48634070361379,2.618617162253887,20.624353457797113,9.003759291673127
410,410,15.337975995608913,15.313055944187656,22.137274760462585,14.190609673475242,15.525437971901011,16.24438633111242,16.711575140267303,17.580342020167613,12.56402054267064,-3.707509507826253,14.697705152732372,15.198460493851162,23.01394268836329,14.54937665529978,25.454800941262903,-0.6494604693933105,19,office supply,0.7996000476488282,58.33264559897691,0.07819790649181346,10.583879941540872,-4.168759297224344
411,411,15.706685938796316,15.176945399132729,22.37294301767436,15.329914686292506,17.0053617464823,17.509434499051228,17.01216426337086,18.408830012038344,12.99940748348084,-4.001374344614732,16.07782239873384,16.179333178557922,23.08958342897566,16.143601014825123,26.811771656812976,-0.9296375502652696,16,kitchen tool,0.7892602832910921,60.622170433015945,-0.6741207752734697,10.013456875643746,-4.400192180098086
412,412,11.230515136530212,11.152229358479223,16.08587575135319,10.49723897424975,12.199671613849429,11.752276320088908,11.943750916199251,13.077173308223678,9.678577770093163,-3.0255711165534422,11.020215443208803,11.737235576406537,16.640403309371333,11.426648422026386,18.842046386923386,-0.7689247665604624,10,food,0.8312369600748368,43.11609405384324,-1.622836778258078,21.248169322800806,4.242546619265866
413,413,9.694343690056623,9.528858187359075,13.879070450754089,9.1522468085128,10.573722392885946,10.238346261345496,10.324839467617595,11.332920334590987,8.411395953526007,-2.6113527672787127,9.616976666955996,10.156724437044945,14.325810905420646,9.924045972925596,16.309369023977656,-0.6326996704269322,10,food,0.8001930759197402,37.299883158943445,2.1486298794313257,26.507877639179547,8.641098783742802
414,414,19.19391029382769,19.13884549965741,27.44720088577087,17.618230851682657,20.00260527592155,20.26913583482764,20.275306082365255,22.202238049204464,16.427005744267696,-4.672468223917229,18.885271694710585,19.769796109520566,28.32485803065108,19.00008545250734,31.627340716806973,-0.7237067289491157,99,,0.8014486975178978,73.1771574697581,-1.538278686599722,15.30072388582827,2.7459834080437346
415,415,15.883777522225497,15.630864954112592,22.81534456430636,15.023369250681352,16.984763210312174,17.053432678903985,17.091465823707246,18.51976946592862,13.52285028084953,-4.120581161632485,15.774846352927865,16.40679783631967,23.62928482501226,16.042451590893098,26.75615946812911,-0.8979894712219973,10,food,0.7615444064462954,61.10221169653153,3.1846223245098244,9.307274362138637,-5.03529912658659
416,416,14.21222183607668,14.218573190525968,20.33234332128561,13.027357800178248,15.339894328255696,15.084737175129494,15.09614766536402,16.594826946868768,11.805690917428953,-3.6975187162926426,13.917441097789515,14.742510830690744,20.97723729846001,14.520613539046366,23.624668428676323,-1.0471124088938195,13,home decor,0.7567532584494495,54.38328951370126,7.306243976627435,11.922374225407774,-3.4150120850064916
417,417,19.083651181004413,19.46323424731128,26.65988627970367,16.40080701113398,19.141693144193653,20.484684017208476,19.68716157730476,21.721265604807208,14.697043677446556,-4.016967442241952,18.38246704154408,19.42201090943298,27.219448845898437,18.765965031201983,30.090450074977053,-1.0447210383718937,5,clothing accessory,0.7759747182123814,71.10788114581153,-2.3222200918917197,12.159466181793654,-0.7016541829227574
418,418,17.698280260714252,17.81496996461314,25.06125454813357,15.515500600722902,18.51662292530119,18.972032670664376,18.17635401952493,20.659094097820542,14.645286778424,-4.025692473469798,17.54033652758343,18.345568439288108,25.6109501216166,18.09870731487876,28.38451548469425,-0.6823148992797654,4,clothing,0.851196399639917,67.00907071248736,-2.168637680481729,10.530351805686559,-2.9376440461672946
419,419,15.399701473250952,15.63918398730409,21.96383307136808,13.120088523714596,16.247937114003282,16.4292412497986,15.832011342537756,18.136939597171686,13.031729712711265,-3.7360508826039873,15.231818128802876,16.510168729659277,22.48531810092042,16.00616344738065,24.643758140871757,-0.8969016327147045,4,clothing,0.8165460975542583,58.68360671865958,-1.0780624103109702,10.693270386112577,-4.007405068540528
420,420,21.675167985888187,21.421614167544067,31.25653994681542,20.308432407994584,23.256985679666816,23.21784538150672,23.369680009684902,25.414402644380072,18.554040585603385,-5.69204761457837,21.54777229970917,22.62430792214215,32.339933051622154,21.932853709182517,36.44729965905043,-1.3366452440551988,12,furniture,0.7861604610245403,83.59892707196866,8.64120287486499,22.14016695982997,11.128487964653772
421,421,16.07419867197686,16.193716311089585,22.734323049166864,14.176801961765124,16.90243286724855,17.273899703730105,16.909101155686535,18.60494990706948,12.828904085634422,-3.962171362623895,15.609929132266403,16.823654999554826,23.35254847538462,16.3968281194677,26.091791207944336,-1.3848822830684562,10,food,0.8194773348684952,60.884444132472886,3.044528583031372,9.440207767267358,-4.934608685281312
422,422,16.09204574602129,15.853389153177792,23.11659299994902,14.881594464295263,16.876924837592437,17.24019067160228,17.165166762211523,18.769073818817265,13.644894011452331,-3.997520559781315,15.945797512692042,16.365798214489793,23.929333398474057,16.057168979083006,26.764543919076477,-0.6172278303328715,12,furniture,0.7857332601410429,61.57907572897634,-1.6008394700496575,9.800979776256177,-4.4709885706368215
423,423,8.974115858671162,8.835943198000969,12.959468395752577,8.186015328480408,9.46720094824072,9.915830089784247,9.623701900901214,10.5640577865601,7.125514817657121,-2.147940940491235,8.839626802146675,8.77435369848607,13.435715201936352,9.193175764242584,14.892250543816967,-0.4214757471688142,1,animal,0.8062897158468404,34.30404044097735,0.08564592669870308,29.249306232593817,10.93895880075469
424,424,15.991095394355046,15.646857951457546,22.839253502333847,14.89882362068892,16.803249677137146,17.01617167662645,17.008965603895092,18.49133156112793,13.405997477744174,-4.041434336759716,15.68554417081631,15.953836710573402,23.722118585568456,15.929415423906534,26.71473263993925,-0.6782660149497688,12,furniture,0.7788555279871887,60.882126813450526,-1.2096620243521228,9.890875338195734,-4.484284219781554
425,425,15.446555245167334,15.194320685207508,22.155596105029453,14.369246058180623,16.781911238633782,16.58945872117436,16.311653017250396,18.2254776523694,13.38375386578944,-4.008423597423215,15.57625656079217,16.14455052830343,22.865761111076967,15.999420747890996,25.85144673763147,-0.7517981245373261,4,clothing,0.8080721100526712,59.524713397425145,-1.5088962987728873,10.301537896823465,-4.274602150858787
426,426,11.31595555677364,11.150972873255268,16.3970535383858,10.5333499630318,12.238911515564114,12.31945771066408,12.185918405651224,13.403946071122547,9.33200280850699,-2.8676767637439857,11.229811080021523,11.38028306867478,16.966675121463556,11.654593798583951,18.980806520367057,-0.6111450922533501,1,animal,0.8226635077766337,43.5973583389805,-2.939156562015408,20.38122766133505,3.446861607073263
427,427,8.103652535494891,7.991642788386276,11.741568407480704,7.425419825188949,8.566857534053353,8.943950469659379,8.704345955591691,9.557188731522098,6.456464361407627,-1.9260803328736311,7.982421806716332,7.880738025501109,12.173071558710191,8.293114559375264,13.468559223489471,-0.3387546642285303,1,animal,0.7802145706414001,31.023089763872818,2.8845774138748634,32.5094717838578,13.713342300657267
428,428,10.865451514534184,10.627950300839442,16.230585138799892,10.167829090842918,12.070265531038192,11.956974171618416,12.024666198857076,13.229451711120385,9.210919528758929,-2.975875713430855,10.828509581130792,10.856016226331718,16.97533104434956,11.465888216185393,18.62508363395458,-0.6356614255504481,1,animal,0.7791464069657993,42.6974002092503,-2.8929816062319897,21.24197824550835,4.174363157833625
429,429,12.861574714579248,12.815497317897812,18.38011898637455,11.85864790406916,13.603046812125443,13.751452211675945,13.762467325680936,14.942538195082818,10.601785233313429,-3.2223545700245664,12.595317347505611,13.278833948064758,18.927926845853317,12.888288742683294,21.290940728586293,-0.8406186599185541,10,food,0.8378458494425597,49.10153703000993,-2.8895608878202346,16.26225858234132,0.14284876446760464
430,430,14.783294728397744,14.845564948736376,21.10922599804611,13.37921082217443,15.876966262024716,15.849306958496028,15.769427285284332,17.244506306637803,12.052962585408714,-3.851415358679696,14.42912268102583,15.56034466061814,21.756106918682885,15.184791307018326,24.44082392752953,-1.3455231449903182,10,food,0.7783509954137176,56.53870472923005,-0.03759761128008243,11.245475502238415,-3.772777078966852
431,431,15.15873252783185,14.901938172718364,22.565943579458647,15.39017973101844,17.36510493858477,16.576313898098785,17.22807709231952,18.4383861750884,13.621807697640648,-4.398770788254647,15.68023903721386,16.520905605414402,23.30823856267227,15.70851859990062,26.750112133421943,-1.1902668801060454,99,,0.7252877803744301,60.64670794475093,0.20011945670869657,10.313711935247426,-4.096304062896465
432,432,15.13261402635222,14.776802346805017,21.871957304489264,14.767952681644363,16.65418308393338,16.571286211503054,16.5668454468745,17.904789506746276,12.720399002731758,-4.021779555259727,15.32062643965477,15.620610265097197,22.61997067627478,15.527603986548392,25.980444287250503,-0.9833915995976568,23,tool,0.7393284744413671,58.81502723262881,-1.9546069928484613,10.377241151192099,-4.303976002148387
433,433,15.049494045400074,14.810096210641763,21.811605925048664,14.565650618001367,15.859486301334782,16.271886198619903,16.647858678197128,17.439780193970932,12.50389193888778,-3.858246901557441,14.81644747059618,15.203569810142334,22.643622378751704,14.70448562321245,25.637801453991607,-0.9034131865123156,6,container,0.7474236903693273,58.01696249854588,2.811900900485016,10.521920321559882,-4.277459389464687
434,434,12.574549410911452,12.309896409551738,18.616980262770184,11.788100124324728,13.93744436983703,13.770510332211163,13.794139926042778,15.198278593804,10.648346896276026,-3.411046824292469,12.539885653900116,12.633689053747728,19.42146551762012,13.22881156296662,21.477185293253324,-0.7421747588094076,1,animal,0.7963402506878043,49.18764139766738,-1.6935061758169052,15.708344637299758,-0.3983164499564271
435,435,16.70020611308982,17.071697054506416,23.941160789635106,14.684419733053094,17.70385550044577,18.150157747821872,17.916450321207634,19.636025397476185,13.103885854337763,-4.118951121470423,16.265339817337395,17.7121324732568,24.50381760002538,17.068222019907264,27.15673507897938,-1.600556274812653,24,toy,0.849686746220852,63.843355759936586,0.67151306745623,9.83442272319283,-4.102293220799909
436,436,20.97116326571812,20.81429535400289,29.0711898234534,17.97757159721188,20.686725557683523,22.805924837074954,21.42073234771993,23.62118160714211,16.13604254402887,-4.486254429487296,20.183088216141236,20.64208807764152,29.994063478239656,20.83056423594325,33.238035053688904,-0.9547661475326288,99,,0.7999244559404799,77.58740617368136,1.3161774220323377,19.03795422079476,7.136201207087712
437,437,14.857489725378215,14.458520817379364,20.67432579088325,13.119276695923954,14.957480025339532,15.65028465175759,15.215837991781322,16.67692419926442,12.065391121224836,-3.5775432979520927,14.181164462324144,14.425031442140076,21.54462940669943,14.688906348614896,24.09912098190092,-0.6327155678791697,10,food,0.8045566647068275,55.13045103090313,-0.8047327411805387,12.088619242740352,-3.1381413100063416
438,438,17.79582683761694,17.6606472764479,25.250089281913528,16.00607936785208,18.521496523233026,18.839635871449584,18.61646513503468,20.535558559128024,14.309427585507551,-4.260469149379057,17.15875727787344,17.438468744995944,26.11101613536423,17.75387041496699,29.088199079293872,-0.7154949825449994,99,,0.8555920319675284,67.02112186117553,-2.5524162121971345,11.625776758803237,-1.8404347834686856
439,439,12.758135395194572,12.44509548362064,18.031073830165766,11.863697735273554,13.668175117551735,14.057062863243177,13.557295930223194,14.83807518051641,10.237931117726538,-3.1899326481330545,12.704177080191675,13.07927429569677,18.58473438077081,13.226599610490927,21.219048222515635,-0.957131460696778,7,dessert,0.8156504006241925,48.628725363005294,-3.19559757038222,15.582394329997694,-0.6070206309304176
440,440,9.91663121728213,9.683520316501427,14.149175640914413,9.345734524291592,10.926971023019677,10.645641550644408,10.502810759332512,11.678082646160636,8.49132844583854,-2.6493651889584986,9.955381952729876,10.382435601633452,14.573860791320888,10.36937351316661,16.669443323183756,-0.6560468574095012,7,dessert,0.7782317562697346,38.17709922619131,1.6485913621389656,24.089021608429256,6.352124565483187
441,441,17.643538927569207,17.46933151073355,25.24402962270546,15.91907748470742,18.13510510604823,18.78779377211593,18.784187494695644,20.356983879840843,14.89297747520106,-4.430218507975685,17.237907163191664,18.113943417639963,26.21939317961695,17.4195747230647,29.105472984598872,-0.9152566798424788,12,furniture,0.7829375762742492,67.15958885925777,-2.203647077119257,10.359773603099026,-3.0859363257705255
442,442,9.549189761610982,9.322703546389471,13.60714293402831,8.954732280195145,10.470539417675036,10.120190090651896,10.023937899081629,11.1896905530552,8.315082471465132,-2.5539628062016697,9.542211501225609,9.94353704674188,14.038821945675464,9.927927031880689,16.014997581736306,-0.5497638274516107,10,food,0.8344890765876228,36.658694983306695,2.7155279637589675,27.112877196073306,9.151163141078982
443,443,17.572077501752105,17.570381790090806,25.40580702501025,16.67827375517073,18.6277967487194,19.40650945275648,19.234424427797872,20.683555834291383,14.462272890362764,-4.192282619994313,17.708471945004565,18.398879082905207,26.038423676140987,17.576640913583493,29.39511922979381,-0.9978734653695864,99,,0.8114257864172036,67.96570358854447,-2.6619820696978067,12.02972180100864,-1.2966336768604094
444,444,14.4075389052378,13.991203015019323,20.75022857434446,14.567983990479297,16.276040202633435,15.952382379862508,15.966493888759274,17.11181020180382,12.131104741437351,-3.989002888308298,14.840611792410405,15.261067962367015,21.36902011263703,14.996291587490337,25.160189309827803,-1.2337593815517904,27,weapon,0.8054995309568481,56.4456806752405,-1.6308028536439867,11.27549265267371,-3.756533197385716
445,445,10.3204198095549,10.233248095275131,14.814142324223042,9.64103440995961,11.24701587730542,10.985516292139696,11.03246270770598,12.121789644246745,8.811400423856378,-2.7345130239584847,10.239432904984868,10.88555112126258,15.243456730552444,10.58926835068943,17.268376470770097,-0.7417716335955385,10,food,0.8180871356226613,39.75287740881221,0.27813386562300124,24.239831005059365,6.736245838267337
446,446,12.400428209468592,12.202082710908062,18.35470799640656,11.730464039710023,13.710410179876936,13.640523478281509,13.646679623805603,14.984388088989888,10.484327216033918,-3.282843204205636,12.44012340816613,12.550826965048756,19.07548618650057,12.969172779475358,21.169239894246456,-0.6862866633651509,1,animal,0.775565404398157,48.5676414039762,-1.940229851900698,16.179224020380175,-0.019235115192042684
447,447,15.053454841587996,14.719250476284838,21.98189020255184,15.295413502923228,16.88652937895794,16.75675170536242,16.908232538260968,18.015808704579747,12.928089877757404,-4.09937126674123,15.60232358437513,16.079266705114225,22.655182553850427,15.508674505671245,26.35649271581353,-1.1013330688443828,23,tool,0.7991368726124825,59.46419317208697,-2.1610521125695925,10.327893633484491,-4.257207121659409
448,448,15.618986085925265,15.848209641166145,22.38203289991832,14.3254810101107,17.040196570677594,17.287162630031638,16.7105653828096,18.66889837727255,12.325037548250656,-3.62706341895064,15.784887452014043,16.5357309309689,22.67462496171328,16.226831786761288,25.60029444595955,-1.1000384128805538,4,clothing,0.7926023777489953,60.167035469139634,-1.6347585952523023,10.243679124271994,-4.237357837646243
449,449,16.646902140987148,16.570698916792068,24.43240826951839,16.16588049263831,18.29553683879868,18.44806419752953,18.446361344869544,20.02186440419966,14.350670525845366,-4.262766736180737,17.137789405008398,17.90241489484058,25.059766522503896,17.07958294069355,28.38542285702863,-0.987707940919914,99,,0.8510406087638751,65.5171109641079,-2.227145260051824,11.042410356174027,-2.646487099649084
450,450,14.84552059123054,14.699254791004048,22.128410420504125,14.00343994877768,16.809957401100082,16.056498337976034,16.502282145788946,18.14672989044983,12.91127606952123,-4.276782208735157,14.894456239867283,15.660408899200618,22.9963046320669,15.634315868909647,25.524730367277854,-1.1861190402066453,26,vehicle,0.7832904809436293,58.695404894419546,-2.4818557946288955,10.578725204112079,-4.120203396477356
451,451,16.579259619630005,16.35318851785854,23.919061190301505,15.584251980448892,17.62611119855419,17.68390534035705,17.8999230505272,19.31138569882564,14.196954198098885,-4.31968271302926,16.341002168096335,17.096665908097393,24.810043380173678,16.614290471580844,27.876655874166723,-0.9449737453052418,10,food,0.7607678856154467,63.78951282104626,5.478352532226868,8.868763048024709,-5.075924955251944
452,452,18.75190871884122,18.42450465251564,27.19840353901177,17.842977374179622,20.17158163476352,20.459426809914863,20.41852749844997,22.179700150319132,16.45047042695864,-4.959935272533211,19.080791416403997,20.00143306446085,28.1391888974515,19.09502708046461,31.84042821099458,-1.0549637593938948,17,medical equipment,0.8131501730350135,73.03919822005713,-2.0936712846567254,13.180006554265704,0.6048396409996197
453,453,18.89378856524257,18.68490957096285,26.71500447208116,17.11928705065775,19.74573362139897,21.227066049769423,20.183412015013527,21.987244160844128,14.35581565591478,-4.384557635470405,18.71977136784873,19.201319844134296,27.488032748780597,19.402739306107275,30.965620579212324,-1.4142117133265797,13,home decor,0.8015676199123599,71.72294024786525,-2.1863004069137677,12.4994952008405,-0.270558670743549
454,454,18.63930812492869,18.99207112498057,26.48673366625661,16.280934318433655,18.754018391217965,19.91689272709193,19.837583185684995,21.272754508580448,14.680612845052496,-4.297484110880513,17.753864623538462,19.19318827595766,27.31388620368565,18.159708144233267,29.96179213062757,-1.3484368096806802,99,,0.7989905547131568,70.2339618442347,-2.3140917944991966,13.43325103073981,0.4427369771737464
455,455,19.50837086030156,19.36753909471024,27.66645093596683,17.631425758546563,20.070489244636786,21.431938785519076,20.76528515376149,22.45024197984656,15.487584239698888,-4.535630255500005,19.14348199155865,19.927846003847485,28.554456804720186,19.591250068243244,31.88755560864625,-1.2755313707784013,99,,0.6875635712525958,73.95084121833096,-1.195016276135151,15.884730879313723,3.444543077102594
456,456,18.103397648929647,18.171354323567616,26.28790407766636,17.182525870978147,19.6093918495977,19.739135015287133,19.81697715680375,21.507775045773563,14.82164272112803,-4.453003107341805,18.12136672120676,18.784371109745884,26.955257738340237,18.26175390642825,30.381980954033843,-1.069674324381048,13,home decor,0.7498329809305421,70.1499513229143,-2.1969564202698875,11.493960549545262,-1.5089922168816035
457,457,12.124713847328357,11.872460575013308,17.289350438208004,11.50699455052543,13.196771695036182,12.801698144216031,12.85239759360875,14.073797119107162,10.344897786269184,-3.251458466399124,11.972256216280275,12.32237968779252,17.95541667719025,12.378384175039972,20.529554699092685,-0.7135493908457813,10,food,0.8129841195389977,46.4300824513949,-2.6833443900391805,18.430188299737107,1.9152392577066628
458,458,20.218076926338156,20.273214503003636,28.93194817256644,18.590149315857616,21.811581632831405,22.3072675677947,21.587538725421314,23.988579515839696,16.164442851066518,-4.796241137007584,20.33840379250097,21.07845406793056,29.54414819150452,20.89799616214589,33.32055159363221,-1.2483919202115903,5,clothing accessory,0.8202327571730056,77.66826843324264,0.023618117956271334,16.6382233346756,4.748442897880945
459,459,15.169683694987857,15.103663102375304,21.49438764962865,13.645078139077448,15.977089631174117,16.29582213888675,15.6241299563676,17.740760844345157,12.723085921510611,-3.4719045040242427,15.197469609923989,15.566867415356352,21.998859087383167,15.484339063164922,24.610429967386867,-0.3831361143785405,4,clothing,0.8626840993109967,57.59580996855745,-0.5147378939609233,10.856112180494947,-4.005623950996869
460,460,18.39093287896624,17.810085398704686,25.45891956170096,16.270352538622266,18.0999757192039,19.83495469537757,18.973975274568133,20.447115232733367,14.25270725453314,-4.198104559417828,17.519825860912935,17.45734593910112,26.580902984485128,18.01418365117743,29.77597548657905,-0.8227575762320102,6,container,0.734692367253343,67.8708235826858,-2.3482062465334375,10.912346346425325,-2.42805719507383
461,461,11.98210821660062,11.892838707775338,17.13911209323996,11.199883710225713,13.116873184815429,12.972287528386648,12.788981769913068,14.140532962756636,9.942606342121795,-3.0519985061604724,11.98949353687609,12.59495365134762,17.552291823320562,12.42593200282631,19.96015697045951,-0.8650868745287342,7,dessert,0.7910751661663948,46.11590070806113,-3.009923627907064,17.41961099963474,0.8581437783332575
462,462,14.95383412533904,14.940306407542623,21.768605274981205,14.16003677838475,15.857637676495738,15.790881772306324,16.399061417029955,17.4606555813232,12.861244514515674,-3.916416531442961,14.660232966147278,15.542872696527615,22.565782157852425,14.652225295168195,25.23894286940243,-0.8615217365734024,99,,0.7520901314586997,57.81260097838008,2.035069132612243,10.343570292414348,-4.48606746521185
463,463,18.82607149425775,18.472722356253254,26.68119972612507,17.740544366938778,19.964953051898664,20.83236187083819,20.13482900337373,21.935788990466857,15.125875196361662,-4.532158986611312,18.94625949136869,19.19827981388193,27.45558003997612,19.143687342317,31.436067631336723,-1.045703051438126,9,electronic device,0.8190761764368037,71.91751343674244,2.622317675423382,12.439495011340806,-0.30175008737985287
464,464,9.115406570375448,8.890743038556192,13.065325977038526,8.706320185228925,10.100762374152218,9.628081293534176,9.70069845848126,10.70852583477809,7.9969828343931875,-2.5257317757235973,9.105966771963123,9.526424025781452,13.51310847871716,9.449556759311555,15.480279984797852,-0.5911335698576563,10,food,0.7205892683308572,35.19583314300861,4.0683315923784935,28.506627495860183,10.32832011302423
465,465,18.981972209601505,18.967528375628657,26.874176632554885,16.949472417965794,19.30280439599295,20.29997223390641,20.0295905869106,21.710995243461365,15.2740948105188,-4.470737271772363,18.3567303461653,19.181168743048936,27.75002529725458,18.643966657643396,30.877947123939474,-1.0271926726123302,13,home decor,0.7100570106454963,71.51967199129932,-2.3210891942174907,12.261916617692947,-0.5382334303866276
466,466,19.813458248016584,19.451619299505555,27.619220812151845,17.247211415316112,19.48198445602147,21.21633296587881,20.36124585247752,22.251923857490187,15.719770763793877,-4.417617410070248,18.97798871879739,19.20839992092548,28.694050419844967,19.367016100300603,31.753612445178923,-0.6702713694241526,99,,0.7644859882664762,73.41482807416821,-1.2981889996063831,15.576295964382417,3.056745321838118
467,467,17.087913450336764,16.668671435527433,24.48677330429667,16.46454453503809,18.162263260155907,18.504026807201004,18.482732338354115,19.88532506090509,14.300198301583938,-4.3066453967983005,17.07617489881906,17.22510247979697,25.355843796652465,17.030699927836732,28.94891989003854,-0.7433879737834892,16,kitchen tool,0.7985004346896831,65.60556862560642,-2.0596621851913097,9.998968967185807,-3.6768313261102197
468,468,15.171363507010478,15.184801561693035,22.02643361663412,14.58552817932286,16.93071631499756,16.891406904875222,16.784932505650822,18.299187360184323,12.089758105873011,-3.8870853627826274,15.412383011812924,16.00424715147953,22.52164613743955,15.76569973523782,25.742841654916347,-1.2367934242238314,18,musical instrument,0.7848154994075246,59.240075827936074,1.2474584876858588,10.266093088580245,-4.35219078752522
469,469,12.260004112802186,11.88598237466162,17.60631125819569,12.565881110469162,13.9301339526499,13.925189996236169,13.606544542651603,14.681291789223508,10.012802932820854,-3.2051036992881645,12.879421814673552,12.887608375682165,18.014351672422926,12.8707462281546,21.416504578171583,-0.9273108570092626,27,weapon,0.800143668915446,48.1157095740965,4.221804099812447,15.935919710169607,-0.3294530711719581
470,470,17.24674207584848,17.352410432521072,24.615456567999168,15.52770230459026,18.1880380695351,18.462587922376496,18.22798177728269,20.054007798151996,14.053431128692225,-4.173265946637736,16.869058569575614,17.73616194167124,25.36318154588519,17.41848194825436,28.25745045446862,-1.068105331055201,21,plant,0.7103318361606418,65.64315319770161,-1.5603788071865274,9.957211279716295,-3.71302419035354
471,471,12.85760404375248,12.678646813044994,18.315960502460317,11.49697056016036,13.416936309592364,13.981689255969,13.50611283064348,14.957691296940082,10.38817270929286,-3.078451877886009,12.62657297098256,12.821709104726976,18.9600203195076,13.111741744393058,21.067649298206995,-0.6250243365916299,1,animal,0.8273198620328589,48.744950232162374,-1.8367039840133916,16.02292399383599,-0.14928255376474908
472,472,19.51866276967904,19.50268880040651,27.66713120796881,17.498378507174515,19.879043137964683,21.23388211609532,20.81252720809004,22.32789771514077,15.34519654702646,-4.576913877039077,18.887739872079703,19.803981304466376,28.638115368809853,19.337227504371533,31.85672936874847,-1.3311170111215544,21,plant,0.7075659485443946,73.73097123972263,4.675918161393108,13.56918805756935,1.0964460051567517
473,473,20.409331193231456,20.22460960122954,29.300045529165946,19.2522944029485,22.088917948531414,22.426495883762843,22.125587031062903,24.054657831660275,16.70920131624697,-5.205901495268626,20.500698178821235,21.310021160918303,30.164445982304283,20.931907782233832,34.34847258197285,-1.4990455539155296,22,sports equipment,0.7969166341371317,78.76765559426984,1.8605834663794303,17.818190073201052,6.091186405362732
474,474,18.716853989519795,18.74072180184434,27.11596778341706,17.68269271172557,20.44074184883924,20.695884233030636,20.609186043633944,22.31877576574257,15.153270681004932,-4.788002289971255,18.826223945510066,19.87360350631582,27.79582299846948,19.233492544346756,31.50206081742542,-1.5734636315854809,22,sports equipment,0.7695936017341666,72.75327922962526,-1.5396727842935292,13.133624506862619,0.5161240362332933
475,475,14.254295254407255,14.02277537362575,20.638392231006364,13.54782002866493,15.88777005321248,15.57830682550322,15.587461017848517,17.0350208076851,11.616297514742635,-3.881355904201135,14.239959921197006,14.713325993507215,21.346004271727423,14.900577429219052,24.28235903324523,-1.1787806865640404,20,part of car,0.7511784574341842,55.339761382089804,-1.2635878005899315,11.642239730010614,-3.5535300454347976
476,476,9.856224275496691,9.744049716524431,14.259954646920344,9.306153158688218,10.55501957712757,10.837378670231605,10.7652234032649,11.571757969967528,7.870429554856904,-2.4466019393551006,9.71966425632224,9.833848311091884,14.750378252352712,10.003513449684212,16.597277505262635,-0.6426862018726334,1,animal,0.7658427952561969,37.9127275993395,-1.894322862353441,25.700227584107267,7.924187315964296
477,477,16.583917511321836,16.234604983853476,23.236769870778307,15.066484736067968,17.02444468587745,17.627233594091404,17.271172666506526,18.80250526083696,13.040433948191952,-3.931919803865169,15.89242239126281,15.820224535510397,24.136889248772377,16.38950508148291,27.205701284677133,-0.6900543173390395,9,electronic device,0.7351030937703412,61.877821334158014,-2.406905059722483,9.957179690800064,-4.270555972580475
478,478,18.46353507681647,18.35347737356296,25.616216776254166,15.294386288087985,18.224193897890064,19.472810429667938,18.254898079228845,20.836181073041296,15.56008426303523,-4.175515887516176,17.859686709433756,18.76274746280707,26.50390638804597,18.595317334703104,29.00251747123141,-0.4927291166201378,99,,0.8875516332191559,68.4074390595018,-2.1941666323733644,12.56201512897328,-0.6989363899950156
479,479,19.315850339821125,19.239084694419788,26.78368078391805,16.34414069237488,19.16901932396152,20.836396671112613,19.57584263678776,21.80385278665989,15.019919256167665,-4.237734029208589,18.53099652762644,19.101354580217983,27.647509947026062,19.34801716463722,30.55091566628933,-0.9196053425036858,99,,0.7946752749361939,71.44347440066517,-1.9504521766555296,14.232542039959501,1.4211100722383545
480,480,15.897718671035411,15.666323523202834,22.972835134002622,14.94218202689538,16.58745789838689,17.156713655428895,17.19812181883701,18.55894327628893,13.162912608004795,-3.8307296537995073,15.68639379314751,15.744357508077943,23.795139397185828,15.640922981079283,26.579169196924266,-0.4758077608610963,12,furniture,0.7668299086431949,60.88506075075424,-1.2076871706490993,9.922254644650758,-4.452470510550556
481,481,13.56629954949006,13.456821155334572,19.1515135018802,12.270960815588008,14.450102522320137,14.558118285593228,14.199025460018412,15.71998665867814,11.070710742197145,-3.3845613025171164,13.328424126387564,14.032203699168686,19.691048652189966,13.931988368119946,22.2531482892743,-0.9811239333089072,7,dessert,0.7550978493051665,51.46129576903741,-2.863016069860807,13.709611942955194,-2.0604087637190798
482,482,14.75580379495538,14.423980340762006,20.932027172587144,14.274861226054368,15.955606664033208,15.902232810717994,15.86632761561634,17.036418575186175,11.860161402193766,-3.782417278923691,14.529573296595284,14.64769691070568,21.642418216154017,14.90073837714372,25.029143776412965,-0.9691185964700948,99,,0.740384112132142,56.26878869774535,3.2950435608048387,10.642356620358898,-4.415860098187709
483,483,16.037704983718353,15.922856541775356,22.97998316720037,15.06498484068292,17.361106113593607,17.592793161405282,17.276542931396378,18.954725159747444,12.596342336370814,-3.8905036869477736,15.949811722054044,16.103203893970914,23.601365521785272,16.40820192311281,26.77158494985057,-0.9188531578456643,99,,0.7935889289146671,61.47350354229733,-0.49891416342967965,10.19303572329511,-4.09456378616596
484,484,17.788032273918546,17.95139450750295,25.18975583562605,15.858806843114962,18.464199006449924,19.7616314401954,18.93019770386058,20.6859456353536,13.552157100561024,-3.934922059277808,17.52950354022215,18.41961913594278,25.736283705864988,18.046456519803357,28.702149769256792,-1.324121154406036,99,,0.8138944817347922,67.45715974387834,-2.425805110553381,11.950898046946262,-1.4507531291461895
485,485,16.922428997616862,16.770708551245768,23.352961489933577,13.919309211416651,16.239729515017235,17.733113730403925,16.82596195901732,18.77456473353492,13.661639500537657,-3.736616870120448,15.937017762812095,16.504223046684565,24.29808384903675,16.541768865492447,26.47502013312092,-0.4933129689154659,4,clothing,0.8759429905665015,61.950788159621965,-2.1161350526021137,10.246728606279794,-3.97020348897564
486,486,21.8816955578088,22.143636700303176,31.217332475422204,19.26618342551708,22.899736397275337,23.86692452539189,23.39887508513123,25.53325438549976,17.02026321901216,-5.301414847280219,21.24946820248287,22.78432356053752,32.07771869528132,22.233592602053577,35.553416841833084,-1.923466673168139,99,,0.8124649853833065,83.22126567600763,6.014576897155706,24.257050015291085,13.18945395652408
487,487,10.482143731421278,10.238589286221227,14.869894244246314,9.775700166413156,11.322428570822153,11.07753661451339,11.013947197196792,12.16438477497795,8.96260884875698,-2.7754118281600944,10.3542846813102,10.78587728345367,15.37251845231836,10.741106217968078,17.520235739970115,-0.6312797940679912,10,food,0.8639796273300767,39.99328148769867,0.11562149132697819,24.022092835372728,6.5541022257961
488,488,15.607569199250422,15.428028589342617,22.707691564655093,14.734134813830824,17.48348656548925,16.76496994311013,16.915749567859375,18.71560549293805,13.587619454502237,-4.386714208245484,15.740596456156064,16.707370236416704,23.46244859432136,16.37927997556718,26.567652971006737,-1.2084168679504117,26,vehicle,0.740760780547366,60.98166129663973,-2.2832351728319935,10.033767609092457,-4.326654736965656
489,489,18.97183266476261,19.043020396960657,26.90938853557932,17.131801472059163,20.064286685424257,20.683804220475697,20.120292920873204,22.13409199662631,14.896128356063883,-4.477071239215474,18.68290921672724,19.55951486402077,27.534628172678904,19.29845323402448,30.96065627810105,-1.358210512918386,99,,0.7707292861749127,72.09050367769456,-1.9681716930588715,14.517973085014427,1.8023411583239515
490,490,18.440519198932936,18.384788756399857,25.837078750142183,16.13692956669855,18.44227226997957,19.416994672770016,18.993948879168443,20.85437547572681,14.835259847575449,-4.167046932074196,17.6357367755825,18.195562080449275,26.690598581819465,17.962375089418632,29.55670216704659,-0.6658988358225152,99,,0.8169233127117415,68.63494341668047,-2.554426928831724,12.461002347253613,-0.7662645649648336
491,491,13.406882962658884,13.069670627805426,19.14848942730843,12.76257587322537,14.325620414314493,14.27155005785943,14.326385575095854,15.5686108631299,10.944909854355618,-3.380118063196459,13.120448720332444,12.988808511195227,19.869726552096548,13.39457829057635,22.582697348599083,-0.5089271078089777,9,electronic device,0.7866055642983428,51.02464017299682,3.179975654477749,13.991102686081048,-1.8435698462556083
492,492,17.21805639223544,16.867232989730606,23.82923087474089,15.01696751928413,17.24753428538073,18.515632349119304,17.56797947785567,19.29375251214662,13.545174679485704,-3.99168064025536,16.519333723746655,16.81681346004276,24.767685954324296,17.230899915371754,27.74718616825037,-0.909120324357548,99,,0.7984648165106347,63.7497653481991,-1.5764149807830838,10.607251307656043,-3.3433217608947903
493,493,14.012960164034329,13.890040840657797,20.08555104622805,13.054672560323604,14.749849531870105,14.752692149535456,14.99101351842457,16.243758335778793,11.101701769192882,-3.3978727275559795,13.414545254655694,13.315314060962974,20.81590507421425,13.736870928180968,23.29248825331113,-0.4760498915459906,99,,0.8382478589192996,53.0309637842756,6.2024626152528235,11.697996808912663,-3.8396167013597093
494,494,20.882064530665662,20.78779815949624,30.07293759688972,19.05597944874072,21.45166721444066,22.361357414624567,22.609741975380487,24.116408338974967,17.046868725960977,-5.178750321255762,20.160923756949774,20.96911373016863,31.264429190779108,20.404793307107,34.62699749792237,-1.1776008060484613,99,,0.784004402920965,79.55977195258185,2.7246672296679826,20.736284933922143,9.126563099103429
495,495,10.929148027359568,10.841364099664084,15.74055587565439,9.857332287039323,11.553267298827484,12.050130925837486,11.668923204728443,12.885570970469503,8.667970130786237,-2.602679527735733,10.777007765784456,10.885201337537788,16.258014938446472,11.23417431877053,18.00480074156535,-0.5869395615765545,1,animal,0.8059431643013756,41.75716825925251,-2.8315960793411143,22.075453905972655,4.868626787890772
496,496,13.565087448278828,13.649991728008162,19.681004526496253,12.502006539283745,14.672122369746708,14.533363392864548,14.789487533234524,15.993766472321234,11.307298671584208,-3.6261797228144537,13.280956652142237,14.40277524806196,20.31503500827121,13.830255703604246,22.687258132044228,-1.2082711782260105,99,,0.7961179198811272,52.46450120417842,6.679342237150205,11.832888753904342,-3.7885959818940194
497,497,17.109819034163092,16.948710146740407,24.789977369329307,16.209284344250815,18.027245487773747,18.457566438435304,18.660452338494988,19.985136126252687,14.432849530885004,-4.28725926548927,16.967388841976828,17.508312247165964,25.666547743266097,16.91035565230433,28.80421264385124,-0.8185181023684568,6,container,0.7698467996776572,65.9580377104991,-2.070435689285585,10.167626915497282,-3.4559863222920946
498,498,21.257212279981974,21.427017033983123,30.118240957298944,18.989527422510108,21.62293055977109,23.07373772666406,22.6627464720826,24.43488122002299,16.516865272493426,-4.807449193054505,20.61553315301365,21.6436549317637,30.93654719268153,20.857017241450198,34.41128073548625,-1.341099897834962,13,home decor,0.7704501305535816,80.22309570139927,1.543500493768212,19.05983152115112,7.548322309175502
499,499,16.083498896666175,16.430003618612847,22.8983351256984,13.712972427674236,16.78664822917275,17.38870862539619,16.60538159814083,18.926011449667747,13.169514528087758,-3.654442914960144,15.926136714752316,17.09795629432168,23.325882548749025,16.57102727871935,25.55189302608872,-0.8734007218707316,24,toy,0.8244231435373927,61.122536568283486,2.95080115394056,9.993666089582975,-4.345898070790497
500,500,19.667710967070946,19.699559687677624,28.42949410807746,18.189431990299173,20.909234687371416,21.115920716796417,21.265375520593224,23.11292561586212,16.395377025637867,-4.948776629820335,19.429378430033672,20.408884280254128,29.3075514407282,19.692764144755063,32.75271128571867,-1.1658288507431596,24,toy,0.8062239465058588,75.69504250984497,-1.690477868518398,15.039482199133998,2.8575432292785656
501,501,17.3857961045072,17.051802995300854,24.96749950377127,16.84891866288557,18.892769246260865,18.53787836247289,18.829256608410184,20.25632398186506,14.776233902412615,-4.647532974466406,17.302764595158514,17.808496995181425,25.891725704619077,17.478211573367993,29.70816021978252,-1.056669661496972,99,,0.7225071748938411,67.02676742711819,-2.4862043902474333,11.649379720019754,-1.815995932025638
502,502,10.698771461271583,10.500317810292056,16.048148307758694,9.914427949026956,11.917642385627632,11.80667434367932,11.870480125387289,13.092845835043985,9.14875529122804,-2.975887777732902,10.685777732369422,10.86460013106162,16.787436711130955,11.371446027976438,18.32332722621702,-0.7071123630828433,1,animal,0.8176752773786518,42.200912841393546,-2.8523858384101386,21.691820985572164,4.550695298144891
503,503,21.143270000911567,21.24182238265823,30.42900937971529,19.04558465764908,22.18202401421933,22.75790841786443,22.73834247811533,24.73553273972759,17.179481399039293,-5.25923592821637,20.61212223201702,21.822400355466872,31.40088352712891,21.213429765216265,34.7980608198975,-1.4188548645477936,99,,0.8428340149621162,80.84331478173455,3.7941418018268553,21.911283017557988,10.49160429216702
504,504,8.900702309465983,8.786116659955033,12.855191247638771,8.152441476612443,9.488596778659277,9.74580387483616,9.518997482944783,10.48871065609886,7.1166412679081485,-2.1611202130360576,8.756016198745622,8.709309132726919,13.325251716089594,9.14053080935694,14.806605729170013,-0.4252434423082293,1,animal,0.782437103730187,34.0466497611731,0.27492261223181735,29.50002698755936,11.151569939105404
505,505,10.660023688450378,10.470697022496712,15.249602545448468,9.9949219483221,11.70619426392176,11.66926018817878,11.448877644111432,12.598339078379505,8.812981586429991,-2.8255639481358177,10.692334975458987,11.212997781919867,15.702671445590306,11.1794714027467,17.918077707202837,-0.8773457639410251,7,dessert,0.8412805436433486,41.12183970995061,-0.7468818518885119,21.482331647692043,4.181436914353991
506,506,16.096548437164092,16.02442504311195,23.06492867154718,14.747257269642086,16.552839336257758,17.136341575805574,17.2582120642399,18.53734404343913,13.318292069547423,-3.9410688131748506,15.643126806352276,16.263592573357677,23.908035873988908,15.714336161657416,26.62403434022152,-0.7739329280154411,99,,0.716676126751656,61.22253071990968,-0.39427418856911345,10.158593094331298,-4.166165794984584
507,507,15.348693633305466,15.15627709975477,22.05512516412216,14.62244917793835,16.576439840982786,16.79502443923448,16.709707935310924,18.051722340085416,12.284191637517296,-3.8700244815243248,15.263870438063048,15.51020326092832,22.76153210023265,15.562219621416489,25.91652058677429,-0.9782070372379196,99,,0.7382119597329703,59.03378577859715,1.0787653442643599,10.167767344790345,-4.481060118587742
508,508,13.261358407870976,12.903378364938456,18.882270378161436,12.64001334411494,14.22390418879939,14.525635135064714,14.204370216914734,15.483956551564702,10.7804990787811,-3.309939359668587,13.296348515855584,13.230022157618109,19.543088769982173,13.492832882022917,22.391800173742496,-0.6531768409554507,99,,0.7882867725897872,50.738890311013954,8.314907987793031,12.60955458519354,-3.267426463116534
509,509,16.304017807264575,16.05794485834331,23.24993972733231,15.013970733225593,17.18222847526575,18.063849206736155,17.469766573438076,19.06789826130903,12.936531681837424,-3.9419263389042896,16.226253907737597,16.49810420124102,24.01009778515417,16.638075939245816,27.06397912798243,-0.9685542440940216,99,,0.7617261787207231,62.248075512360124,-0.9584351951007708,10.257566629821913,-3.915348692775302
510,510,15.063930278664348,14.830973625693892,21.519928755601985,14.29343429911036,16.171700899364872,16.459205181539943,16.1368613254919,17.64696806110828,12.356690151819176,-3.702141203788688,15.136603506605717,15.306403916409922,22.18010374783025,15.309879124045622,25.30234494758709,-0.7378217825261398,13,home decor,0.8024929483988718,57.79520656632335,4.182003318432818,10.535999242473983,-4.296213955627476
511,511,19.262883078001884,19.14238781596004,27.569264965255066,17.962133621144492,19.91677602921389,20.4253530839493,20.74533111355681,22.14521102127029,15.8976251437404,-4.7177860339509285,18.721943896514404,19.377859890452307,28.544498085638853,18.671867598246063,32.02130910011707,-0.9063741342990692,99,,0.7848173878280587,73.28463303683485,-1.5246336618047955,15.37836882586834,2.8395413277607346
512,512,18.23964911187753,17.87332300766024,26.05446883412444,17.05209296912055,18.837078192124693,19.564937070425863,19.50055075363433,20.996464062161323,15.220975457436293,-4.45283988628204,17.93900713275715,18.15867646791802,27.05093163203309,17.8966716790152,30.42719349370485,-0.6406745284002698,99,,0.8432928493308529,69.39235723893815,-2.559137936437211,12.814729912464998,-0.3003932717561355
513,513,14.295808725376478,13.957005197752586,19.93345647112139,12.871938992549431,14.631848779859812,15.44843216709864,14.950281912193882,16.181348833198946,11.339244619997404,-3.489391822558889,13.840445943421756,14.315922171025996,20.67610476975947,14.332482942389472,23.398925532314635,-0.9846549347800184,10,food,0.814944149575236,53.52615136345715,-1.6574835083625956,13.080524341886303,-2.38377101712517
514,514,16.17760609103754,15.978521080204054,23.745932330367975,15.099221483022571,17.70683666491656,17.642418033558855,17.617180386323202,19.36846057705012,13.697860427314442,-4.274503432058132,16.152203899299202,16.518549400417818,24.69610731405156,16.813131053135596,27.426059760362765,-0.9440185087684833,1,animal,0.8001677565320858,62.997855490957406,8.020989662967505,8.74761460115866,-5.314287270790119
515,515,17.663430332575533,17.551620525680523,25.39520878510353,16.359400211972858,18.459175898231862,19.243310445585045,19.21357580165363,20.53286525853577,14.20788667655436,-4.372582297533265,17.296330548553563,17.946645756049183,26.31023473568705,17.57124251553164,29.45045091931573,-1.168030171359902,99,,0.7397494398174004,67.59338796976557,-2.656455484059216,11.862634979923275,-1.5188460584445735
516,516,15.185846966145837,14.960268658782825,21.91340796219268,14.3987405664355,15.872340515935337,16.417932467269942,16.502767664473236,17.68888975408752,12.57769787582702,-3.697737867561284,15.030898997372953,15.173366044402876,22.684217189757337,14.892964707516471,25.49754560423609,-0.5585824420168422,6,container,0.7859478216395369,58.23455199968639,2.601652322622824,10.429577708610969,-4.337585402829719
517,517,23.20158483799649,23.25934740254204,33.24363034291977,20.953011154872957,24.36839415187049,25.268790442540183,24.82418359981558,27.154932938242624,18.7025912462162,-5.631310568253707,22.844270877901582,23.96572345971566,34.206947935311504,23.47810519371519,38.12742586165382,-1.5037426760469226,24,toy,0.8100129784759982,88.64124193425053,8.01957717474078,27.162091917086286,16.896984967171996
518,518,16.279455036341957,16.334647411651343,23.125871764842493,14.46255626308024,17.072749518897275,17.599188170842453,16.816463214910954,19.08903226367089,13.378716392566254,-3.6010230283505207,16.233348329636243,16.708751192338102,23.60352768389056,16.637012668220468,26.177668865336887,-0.482785955100885,4,clothing,0.7935971780604252,61.77374468013075,-2.338843355804001,10.000926740734117,-4.242218654601556
519,519,15.264255251731855,15.183968387226384,21.833700186793894,14.020175868568028,15.605631839648158,16.484184375969917,16.34680459993158,17.614813097522962,12.41813212356543,-3.545432888265881,14.96259852848054,15.285992754968444,22.5417727463111,14.893376477692652,25.13896623460164,-0.5873428960336745,6,container,0.7556807554088144,57.9831222678687,2.816255627512117,10.511134154266852,-4.2932559876647165
520,520,14.679171049141562,14.341908903172476,21.06034133147607,14.627547283283835,16.34121008901336,16.122362900300303,16.107145520707125,17.297248557015024,11.910595047558065,-3.852759952522011,14.839557132040127,14.94026892295486,21.67637679506368,15.055984298166514,25.318699508231468,-1.0601357885020388,9,electronic device,0.7932118371402381,56.870621970363786,-1.2020828290978987,11.189385978456176,-3.779722481380446
521,521,15.620761321739232,15.375355949226496,22.050140359999617,14.05483033252674,16.42553666161346,17.008317570792354,16.405739627462175,18.02827564270447,12.575666970234206,-3.872135614668687,15.32097293061054,15.961679208439469,22.787388825630533,16.07644533566787,25.652740487053784,-1.1584967024292214,8,drink,0.7457865034694303,59.15503507852082,-1.0926484002862926,10.259902350931128,-4.37097277501803
522,522,17.94688485817481,17.693906188126903,25.78304955616325,17.175211269606855,19.55961903416276,19.82902747977948,19.5678673710477,21.25697493201817,14.495429517649304,-4.550641873447916,18.116398282712595,18.53756712734497,26.514296201610627,18.398765122363056,30.35564653080136,-1.222411694822718,18,musical instrument,0.7437413406639399,69.36228778170288,-1.8262050663442242,11.173159412044212,-1.9464158972030638
523,523,16.957199691801236,16.725740026911883,24.682216020360727,16.69412788332773,18.652537391888128,19.08326094239506,18.925206815930217,20.34372833049244,14.078271777331445,-4.355009061306485,17.513421402560585,18.064944397830192,25.3208856815448,17.420809539083056,29.102932814251027,-1.169525302997144,99,,0.8028189936769438,66.56346344832689,-2.3879692619228994,11.481016146628935,-2.052956927130751
524,524,15.900219933266644,15.463300184123565,22.469801339069253,14.992357866258788,16.65263383840812,17.072427169155983,16.86882688062293,18.184643758399464,12.69337565856878,-3.871520488841647,15.49770723732152,15.307404677929402,23.325858879293563,15.775337352474075,26.58298850954874,-0.7019076541275541,9,electronic device,0.7761312874117753,60.002597458924534,-2.366955144454465,10.22818089347971,-4.277202985471298
525,525,12.32587358814508,12.141165591809168,18.0248036325845,11.188236974764632,13.182332708303589,13.495200858224427,13.386068565028378,14.62592103774099,10.01708170136003,-3.173900748299499,12.044894704806016,12.194728015916798,18.80707629626871,12.711095144335475,20.64299795395904,-0.7814438733934324,1,animal,0.7647920765255614,47.500700671874235,-2.276750003125585,17.065341391131312,0.7089095493131907
526,526,11.260958871624302,11.188282031686905,16.330118396312308,10.283457381926803,11.97565373530642,12.350352734392931,12.163516836914525,13.289993640130556,8.95196585561643,-2.748311088664816,11.033620842797388,11.140200260653272,16.917589424071885,11.502442506929524,18.723033087477116,-0.6523651399721011,1,animal,0.7829263496452201,43.18185115453836,-2.9495966904315374,20.781573178827475,3.785686561692785
527,527,16.31499441839302,16.09232364869527,23.433396970386774,15.562727069634938,17.303693750677994,17.40149457547012,17.749356026398658,18.88666576831588,13.442916234997591,-4.19631525243817,15.96343954892171,16.38243070877391,24.31754902241458,16.061622286246717,27.58636212553641,-0.9579513137247104,99,,0.7524937807548651,62.47655393819292,-1.0821368019159667,10.29724960868856,-3.8418368852196387
528,528,19.50846768020561,19.1486046344821,27.669303753435607,18.32601790479686,20.43686632528977,20.95395430421529,20.693858687012035,22.44152462908826,16.063581069435788,-4.730464856671734,19.25159533720414,19.49620154903975,28.58179267312516,19.388793018148963,32.48559325107575,-0.8322542966192655,99,,0.782720704208636,74.0630461104143,-1.147514144883088,15.949989408334252,3.5264148161385602
529,529,19.6744660114381,19.481675971323032,28.031809567468287,17.952486853608836,21.13278807170877,21.11941452635786,20.79394163853831,22.997143957482496,16.278496394277518,-5.039944000596629,19.432077770579937,20.34353129269849,28.911160660648523,20.234631889751416,32.59036469870915,-1.3543941888700637,6,container,0.7605720264725894,75.14177324965803,-0.40872428773518266,14.870227602527342,2.60637082816349
530,530,16.176978911228726,15.960438254425735,23.31961463097343,15.391546079497404,17.985992645294417,17.821062350283533,17.513400091471166,19.36754692540039,13.36872196132987,-4.229314799409233,16.455665858796444,16.979286738273785,23.963045886251518,16.97827560798956,27.388796070485448,-1.137798902501641,22,sports equipment,0.8334134799985123,62.8487400058124,1.2723986208642808,9.765634211148019,-4.318345903783497
531,531,14.571087382158458,14.22576709862652,20.931262660541037,13.898272139374802,15.511137388706938,15.522403582740829,15.741931801507176,16.930889591730487,12.084647866471007,-3.758688120386111,14.289825559407472,14.35739335349966,21.77283218835956,14.452004506959709,24.67050863413867,-0.6582958688499132,99,,0.7204301606005271,55.736246085701296,3.735795008286578,10.766243803330457,-4.370821903810036
532,532,10.844879181878463,10.598391055498718,15.615671973678706,10.255812905909591,12.02483708525242,11.637399871214644,11.55085504635991,12.87701034587153,9.388564425332344,-2.9092048782586377,10.920277868889178,11.30028707838644,16.103778728501837,11.35167761320459,18.30954057327777,-0.6409336886596547,10,food,0.8041092316766257,41.96573481473937,-1.052104992328248,22.255837242679924,5.07989077448919
533,533,16.178018752310315,15.84194509827586,23.05266723827458,15.540710958279991,17.023898097906923,17.345885429962543,17.54104938501473,18.47879532432073,13.168083795728757,-4.112518440920804,15.778837098751124,16.08050758909871,23.93988859778365,15.882813290695786,27.37608272128629,-1.0433972862961731,6,container,0.8039110860103892,61.61546677954981,0.15124120704250288,9.858744071761329,-4.4078361663368195
534,534,21.424034394223906,21.13877062379788,30.1438925741836,19.32851240168471,21.8685714774409,23.265102811615535,22.519780995600303,24.468599004158467,17.126398910945113,-5.05805842456445,20.945625478762445,21.47100489945021,31.183676110013725,21.33565478766711,35.08587601067718,-1.1451670836415482,23,tool,0.8010114208284941,80.6503394507282,5.834692346643562,19.347658651942165,7.899407734712842
535,535,19.77184406726858,19.420095685577454,27.895743632537812,18.297860682490025,20.33847507774537,21.23697035045468,20.98683426991344,22.48146609794644,15.862681954984284,-4.782505992501326,19.203921522850624,19.543238743364487,28.950886073573365,19.45216259832011,32.768793090286586,-1.0584523339005094,6,container,0.7985797480917023,74.53157579589883,-0.8247560904650708,14.452929166138004,2.098725720947561
536,536,15.86863152795594,15.634682824796464,22.360710270234847,15.39533959288677,17.084157454026442,17.49882945374632,17.250640415804874,18.157206962394767,12.58101281009147,-4.070453899401307,15.763727198496223,16.556832908937256,22.98024540595985,16.13601848282354,26.89191246553848,-1.6667367393553794,27,weapon,0.8611556271807708,60.69750253942639,-2.448815061836477,10.01371103252686,-4.388784248353067
537,537,10.477585092405764,10.304119814010878,15.625756075899792,9.863159277151336,11.655323566135776,11.511465530870192,11.63175865020832,12.734326543945526,8.995297710837342,-2.89559938604091,10.493525120440202,10.76588437209915,16.286057587926692,11.020986205273417,17.96743487710209,-0.7071819337552082,1,animal,0.7808778269304587,41.27682171072955,-2.738635065998146,22.519151496948112,5.241203610933265
538,538,15.494187944859693,15.58274444722674,21.96899223997628,13.384308768296618,15.98552702904468,16.625488466405137,15.80297446186543,18.072430841474983,13.115547930794438,-3.5195925664690195,15.408046614508777,16.144571690445492,22.52329727058009,15.843356166162309,24.76619310729574,-0.4172892179191212,3,body part,0.8889417528698659,58.67467912284861,-2.7278247030978164,10.548373624296675,-4.15362366242085
539,539,21.60488475485707,21.578041984738743,30.534128050381423,18.80385547993781,22.336066980218813,23.32627062954361,22.240085478647817,25.06103735599078,17.87918053501467,-5.080040701720284,21.325965389367784,22.35017581873148,31.42038307391647,22.12817402910177,34.810625665418485,-0.9950911828196785,99,,0.8301815570754697,81.6763871906679,4.617035782060659,22.748951243773725,11.452618360357244
540,540,19.79541892599569,19.8313126376944,28.171513769055807,18.029670010379608,21.210354869370526,21.64745172720223,20.89856945305289,23.332218494533784,16.0615327736063,-4.69872110995762,19.87812627450562,20.733214358152,28.7719372316152,20.402917855041068,32.449690984054016,-1.1722051051469244,5,clothing accessory,0.779563935342578,75.73874816837755,-1.3239375461042933,15.057683684674341,2.8822158344874307
541,541,12.602737596656592,12.313345562063436,18.436483028082417,11.67394435758668,13.654440956927276,13.751846347554512,13.652514533283693,14.982401043883026,10.44292636607615,-3.3181088685901536,12.428365533458315,12.3602848237248,19.30531083218692,13.072475526402938,21.37285808497438,-0.6638590371838494,1,animal,0.7858384368821708,48.71399574803237,-1.8878712916787457,16.086425566829284,-0.0903641440919074
542,542,21.828831239881733,21.669161322804683,31.65821477189041,20.147259000605683,22.92447784115812,23.598308315446182,23.672486765883622,25.610743846374238,18.08218054957471,-5.413406448828055,21.458757746375404,22.10095236380598,32.80359654849644,21.774083520723742,36.37291451289966,-1.077878516341664,99,,0.7605559525687168,83.87007959891741,6.580624494743359,24.859989835130758,13.888458054508007
543,543,17.747519889423227,17.9341885564006,25.382164851705785,15.688412244485171,18.733705770846147,19.192113918798757,18.98385272160145,20.720330569124314,14.133631272477594,-4.482603327572858,17.222492841126364,18.6454306405914,26.14059623417892,18.11063783515088,29.01616100456711,-1.646367947621991,10,food,0.8174086712430445,67.70116885842485,9.041299973058447,9.21853892835737,-4.146983924001823
544,544,10.436557894404256,10.208166701590136,14.93605056440885,9.786312995974932,11.419566781533554,11.11251408185221,11.005437020969136,12.275999364934323,9.033047800255911,-2.7468086083442484,10.43040286219899,10.804065455284992,15.398132768729164,10.8315002256348,17.48410240927398,-0.5505776405732684,7,dessert,0.8041024851339422,40.118134961909306,-0.01061723047817864,22.358340882462464,4.908836249296542
545,545,15.662472192791569,15.313830683847346,23.263958139408697,14.958268315788676,17.44948432304483,17.214333480856887,17.337348600059673,18.986843408903773,13.534964639793769,-4.315883591141637,15.815778663729024,16.0319811348459,24.264833609615067,16.438689782347577,27.008126242692345,-0.9233306626382264,1,animal,0.8346746311082671,61.680281995874026,6.863062869742567,9.02073227996034,-5.236251328427667
546,546,14.197171422584212,13.880064509247422,20.259741235249063,13.146379863678629,15.219747608604376,15.450594935828784,15.178629343040347,16.55355236179356,11.693358093414178,-3.727873446142336,14.03481291808236,14.570241656451014,21.01014588148697,14.650237038876831,23.788771510546297,-1.0702019445266828,10,food,0.838140771121486,54.34701998046264,-1.3086073112507446,12.515135395909539,-2.8276210312765286
547,547,9.777891471098718,9.544069190593389,13.97567399114976,9.24408382294595,10.7983986891299,10.405871107549338,10.34704003479811,11.516590152719523,8.455731729501956,-2.631179914567764,9.798080342916345,10.183087810554555,14.404781075122552,10.175567581248702,16.47089543191644,-0.5970776549062891,10,food,0.8385834957410397,37.65192560762041,1.855713973388804,26.18105772708459,8.366402758812008
548,548,16.870732656337086,16.571152701313153,24.04886774670998,15.858425497567625,18.370686823905977,18.315287328159627,18.073093645980315,19.79693992275573,13.90416576771841,-4.43918523419118,16.863462636211178,17.489524951441666,24.818311855468007,17.410009191706035,28.40849108109405,-1.2605582579325452,16,kitchen tool,0.7375879222931374,64.8057906333535,-2.03948490548456,9.845347379662812,-3.948869138668698
549,549,14.44580184214657,14.071075709507538,20.411276472383168,13.406833443961116,15.31423089076674,15.841712144300852,15.229911664688148,16.74668306834218,11.796071811078027,-3.530740812429259,14.413801420393147,14.674766666540384,21.04754141620641,14.85807051694267,23.96044043322839,-0.8290068638647005,8,drink,0.8108843616465569,54.94220377708981,0.2791945260067976,11.824390133463115,-3.4302425655364104
550,550,15.828038725267833,15.510698207316874,22.76848744789725,14.978732952681431,17.226158114589825,17.05420378852123,16.876936549936516,18.64177304780064,13.43264127975138,-4.068462035808473,15.836914471731866,16.08081404390635,23.549907607612564,16.304817674304793,26.68140801625165,-0.7365381755978418,10,food,0.8455095479944722,60.94911758130235,3.0778735305064107,9.361471834220895,-5.003768978907093
551,551,16.580098140691277,16.207760210281894,23.379564413232387,15.0331798390125,17.129138566777165,17.95139683626994,17.489271268503245,18.944902092054782,13.326756443634338,-4.104227627615302,16.106907978484465,16.56983067207906,24.29185585543565,16.70600948778793,27.335958547962097,-1.0694681228958574,99,,0.8269864892733038,62.52334596424513,-1.130976320679073,10.277521133892868,-3.854637268544275
552,552,17.68773891250604,17.504587742239373,25.149812483606024,15.722501906652395,18.21652654748729,18.876727193062813,18.278093531732903,20.477421433902425,15.306108125442844,-4.254779682485748,17.552378904287256,18.23931015878995,26.009251283506934,17.857220465867766,28.82519725125721,-0.4805010315559886,3,body part,0.8526934882771121,67.15789367923978,-0.08792637433292505,10.385417761840921,-3.06054315770408
553,553,18.36140029097458,18.048757053354624,26.404421149040388,18.04658276417944,20.213318078107005,19.93480011632348,20.12976192038552,21.55213798452836,15.531354697786597,-4.9238894191681295,18.55080005773363,19.371790938256773,27.188125093704567,18.677179567854296,31.50323479668465,-1.4408086516526897,9,electronic device,0.8316364805854537,71.3127477130552,2.2413534108289728,12.166366155304221,-0.6644213848484188
554,554,9.825591291078029,9.67768356153866,14.345351589300927,9.063188744363115,10.446381251945644,10.906155742732007,10.676391075814449,11.671879608307009,7.912442246870537,-2.383954286819922,9.73780852191743,9.661601047789617,14.88605984984408,10.075475971193692,16.436922253037153,-0.4510125856221417,1,animal,0.8207385448942529,37.874473302403686,-1.892324515621425,25.750241279711428,7.968537027965002
555,555,19.603256892308597,19.70108723759876,27.890982608283014,17.678035364495436,20.322102455939223,21.266640367166897,20.956650030858707,22.601708475866676,15.573646398523902,-4.675049712313304,19.082781924705355,20.231310407538317,28.76025282793965,19.592217353812103,32.078678158345255,-1.4592449239825775,99,,0.8041238335622909,74.45214431493007,-0.9537729826877079,16.2703639458114,3.904399766746794
556,556,9.915549933716012,9.650660141922549,14.254625706805893,9.579610927372311,11.105036494945768,10.661399736094648,10.647145160500855,11.74497082343901,8.623875703952843,-2.7428702622460723,10.02899069274209,10.443823200715734,14.701590528573584,10.401739914884692,16.931449066226364,-0.7050719391484503,10,food,0.7871505835947149,38.501888547037005,1.196479523029863,25.401992045770218,7.7131837545514195
557,557,13.094163852724764,12.896838142365944,18.94646898902641,12.802868970391367,14.843256323828784,13.989142928253296,14.334200186056908,15.56828046168954,10.965477332687534,-3.691512589919232,13.064447974001624,13.572416170239045,19.563238920042973,13.56673562344696,22.57690548454869,-1.1084583925388851,20,part of car,0.7037007701111949,50.95101852474356,1.819679371283975,13.995706219703246,-1.8498668347176483
558,558,17.03327219794442,16.956509156174302,23.96745270315953,14.856247083310414,17.090682344522005,18.048173362475328,17.70422107440162,19.336393923962586,13.227353672990388,-3.8776254807815462,16.11116820004952,16.380150287718852,24.848035913077176,16.647382291124245,27.383288521346536,-0.7203896045966631,19,office supply,0.7870745580756925,63.350365485008886,-2.201748840234502,9.905371094621104,-4.104337664754933
559,559,16.82540663442353,16.56908515241147,23.68851050703649,15.107790648459543,17.176756491430424,17.98859726420376,17.545545005502643,19.17756607569263,13.38950936025298,-3.9600434762755663,16.21373169550871,16.327753844436263,24.575954405068853,16.68083580919299,27.485796865662937,-0.6789279711496148,19,office supply,0.853934515776621,63.00551266364938,-2.27053172142263,9.797613111598451,-4.2631550288730775
560,560,15.30577215746772,14.975490500057736,21.828192934559556,14.19223020248184,16.44798080841986,16.79268785524243,16.2389671197328,17.97750467706605,12.50710426235822,-3.7895317929614256,15.29805949724926,15.55940686660467,22.502094393817487,15.879373316885218,25.45251624674372,-0.858887908524028,8,drink,0.7976876670240515,58.55855850632969,-1.131916213827254,10.419579299043635,-4.299610965212857
561,561,17.907361068028834,17.662697214339353,25.8550100846921,16.969956999537047,19.75673418210982,19.163264507243788,19.29771948798639,21.26677477579877,15.606489872148943,-4.907029619423404,18.076293011194608,19.08725922552785,26.68997137402881,18.484622880935405,30.37756558546379,-1.189845837877999,22,sports equipment,0.8050185885835348,69.58745756816722,-1.80133819686582,11.458276996454991,-1.627959365780196
562,562,20.557850663598533,20.500504489791464,29.31537922726647,18.648348300857307,22.056306913384358,22.361781761117967,21.716560004275017,24.202665957042548,16.673320291204643,-5.038598256000338,20.43755683956274,21.2464631145235,30.10225234532157,21.256386906635043,33.82865705184014,-1.2743867492226255,20,part of car,0.7699574805739164,78.56586307357095,8.23006998668269,17.319484387127073,5.562603042267103
563,563,18.68614481758613,18.562806934061364,26.59313581717019,17.583563613928682,20.06050850607073,20.401877545631244,20.25550193320692,21.595421852480797,14.917152222950577,-4.841811526311425,18.36091976049097,19.42393054350591,27.412854746849398,19.04473866770713,31.39388582402066,-1.855150228290252,99,,0.7723499430980699,71.53513983150792,-2.1550248102247824,14.126198849226766,1.328338990755677
564,564,18.299458627351967,18.23404829226812,25.9619116955968,15.978342653069491,18.83236781276162,19.973236879277056,18.906033922358308,21.28540925118612,14.934430202960447,-4.127871270246228,18.09592033119153,18.614420497872683,26.73607588879124,18.7474339835222,29.442945346094625,-0.6559958810807032,3,body part,0.8402219146377473,69.2071332616008,1.4477551263840898,11.073676924988398,-2.068870775029376
565,565,21.160963414988007,20.879913413129746,29.933680241002733,18.95586617188459,22.226235315278025,22.912495394511392,21.776829895485285,24.66931197116817,17.846322616640197,-4.989515377599992,21.210560824314246,21.74546405145753,30.791101469852094,21.83678766603117,34.47672747438896,-0.6977638799752565,4,clothing,0.8404914921763446,80.34383615729956,7.417916009352515,19.143472890022142,7.6498406753323565
566,566,19.918909972972724,19.6856818239335,28.39857384154565,18.5905488020454,21.1119619751961,21.85778917636181,21.3590841124912,23.21723206812271,16.348540048865082,-4.950249255788157,19.933196758004048,20.63840948142067,29.283367877579867,20.24565033963773,33.27481198619377,-1.2572948301321711,17,medical equipment,0.7905584779541779,76.33921935756865,-1.580170025475912,15.53609481888835,3.4495335554734474
567,567,17.60386594289548,17.449357189592902,25.21553299207329,16.31479153421775,18.725739978585093,19.359677094681903,18.76412612601341,20.737423771177347,14.243051219515731,-4.138418416592907,17.634402997444642,17.831587883058656,25.898569789728104,17.98648068064169,29.1370549697405,-0.7504825640758538,99,,0.8666035104176956,67.40637897063233,-2.620628452444312,11.761581656955522,-1.647588189981116
568,568,16.59194647227317,16.543114846950413,23.61468354872885,14.788726365890568,17.46136660174256,18.167488394481747,17.21139505364753,19.51784497221552,13.686754439865672,-3.7654376127513953,16.66807706095898,17.105273228693253,24.182387021308188,17.163348498200374,26.88038630626269,-0.5649807534723892,99,,0.7656638466940509,63.19945544168526,-1.3559214744555925,10.446593011962774,-3.5854596951380397
569,569,13.528950026425784,13.509782526037814,19.12538159272692,11.707817834335986,13.941581082144229,14.476754087592884,13.69366876237138,15.712802885448792,11.579956855478322,-3.096666803969895,13.459147889482905,14.006641820346738,19.6496692652226,13.87963537239496,21.65503303362936,-0.2946641551148803,3,body part,0.8797946633312489,51.12613507979622,0.7097962353935738,13.96794485772194,-1.8517001996905087
570,570,16.40001980851402,16.229860790474355,23.438623280962386,15.071373582115658,17.860986726735106,17.64642984066393,17.213761830780996,19.400447678533883,14.128445225838677,-4.215557259369809,16.577202101555013,17.38437297395191,24.08723361547003,17.12250188384505,27.233565800512057,-0.8940198925890281,22,sports equipment,0.7494073758027556,63.139412868595066,1.070585001442164,9.811244098671924,-4.229698594044434
571,571,18.687237279793813,18.576298688648023,26.827334918740856,17.57328621811136,19.94479267049434,20.404922106813423,20.31672911185239,21.915625951400447,15.001234061664068,-4.638847286503568,18.53247042566009,19.14134204774483,27.63693267379812,18.799284297555893,31.28764624820941,-1.228103326754373,9,electronic device,0.744014754119284,71.76515276630062,2.4780922908935477,12.307684878379678,-0.4561189499038836
572,572,9.452629335106952,9.25989076682476,13.43982510500785,8.8953159799961,10.432486647361788,10.02371628225066,9.970664953678734,11.06782673057911,8.103175301996146,-2.567610126340933,9.41593447901932,9.88877420277272,13.8584142321471,9.842315593871898,15.900543838647351,-0.6755153928532459,10,food,0.7336425778498951,36.28819824158891,3.047625648252442,27.46102013140852,9.444449821344488
573,573,15.053184011358814,14.64547255125339,21.320401757128632,13.7251278429436,15.63580229325767,16.25184724440564,15.797583937573195,17.313438001351784,12.298070881681182,-3.693555643692714,14.745020075610087,14.762280828937138,22.203063328317917,15.18317163447652,24.935352878020648,-0.6486416201818591,99,,0.8142765975644668,56.87836144429865,2.7640600380960088,10.481583577746036,-4.486378964978583
574,574,19.699721118620594,19.605081495355726,28.31124327783895,17.807920992229928,20.54814741463665,21.308066477690947,21.066002939600843,22.95048856517352,16.14522958719045,-4.813951897127918,19.279651685182458,20.03823091347276,29.330724269510537,19.808147116967536,32.47461741979648,-1.1120095543542816,99,,0.7620610723736565,75.20118262185001,-0.5432838944018954,16.856964501051973,4.601903959711345
575,575,17.365678332270235,17.301309581154417,25.33394096477565,16.58739265992879,18.086125674686173,18.70965258986495,19.268676496406652,20.223085599685223,14.83007494816389,-4.414607189646565,17.17011318252592,18.073478873547504,26.26348721062201,16.816227204227047,29.385622306758933,-0.9442563844994316,99,,0.7527912049574438,67.27496153574847,-2.5325526015578355,11.782493238578436,-1.6461344537772238
576,576,16.00034783684358,16.03815500161893,23.294401677045823,15.495351833190416,17.156069140611343,17.45708497345174,17.745517852708197,18.836766911773395,13.416441898925356,-4.019241572257114,16.053962998380705,16.85570048275178,23.95561084919076,15.879332222774517,27.14981790838555,-1.0246446571228771,99,,0.734653035698332,62.262727327653664,-0.9834710061078731,10.253304943489939,-3.9174410112654687
577,577,15.355014176000369,15.363201997985234,22.243610179853786,14.423419052053353,16.344807100024006,16.18349616821289,16.608137678709426,17.865902482855383,13.234607870628656,-4.012569093966815,15.048585234185936,15.908841020455688,23.102863719165622,15.247904619024824,25.86279109688894,-0.8710667026963651,21,plant,0.7679033026594003,59.188222066726404,-1.3154183072652463,10.285731555026363,-4.3402298599909255
578,578,10.424641022441888,10.223969681986905,14.578591030035811,9.073556793764284,10.317145735960116,11.389931669972816,10.83857359652504,11.753583105622578,7.817142123299465,-2.290844895350521,9.915236378925467,9.830464573519164,15.171577895298377,10.308976845430092,16.761428236153016,-0.5038069314523993,1,animal,0.804157111196031,38.617939900415884,-2.056635226323552,25.078342413984103,7.406716845108882
579,579,18.700472021742783,18.668413641320004,27.63037876982143,17.906988380730812,21.15437998506671,20.62451765310684,20.94611837036959,22.81865440756431,15.989323276253854,-5.256709712593571,19.086122015891668,20.5196678820605,28.43900947290988,19.678156702796485,32.09930522057635,-1.7839737239357722,99,,0.7685726961468073,74.10823374979994,-0.9800623962680035,16.05810228786644,3.641218239454327
580,580,15.631305079464662,15.394353615148988,22.88256649146943,14.610651902347882,17.31224851146878,16.888416151986874,17.053364327129696,18.753047932021737,13.31887108100673,-4.31302260954299,15.58909345793088,16.226386713367326,23.762391537198013,16.287560616199283,26.561726472542468,-1.1384745550855453,26,vehicle,0.7367720241436545,60.93270561287732,-2.2739423722729484,9.992544099586912,-4.375126692066516
581,581,13.748846048665524,13.622529427212756,19.65983466120917,12.802014598872418,14.89229686696286,14.776474024152051,14.691253267010028,16.078561553672305,11.38568002611546,-3.585292059088114,13.574699230527743,14.243731300854744,20.30591389357591,14.13429839705158,23.00823732660919,-1.0085716749487237,10,food,0.7939499682474801,52.73952043336633,-2.087198993569518,13.582985676760545,-1.9977793352543909
582,582,19.13351121701921,19.368133033094736,27.57286995226301,17.510889375452983,20.41928776489352,20.880947313129,20.479849704493983,22.665892749417637,15.885012319635436,-4.544907746141854,19.24555322780288,20.35869140669863,28.14313055050863,19.49234302925662,31.457313004544357,-1.0666846967458226,13,home decor,0.8164591336847434,73.78435931283433,-2.113318239466051,13.691552581983354,1.2267152408044257
583,583,15.549151326320862,15.304444955832034,22.53885218114493,15.308734144288374,17.238498944373987,17.13454811330058,17.19091522625359,18.503943983415365,13.087848355006653,-4.154862481367059,15.881334250195414,16.44994517848739,23.207276257463207,15.975956616358662,26.779301461015383,-1.1505501497302613,23,tool,0.7473909719577243,60.802888396139004,-2.6214311173470684,9.9804664154867,-4.406425291095209
584,584,16.233108704592862,16.24435659704948,23.29210240706689,14.71472879958678,16.629858260508147,17.140058929044947,17.441298029008244,18.644066613050388,12.967007348746474,-3.946721046570015,15.414974759039788,15.912643468468298,24.179934794617115,15.725055398654662,26.72274663997527,-0.8320207559780307,19,office supply,0.7759086742320315,61.382366544215486,-1.8082956222744988,9.942436745507448,-4.358656632725275
585,585,12.940584291792122,12.67636051239988,18.47091622810933,12.060408052606263,13.467027224044724,13.753514614586445,13.796679953720975,14.9173994885428,10.436091956171996,-3.152531027029246,12.53586838704196,12.376969247990376,19.216306576192217,12.683056219984213,21.581437837422936,-0.4074895813722501,6,container,0.8616973748858695,48.955372204842895,11.281269356497287,14.956767185986386,-1.1842839961120397
586,586,21.639266959447863,21.675526629660837,31.377195086941423,19.91131375830088,22.89088324654658,23.372822123358723,23.46645114695045,25.456138634719377,17.686024042662844,-5.322398058561952,21.211246133491965,22.05266475000796,32.37825555928318,21.686700349013197,35.90744522095194,-1.2198981987799848,99,,0.7753495098680863,83.14900826507696,5.893756318100191,24.145871042225743,13.067576452221155
587,587,17.975854704378765,18.02967644869554,25.79780606375759,16.818429575298413,18.91809414180336,18.93753210049478,19.562298942337478,20.69029152998673,14.637499186044128,-4.611502539587641,17.277718701858042,18.322702523727063,26.684744466443803,17.524490363834765,30.046018994986827,-1.345856330782766,20,part of car,0.7960759074045339,68.59826517083158,-0.1394924008395435,10.795434978072736,-2.437262565466428
588,588,15.191653653030102,14.982443392157812,21.312059516171256,13.1508583930118,15.29728865001543,16.242853426919723,15.371597290356094,17.357040197613074,12.94430546190554,-3.5269925122340795,14.964400908503034,15.451987299164138,22.073687508666737,15.342615034196935,24.407457201381515,-0.3364913119369038,3,body part,0.8322343983929352,56.98893479897758,-2.4271563646462395,11.099478650083988,-3.8521122502881013
589,589,23.040398832972908,23.027253125608524,32.593959870575816,20.336377320140144,23.415525808203643,24.743001423720543,24.072554024539382,26.404292817020643,18.679063935989998,-5.352587270220854,22.35897126784462,23.353737972268387,33.68339998830066,22.943168642818385,37.27533216179489,-1.0906497298162472,99,,0.8244014115965336,86.78522950606862,9.39736841231749,27.756512503854324,17.216601811535057
590,590,15.066359704716923,14.972704806303469,21.42152727467564,14.49025863369414,15.989428083836296,16.634863530659914,16.47752431645095,17.309027789447164,12.155827577886416,-3.745639797504136,14.995195708388955,15.928598049259646,21.990898869059496,15.140718386836271,25.352179156108203,-1.430838013483245,99,,0.7108142563966967,57.85747990173351,2.017549077094401,10.358790569191061,-4.464202353570151
591,591,16.834557858601567,16.755014252321025,23.79669593148238,15.202544595971652,17.47994756593865,18.000880179974725,17.79612860823553,19.267122611413672,13.287795166152744,-4.125958493121706,16.1771593323466,16.774190345290585,24.620746991708792,16.79850811535475,27.654535358910824,-1.1408425900148924,99,,0.7970837529933441,63.41830621959563,-1.5375157895606053,10.457380644161011,-3.5422687169897316
592,592,17.182859935156095,17.152887093521105,24.51812919557263,16.016539569184502,18.42990065327056,18.649889084618486,18.444931544063945,20.030832089885447,13.929390194501329,-4.310432606010648,17.01365509223316,17.82547527240098,25.211575464660843,17.46805939124909,28.65821333182681,-1.3043398200772969,99,,0.7797996773577742,65.81423137277433,-2.386507519752988,11.096507411452349,-2.548397989680476
593,593,19.885967431669844,19.72508527378201,28.700232222255668,18.97385788297092,21.43814724545881,21.726855719309796,21.821145642774308,23.36310665944584,16.395092595499722,-5.128936379317262,19.84452040810444,20.79126670655309,29.58964286751553,20.1034856611519,33.62858727871624,-1.5181300905745778,99,,0.7352588738274665,76.93258506739116,0.6223372012526323,18.324740244935377,6.32603352128438
594,594,20.00190584875156,20.25838747821425,28.458079930461874,18.207388747251,20.99332362945267,21.662779455737343,21.588514987250477,23.07481412668608,15.852291696755453,-4.9962947722683815,19.454674611219165,21.10667118334932,29.23701172978113,20.037178133756814,32.977291605571594,-1.9478798022339927,99,,0.8158309048724609,76.25872669580048,0.18792174916761084,17.779460197710463,5.680981080538677
595,595,17.52242843685155,17.33966107405762,25.00119762608934,16.70442187053979,18.541072151525093,19.086397514629464,18.98538796942287,20.24046686604716,14.263242630225475,-4.308150471285257,17.364479983132572,17.978815246813536,25.74271463802293,17.48695763887089,29.391242966044835,-1.187349004317077,13,home decor,0.7293436019197792,67.07779729303395,-1.4597803064837374,10.288653835276447,-3.1691662649228753
596,596,13.723038289024688,13.629592598775696,19.707098940941897,12.960907564090952,15.271553495303412,14.748337870107102,14.882979036704612,16.182241009495076,11.391184604451594,-3.819407342747936,13.611356318866047,14.58863496955431,20.31251784365016,14.28094954454972,23.26694426103512,-1.4085808016961467,26,vehicle,0.7836841380167049,53.09978233887518,-0.9343446511539364,12.876815783055077,-2.6506083577584967
597,597,16.718574324392453,16.716622146929414,24.371960018146464,15.99425606704307,17.823267058414032,18.07305592258107,18.53201782601404,19.577903716254205,14.259039317283325,-4.392855711882445,16.599474635275975,17.732541780095044,25.20842653579753,16.5998008943297,28.393142820560247,-1.2352204027946836,99,,0.8008774895615511,65.02204850255464,-2.1112006436398163,10.891799073401751,-2.870398008594835
598,598,18.866439681548403,18.847959583600502,26.91594180634081,17.872094637515474,20.201634625811277,20.76528444714725,20.60598702447112,21.874905588882285,15.155759131158453,-4.764738244034872,18.72832691274253,20.04305690964432,27.625266458602617,19.146616320938115,31.628292915148997,-1.8795357718196577,99,,0.7867177797623062,72.56389297575294,-1.774023154669357,14.863371355512047,2.2178300967209985
599,599,18.624915319848174,18.35828161466665,25.893902696166048,16.027147327732642,18.527159307053715,19.753146797072915,18.90619036551832,20.9123014894108,15.270579443699992,-4.398479227579535,17.882023754117867,18.54938734310452,26.93365216755036,18.53329957283961,29.90845134538571,-0.8089538323294215,17,medical equipment,0.7673022513032443,69.1469003673117,-1.2489013781172194,11.132111625584288,-2.019354239266434
600,600,14.77999998776934,14.665568051548329,21.80506165631372,13.423200626369026,16.1939762614339,16.256733617697254,16.134292140732025,17.85496825520303,12.17156358804701,-3.893476236617969,14.629384062430804,15.010165319266552,22.66177742198159,15.55430286072869,24.829752549820544,-1.0296812706463894,1,animal,0.7933594071716086,57.54127265205501,3.398979700005178,10.390806570770016,-4.479004430506091
601,601,17.34209514560119,17.105267418449582,25.29624155461935,15.768701409731218,18.620486748655782,19.27749405090767,18.92039829309447,20.63075323116872,13.854045120218949,-4.435844847014128,17.083905064082472,17.451671089930382,26.31491101308404,18.05616181244607,29.023480892761626,-1.321403598839515,6,container,0.750053016467217,66.96529277114448,-2.248934887881221,10.5178530033336,-2.956624670480677
602,602,16.10904070996542,15.67581495617727,23.586548214155723,15.967813222496382,18.14459438297532,17.793930361945964,17.84663113067142,19.4159238654345,13.89803623938821,-4.420152207135706,16.594678512102266,16.879186998734916,24.398741127352583,16.83019276269639,28.00791091233553,-1.0301021270392274,99,,0.803292300857568,63.45188194464676,-1.3968783637877875,10.552970870784662,-3.441707222524384
603,603,18.66089021442975,18.46324440865694,27.790707710337056,18.05227511323613,20.71307285700426,20.25801724126164,20.91765665188122,22.551828789583837,16.55708146068044,-5.233645058832349,18.87046139512056,19.87557495582624,28.857387504793586,19.164994607565003,32.24851355917298,-1.2606265181663436,99,,0.7778058731854968,73.88024008197547,-1.059182392563324,15.912109589450317,3.461468486283904
604,604,18.699451124647748,18.743780525814195,26.689612570936912,16.529994922266333,19.101455377698013,19.815989190825345,19.49126063248452,21.616939159137345,16.06195607292419,-4.427836333742541,18.377158511232132,19.42397490483117,27.538684866544884,18.56595904825787,30.30402848137726,-0.6090992235297861,4,clothing,0.8477985176035748,71.00913564187721,-0.15686198019023578,12.15911250580937,-0.7166282534770279
605,605,20.044895531662338,20.002881118552445,29.178695207947563,18.947689979042806,22.055045553850583,21.91370794478055,21.970953936110195,23.955800566947087,17.03770262354492,-5.36526892174151,20.266747360711456,21.58910035438197,30.046812969296976,20.74674879139931,33.96916371398034,-1.6032078899575315,22,sports equipment,0.7819154728149779,78.32160507186602,1.4866633607204696,17.4523132363749,5.65926671720808
606,606,15.027079333374362,14.809776665746355,22.34850725383235,15.068309319819416,16.974210603241474,16.696759006356473,17.075436668878883,18.308287812604668,13.39052192272248,-4.227296361787506,15.64361933653213,16.525681503187048,23.045538910453462,15.5976582244831,26.308890611721896,-1.1347241128111225,99,,0.6973376217278657,60.095056352851415,0.48348786978631786,10.242489839111984,-4.249204449357876
607,607,14.592853718236514,14.312003371782009,20.69124523769519,14.340960875836656,15.832654946599511,15.99249733828845,15.86233599866453,16.774029678542604,12.139858985355424,-3.826257682839828,14.661373982796407,15.428795439020169,21.29693299708155,14.883699760105875,24.918012916502637,-1.3646869799184025,27,weapon,0.7731890791215134,56.2100499211076,-1.547189311311552,11.308697052473619,-3.7582166097998986
608,608,13.176720142394489,13.095322209120068,19.328041146751843,12.095838417892612,14.324529141929384,14.600839734008224,14.391493365000692,15.822663614010567,10.76043540951938,-3.351820792379673,13.1279219029027,13.47523986099455,20.001076350559224,13.756446298564232,22.08506910257725,-0.8993191969411863,1,animal,0.8099609201181731,51.20384234678823,-0.7643565310708915,14.161441997391337,-1.6466976156301047
609,609,11.624302914207917,11.359540667037058,16.416188168524606,10.696548230995514,12.396366590931702,12.666650080205905,12.233956005738024,13.50457018104838,9.49665090303345,-2.920508812717928,11.546273852589286,11.900336317591425,16.934056530095628,12.012323804963527,19.26420107464376,-0.7602547785452255,7,dessert,0.8344992219156325,44.21131585579184,-2.4571861694257446,18.907431480127272,2.0639688167779546
610,610,16.791562786794803,16.572568028970508,24.059861216247544,15.811346382776383,18.22880774648697,18.10802951874148,17.93665735975056,19.756149714589192,13.569414058031942,-4.162208115102059,16.605817388563228,16.71190760206878,24.78901489470932,17.161429818680254,28.086567515992865,-0.8311296422671725,99,,0.7067501858001756,64.25488885944445,-1.846955223751566,10.65512670648903,-3.220657083089712
611,611,17.286525025127844,16.924797118669254,24.75116727716537,16.66761438658549,19.058947557844053,19.020989757622257,18.585852526295135,20.469057165781628,14.165472088770343,-4.354472276678049,17.533338456345717,17.644399269442022,25.438334749254224,17.97449873925326,29.268498099043065,-0.9768472615282282,99,,0.7949615168701953,66.71307061406729,-2.4314562870319287,11.51530213698086,-1.9965198948936482
612,612,16.560979393971614,16.19285119546496,23.412967300150267,15.49284281359809,17.573786109949687,18.15327674331985,17.527622363163562,19.183779742957203,13.243072459683852,-3.9675722405874914,16.4641033552658,16.52980360395292,24.13047853101612,16.89691624843311,27.52764503820968,-0.8920468264158558,6,container,0.7648809344157862,62.89662748137811,-0.6856945577851921,9.80296009643852,-4.2739297332664705
613,613,19.078571765126053,18.853222455209696,27.0163418737636,17.790204884310125,20.3013176902912,20.688832532470222,20.08774253852772,22.16452413276365,15.54666795931843,-4.552624871011581,19.015917894554654,19.287954431628908,27.77080763132932,19.40561734957478,31.62177722716361,-0.8840666616288313,99,,0.7926541857703605,72.58125234061511,-1.8165783520023862,14.83077450946017,2.187803502008748
614,614,17.843930729179675,17.73417551810739,25.375552737209254,15.612498342804216,18.702585814274507,18.91989453187316,18.33539782843296,20.80000656925654,15.320119273360492,-4.4009113010945935,17.611442812829274,18.476720942811067,26.21730820744511,18.32041501122253,28.966942799593173,-0.7223277634940373,4,clothing,0.8600506519855643,67.7504634498216,-1.859943882725788,10.769875494782783,-2.588348732852534
615,615,17.763648476210236,17.5264414692731,25.67627352013417,16.08252819609648,19.16354183940468,19.11441449304712,18.836812848155827,21.04537164212374,15.363913338175603,-4.70306444437946,17.71627894209422,18.554350261189327,26.639966945826277,18.4968901342966,29.60977973850753,-1.027171284278835,22,sports equipment,0.8329379252407807,68.53440301169948,-1.6400795636432992,10.959464371655335,-2.282688690640649
616,616,19.68636635996172,19.600292034830613,28.420591277556365,17.720456682646656,21.213406425439523,21.69646996846716,21.323816152370497,23.316612920314483,15.86658376794962,-5.1937802296817255,19.41941312978612,20.69171071041854,29.4233623409432,20.57376394636161,32.75522426769588,-1.8957293634653016,99,,0.8298872198262442,75.90983230103386,-0.05019297566888348,17.466898932303323,5.31676203314141
617,617,23.00747929285168,22.68245534773224,32.22243020670149,20.265512860694614,23.307242859927968,24.501305004943017,23.66002527191091,26.151357024642795,18.899149023476323,-5.439445914708121,22.335981525095622,23.039035186954084,33.389917689128886,22.930330489813727,37.2420301939031,-0.9421764553328786,99,,0.7738843243326998,86.0894355464875,8.727119049083086,27.064989772748202,16.42205887370383
618,618,15.514578888159852,15.436851287834877,22.195431530517176,14.465850007275485,16.265555570942638,16.573614536683266,16.721867901769293,17.895579455331067,12.917282635517624,-3.914245967818789,15.168132447394054,16.06206037114306,22.96169285050123,15.379991865688142,25.84214868135528,-1.0063161006837222,10,food,0.7537450107572061,59.3085241434815,1.827492717037952,9.90602523393416,-4.702124090814003
619,619,17.086313294885574,17.262761782886162,24.42705569195738,15.34925715755745,17.997239311918854,18.44997938748505,18.21607733607837,19.90229174143643,13.635737017421532,-4.115281080551433,16.670061658496593,17.639648636644456,25.143312568254807,17.26328114848495,27.969236780302044,-1.2384953578961415,21,plant,0.6642099424561091,65.10420902508798,-1.6917892688646488,9.896813972390312,-3.8532183100999315
620,620,15.584666193537323,15.596730203987365,22.66297608900737,15.161533148523535,17.61015714146226,17.42312008527185,17.147820783256304,18.96104217557165,12.765848045100816,-3.9278483389737495,16.155132601247715,16.679738110788016,23.04307757245127,16.36761447827288,26.48785133665713,-1.0625901131651063,18,musical instrument,0.7716947083526181,61.200116648572624,-0.0034040851288095197,9.946172098700428,-4.381905448719477
621,621,12.93736311399034,12.677463065163275,19.04892116130014,11.98317530435564,14.118942600143551,14.080805956559946,14.073160514327077,15.484155129446028,10.922599182641385,-3.4647225598215248,12.800934785943335,12.88206164734465,19.931698680529184,13.476157761261875,21.976391878194505,-0.7036934430266771,1,animal,0.76666837466694,50.282893678227346,-1.2160197669505628,14.872211378398111,-1.0722851559675046
622,622,19.34765971194435,19.109354054221853,28.0282524365594,18.263465826792373,20.498062834915597,20.89275986615856,21.1607511141578,22.558229815041088,15.927008803476385,-4.963100732344765,18.9496138308146,19.413941147630297,29.157482763557105,19.262043973946582,32.70274194684197,-1.1746897632086912,99,,0.769851645183248,74.40709197985473,-0.9308939139201922,16.255775227188963,3.8831405376822925
623,623,19.363696144409893,19.392326394516623,27.572726152698607,17.475981711472702,19.839036229347325,20.78497141852002,20.797672398477257,22.19589787496328,15.402421333060175,-4.742172131043201,18.64026188697516,19.651971270231336,28.54500959970081,18.98445349802315,31.84321954224212,-1.3867252168759376,23,tool,0.798069199883355,73.31905182961485,0.19297549032860672,13.347502114952443,0.8137707104492691
624,624,19.742775843426223,19.96928540654925,28.216761189396653,17.514366659097597,20.01115583181182,20.80274001763379,21.111306570468795,22.573229935867804,16.029024610774425,-4.799872727342363,18.781351195914496,20.200987035150387,29.19408683009224,19.108473617890404,32.12777506686986,-1.2999424907823167,99,,0.796721822044239,74.65258654534347,-0.7486968626873658,16.501084224864456,4.164797796992261
625,625,17.274819411686355,17.29990269522062,24.603930565781127,15.268639951338251,17.60808098338929,18.349443659957664,18.267009041585684,19.85196181434908,13.636537185577502,-4.084803341471138,16.454765327416894,16.971794667304934,25.47869311518716,16.94839721002924,28.064878168348407,-0.8660462545465908,19,office supply,0.7625245292864783,64.97174057842918,-2.0768945616498717,9.974365666303349,-3.7952800758489467
626,626,15.795024247846571,15.579674655389264,22.471051510230733,14.600226671973113,16.99145061108669,17.16671433287187,16.83788399423341,18.41580035197329,12.8680115965257,-4.045898254953174,15.622776983155353,16.340104442340323,23.17153875852447,16.2915088037206,26.297009917794146,-1.2536715910645624,10,food,0.7924019286912979,60.38485522460296,2.613186859803669,9.50530614728351,-4.943480123280416
627,627,15.88099440248168,15.42799558699939,22.403112269815576,14.96434667775608,16.90095345364096,17.212839330205863,16.812561091642046,18.299527181452376,12.6099201314366,-3.914049638040574,15.603859952324193,15.50794388994028,23.19430259088579,16.11014021867824,26.557180900363942,-0.8615106251492439,9,electronic device,0.70936981289998,60.09826474165288,-2.3968735274583777,10.188021699307154,-4.303197550722045
628,628,15.206961320884323,15.030313857926012,21.580952362574127,13.285360538207854,15.6264441962256,16.144518711812534,15.517636701215675,17.59396030862878,13.33798231767651,-3.684928807484207,15.06652904218435,15.71329014048784,22.35731993794058,15.484533708290902,24.640954445270207,-0.3564282493207956,3,body part,0.850340631818451,57.61782761804967,-2.5811780903400887,10.884435752714985,-3.974040415434155
629,629,16.762106445503434,16.7017293995494,24.23131804475017,15.526944934780609,18.46006770994236,18.34027031807117,18.179152623898183,20.02711764108179,13.963903737403978,-4.4980075800219455,16.852245939519772,18.00607304989389,24.94076818093521,17.564304208990844,28.15688382262241,-1.4708547183535197,22,sports equipment,0.80228106904563,65.13330080738072,-0.3292505919809967,9.96930401850661,-3.776420894848661
630,630,22.369595900751303,22.50764037964175,31.94123782456676,19.79909147353139,23.866413729508512,24.171697349076457,23.636939173261688,26.28235411076595,18.39709518302221,-5.678250960805968,22.07625837375069,23.831175082879923,32.83022240515899,23.16205146338519,36.579435221019445,-1.824592851675072,22,sports equipment,0.808904458025928,85.59432410637594,8.334428476405307,24.32613913991676,13.60990136286648
631,631,20.33878154315496,20.243998112357023,28.976471226805803,18.04008242706105,21.00506500217768,21.84814119010041,21.25989107363036,23.562100139120933,16.77832153973512,-4.797000150332368,19.906497095195952,20.584666245241596,29.93874575312816,20.49036751910736,33.071557496515055,-0.861958445184816,6,container,0.8197003927347316,77.03975860577272,0.8452406949144535,16.422491216804968,4.439652754048584
632,632,18.789048996471006,18.718229728807845,27.044120084468577,16.777167306941777,19.509434252630427,20.08033251620668,19.791600985100025,21.91496347936438,16.249181599368285,-4.639163435131399,18.54378592015788,19.527488405820293,28.02147155173895,18.9646477898855,30.821719423040083,-0.7484485316647036,99,,0.8565091855528313,71.88897370723153,-1.957661641195224,14.423036589070938,1.6775658589063625
633,633,19.250643746399625,19.00986162798845,27.52196766309334,17.558249477409838,20.23623390688627,20.664065428014123,20.159071913247708,22.511658752368987,16.38126289201703,-4.633524603895613,19.20508016130294,19.60069919048001,28.39683202058164,19.501497283731062,31.702948374969,-0.5200845180694217,12,furniture,0.8157273433807527,73.46157213955208,0.6032548988816799,13.41244802871312,0.899818376517624
634,634,15.094716235351646,14.690485882504596,21.696248087069712,14.783111252977353,16.70267251395397,16.61124439864053,16.412851914235226,17.90196253940398,12.660817465450434,-3.957675150513471,15.422224166611898,15.64157581051065,22.350003259452357,15.624347870307613,25.854655118218183,-0.92234942786158,23,tool,0.7944118193771148,58.61475157870408,-1.8664550067024415,10.459986306412455,-4.250883934577358
635,635,14.983354055353342,14.746409546225207,21.77222912558657,14.75096437519882,16.67481073942748,16.141420246732885,16.599663981670993,17.735469875376825,12.652432227318716,-4.148195991889947,15.006327496966184,15.629804947463914,22.49927949245387,15.230561766482388,25.878402411972576,-1.20724399288172,26,vehicle,0.7828844799851534,58.4402149012664,-2.4773645214680666,10.608586812369802,-4.1281255681544895
636,636,16.9460432272344,16.811845579107768,24.87278073760049,15.672365398249797,18.13282091301226,18.44675651453749,18.54511127081157,20.136237599056397,14.081329975520024,-4.337546332148599,16.689344972385737,17.079048334921062,25.86617798398342,17.226561998450087,28.50125150636421,-0.9416998992798424,99,,0.789064985108101,65.64252799588466,-2.263827573143768,11.113125689773032,-2.5572023485341973
637,637,16.166407806103532,15.958547753862334,23.292686126293937,15.543492282825106,17.649691860343207,17.921913365446557,17.561043466724207,19.22905040632957,13.05251648258968,-3.94836643912421,16.389624381795738,16.450621673660745,23.889442218816622,16.61887089813242,27.292718299779523,-0.8324727342152578,19,office supply,0.7804675885163691,62.505492319644546,-2.0360669114634122,9.799215500715164,-4.33558633679672
638,638,9.181660154953962,9.083878832348384,13.3272066466207,8.403102167925748,9.769558525831997,10.103687095910267,9.901102758351156,10.84456966922498,7.31671681711981,-2.2379188238705363,9.018456909230611,9.004511102633675,13.826236276586812,9.420207759157345,15.299918097626575,-0.4817106366190171,1,animal,0.8286589878381215,35.218359064460614,-0.5547790087871078,28.345170433889756,10.170198269839052
639,639,18.36942010159852,18.429289013499147,26.53808375728769,17.19305288177037,19.285982806141995,19.812540815394318,20.0289820558974,21.432497021555395,14.904925567044716,-4.41899661178336,18.01281197713276,18.69252157718252,27.338999775690286,18.05754050056859,30.56300132070802,-1.0052335319265446,13,home decor,0.7575586676196434,70.46218990804525,-2.2507952443030863,11.667971864834868,-1.2887504289861287
640,640,15.43027839987404,15.06440716347096,22.091573784146803,14.691154060598206,16.372779918873313,16.41310426555283,16.613580875378048,17.83516506692193,12.634489795506418,-3.932050695549625,15.029819153808896,15.037760086012533,22.970728690006904,15.274037009611227,26.04608322590225,-0.7155258782075207,9,electronic device,0.7320711030755961,58.781247135150544,-2.06984032044297,10.517290762724642,-4.168927918119044
641,641,10.392111848134222,10.195792402409886,14.966845733948972,9.91447104862456,11.491151207021009,11.146968390681597,11.179744962639358,12.279713728304069,9.030537390389926,-2.8433097239552265,10.446229905007089,11.01728821878138,15.430331817751211,10.794973611023002,17.628451552961955,-0.7476704367439906,10,food,0.8272889249883458,40.305922895955185,-0.0795230616510274,23.747277558704464,6.32557706427745
642,642,14.39448662405091,14.48436710533192,20.83443887935112,13.87073560181114,16.2835496842882,16.03284430369582,15.777838857866206,17.478869154031777,11.542344915140797,-3.602222500143589,14.819787053741727,15.3858294479776,21.133627247929017,15.111775745180005,24.31607692686329,-1.1069050495832062,18,musical instrument,0.8360521613146851,56.29660920282936,3.7205178152929888,11.262246891666697,-3.7918506847898055
643,643,19.18020920869972,19.09183539540451,27.280233596239217,17.036202704319656,20.20422961610163,20.995166354264363,20.36937413396273,22.426892227407706,15.162751641178575,-4.742390590588342,18.822449904121388,19.770061351406685,28.14230961574358,19.705701126021296,31.398035030271757,-1.4957384029838687,22,sports equipment,0.8144565303407888,72.96050710145141,-1.412240900902444,13.275323757325262,0.6885057292506058
644,644,11.405094420235187,11.246757322513895,16.530822662209125,10.45659185349047,12.18865535765853,12.346816978956006,12.230349114370286,13.413662114095198,9.291202905199452,-2.89713403021668,11.14769804942174,11.15757269687539,17.24657961116793,11.677442895853194,19.123168706294784,-0.58126406317732,1,animal,0.8016633421475649,43.71059442952149,-2.941432450861365,20.305260011527746,3.387659847937531
645,645,12.79331720196492,12.719350140790173,18.16290247837096,11.622815899716356,13.714264523903598,13.624677991975092,13.501301556374084,14.838985786719276,10.523575007638412,-3.3485244616970773,12.483530690209903,13.243989458932491,18.7821852501634,13.130342514921225,21.201361934059456,-1.0196456944587735,10,food,0.773721767877961,48.70929868811498,-2.8941586644503463,16.5750374467879,0.3975522827415041
646,646,11.418799922266777,11.408048625554748,16.283021683992796,10.53948867786864,12.359380268146682,12.10205352760152,12.099409407952855,13.334974162387407,9.62807799589176,-2.962760556369149,11.268105237389628,12.053032330974036,16.721545919997094,11.67289815697446,18.94343288851976,-0.8354915700703898,7,dessert,0.807044073355049,43.743743826595164,-2.258333939612797,19.293034658449223,2.380342639996396
647,647,9.60558141055038,9.47449308700987,13.894957249693658,9.088024197456852,10.573916379256888,10.187436478333352,10.37057712798669,11.344786794029046,8.383165310558336,-2.658590657724833,9.553441041843692,10.184198822971132,14.348699157506742,9.880878344224408,16.25920293044919,-0.7081289265587785,7,dessert,0.8600748064444707,37.25260709088547,2.506413804054972,24.93922354535891,7.065444930528717
648,648,19.993449802222628,20.161857999220576,28.915713753251616,18.409976177739505,21.095190020263672,21.22947065731098,21.6770003961651,23.252957667774872,16.64666746560144,-5.0933129596770526,19.40210935432009,20.73185110750927,29.926752187481583,19.837816545098853,33.27168722287229,-1.3959204058418195,99,,0.8086147895244608,76.76255271551601,0.506320057412502,18.19790868572029,6.174026739147438
649,649,16.811276911670806,16.539519325981868,23.582976381538376,15.165609292616198,17.52295738302165,18.511634603108316,17.729511642437554,19.295119657382337,13.00244154550686,-4.07772116219986,16.447898611832375,16.940980232437653,24.372371275829096,17.18730074983209,27.615780190848053,-1.3330441246970852,16,kitchen tool,0.7738879915548723,63.37138980305627,-1.588039159702702,9.798777664156125,-4.207818205891584
650,650,17.135277636478236,17.125405390349624,24.20085130795152,15.181823306669637,17.521605387994203,18.40740295968463,17.788011220624547,19.736477702864786,13.913145873751636,-3.831271409357621,16.800516613133343,17.36396150871527,24.854492150581244,17.075086746556174,27.578847778030305,-0.6354396288142508,4,clothing,0.8033125911816543,64.5338036483604,-2.6257118941392754,10.018316521881095,-3.816170762004912
651,651,19.271593927337044,19.08170659261765,27.379951033824344,18.460413630032537,20.617976432512016,21.06660273047172,20.97625995378199,22.19543956921373,15.254833494466869,-4.845058637489659,18.98442861088194,19.795313596341167,28.173999766235703,19.38237674504557,32.44600455402588,-1.734561535999566,99,,0.7469533515265224,73.6866334019913,-1.269409064665803,15.703342659458192,3.2240358860589726
652,652,16.59472058692336,16.434884267854297,23.39270430118136,15.169237106230476,17.418108808108762,18.074628867055846,17.55784363097469,19.136521252974863,13.11933365950267,-4.010821456070831,16.32793898824394,16.855930834493122,24.10237477728272,16.789630588230917,27.3477427324976,-1.141849303191119,99,,0.7916561045158382,62.82701372148032,-1.2671022354904729,10.329770869636192,-3.757426068713288
653,653,15.094746715192558,14.716040598131244,21.83577473208169,15.15707686902078,16.63876041539575,16.50934212945042,16.585437959169006,17.83027032114238,13.345523865305893,-3.99942084213188,15.599301115400896,16.132201007308222,22.464912645602865,15.37411843603892,26.08917669784628,-0.845934743615583,99,,0.8370549515045664,59.12453013336823,1.165694326943843,10.291244936303748,-4.344146793609102
654,654,19.99399680683934,20.3760455470335,28.807220915641047,17.810102373985277,20.969341182949368,21.34965934837804,21.558764045613767,23.399265596045357,15.899434023608547,-4.906706004580334,19.258806965166155,20.658370128105968,29.618749886838145,19.88950173218296,32.66167838640803,-1.511271191202988,99,,0.6790460555704461,76.29963327870853,0.2272528104764735,17.829402521023788,5.7369800885494975
655,655,17.339651737200427,17.65801444578538,25.082666423238337,15.817244071212048,18.239907593091782,18.261753224202952,18.87961775188436,20.117222857472758,14.423146373426505,-4.494463615599836,16.675943479629517,18.324717978631767,25.910948222466786,17.084482200544066,28.73458343581842,-1.458794857419345,99,,0.7812158923842434,66.57784778320931,-2.42812201324955,11.49596944580736,-2.0358738636265734
656,656,14.488086007198971,14.278338183952828,20.83466868338781,13.72539716691622,15.776270714568213,15.37449094654905,15.657239181264051,16.936575327005222,12.314832985838423,-3.9703703353965416,14.295361859030589,15.042246381111209,21.620840002486727,14.705923850911732,24.58996977943084,-1.0821488671597537,26,vehicle,0.7518792995622265,55.84813477143214,-2.1410791833769114,11.533428796159964,-3.5870705189107692
657,657,18.361501233229173,18.225867892579743,26.721935400301945,17.495009630383304,20.05372985884418,20.073845488729937,20.108317336838223,21.81776008526409,15.220321845148378,-4.708058391452935,18.383801576063203,18.930672666865043,27.54311191309029,18.78542163093009,31.09270441751133,-1.204774082554939,99,,0.7783303713736467,71.30018351622313,-2.239474820145829,13.94946633754398,1.1168185251984717
658,658,15.88561824551578,15.640414823623816,22.51557035436804,14.701760867355135,16.821791215373555,16.94582151798465,16.751885451889734,18.311513364791512,13.240717975263903,-4.020793922156845,15.613605444589648,16.193272992032842,23.316890638262,16.06256160523198,26.412984882711697,-0.9182631356340514,10,food,0.8030209584554004,60.392933269309665,2.6165950518436016,9.503127521553042,-4.944462702646643
659,659,20.47021879151784,20.47483349016513,28.651227407664106,17.903156822864588,20.85497299783613,22.106728293912056,20.95914899119937,23.51270620485992,16.462273359553137,-4.437174540079908,20.15886488654513,20.85085992290175,29.320774219763543,20.567215810432128,32.621746474041394,-0.7533140319773809,4,clothing,0.8444900514774311,76.72663220859906,4.093911667011289,16.023053262706902,3.9938528766775168
660,660,23.29969206599032,22.928009537929544,32.82900463609715,21.484902509572823,24.35990901224391,25.03229247143264,24.45360311820804,26.672490465357235,19.079700594985088,-5.676989545281324,22.885707715168948,23.500044040366028,33.92571214325377,23.430412130821583,38.51526481279615,-1.2653428691391693,99,,0.8492385885758801,88.09404041462373,10.671224600888241,29.039725508659814,18.693599152215775
661,661,16.562958213128155,16.594348535295694,23.68707260069937,15.577237000423755,17.982824591591335,18.129643370653888,17.95993758772894,19.47970627113396,13.02098210053026,-4.098553922709134,16.44517193545418,17.140808965142902,24.24723529851888,16.88705301375006,27.655476482665584,-1.3601988374874616,20,part of car,0.750683809163673,63.608486252624196,-2.448721648906309,9.772889016895789,-4.198602028064071
662,662,18.42493468134024,18.36556668120161,27.048314798754426,17.93645768743945,19.91971104091748,19.803651851240502,20.63040077260466,21.813682772778314,15.93522503605167,-4.944492484193101,18.43554173949963,19.554938082677936,27.96535279183455,18.19870930431851,31.58847726158712,-1.2267835360334762,99,,0.7718650547316175,72.13345253349131,-1.8792991166286388,14.59215598877435,1.8828831285026908
663,663,17.71062406151467,17.436502809764708,25.28283334331684,16.647480194472962,19.084729164642173,19.539480084687103,19.141207908902945,20.7897245539883,13.978127873936254,-4.456273836120978,17.60779359624643,17.977262195135804,26.08399259811976,18.18781563727882,29.72224331696001,-1.2779767478833557,99,,0.7018113094332609,67.8786579615918,-2.6081218573351146,12.015688878130598,-1.323554694496531
664,664,21.525320784141005,21.362108793958868,29.92827517241016,18.66124703221912,20.85433794155027,22.681432844415628,22.147497730965963,23.888771415227083,17.04309408563797,-4.782988827423044,20.299608282815445,20.908539646745904,31.09260113365397,20.54188400626822,34.360948431837265,-0.8122794690540155,17,medical equipment,0.8235122761518783,79.39454512051383,0.15128557700630907,18.314781126545565,6.68059558065004
665,665,18.529138923462003,18.292956633667917,26.753172190641926,17.83743426802439,20.07757217103984,20.719272932935976,20.277285262327258,22.03442345465824,15.069216494142664,-4.524301138478896,18.89877983109588,19.164789450013775,27.447442747005887,18.971750843161704,31.323420367589183,-1.0312745708948323,23,tool,0.8055438971597509,71.8770795078165,-0.8483892223877092,12.474746754988065,-0.2724850466340776
666,666,9.492954841211732,9.321757202395814,13.711568384532065,8.80182155515539,10.098725513978822,10.450708052557063,10.23242543795562,11.156030576345447,7.5573760649169825,-2.3214895594553098,9.3438136466733,9.252817758847948,14.235116709563876,9.707671167397356,15.891003325467905,-0.4846997672843766,1,animal,0.7967075137775393,36.34439307539334,-1.2043733215608885,27.236957156276844,9.228707130279233
667,667,14.450978207279192,14.493680275708895,20.972606118636406,13.745569075968811,15.807136061779664,15.650963954654523,15.941210599802288,17.12998249716286,11.775487531817816,-3.79947197896886,14.32521891424813,15.117567221957572,21.611719819391944,14.641539310266332,24.47377143790474,-1.1860680517279192,99,,0.7887047262567832,56.071226112612294,3.427842238498421,10.65103900763201,-4.436429097882382
668,668,15.033051395285828,14.76342496598642,21.703190294765108,14.344985383978951,16.567261390179503,16.021943264630647,16.205431817268195,17.793294095490275,12.65806224209965,-4.019695304397399,14.939723576988875,15.2421809171626,22.4628299246221,15.39024577974038,25.53218518517547,-0.8297253850012997,20,part of car,0.8188918172677914,58.03132959592776,-2.2187187580009553,10.596719038198048,-4.20053346070871
669,669,18.070584672484543,17.768032116140386,25.447808886061576,16.20523892859067,18.68507236917636,20.05780380146384,19.056447256003,20.81295214156157,14.008122461546492,-4.181345379465418,17.769608938544316,18.17849970959621,26.283860074966046,18.45991813651245,29.47130279849666,-1.234375342338728,99,,0.7649146479285853,68.19819367995038,-2.5605017796503686,12.226124620496984,-1.0658080559832825
670,670,17.859747272818527,18.34933398424333,25.61910682926151,15.90130546634864,18.95350920607148,19.510766875204503,19.13627183922595,21.07744888062136,14.049026569108351,-4.1283983005057525,17.616811491748386,19.035667508278568,26.060092806387846,18.179862454113938,28.89341339564714,-1.4310244508146193,99,,0.7939517630066412,68.42131253379229,-2.4980062658104663,12.383287760193303,-0.8756096331682368
671,671,15.87631863566462,15.71139876809875,22.888141833684188,15.497829748763708,17.676520641918486,16.884852863700143,17.356176028322892,18.644382450672207,13.369240624826748,-4.385783878172748,15.76581211736751,16.55568967635702,23.623996450933173,16.158569803865692,27.24909575522384,-1.328759217354987,9,electronic device,0.7410465686701246,61.547375131049584,-2.3414312267314052,9.995083466273126,-4.2815785145710645
672,672,20.518574983683635,20.659323227493925,29.02961382140189,18.036171984384648,21.123792874010054,21.987272191547408,21.510294309191973,23.64006734823487,16.057686215753584,-4.725562372262961,19.767498973995068,20.64303092466845,29.835814474618203,20.46090777283236,33.055656195102046,-1.22669841427482,99,,0.7877529313504924,77.1640242373404,0.8362293187879111,18.569614163245927,6.605174640113329
673,673,15.240394072561047,15.058352228885392,21.8236282148476,14.321015601000433,16.303352383536502,16.300334733840888,16.284490939054592,17.74391835955403,12.95792476358466,-3.921519385047484,15.124666723762935,15.775558367721104,22.562658800287057,15.410930708020087,25.561461057002468,-0.8613217440249551,10,food,0.8341602213374313,58.49701531560638,1.2471235145059385,10.24317375957481,-4.485128673799467
674,674,16.003413285272348,15.848494639478853,22.719239042924112,14.366628877215028,16.952206860010104,17.344102049363403,16.8409460293774,18.65933879165344,13.079489395892915,-4.004347524068081,15.792838134677169,16.568997669843192,23.419116088866826,16.484515268349284,26.277034557770957,-1.1029398368149028,10,food,0.8552100826632877,60.90434884470383,3.0222281360799155,9.367333005866747,-5.004536327724365
675,675,11.426194719602094,11.230709745359604,16.587847310804072,10.715889313288224,12.160079660482534,12.637346828252848,12.402542908681593,13.494732372118335,9.345517140618435,-2.80115485559434,11.404912266259537,11.39382040154586,17.19612122387475,11.65273113983161,19.217651103334457,-0.5194536524962179,1,animal,0.8277390846830834,44.056300178069435,-2.910138186617636,19.98742130077851,3.1210068038516106
676,676,16.12152421719161,16.27315454648622,22.902160505351343,13.665757724240915,16.722877913401078,17.307449881941366,16.438349557442802,18.87453010999829,13.57950585141298,-3.7338603604564655,15.961545242860398,16.987530741161464,23.478844299143727,16.67008388761268,25.640878039224926,-0.6823169118400458,99,,0.8535576872921665,61.11136253875669,-0.07891222553791089,10.335913404093256,-4.0053051983976715
677,677,16.809744394427334,16.42725792408973,23.689218821968996,15.262012892891404,17.356422832396632,18.474370691641614,17.73094417736269,19.305389661840707,13.186539431948097,-3.944191927531731,16.47626378062281,16.623891529665578,24.52410602040558,16.99170599757844,27.58972604406228,-0.9548924856209754,6,container,0.7572302811419375,63.36289891461895,-0.9565222949981127,9.853469665427726,-4.154383377192477
678,678,20.185480260701063,20.01978027718533,28.64256419556994,18.26882083679196,21.362534149695644,21.98833067993853,20.97384718397314,23.67745856298787,16.503508898258808,-4.602321767446597,20.213855857402905,20.503848246216617,29.33654037580581,20.775624274921807,32.87105880089581,-0.667500465626333,5,clothing accessory,0.7608900714428164,76.71993163192361,-0.7127929750901885,15.84380597658114,3.813613493991017
679,679,20.034377215517004,19.97360264800484,28.99392452124474,18.701902376247656,21.745396931151287,22.39897786352197,21.940507040278003,23.909393882897437,15.797844834297054,-4.96466604892144,20.09274776632696,20.7603546335576,29.778039721057574,20.737786059078346,33.53499728009071,-1.5450536676511493,13,home decor,0.765314137712039,77.5500718514901,-0.5161331937097575,16.666741570099685,4.759460785510003
680,680,20.678622570941947,20.47801987140505,29.47599815513425,19.04779913952941,21.882121412517115,22.2211594844624,21.820540212194235,24.05202657955324,17.574363180779482,-5.1465348976008976,20.612068416969716,21.527641708222237,30.38856868346073,20.986971216862504,34.260034603874104,-1.042536062981477,4,clothing,0.8019675676084274,79.07564646528691,6.220717213462082,17.955157909865637,6.273755792263145
681,681,20.34653913855299,20.45288355903974,28.78353958718975,17.869807235524274,20.7210249152037,21.91734356148829,21.55744617252476,23.229472125303054,15.936390602840111,-4.910577235781129,19.45691284060973,20.711183143042213,29.75424341944972,20.2189794047535,33.02533685300694,-1.6215096387547732,19,office supply,0.8125601113219408,76.58399849706993,4.920084751469357,15.76052852512821,3.7102095963961155
682,682,16.493308774550613,16.461010462370943,24.042892435962475,15.287760423961284,18.37541676990993,17.691784759301065,17.96773923436998,19.792738903077197,14.062359921751929,-4.643387897241745,16.436972910767906,17.715128226155727,24.835822208997147,17.235039879415478,27.887971004420447,-1.48883829283978,26,vehicle,0.7798769237049159,64.34397159196968,-0.7139414696613855,9.881682356952982,-3.9809117212262652
683,683,16.09653008073242,16.025744513025057,23.73980700229964,15.43650262169923,17.862959967514225,17.348537944410165,17.889207887118676,19.355795593884466,14.25612081598698,-4.53782797105859,16.263929569510225,17.513414813071837,24.548511363118852,16.537682133469207,27.619530114880646,-1.2593411933209138,22,sports equipment,0.7899622022536016,63.48391831054624,0.8555780290055379,9.870006436387538,-4.119928308704354
684,684,10.313012255740473,10.11408262338706,14.627774210800132,9.15376662912114,10.58359970106709,11.24616654991964,10.762866808666132,11.888223402298484,8.115257927881473,-2.3751294125279747,10.011396340555304,9.895988018922454,15.19793220423171,10.443185717546315,16.817243437200826,-0.3976362202231226,1,animal,0.8132787507386353,38.764784832014485,-2.1738955900472643,24.90059990022247,7.250716393061797
685,685,15.72971142389214,15.57260985032446,22.402628897460243,14.862439444628826,16.99536593543525,17.477784045216268,16.928813598641167,18.50194135775135,12.406410150858507,-3.7588792712265127,15.83999732110879,16.14638527367861,22.9271358501642,16.17022408805006,26.238418027998865,-1.0635834165484066,6,container,0.7539217637384582,60.34264550136467,1.042068172207868,10.00139519985933,-4.453640700144376
686,686,18.9865538849624,18.856254556507785,27.044988055431027,16.644426184127592,20.073662917074078,20.46038418440669,19.67451325958629,22.27421727906767,15.92718601527507,-4.666917386704746,18.81481754729293,19.70936660019433,27.89135264905176,19.73378725410816,30.864488256689008,-1.0051867384093174,22,sports equipment,0.811686659448342,72.28528047600226,-1.5732393877544082,12.886492596908553,0.1996995897726439
687,687,18.615390783715757,18.836933628173277,27.02396969848561,17.57079095460643,20.079439781503712,20.29056183075833,20.522863635925837,21.985908526878003,15.277972642135126,-4.693756208523411,18.51837238997264,19.874085980175835,27.71918019154436,18.757430279543,31.207119207876943,-1.526426402886642,99,,0.840740819110524,72.26035938124738,-1.9523024303980483,14.615056904675946,1.9245740461147545
688,688,13.333684969762173,13.262991530684593,19.75701423749681,12.09664776804052,14.620036391742063,14.617166824348931,14.660211581586072,16.10905680501927,11.010549577600628,-3.589843452707313,13.115317471367009,13.599911992334778,20.569040270039,13.99957732597522,22.461793107823425,-1.0458017572945204,1,animal,0.75688932376994,52.0227536475311,-0.30834018740987545,13.626155645532272,-2.0607348385906583
689,689,14.40069209733154,14.187801971396288,20.93345131398079,13.760739917589092,16.256399593017488,15.24167224194259,15.703700760902768,17.217516338569446,12.598284181703656,-4.216714098681419,14.433768268166896,15.410742395239453,21.6903072867568,14.976234592336322,24.73649268993686,-1.2388162238217266,26,vehicle,0.7732968454434185,56.29085815183558,-2.253194584842598,11.438384906113763,-3.616564178830428
690,690,15.310756240537645,15.048410741573264,22.17994520649953,14.8194714952741,17.171888127281562,16.9636996729204,16.81871417907827,18.415288297679652,12.9387056917299,-4.187465988709776,15.752368441223767,16.476372855262497,22.81817408198017,16.104248762131736,26.26797754315557,-1.2554171720122085,22,sports equipment,0.7760507980055628,60.0191259869133,3.7984804062829474,10.03776619839691,-4.465170444059993
691,691,17.922143499003774,17.762401775991407,26.37554435037868,16.895243399564443,19.981163006834617,19.582919294724277,19.655422405234773,21.702954509348448,15.515665565206156,-4.8871673467366366,18.18806372473904,19.09060903344056,27.249950959152837,18.80868420350628,30.50119866534717,-1.2527359497620671,26,vehicle,0.7556833044531569,70.42977585182135,3.5791801394916387,11.575299675613733,-1.3862218877711943
692,692,15.48416489636641,15.410595092905853,22.36167109795548,15.01628395667652,17.31726079648118,17.457780543624487,17.095336406213008,18.68150371577708,12.204437010569595,-3.877867696204069,15.905051517719722,16.326654044098323,22.796363861808448,16.18617212324553,26.28851681765082,-1.2361628658310295,18,musical instrument,0.7223080586252307,60.43078929431668,0.4410816625453089,10.091225159764411,-4.350760049519131
693,693,8.712415467185542,8.55723912893666,12.817711351419591,8.083364553503184,9.477651192099083,9.642969713769052,9.531827476550673,10.45037299063226,7.081996767653782,-2.238581933386926,8.628869833351796,8.573620264736114,13.349331767228048,9.080878373831451,14.739185713350013,-0.4942631610822789,1,animal,0.7105738138893627,33.80799822893273,0.4645831027523215,29.743713520291763,11.35992139907939
694,694,10.563281700384234,10.495290824957612,15.136861945603256,9.4588305546509,11.008269801254707,11.541572082635332,11.231181344200474,12.28808723946714,8.280210797206642,-2.5211120567586063,10.24345503662828,10.33767849874393,15.70506789359378,10.724882804913996,17.37772331851364,-0.5952449813273503,1,animal,0.7975147743644271,40.06516628660158,-2.5176735075390653,23.660973974175594,6.203626726389327
695,695,8.750479600432179,8.638834905513463,12.579063874136498,7.881944503166599,9.139321937974191,9.586071347493853,9.258106934385864,10.231317888448045,6.989496521296891,-2.0518510451984477,8.57587388768616,8.496952960289939,13.05362913055387,8.927875260149502,14.41147239786009,-0.327609839589742,1,animal,0.8619434268022201,33.2652197997985,0.8824362852569223,30.2787315167352,11.814574877829973
696,696,13.585712719247525,13.535292024879928,19.48000275672606,12.5387605984697,14.628164266729003,14.350568393311834,14.500452282582,15.819068045013667,11.46541702487234,-3.630720076217417,13.271958563513644,14.1209990809699,20.192464751743568,13.816848229411594,22.73307800470246,-0.9974388925511216,13,home decor,0.7816792007609799,52.08469857844138,9.546626680275974,13.118370821669728,-2.559348011133043
697,697,16.607675010125007,16.839123230776845,24.13040785895765,15.11431711118908,17.718010786128776,17.788076547625757,18.10271776854436,19.586744688632187,13.734205731628938,-4.283537021981612,16.231979918435258,17.578205355435106,24.85614351928148,16.70098335496272,27.5429096307822,-1.3426165668114904,99,,0.7634550970313169,64.10193507161931,-1.791865986514507,10.626246405885261,-3.272183931028586
698,698,16.543066168192308,16.63699351086012,23.917659529744,15.4814855188926,17.540249744723123,17.45046994268531,17.971335997885607,19.22197276748973,14.087987876495596,-4.303260608640431,16.149787935591355,17.351593786634304,24.734525885813063,16.340828975366776,27.714057989082267,-1.1105161412064612,10,food,0.8182594135869802,63.6985519607779,5.402427397831795,8.906960136926985,-5.051195655915391
699,699,16.93639531713263,16.937692592219175,24.482299200522743,16.28502272900507,18.82104098953114,18.89559251204552,18.53079610604016,20.39266655766189,13.39821905372595,-4.102934827231814,17.273109862113543,17.591958034547513,24.927410324489088,17.578573002843118,28.51876330138642,-1.0961590634928304,99,,0.7968117421837161,65.83614171086305,-2.210812756481161,11.229028799810395,-2.412632526653148
700,700,16.583056240372724,16.77950598959765,23.941921458778147,15.320492103213097,17.075093283325707,17.60956182205201,18.13193527555775,19.112646974388166,13.707960180388149,-4.081355397609689,16.012441780099536,17.257677563374678,24.76074832082426,16.00225419256646,27.45661686099501,-1.08663612048359,99,,0.7057518818863119,63.49869687317343,-1.5191626784058307,10.534263879923728,-3.4534827309425236
701,701,12.277242120648038,12.250727473671272,17.683689183220967,11.554719686385,13.169741514356993,12.86083364344084,13.205600290695706,14.268964954264662,10.660676371615246,-3.261927242928995,12.048044127693906,12.903344857088635,18.297749659380763,12.267226509138773,20.63036485447444,-0.779899341577807,10,food,0.7595822448839137,47.2717599607359,-2.7837270466631656,17.751514359561256,1.3611852424585607
702,702,13.448771808331442,13.300092879051542,19.14766971208629,12.427187414422985,14.41433320402142,14.259577251391368,14.177664883314032,15.590821768292663,11.218544224419976,-3.459668769106945,13.178162388968518,13.63842034575604,19.84317114113465,13.68855782236055,22.425025096991583,-0.7906254950624058,10,food,0.7858128472442069,51.23734559050265,-2.5956780066398677,14.653260949376897,-1.1499181274888421
703,703,14.589508363702004,14.461105745534248,20.735684558238734,13.342442355008396,15.679441473940813,15.853301070517398,15.542980954513986,17.009454924176428,11.777909204186606,-3.781727323329813,14.359331177442828,15.174721610700637,21.40420969538703,15.09828302177245,24.236843716051823,-1.2660603722880412,10,food,0.8049596330793156,55.72851995693645,-0.5333305790239145,11.68484248587618,-3.4533671624721656
704,704,16.425278153060923,16.36642068416136,23.82878564981045,15.629179688163834,17.641603438122242,17.619353199111348,17.870823003202588,19.26701313363044,13.957321515829465,-4.208748102324838,16.30353498543525,16.978442009456817,24.6456502580166,16.46430630731923,27.752788008701817,-0.9063825758795776,21,plant,0.7097087350839696,63.52940160136492,-2.061007077485881,9.750330182776189,-4.2328702439759756
705,705,15.35549109412916,15.43316566938655,22.073186717106044,14.23178510640918,16.068081432312127,16.020913518223114,16.494512951637624,17.657318136226575,13.017576052329783,-3.933184918141783,14.831505091619668,15.773549570490356,22.92112564584557,15.005495981619603,25.60910713492969,-0.8819457889005858,21,plant,0.7720608757222485,58.66454960808859,-1.0875826170258058,10.438958241750527,-4.264538834797353
706,706,12.172121900699471,11.873821938536407,17.90935904517771,11.443510681465176,13.334006368803184,13.253253522601804,13.287241565739423,14.53727391526041,10.253387195437275,-3.289515458562893,12.057747811710913,12.000584305896378,18.779981003188844,12.64865229089979,20.846092985696664,-0.6483514386763352,1,animal,0.7626091965373095,47.33094871853171,-2.308964439079098,17.210448580781776,0.8288830322326213
707,707,12.378816712952862,12.532264508141491,18.00530418372312,11.657830412069512,12.614062963238563,12.80879032281395,13.742646315034104,14.173225215292172,10.350531597387375,-3.120355149490436,11.754469747976854,12.584890802553524,18.699656957312342,11.429332215445122,20.718476641487097,-0.6853155354117071,99,,0.7289902263510963,47.39623831903406,11.599660716633611,14.554636123035687,-1.8172625578321213
708,708,14.336165421037308,14.133524981354396,20.55265027791715,13.79375842102282,15.194302352378502,15.240789678593806,15.607810949874382,16.564753639968316,11.992025823200011,-3.700347972077058,14.101441231607977,14.58566465420787,21.29039492548496,14.029514629181238,24.280915696819378,-0.8225000515365104,16,kitchen tool,0.8629256503373961,54.96798272412476,2.907869329888353,11.779288552128905,-3.4715272806616984
709,709,14.42331952021004,14.61048660676379,20.93876519373919,13.53325555388382,14.973230191651268,15.051690819631808,15.833857794473507,16.613389623069068,12.26108099043281,-3.686080842956293,13.88569935947327,14.995800139664174,21.71076170185497,13.786513612627568,24.14116039188272,-0.8776525484553824,99,,0.755371877287646,55.439257626335184,4.0334726115450845,10.910253645740738,-4.270784579495899
710,710,15.44582182903631,15.51038558367202,22.4905320438188,14.861717401107713,16.551159631591624,16.66655242398745,16.99552732747267,18.187367319362465,13.116608562445808,-3.856089737298408,15.445110849360065,16.231120549280075,23.119733100779893,15.311506024004547,26.0742791033971,-0.8369689452314188,99,,0.7858260597656144,60.00517405175392,0.3815347067684485,10.112598642311646,-4.392403742775734
711,711,14.33544520034917,14.06044277895074,20.36187304045733,13.152292041263822,15.345296493640664,15.457619661227978,15.2276958439381,16.656104832343562,11.947586781418448,-3.809023911935239,14.15071100564422,14.976474931504404,21.086429714944725,14.7762088958696,23.898486257786143,-1.1654165574280757,10,food,0.8341426692107743,54.78086174368701,-1.0844868647224626,12.256579023009797,-3.02194219845493
712,712,11.593790493556677,11.384043550436443,16.54152349421057,11.01481829810175,12.567672023374175,12.22480933207336,12.308068236353709,13.443945160058233,9.973559287933911,-3.1048148249624683,11.46870535757784,11.882960908813828,17.177332297726498,11.775819324697212,19.631179576633503,-0.6618763863120156,10,food,0.8178260845943774,44.4464808849876,-2.149099766931311,20.097628873932514,3.2889850669251643
713,713,14.12504277635864,13.739710000790572,19.98969922491742,13.901757692907896,15.578697891912691,15.695232428234684,15.378393480367938,16.44374324731594,11.434491972906718,-3.761985954845654,14.324035167327224,14.816492585421056,20.591250824757147,14.68086091468926,24.23995813120065,-1.3627107861107857,27,weapon,0.8540952874723438,54.50392118865294,-0.7004901462446362,12.091572901839383,-3.2279525175453028
714,714,17.03086272032676,16.691889202616057,24.279541625939046,16.40403687549079,18.561300074569264,18.645996165086565,18.4227879809383,19.8792726052144,13.995161949996056,-4.42922767627511,17.088210408406653,17.68025056355343,25.020616877262288,17.502875348740442,28.887028809826173,-1.34516671462618,99,,0.7713702055325934,65.57552689048335,-2.2444542181309206,11.061262061065458,-2.6189862526828076
715,715,14.834163690991378,14.870924029078816,21.578232251723637,14.00292732687426,15.894768588335946,15.707503722231484,16.36336570212962,17.408106481780806,12.382501024357351,-3.933757372366298,14.48088195132052,15.39043242059861,22.33814870165869,14.600892589719448,25.050575294149574,-1.0784751171258096,20,part of car,0.7666659524536724,57.33607191851821,-1.9988756254365754,10.835340988128982,-4.064852314829984
716,716,17.294725906180524,17.182090018469395,24.832751353310023,16.605639926400283,18.86321877546573,18.76686642546661,18.83459458568916,20.31199694547425,14.07724141078781,-4.4193405975977615,17.235941192577165,17.883722837760743,25.52612546565062,17.539024091012752,29.230394469144954,-1.2728235507850982,16,kitchen tool,0.7432696030257007,66.69533446584572,-1.9719975382719843,10.20930423618175,-3.305143834092682
717,717,9.781922057314532,9.531248426256138,13.843745462653278,9.157265243082986,10.56485830547081,10.300218409501811,10.247783356678957,11.307818416553877,8.391178246371142,-2.599248539359668,9.649686884967934,10.018942034114923,14.33260291497854,10.009634309599305,16.381423320400202,-0.5742646447750837,10,food,0.7981495162780056,37.265495707714074,2.178913661691354,26.536536504976805,8.664666196408543
718,718,10.056216027295063,9.928049467080662,14.543268195555711,9.27251800293156,10.764814210122744,10.956752872046804,10.786522672241388,11.844998634641906,8.142462644947937,-2.496946188599716,9.890453704208262,9.915204695335566,15.090034996928152,10.31548487173081,16.806403062845604,-0.511846727266898,1,animal,0.7759985570416356,38.550493673222064,-2.1330688596260803,25.084337968638344,7.40272621897978
719,719,12.67033940595683,12.464242581045283,18.06530364679395,11.767789072952338,13.705381912890878,13.469322285886133,13.351308597580376,14.770780259942336,10.796641686108368,-3.3289927667508232,12.538187676547947,13.060602926781968,18.705338960766227,13.050496445297355,21.19299402872355,-0.7510106581996858,10,food,0.8051237193689056,48.49483782292807,-2.8890010321908655,16.747798594310115,0.5385600608046026
720,720,16.563849405798912,16.277147392121904,23.79924977953895,15.621969817632236,17.797236351752332,17.70105142366903,17.834618130223397,19.33146691702712,14.037997000821706,-4.3793008146389445,16.396886038501133,17.009569489335764,24.70340351496653,16.726560432149327,27.975914814303906,-1.0121581108487994,99,,0.7275102342229001,63.68901029462487,-1.6491705093525724,10.496973331806942,-3.4625952131958275
721,721,15.672190919792598,15.40499030488186,22.707515830640915,15.667303941489797,17.298681960906773,17.23306398836836,17.31389600571726,18.55586210718373,13.261028653939274,-4.043166296730686,16.03268930294867,16.381736064985052,23.32909061336538,15.923940005239906,27.00601037067231,-0.9499610950948728,99,,0.7013443742011655,61.20619114322602,-0.2866327763294887,10.216083624020026,-4.111094525400908
722,722,8.644851290183158,8.562531141200338,12.450824543255733,7.819253194668469,9.102211881412778,9.469408306380094,9.21174075680053,10.137528436931316,6.84004067567065,-2.059651360886946,8.45384784475139,8.430631602712547,12.90704337437206,8.830965125081523,14.282470583914812,-0.4113693432090267,1,animal,0.8264693166599095,32.93209578107442,1.1482747832381275,30.60868878556341,12.095209348146518
723,723,16.687860168626603,16.72864291688822,24.18709664631984,15.918389366238376,18.46073713624733,18.49664568244284,18.18309718278372,20.12208745591589,13.636310036160491,-4.088363441514994,17.089091057699033,17.6118943979549,24.63354152063138,17.294390652122924,28.039151261676786,-0.97271157640985,18,musical instrument,0.7721659192151283,65.01447509011693,-1.7442588265699497,9.926119688420272,-3.837198723395584
724,724,16.373330414052127,16.460460559368464,23.329847986404115,14.41169509169055,17.110925580596923,17.284439690502825,17.2366049390599,18.930317211161427,13.361125512766137,-4.136687207743532,15.70053610094593,16.802281150224136,24.103020620221685,16.494381645913805,26.67952331121909,-1.1804377116719744,10,food,0.8494017562454662,61.99528616829121,3.939221663669702,9.152150681074877,-5.058192978065474
725,725,13.24744852898357,13.55716118162174,19.04613620900769,11.558226981781148,14.114741219174991,14.19692887499596,14.230247264633228,15.551682006930664,10.605536130718054,-3.460526674470435,12.761558679920691,14.219564638826215,19.58027703575183,13.583489646007612,21.61142964958145,-1.44463396585132,10,food,0.8177841805890588,50.731313561256684,-2.541550371093405,15.11320007019459,-0.7649028020628599
726,726,13.737153350039405,13.982888348628604,19.680752886923905,12.206180744748734,14.725407508490116,14.625861321865932,14.635746354742386,16.099328910864127,11.297560528802286,-3.5421782779160718,13.381630315255164,14.791700160973416,20.17801341817117,14.075295880492648,22.455086343719994,-1.3023934045407288,10,food,0.8690017735656727,52.62980989558225,-2.032431932038027,13.734605474942734,-1.8624034295734297
727,727,12.623131614684318,12.197700524559966,17.929433850950048,12.602613764352848,14.148761335413194,13.899840075607846,13.64987793394929,14.819445568842198,10.502829088482985,-3.3755617598535976,12.922666563226125,13.078998358298485,18.44681260255559,13.19862947749256,21.791782863504785,-0.9544994985291522,27,weapon,0.8816901506487516,48.865020190337205,3.4904847416148,15.359125519223959,-0.7953033059025998
728,728,17.640649452809903,17.31610656817547,25.056329626928303,16.1246539809162,18.5413587256408,18.83516463718838,18.631558848628774,20.362055107994564,14.935187148357857,-4.591905203755603,17.376650995311767,18.173326777629704,26.01405053335222,17.820685825819307,29.35457442653285,-1.0788687255458804,17,medical equipment,0.7912191105936356,67.17329754833123,-0.411652751176077,10.287366396683082,-3.156313804904661
729,729,19.222256858064245,18.972938440944997,27.98547972825664,18.41739046476909,20.708251910751745,20.82255604160845,21.153333947717343,22.630692043668198,16.42067338118554,-5.095127639996311,19.18282330440955,20.020590789018566,29.021112848954257,19.35729596628404,32.75265539109155,-1.2529665204173206,99,,0.7778564066238015,74.70278302820113,-0.7723159646279978,16.47706782981658,4.148213561953336
730,730,8.512887147157572,8.334609812405116,12.245745353511372,8.17105564597451,9.542556030254874,9.02025083017302,9.101829613786084,10.076366380157276,7.494970340433104,-2.372159774122186,8.556764918851801,9.024503210351366,12.619157890338544,8.894008525174414,14.476568126382018,-0.5968489110752209,10,food,0.8180241008807747,33.0328005570622,6.1484316101854795,30.601706678921897,12.103137728578954
731,731,15.603735373033947,15.536853895989523,22.64585803580547,14.756239454377098,17.418233915664167,17.430037644693655,17.20300931183606,18.816475462714404,12.478881992449285,-4.127346924278069,15.80436284560358,16.543971955925873,23.265113530406264,16.445961913540557,26.460775350405967,-1.463355989956633,24,toy,0.7220534157183335,60.91108378513323,3.1071151430806374,9.868894882735738,-4.501977266350158
732,732,18.193220723450185,18.124795612794752,25.90458905336816,16.27022155102123,18.716971137380245,19.57542602642561,19.34673602412371,20.868912120725746,14.731487167359942,-4.4590223532133,17.57176370319317,18.55491182408926,26.90761871939633,18.17304810161462,29.825227591500468,-1.2651408145642689,99,,0.7899436982476137,68.93888969443722,-2.638525960972771,12.556580461917386,-0.6256837480834712
733,733,17.665137171737534,17.875574364848543,24.977532594070517,15.183399663828377,17.739903853804552,18.677921749169546,18.134610685040204,20.230839869377537,14.750526111685714,-3.959453879649194,17.146167386085562,18.21019686364926,25.697128388528203,17.477591190986658,28.093760415982103,-0.5834743518328687,3,body part,0.831551859673035,66.38468162908708,-0.5360908985764894,10.276528125535227,-3.2839156292689786
734,734,19.090617955336388,18.949691931525173,26.934986565063976,17.026836845244805,19.589638361293776,20.66861586521923,19.816101972764027,22.02898740753144,15.42457491503296,-4.28782077589517,18.80892636771456,19.14862861954132,27.70730654617028,19.16294157555788,30.88980088523233,-0.6438968592193057,99,,0.8089424216474402,71.91865149188942,-2.0175170123675104,14.404763748793545,1.6636871520768093
735,735,18.529120159535484,18.436880911099447,26.082468437825337,16.573469050595094,19.33448105454412,20.089072420602164,19.456708835389552,21.299728484821895,14.664644613016982,-4.518468764316816,18.063674657508,18.906021672462632,26.89728198743564,18.84125528468758,30.30472989169418,-1.397729307218562,9,electronic device,0.8163056014018788,69.93227427963777,1.2827644128479374,11.386167585867739,-1.6490147417515804
736,736,21.30944995152204,21.28946178290817,29.90109818919312,18.622988483624013,21.27186406285036,22.705864479000457,22.05608785803719,24.12936754402754,17.150457887576632,-4.813105643965266,20.508416858308056,21.38794626670055,30.886299833811957,20.89299775427908,34.17286369684582,-0.9275703442397644,99,,0.8828794574682267,79.58817878306854,2.780337576417054,20.77660950134334,9.171093620756976
737,737,18.99800200468589,19.31398312973373,27.15248628140952,17.054301591620554,20.120179335112795,20.738392033812787,20.18466289035545,22.376968085363075,15.235313573248686,-4.374870098902593,18.91151532974972,20.0728361386319,27.64424300433043,19.3249921871719,30.83667795071868,-1.2353620492929531,99,,0.7824030508914231,72.67141926450395,-1.7119688887706879,14.954934764463736,2.325313995270186
738,738,16.85773606626671,16.71517803506666,23.41409654458712,14.276459089276896,16.65801737105531,18.01929813008945,16.948136533089638,19.00132528029653,13.762873561547895,-3.758920445867488,16.305872676547775,16.897829843175362,24.22017820376202,16.857623046737423,26.700052645868297,-0.5732958686592705,99,,0.7962061741592371,62.51138557336924,-0.8917162566370944,10.467963328298406,-3.6659659459946656
739,739,10.578923921171588,10.432666353854607,15.149774467841036,9.903958378833256,11.577734311891437,11.335528283217316,11.318275614692736,12.422608590637514,8.89521230899024,-2.832061027778438,10.484043880499437,11.058191752990403,15.621333851996104,10.944290472479755,17.763434222556775,-0.824541724317659,10,food,0.8037951676954797,40.70247094288415,-0.33522832261114743,23.37458436555318,6.011597318129432
740,740,9.062174422248974,8.794351401793877,12.934651418735832,8.61229631513907,10.02016302427564,9.86925618394086,9.682702436931011,10.691080527541589,7.6257986562137585,-2.443407564278069,9.126972687224416,9.443411360918477,13.34605625092296,9.53568421423369,15.336953670235989,-0.6752531432246915,10,food,0.8074349053291199,34.95025325595298,4.301633973123996,28.727786381381,10.513118104082508
741,741,12.684741207395874,12.290213133352587,18.190729475300717,12.706038335029731,14.0521003076177,14.117009269163828,13.909396277313402,15.004498686130772,10.602666270197709,-3.319194592545668,13.105589738634944,13.187934515469385,18.739100497174825,13.07338022564234,21.95295021578394,-0.7892875764627618,23,tool,0.7935994525579041,49.395560308234366,5.053969080291184,14.926401672291037,-1.149474656267957
742,742,21.22825873940321,21.07790389118028,30.800481978549797,19.815733604984768,22.812823838900638,22.64871977588124,23.06371564207354,25.0130647961505,18.32496442309753,-5.686289701346613,21.08049989315357,22.39176473304997,31.915207801447988,21.392230710944304,35.77163739692988,-1.3990485377881712,12,furniture,0.781166011008609,82.21754753678852,7.394308491400606,20.824661160388967,9.608453219077962
743,743,9.926627652989222,9.814760632998407,14.25686242368565,8.94335598268945,10.44338381476227,10.878694401014103,10.534626038943149,11.632053775557615,7.910021205992,-2.371812829858743,9.73497887362501,9.78026298356083,14.76098732706974,10.177339629590586,16.35287150731832,-0.490640349786051,1,animal,0.8369478352784429,37.79294272192448,-1.8597146665312803,25.820425914391432,8.02665013322207
744,744,17.393320507326404,17.10678643008812,24.642099325083308,15.631720283091274,18.01702903025763,18.738093973845807,17.984022696431943,20.156871113729384,14.905128488788126,-4.167730622267358,17.386471467164725,17.8748514455169,25.45674280739647,17.67310214356322,28.45636942738164,-0.4847661488784692,3,body part,0.8240967350700525,66.04230308771218,-0.7171014058492808,10.080579231838795,-3.5305575587772147
745,745,17.79600054571598,17.377052131710375,25.604774364248268,17.158055304221527,19.66521217326017,19.38117053516808,19.22072015676385,21.114159052218632,14.992534690771972,-4.702192887943827,18.02813249358433,18.370647527373947,26.42269816983672,18.44380623745699,30.31697034712284,-1.0511827483474785,20,part of car,0.8251430325208023,68.94778451845049,0.0494612124886995,10.952487896203094,-2.2284593339705996
746,746,13.7606297920834,13.472840506534842,19.43591680611334,12.900933800190115,14.84639132123621,14.74727779363564,14.255739719634487,16.057986273373974,11.951118802589336,-3.419683644259887,13.992791351655272,14.351155734652195,19.960174902192776,14.19420388011237,22.883731342228188,-0.4804021208703031,99,,0.8608448951089711,52.61872132629092,6.586481893538265,11.820989235435084,-3.777661457839015
747,747,18.66830505988628,18.486988158467693,26.06851437991251,16.277027935623327,18.529322544378985,19.934227409595483,19.247585981253053,21.07233347124303,14.701366804258898,-4.143532732017242,17.883629849225734,18.252617517233205,26.9666690362084,18.243870286564285,29.870841643538203,-0.7174824481612208,5,clothing accessory,0.7764967900856403,69.3072001808669,-2.1248322563901407,11.177766862211756,-1.9499647926719899
748,748,16.378176342453045,15.969600406102884,23.55289065725074,16.030390496855876,17.980854871989305,18.03471055383916,17.877951278040985,19.36464836436124,13.87839162031149,-4.327492280643272,16.769125998200714,17.195560194513487,24.29861809166382,16.82891180822982,28.09612595731376,-1.0476655281657146,99,,0.7892414143734009,63.693078209565364,-1.5573151067622577,10.56145705536655,-3.39750918857807
749,749,15.89715555373924,15.721208599162702,22.94518477908052,15.0417650521535,17.727579306360475,17.065628753887832,17.17062978201372,18.942329188763484,13.652278319523845,-4.408407823034139,16.022662222986245,17.010169938078462,23.649048426451703,16.572787918872233,26.98487471120509,-1.271330524374597,99,,0.714093660247234,61.82980762013247,-0.647037553806836,10.244145204321292,-3.99069943532505
750,750,22.700936200554533,23.01217892464107,32.63611543300649,20.06643259734124,23.61682087645062,24.25587266480494,24.13293758199661,26.492370434701044,18.77485051827589,-5.545072603914979,22.118006019405463,23.740074989849543,33.6154589809068,22.75744685740272,36.97521179129233,-1.4103211073786963,99,,0.8269917582417583,86.65480864366683,9.27631303600474,27.630743461868608,17.07152247801708
751,751,18.167701936657885,17.730385747212917,25.91564105008598,17.327949697852393,19.470969730698,19.86139898399845,19.40718484037632,21.27771460363735,15.357394943377528,-4.531349853254952,18.45558871989105,18.746757235584603,26.72119715865387,18.505435077243625,30.590455175175077,-0.8043545779041309,99,,0.8385592683800093,69.86944116413814,-2.459546239091149,13.082460052497547,0.03797456773117425
752,752,12.899061097542097,12.706686245421928,18.52480553722528,12.331674405628938,13.989931869922565,13.704684141001172,13.93678446226768,15.092867728172331,10.354648937144626,-3.319125899595869,12.559610637015767,12.565739867163568,19.18630820988672,12.927122489131149,21.81729680581276,-0.6524268031545787,99,,0.7804778554956078,49.30152996358205,9.715045544609254,13.379983039110295,-2.7098155510767636
753,753,15.710772487949214,15.68628790174904,22.68844556173126,15.020497069227185,17.173621646010535,16.963475468764557,17.129886057495767,18.649825286567516,12.781502204107568,-3.966452402458226,15.682363666657649,16.104716548636215,23.28802836510603,15.843150198234262,26.498924600373527,-0.9151847005312131,18,musical instrument,0.7207412574473334,60.69547666980401,0.31018038586829366,9.905446274310144,-4.497348959601025
754,754,17.608984784515613,17.337305873667738,25.28210653887053,16.580816300742452,19.294611777214293,18.89355336849014,18.65383424064955,20.843634290667637,15.470610103336584,-4.597399255256034,17.902396246632367,18.700915107975376,26.0054095804354,18.26392431353248,29.56487057399737,-0.8856106004769965,99,,0.8213911964405695,68.14260874634415,-2.4606839401424576,12.201311630107593,-1.0988510277803325
755,755,17.244957860684796,17.443342647271116,25.17390595827026,16.586122731971304,18.78027322237484,19.06848862852685,19.175113622217392,20.695251808792325,14.08199169108029,-4.20201235190778,17.529661405230897,18.35294874624673,25.66051555319138,17.350534514076454,29.06377299534735,-1.1071105167203277,18,musical instrument,0.8067049437155344,67.38923761590975,-2.0727859927214682,10.43334549151558,-2.978362327880797
756,756,10.910051397993124,10.758044567945957,15.64932810129264,10.297517897511725,11.918139095240406,11.53148801183386,11.675513404295714,12.766504695365786,9.364755949620596,-2.955862160860061,10.7830129453807,11.386957142390028,16.177672824499144,11.156794192767954,18.39719244255717,-0.7611846833326436,10,food,0.7452082081712521,42.001340862225675,-1.082242165349827,22.221403769883207,5.050729181854972
757,757,18.586557500707396,18.60291876032939,26.43435395012797,16.6935951458266,19.552431719347545,20.062478644645186,19.368630138305587,21.78129105082069,15.380599161058749,-4.265572504113258,18.54742910959488,19.204542664128937,27.040293659067807,18.91195496023594,30.15748388947756,-0.6869619796812387,4,clothing,0.7896889466303498,70.7255682804245,-0.3807552138533783,11.921007050647722,-0.9967190805941009
758,758,21.32647279749182,21.050017650932915,30.21435102036594,19.69791520682852,22.237504672284008,23.33456932420928,22.78974049783577,24.62074067051676,16.99915203155135,-5.147044485086819,21.06027339524345,21.64155430691975,31.173817944798014,21.366089646606024,35.328244408184986,-1.342781547093689,6,container,0.7507347496676765,81.00963269367527,4.042585384070923,19.966468802122648,8.571415334588957
759,759,17.8034710534653,17.43244702765716,25.670727566793893,17.495814858026257,19.299849526674468,19.538214616186774,19.516167388475168,20.892821801895906,15.20893258960072,-4.633879096404524,18.11659026886124,18.671766049755902,26.51333098364052,18.03770086192569,30.52794359531196,-1.0727741840795404,23,tool,0.7894001831501831,69.2108898442257,-2.1998377177053694,11.16843498349091,-1.9735565117578115
760,760,12.790943893469018,12.649969636742195,18.90622928761389,12.042509949475376,13.98889945600233,14.07960931774238,14.137897011588636,15.38029859898123,10.686446931776665,-3.3522142512584048,12.759883381767962,12.997273180689923,19.6384880404338,13.226755820203756,21.7593429850322,-0.7861494079996968,1,animal,0.7490875613600828,49.99307339688175,-1.3593702665303642,15.06213630350001,-0.9252714187053606
761,761,17.694869403553643,17.84871153655476,25.584794778019575,16.615554330302587,18.314474903053437,18.80271687530129,19.40332863744458,20.392722233688737,14.796110407083958,-4.4068846406260604,17.193725086734048,18.375305562513347,26.46177436543536,17.04522880361483,29.5622225888076,-1.091303845131966,99,,0.7456540621390058,67.93750632968867,-2.5961499909681383,12.084180478905695,-1.2463499237329714
762,762,18.68129625233956,18.661482042032976,26.482130271042085,16.663056158421103,19.52985908424465,19.88116989455277,19.17327027305853,21.78130088568936,15.7553883292367,-4.2381055085728825,18.57345936553253,19.12002382150349,27.103638021266143,18.93122168436135,30.13568682545965,-0.3943259002778336,4,clothing,0.860218906926224,70.75498411278005,-0.3617703572867548,11.986606799149126,-0.9267639836615533
763,763,21.88334218359804,22.01720693112022,31.42860566582058,20.00871216321287,23.47145363799365,23.7581961277459,23.27812316171562,25.84163235162896,18.13200679840126,-5.284588299319059,21.89314347532332,23.00762421415037,32.16859765940914,22.434309563347835,36.03303003392873,-1.2706552878851958,4,clothing,0.8229635524870921,84.12456005809486,11.15302299609325,22.701023641005293,11.767170585745067
764,764,21.343627205353485,20.89297838732695,30.287186855141325,19.96288821564737,23.059361635703645,23.193630032861304,22.502141407050782,24.979990123403496,17.84451553224163,-5.377111767097059,21.483014814461388,22.02414004826308,31.192487347610484,22.102621558010505,35.628480982763804,-1.1769089706532343,99,,0.7254619751771549,81.699550011917,4.614211238372469,22.741880392948605,11.448977028573733
765,765,17.17563843606999,16.99277293358234,24.60047769302732,15.893925108578658,18.533890852652775,18.682690233173787,18.42802033287272,20.207116607031445,13.957363897128923,-4.367413661054689,17.03501629325483,17.697236940931468,25.37704632030108,17.663487469862403,28.63041917723676,-1.211357030141666,20,part of car,0.7401249038817042,65.90360786503363,-1.7071194900069395,9.959017786234597,-3.6726544090301267
766,766,16.443107376452964,16.333188588348982,23.65458398828898,15.401588360145007,18.147224622222613,17.948043526447695,17.4856637407359,19.70979300100857,13.529577796635143,-4.030552694664724,16.65931223333769,16.913286975719057,24.191935702338668,17.193373509850947,27.39670526817674,-0.7279096335274957,99,,0.7531521745558134,63.464258017095624,-1.5023093421030662,10.468702835518041,-3.524142839551997
767,767,16.688491853235146,16.449401931815014,23.96040568203396,15.643588030177062,17.968846670040893,17.715842274323272,17.901655935965515,19.54877110819029,13.965898520871416,-4.348365787784079,16.442008986223776,16.96565618432627,24.80490150454508,16.811641454332,28.013713734510706,-0.9199252477962614,20,part of car,0.8270263045078701,63.989660264947084,-2.4223075340648146,9.748710005818912,-4.1663438927601675
768,768,18.31753995967045,18.46773777594075,25.99377637373028,16.124632258619435,19.242352789485984,19.87211337282007,18.95682194617986,21.479188499291936,15.017033745949153,-4.129213465905112,18.26777439782701,19.162198834981574,26.499005610384224,18.82619771342318,29.40764174944597,-0.8407292403631426,4,clothing,0.8905258867149114,69.59752799056308,-0.9783080652022855,11.459294772555191,-1.6254505491460218
769,769,18.718663041379536,18.536163098908894,26.741574361702924,17.57169347690152,20.47410223586442,20.23760948526452,19.807127227155075,22.169624917488548,15.461440941729066,-4.607732576488269,18.834182323989708,19.18238981191348,27.387837892673303,19.35197846853983,31.17046893522399,-0.856072450893616,99,,0.8238400049968136,71.85742606111154,-2.0184469878575477,14.342348828198396,1.5922071103366466
770,770,20.216885529568085,19.96415479313383,28.415424403311725,18.000553703684925,21.04482873766827,21.970942473730883,20.839990141947844,23.41337076969057,16.41565098558947,-4.68932047058298,20.05722649513497,20.475140991700027,29.250015119594227,20.70980945662457,32.812383147569,-0.8281740856086314,17,medical equipment,0.8515097031346887,76.25873658825488,-1.5899519468478438,15.512509508677006,3.4140318561955674
771,771,12.808694912489456,12.559276742302623,18.479002575609144,12.100922931217632,14.17859699098512,13.639314404559274,13.753940632178958,15.185200391242908,11.003348049766396,-3.5360036631066065,12.793369582329548,13.283058489297382,19.149068746876384,13.254971529611334,21.75860840738437,-0.8386429536634116,26,vehicle,0.8143180124325825,49.56715087338672,1.2559343215791277,14.972263454668404,-1.0782069397765355
772,772,15.95028003050999,15.752633826763075,22.77075262588988,15.297922636602124,16.896397271837063,17.040870580021785,17.295543307307884,18.345842657735737,12.866240196808665,-3.9979481769294334,15.533707943291988,15.852230416293777,23.560126633002746,15.686723376689638,26.88477326754721,-0.9612244753254346,99,,0.7494545989800896,60.79365406616163,-0.10358311688387367,10.158214003107046,-4.230044951020112
773,773,13.749769952182874,13.72886685102458,19.76214568996869,12.895743416063963,14.521279593884383,14.494346567593942,14.721266018136642,15.910789882749752,11.72556606183482,-3.469605151300946,13.49158508087356,14.077924174532802,20.471414958942702,13.580840228222815,23.01665673709484,-0.6424998425035066,21,plant,0.7763171685473569,52.668964461688574,2.823647836593741,12.954332121156524,-2.636879504669647
774,774,8.364565567460248,8.212044976170267,12.05790422157076,7.738019460373876,8.825057708971032,9.172932968923613,8.96983145857331,9.780507050761626,6.638992332362127,-2.0109687392938334,8.197823423859123,8.025883421743115,12.54268884537107,8.492673121865002,13.978780116842442,-0.3494741181239311,1,animal,0.8268678420821897,31.904114908777643,2.047832665098454,31.63432543740475,12.968641743950304
775,775,12.567913620562228,12.28116338635148,18.595115549213386,12.355777126580929,14.60052701497486,13.51703323435807,13.98649824360374,15.31625842720105,11.210865592773557,-3.815118661874783,12.797697255333608,13.484600895905936,19.30759756106187,13.359058495649014,22.033091106939278,-1.1206135542309656,26,vehicle,0.7315700816682397,49.919494560459874,1.0429486374850203,14.83970661810156,-1.1585952874096517
776,776,19.10281410504381,18.91464102289672,27.12531261296237,17.150524739995554,20.34750185705497,20.77638226252845,20.151673677682123,22.32655985213567,15.655000473759957,-4.882883916202172,18.93433880895937,20.009694285165548,27.99352889921866,19.809121199303263,31.48068002467457,-1.4652471750920322,22,sports equipment,0.776772253895765,72.8992775030834,-1.5450053261013155,13.218752959140701,0.6228691928619288
777,777,18.389843541518307,18.25902113967553,26.33516909328537,16.580466962938324,19.611515672362312,19.46375447253367,19.481442027858545,21.51224129305399,15.712501163963813,-4.897228269906401,18.100499991236838,19.34339470183512,27.262375821859283,18.730551446747462,30.482578527911397,-1.2614649265827482,12,furniture,0.7566377673079393,70.4392028627711,-1.087994226466809,11.68145526259676,-1.2786705246342223
778,778,17.64561169691842,17.927173695734563,25.048948203433444,15.287808087411804,18.19965681894914,19.001708172436395,18.6810572395761,20.38305024786105,13.626151772920217,-4.23994225439203,16.87477630523101,18.073970712599376,25.77631959280404,17.713467097854643,28.47086369578376,-1.484528037292392,19,office supply,0.8409340962340113,66.5594123829642,-1.5521449272456564,10.303859229255673,-3.2307136507905927
779,779,12.969079915534646,12.823013696533993,18.826620629979438,12.61938245764221,14.01409484216382,14.139476101946332,14.295339060223217,15.330224124660656,10.7734929273921,-3.2753877423792592,13.053433970127656,13.26848817459467,19.418471383704,12.937499126645182,22.105335298010296,-0.6590452407281113,99,,0.82071327196469,50.32223726909656,8.70728248619183,12.809223315132753,-3.129447953277557
780,780,15.5921912798928,15.447575794947731,21.99768037240465,13.57299232364337,16.060535297883515,16.50404468923241,15.852173526175651,17.990978741229483,13.522948881739214,-3.7740593646861766,15.41984016145651,16.201333613302698,22.726310916252388,15.873631014665818,25.167338988473773,-0.4972188578787973,3,body part,0.8788328300818224,58.8983247285231,-2.7157849915905308,10.484896722222574,-4.1839872897783685
781,781,9.084220043623688,8.903951808109804,13.199691324122432,8.252814109706406,9.654579727996802,10.057302014580468,9.753331898989062,10.76256500525753,7.243999529059338,-2.212704518576172,8.939409507561592,8.781485346745312,13.734280965658296,9.40543396978496,15.12796576345729,-0.4155389689800022,1,animal,0.8218433199644205,34.820889088171334,-0.2781565590826247,28.746364849216732,10.512542736038853
782,782,19.805119058522592,19.80732882404062,28.671008903955418,18.442420773252973,21.44969051200031,21.78214900744527,21.54802149210452,23.552864837619683,16.441080916057576,-5.052958517240159,19.95419601613564,21.084821643266235,29.443811272288368,20.38368887441379,33.167120991624124,-1.4766177756244243,24,toy,0.8349635103420175,76.84951371624288,-1.3483951011551083,15.986279561702842,3.9752731800131613
783,783,16.804196707233785,16.594906947727445,24.68488701326477,16.344740369833104,18.57345497710172,18.61225573375061,18.775789412822768,20.213482083801825,14.533243346940765,-4.5815501277201705,17.23431060946742,18.188321136083815,25.4679189297399,17.341428128685205,28.933219324251,-1.2887331788388638,22,sports equipment,0.7694392301200375,66.2980219448874,-0.8560980608278035,10.243174691746816,-3.330100014602813
784,784,17.919718959991272,17.589829530830237,25.786310162359285,17.333799827902634,19.525152176986797,19.37901807997703,19.36507931215947,21.062593133733337,15.57465241784764,-4.746134656767239,18.18696553345489,18.884263295252687,26.6452509814424,18.291144442180546,30.561245965905535,-1.0124702038063569,23,tool,0.7536032965750554,69.52536214831542,-2.030330521212308,11.304751096997698,-1.790679198156461
785,785,17.063060513822293,17.01668779165474,24.68753619876401,16.07021200245923,18.04844889060818,18.623597073484948,18.702457645988176,19.911856419605268,14.047605048258324,-4.297553397438272,16.843245012988763,17.69045335856032,25.544130375128077,17.090086088812846,28.6767745041956,-1.195419093848593,99,,0.8120821157381838,65.8197879840846,-2.3948194067633555,11.116013343924129,-2.5280693377268832
786,786,20.016930354750865,19.688962216563425,28.489170227016693,18.81645164754204,21.5181764027626,21.99742305357968,21.32287692740037,23.44278806527968,16.47207164888716,-4.937169224741696,20.191512540043952,20.688329235827084,29.284723947491692,20.60591042893193,33.445859466311475,-1.1803088766735883,99,,0.8192689168410876,76.7735392079785,0.5390311114126476,18.187072671333347,6.164817399883331
787,787,16.76959765171162,16.775301088758212,24.294126077711592,15.477384540454649,17.766816494832117,17.862026853669896,18.27274658391584,19.623128072269,14.08446518211239,-4.4096989481190825,16.37700909739449,17.515161950853503,25.15908555766296,16.700277181350017,28.040940117883306,-1.20704309921285,22,sports equipment,0.7410347007267859,64.58978894819467,0.08430170714656793,9.873302044494906,-3.9528959792113145
788,788,16.44562249804213,16.295858837733583,23.29643476616802,14.848322570774744,17.25598201089609,17.884395872625113,17.464625432327303,18.97909847651554,13.055748778153642,-4.080107068035068,16.02341294544543,16.799636337774164,24.07063501238283,16.7451473513331,27.053449363055016,-1.3252625219949,10,food,0.8253372266016683,62.35000228705231,4.230351839229698,9.029968752500993,-5.127855152220253
789,789,19.81125538207745,20.1125056837291,28.643890258129225,17.861012201774642,20.440386803603733,21.00459275638502,21.59528478532689,22.89363972726017,16.105405971699323,-4.984134748505545,18.90338634587379,20.48488493899898,29.659429073387827,19.305707190914315,32.63997191374856,-1.5502515767956326,99,,0.8132277339136278,75.6758897213394,-0.14487883285984537,17.33397376393785,5.1491990059815915
790,790,20.699144844715143,20.353496239401316,29.39100357202037,19.13615230208973,21.907237836353463,22.68287022939384,22.06141405583948,24.04241745376434,16.637618351399276,-5.114343364265912,20.503383282125448,21.03944949086276,30.349611330901432,21.118899273560174,34.40589608767587,-1.3635828335028095,6,container,0.7217839017531607,78.86088537595155,2.196289977122543,17.981188584243302,6.267988645583042
791,791,19.0507613528765,18.975349629826606,27.082604746368364,17.177378152525563,19.99268936097076,20.41629132022844,19.781734569393628,22.21626560761175,16.094961656278187,-4.46654138052535,18.993007449453028,19.657256530924457,27.79408918810554,19.340113437473327,31.03846703824978,-0.6232949982814336,4,clothing,0.8236967205307654,72.46784461907791,0.7044508044137423,12.900025617367733,0.24026330732434964
792,792,13.438507397220697,13.352982998571274,18.92606649363775,11.73539190771847,13.963252297062416,14.281702766201184,13.644377945661148,15.57069821268158,11.438747650522622,-3.1590070180724537,13.326848325667465,13.924418994058072,19.45193597803194,13.74921647145319,21.59614943793464,-0.4383758127817463,4,clothing,0.8527153986115984,50.725364564545714,4.8961484790350145,14.129653316770383,-1.7493303720887816
793,793,14.125258218948307,13.847907660488056,20.423047953473127,13.73481581269776,15.341470647626725,15.412024320587143,15.373826607595046,16.69758876451551,12.00317945253926,-3.599553075812116,14.34866356797836,14.525643567216727,21.080716020961667,14.31375177357782,24.082486893567783,-0.6255880190689153,99,,0.8023897744152079,54.80325632975045,4.548409452219488,11.006677862485434,-4.2685275858915706
794,794,15.55014254952417,15.195549794393823,22.328025837784637,15.25213839692069,17.26998795686688,17.10621208051207,16.852335183655228,18.475927001455712,13.131804788676735,-4.028840756947834,15.996229154449608,16.288876342709298,22.926446965945303,16.12006376504924,26.58429074536472,-0.9179928272291056,23,tool,0.7520253089382415,60.461730465146225,-2.5096552224834188,10.062890965535082,-4.374513051613512
795,795,20.23209304466739,19.92904760318008,28.804818847532943,19.4375712067116,22.030442321145987,22.43468725781319,21.825611958659877,23.755264661616053,16.320199233254467,-4.99585345067774,20.504340659176084,20.988622212943437,29.510023625659816,20.861827428907556,34.08041999286034,-1.4284233668728792,99,,0.7359827166245653,77.88752150180213,1.4410850621210418,19.214440366842506,7.35712283970247
796,796,17.990432598029575,18.268705367529268,25.87681511259346,15.721636022549257,18.67795992352137,19.02853482469905,19.01903159535918,20.98945881469114,15.194349514660733,-4.4794851645141085,17.497063354850106,19.03123818696991,26.672412726575097,18.03180449327324,29.20764398822445,-1.1040080618876624,99,,0.8246516195970627,68.68842571530811,-2.4828520122001034,12.51984765173599,-0.6995005980898288
797,797,16.788042530473057,16.750915593740025,24.516182050223254,15.981412815169396,18.76285376901507,18.34906061119262,18.435374017407177,20.248491244867733,14.070003279599188,-4.478047829925709,17.003174333142315,17.821554278805795,25.199656807598345,17.479351044538753,28.531919809428736,-1.2714776191913986,18,musical instrument,0.7321185479296655,65.70565991632219,-1.8823973719408622,10.015740105766572,-3.6452405339252056
798,798,11.515583168634516,11.315777828430935,16.680399841102,10.82745365888628,12.430500337099074,12.625202024323348,12.480036845029908,13.602286636411332,9.436458364573433,-2.9269514171615696,11.453436236909296,11.555840858351168,17.28857734668598,11.826639836965288,19.432132538171693,-0.6640098675265651,1,animal,0.774335911874436,44.407644822283594,-2.8723054177325356,19.66551482244883,2.8511208948015074
799,799,15.80706991397503,15.539928153408534,22.75443103347565,15.304574297493764,17.456943898087246,17.402992278464673,17.146442289604654,18.771211036438014,13.202391682973431,-4.077834536117913,16.12404661514669,16.487099662261993,23.39641503355501,16.385843271403527,26.912616374896583,-0.9961871145532988,99,,0.7952204950908993,61.37954285779054,-0.4398769129853033,10.169675190042437,-4.131836267070131
800,800,21.33979516578743,20.9444777224134,30.48652853191488,20.24322176896941,22.82329998651488,23.196853169754448,23.01882966056226,24.83548861174444,17.599341492702965,-5.45582364731959,21.23682833281716,21.86471050562323,31.542644130770704,21.596487035905763,35.96997750793953,-1.387700813134077,23,tool,0.7909693974927429,81.86848698746769,6.896284001992006,20.494437505359787,9.226547180987769
801,801,14.816231847568908,14.47543156597216,20.903602001054097,13.5648155254503,15.634029912593856,16.230739418436592,15.597853964535611,17.148670348697657,11.901782758717204,-3.610878233511548,14.664257490060509,14.994041824830544,21.57157895819472,15.227509249545916,24.4391627093023,-0.9377453583926472,8,drink,0.7896379766886829,56.17062408079974,-0.5679441351471883,11.286488974096281,-3.7862621320970877
802,802,18.206906610125834,17.89231915188583,26.470134254350587,16.87840811502292,19.487045126694408,19.946394625455756,19.8828497607423,21.49824061140296,15.112877455009915,-4.779589956563672,18.018190903926456,18.680735111866102,27.535398399834985,18.65179481342074,30.669248223612435,-1.3013695945465489,6,container,0.832388368941829,70.39423008409403,-2.377480630000676,11.840879085503198,-1.1259054329405451
803,803,18.08996405887944,18.14573179945431,26.36694783578365,16.44265794082405,19.778141932236984,19.74639041454339,19.83060869369369,21.577634947225143,14.951035485822098,-4.974189092717227,17.857831569581478,19.426239222585803,27.275860960722703,18.885531701034022,30.347909995063205,-1.9267654404772645,26,vehicle,0.802793782317494,70.36023772966034,3.58585286766648,11.537460540944478,-1.4343569320580265
804,804,23.013337319441657,22.6464107421721,32.027974564057644,19.887407830492965,22.75960628208126,24.594290742011907,23.571343694656186,25.827189471817032,18.300410203343336,-5.299909695837405,21.97017468744789,22.504298921365272,33.30370825246801,22.718136328081844,36.92625468731005,-1.0219085944945188,6,container,0.8122485104546932,85.26762351136489,8.163246578479459,24.1264754563082,13.361865941659746
805,805,12.126796176522458,11.917977079621286,17.424967350536896,11.556108697117134,13.443532460115872,13.12250248874527,13.084603932808871,14.342049292214153,10.41671203241237,-3.329837194776426,12.234652694742437,12.996391893713788,17.935517296782226,12.669483859473084,20.57537048541376,-1.0159242979134424,10,food,0.8591645820304358,47.07410952896833,-2.7615414186744855,17.913845693564607,1.4942521828010946
806,806,16.34960547672823,15.976051603913222,23.3018162414339,15.85849583950692,17.877490764917983,17.89500491352911,17.71840574880813,19.08079672693857,13.091350416929728,-4.212864564315575,16.286265189979364,16.492983673330016,24.038833006188472,16.760342237871583,27.80442788305329,-1.213686543728715,9,electronic device,0.7440899236323081,62.7624334902533,-2.2797096130874888,9.910332132608476,-4.186426643235784
807,807,21.017308111261062,20.7310692278024,29.906351071583806,19.469467125884503,22.042314024885428,23.003244087755107,22.508781668688517,24.345237106334736,16.94285334577976,-5.1002456520843324,20.78217974689567,21.40443738740733,30.883869589358376,21.189387430431907,34.87574432165791,-1.3154132563643548,13,home decor,0.7862474717348183,80.10142473878729,1.402368144125525,18.887837960646515,7.358313979286757
808,808,14.666292741604558,14.365319837607984,21.87698144899477,14.12845742728804,16.79858835023806,15.83294298703092,16.399160406468834,17.923250338556073,12.8887263164446,-4.385185026179993,14.749808867127998,15.416559345445233,22.815746645990608,15.505926462910706,25.55639511779218,-1.223369328749039,26,vehicle,0.6754398028319231,58.170978802123116,-2.4520082169562176,10.794057918960567,-3.9825179271912514
809,809,14.08134497644476,13.943334153441391,20.29966484965092,13.45238189947668,15.524688949190818,15.631849689611323,15.53784759152922,16.7417043223923,11.19961403119074,-3.703060834925595,14.147111914824212,14.777129806932937,20.899527694232567,14.576918629928546,23.91384499845014,-1.329359559875238,20,part of car,0.7457278062434247,54.65585504975406,-0.8367726461761809,11.976527238317303,-3.3205026454800883
810,810,19.505689699870988,19.43293835439791,27.94854038475861,17.86098235029928,21.13014916964585,21.305525117829177,20.717481275462703,23.155923540561897,16.382325778032968,-4.916547198432015,19.733893804475347,20.836678492457665,28.64669749786085,20.31838931041059,32.29828515952847,-1.2521585538277944,24,toy,0.8534991177521666,75.23859449028416,-1.812801935332402,14.742289594621797,2.492768305766745
811,811,13.871582311943014,13.736651246564152,20.344630801807185,12.787938513239876,15.148562366932987,15.165850560423513,15.148277421376084,16.57274365979262,11.51580467207768,-3.707421805025044,13.707940075326896,14.16309091174917,21.166185411750185,14.463088407187923,23.4402966355896,-1.035137345032252,1,animal,0.7679296448546308,53.89830022639625,0.8223922064298268,12.346025841533855,-3.063168647076875
812,812,12.021156123222696,11.89221538686832,17.200911445911988,11.283784780172535,13.005283752483244,12.902055741026214,12.889087388552372,14.071515044674287,10.038064752886616,-3.1189080987520152,11.913674185660652,12.50841386881858,17.730375150458965,12.269756113255404,20.131686377680825,-0.8277227636551968,10,food,0.7941612038946481,46.17485546132935,-2.657170353645591,18.62555140551335,2.072813105734518
813,813,11.834771999170098,11.481671854156245,16.999216224869052,11.621677100242428,13.29946273088339,12.693339514998614,12.899072834449374,13.942175686842653,10.095336386176855,-3.39071490425662,11.886523386763642,12.340585337364004,17.624627319602375,12.26261145732062,20.48604443951233,-1.0204960826131328,26,vehicle,0.7744849194985589,45.959917370738864,4.3236448467077775,17.543699096334223,0.959136768449337
814,814,14.600154118930009,14.574112965178292,20.8747637720175,13.394598420403906,15.601519571608495,15.860921044953052,15.706774954191062,17.00739155277666,11.670446038082147,-3.715276111375483,14.287021266951752,15.074784016443171,21.53051027382029,14.910429678819458,24.261069677210987,-1.268721855362579,99,,0.8167903703550985,55.82655483204795,3.6332348400041212,10.709227402038,-4.414467068417258
815,815,8.392837776461073,8.234271479320189,12.158572482009127,7.825065261785671,8.949181236714033,9.329250800143402,9.09552133045324,9.901305526898303,6.652556203746234,-2.0372495838667306,8.308944446006524,8.188344695022991,12.612736230969336,8.617240535325536,14.085557168605645,-0.4311930156289324,1,animal,0.7962871605020997,32.22992647202547,1.7522324555389694,31.30861760470715,12.691174017590253
816,816,19.45996076683923,19.258708729657997,27.808288746665177,17.65061280511627,20.166902537089182,21.091528717275683,20.83327739158362,22.42358460247516,15.875590044741108,-4.818844650790226,18.948006798437063,19.862941802074488,28.89657089476956,19.53904413209626,32.141424974862545,-1.3388054785716277,7,dessert,0.7165210631742817,74.07201209934632,13.457289147124301,13.503407294315172,1.081160218721994
817,817,12.959280370412657,12.858878312249011,18.228637741435307,11.622114447421769,13.64059909301522,14.073668836743424,13.571580932764638,14.971273632367186,10.332172535553996,-3.121900466204167,12.72351431066646,13.387143377212055,18.714243520513847,13.286298203266012,21.09675415071827,-0.976197097941336,7,dessert,0.8472377161106004,48.999365355321984,-3.178163571798896,15.3331080035504,-0.8014294924281131
818,818,19.659700557664053,19.40137466486776,28.04063108855597,17.76608972828599,20.388563653606223,21.176960917524628,20.984082191782957,22.623708048191894,15.970861882934535,-4.94768004452126,19.02384651281344,19.86243452392914,29.14631054819209,19.71733600442245,32.473487102863054,-1.3743225312085092,7,dessert,0.8126606066914156,74.60983581848487,13.982082641315179,13.891834032376197,1.549217873327155
819,819,21.900491583888652,21.52672965659024,30.925438744998697,20.027635839816657,22.92367216670628,23.57318439292597,23.079978685122462,25.092943213245068,17.784691811741954,-5.426166446865738,21.36687582606179,22.101410156974225,32.00980067648715,22.126721203874105,36.16552590280828,-1.4459019526709185,17,medical equipment,0.8151904590814365,82.82169499264401,2.6929493247427647,21.392195908220344,10.265438866759276
820,820,17.507636897564367,17.526789600861147,25.007026670930586,15.721759550492228,18.572784353972608,18.958848889462608,18.682004189571188,20.445552075308537,14.18125181044519,-4.443021595126073,17.143267262913426,18.338098496394192,25.750333139675387,17.92469948951988,28.79505130248577,-1.4712150102259198,7,dessert,0.8630705168814926,66.87122272944697,6.831933315320802,10.01462120787829,-3.473784605162937
821,821,20.53572899732081,20.124802473090536,28.956914354598773,18.813357185152643,21.296183165667152,22.021333238332147,21.6406661048138,23.436891534242307,16.375913631372843,-4.993630796778046,19.85834283719156,20.129056374361564,30.047087662111576,20.48322901008402,33.897349224246454,-1.1238160725911654,9,electronic device,0.7154995430768262,77.27036333775197,7.212519026404792,16.266512565607666,4.317817755340869
822,822,18.733481421579807,18.29498088107239,26.796557771633108,17.88489622888411,20.146829346876764,20.72524134198865,20.357590571678237,21.92013196618553,15.35232790887371,-4.803462247181019,18.84852639193192,19.390050787078582,27.69895226162864,19.17647451723508,31.706500993513973,-1.3668317940752095,16,kitchen tool,0.789984377888002,72.18842641794684,1.5596517924292481,12.578028382072347,-0.1231049695658939
823,823,17.625945011919466,17.4507437779834,24.96883313444513,15.878988599230857,18.791579843537395,18.98853297334649,18.449071443081056,20.585735470925112,14.586644175213916,-4.398293015721695,17.514547537694284,18.36934401907661,25.702168573423545,18.15500340889933,28.933282178092533,-1.128198049663404,22,sports equipment,0.8043075391507448,67.12320550114909,-1.2525591307970698,10.411336573231507,-3.0397603254760206
824,824,18.447710292435016,18.14623246801104,26.43916270129353,17.19412764065923,19.313059054692356,20.49469407730239,20.00376069185797,21.454099065181,14.98596115763817,-4.496424880840608,18.386582891415078,19.012009043661912,27.36498367596809,18.680832227572715,30.782646790580976,-1.24315781900499,99,,0.8226143944131751,70.78763154524862,-2.3596524552531513,13.635831511355056,0.7272945521147616
825,825,11.43137477944513,11.310059243508618,16.60913050823081,10.56594882294287,12.080718901074553,12.465954180756862,12.394162327738124,13.431222708313026,9.263655178667266,-2.8200367924603507,11.20027258041305,11.268302975767428,17.265374030441503,11.53838784059313,19.130719729941266,-0.567515069271176,1,animal,0.7933837005274517,43.883195636585086,-2.9308576577748564,20.151187076387682,3.2591424839372323
826,826,18.27786190084237,18.285459463226548,26.484102838552168,17.6071078196016,19.83528511944723,20.300273888355036,20.298789432808693,21.597522511797436,14.993265400774572,-4.680605020730685,18.456427589815075,19.60462477246542,27.167250739589893,18.59839300636067,31.010915388199813,-1.633700524792419,99,,0.7265252905851319,71.22946240504626,-2.2014466064174174,13.943363805465141,1.1002449285279603
827,827,21.660576998919456,21.43437540641362,31.05166092743325,20.125351551541826,22.95775695571277,23.326441994211,23.26680542557187,25.135661367032267,17.785083581005246,-5.505002838618349,21.19297236889788,21.943292891501542,32.18025810662643,21.849460400501183,36.209707313108495,-1.399494422629307,9,electronic device,0.7604146370259754,82.79498246166703,12.546974726522988,21.272970604203163,10.142258468815932
828,828,21.78488335331137,21.570261342721388,30.33165244304929,19.012470546831334,22.16639375174616,23.53724435648732,22.367992129624284,24.72547208254353,17.18309789915095,-5.077747296782837,21.076307049662265,21.79243595442971,31.32603462920429,22.044026069323404,35.09333295402078,-1.30458745172822,17,medical equipment,0.8536416344557746,81.23946835801075,1.317795031843291,19.928717848448667,8.567694164195789
829,829,16.50855514077539,16.343308616870562,23.436508417227586,14.812828124061332,17.14362320503404,18.037203927165255,17.332859728614284,19.16138925285308,12.940508846852143,-3.758760541128869,16.143588997955547,16.214134436962773,24.16781655331065,16.74922239635973,26.886815434221425,-0.7146704098530271,19,office supply,0.7828623731358995,62.324468453680815,-2.1477266418210155,9.831254249215824,-4.330350229849586
830,830,19.387682563677533,19.249780610632477,27.70615773043896,18.315835549098477,20.914850403677136,21.292781938696127,20.937815252798533,22.74748288732722,15.345463336291669,-4.743503671880046,19.308150239138257,19.739690588158272,28.444479244455028,19.760793110035895,32.442869087344945,-1.3185330468082863,6,container,0.6818172469017002,74.33520992041267,-0.8645187698925723,14.314255928833578,1.9309782831448725
831,831,16.484691147293805,16.24447257033284,23.329267159796323,14.597729476628391,17.13938230009572,17.51085137203514,16.89592881755042,19.071050524058244,14.179673084222737,-4.008709069376852,16.303835056531838,16.878966643509056,24.133279953344623,16.80737478850608,26.827579265956714,-0.5294182010202878,5,clothing accessory,0.8049111408515581,62.39234483881272,1.2838838536398196,9.784657518210809,-4.366897090297732
832,832,18.21181502746012,17.67796519855544,25.59868320435264,17.07170497437631,19.016371120217,19.718565580289276,19.22013297436757,20.82060579864506,14.635281196691167,-4.426281099134839,17.926145346278307,17.885701532886554,26.5399202824354,18.224182389673228,30.352669311016303,-0.8692679425085752,9,electronic device,0.7826940428164595,68.72894211435127,0.4700080675184264,10.907977985280532,-2.3053713510052845
833,833,17.376165807188354,17.132724385595747,24.84014566733869,16.323089171591885,18.449585313256225,18.735671346253604,18.591179947187864,20.2596277021714,14.381510559370543,-4.28636576236695,17.275464364892322,17.63084347347981,25.62145979662748,17.419423590967682,29.02303000104182,-0.8239598013846846,99,,0.8043799426500864,66.46339455318679,-2.525756429098685,11.338815659237532,-2.2099737522067926
834,834,15.988527220749305,16.07782567026525,23.130658527633308,15.02949132704568,16.98903314279692,16.940813879717957,17.32906944921755,18.604362463530904,13.588098029560465,-4.079102602558209,15.68521418003456,16.626370129036097,23.931649076624275,15.840727176606302,26.82349762095504,-0.9444066453848884,21,plant,0.762256317791027,61.5917305187915,-2.086826593736138,9.833230614606505,-4.43686404677246
835,835,17.641367978290784,17.33335153098386,25.53955297452457,17.37057082788798,19.82265577878673,19.01359204201787,19.392332543066644,20.936949744913104,15.092591867789642,-4.949922775952572,17.83613331464011,18.64649322258185,26.377252091589757,18.18038280044904,30.51209529272758,-1.4394811289010236,23,tool,0.752965779493715,68.90869379700968,-2.223393604900693,11.106070885467803,-2.080664170467257
836,836,15.234601213022438,15.05161391837226,21.666978129716156,13.856237973132837,16.270607191695717,16.231194808508302,15.779788980942277,17.82430653676185,13.170464152390084,-3.767984674643658,15.267473532568568,15.84914282913973,22.295345897545523,15.68282932455283,25.05064098614661,-0.5767191574098627,4,clothing,0.7410177775063997,58.172345444223495,-0.850322016920865,10.681981806371025,-4.094391692879443
837,837,15.263718093073326,14.97495147615105,21.90860441217009,15.051576730838118,16.936450015805995,16.583387018860403,16.531542668065427,17.959576044867166,12.9952865081333,-4.016833033435348,15.52795463412253,15.968013506464803,22.51719313163791,15.712823544290762,26.15437398739353,-0.9811988174289776,9,electronic device,0.7702674869209876,59.24178209676221,-2.0646625245553754,10.41106624768443,-4.206964995921464
838,838,12.338887481950849,12.124391296343676,17.624561390285226,11.57134705152711,13.365488656837892,13.024749013903824,13.064427849827494,14.337887290309205,10.585711050630175,-3.3169029906480203,12.166959690811169,12.642332224077476,18.31631593279052,12.61181582142448,20.81253952250525,-0.7433407511944742,10,food,0.796965937357465,47.272771567980826,-2.8035000232878184,17.736238532472928,1.3460591953245746
839,839,12.971338466334153,12.830173381018705,18.5192361583332,12.00544196347992,14.019160104619298,14.038543177589045,13.918065066363964,15.14764671149593,10.671930459830664,-3.427026833861968,12.789570350149582,13.612354512361998,19.10934050863144,13.39563866117988,21.665448511441102,-1.158538608455036,10,food,0.8242629504152925,49.76357913518237,-2.8662363251708447,15.758341633744655,-0.2630453231995862
840,840,18.58465653789296,18.292118487951303,26.201743275383404,16.91745281250226,19.10537818249669,20.389591857830684,19.767942169148924,21.25443828665824,14.498394022119102,-4.390861072316951,18.13320792172502,18.608839738337743,27.109108628746437,18.59465313091509,30.534325465879583,-1.262748248317502,6,container,0.7675402052999836,70.11052161132581,-2.4247264061065774,11.742734099159275,-1.2660566843745578
841,841,16.440482261506215,16.14301564813457,23.92135514594669,15.815859209032512,18.358643697367967,18.12612660862428,17.99802061285216,19.757746528058004,14.326486816925703,-4.546093864120029,16.922299458251775,17.832770379586364,24.67412607878314,17.32233404484708,28.19015767697331,-1.26456510106084,22,sports equipment,0.8279244782314087,64.59297340954444,0.063788007801449,9.964178353073708,-3.861548174923122
842,842,14.183571527427263,14.071979466616993,20.088990404242228,12.69892406891158,14.7828401273792,15.110699606368044,14.573020163807596,16.47260633401692,12.2265697852013,-3.336725186632892,14.174462613272835,14.709577589093342,20.64786026570958,14.38953152117029,23.03419043760763,-0.3594647416476722,4,clothing,0.8161903973596945,53.84100423254044,2.2750112839427405,12.421609833286498,-2.9960679786561837
843,843,10.606195331207443,10.411957027806467,15.44399572278671,10.234659378509331,12.104757642368922,11.321671701713576,11.613458221091514,12.74393849813489,9.174411886311246,-3.107089993855229,10.667387659842436,11.274739556871337,15.989547054777876,11.14057260327032,18.299207672375207,-0.9405323968007095,26,vehicle,0.7537355584082159,41.55181874838368,8.615097676312995,21.04682477691715,3.8095933289768382
844,844,12.170804984610058,12.473358626187364,17.479863143616665,10.672327407552162,13.006643728451351,12.896650792576898,13.000427756593666,14.26834853513688,9.91290070267862,-3.163952038957436,11.737582480010753,13.097035464027767,17.929227423426806,12.42227070891856,19.827757653505344,-1.2404314227426465,10,food,0.8164957150416814,46.58634135657731,-2.585110235107627,18.344300004480043,1.8524868699878319
845,845,16.321896736095237,16.210527495271982,24.108658045294277,14.93307480401212,17.878258210804002,17.95615335169088,17.993402801220274,19.6717335363769,13.482960931594295,-4.402918511355799,16.13326350576444,16.805350228565082,25.095217902727992,17.095999455560182,27.571219709355574,-1.3325521638928306,1,animal,0.8050888394393784,63.716973494177964,8.688651491796726,8.74690851203835,-5.208519763335763
846,846,15.635371988179555,15.583362457553394,22.32858654001623,14.04730469987702,16.824769664651974,16.700727132388135,16.30442501982679,18.460177910482724,13.3017798126701,-3.910121570474156,15.621303876630032,16.435050152175577,22.92049371216488,16.19040731138966,25.623695035542404,-0.7897397178876241,4,clothing,0.8167088060990502,59.86242252725744,-1.726450412280169,10.256481589166627,-4.269656782172781
847,847,13.84184657535918,13.504677562998182,20.44391707905752,13.675835598317354,15.913664869849732,15.088544921938343,15.505368532484162,16.780537050815678,12.152152241177964,-4.126410657665036,14.103601793254589,14.811699042897802,21.2254124998557,14.632401432533552,24.278783326421248,-1.2933406672965224,26,vehicle,0.7205138575455321,54.91252378933848,-1.7826569816387305,12.05695432645219,-3.202072832188204
848,848,15.890419450344146,15.629989773899352,23.356554321334105,15.015112403823474,17.85490371148416,17.14241695387586,17.477125864963774,19.133219235134757,13.655442918732142,-4.566392754458889,15.860090682416532,16.666013545017154,24.28218849395077,16.687879395848217,27.259875382385086,-1.3607188655644178,26,vehicle,0.7612848761162684,62.27536045145807,-1.8080310410053873,9.894201627023948,-4.274673850116653
849,849,18.25798136290075,18.354017111181467,26.147655400845284,16.761488529250027,19.596355966431982,20.67770987696272,19.83653630210321,21.660734443492387,14.01087030860618,-4.253901503548698,18.389947168691823,19.3100985134447,26.66782972776261,18.96695438471014,30.04887696073103,-1.6056430758960465,99,,0.7901132299384382,70.32620435456367,-2.2301661017246026,13.491558393393156,0.5147018922563422
850,850,20.00437088528301,20.294850436233848,28.55832005477285,18.178957079696925,21.4197941760316,21.799317477288543,21.26476099526346,23.589389392814223,16.032384709790144,-4.650446270621635,19.95547282566097,21.1281608407874,29.054641562977423,20.447386086226317,32.61261869646344,-1.3299598442374851,99,,0.7387823524589504,76.60438233739409,0.4504438438227947,18.07179652891834,6.024495659505575
851,851,18.43382495683181,18.945145209447247,26.379914716328543,16.285979270406195,18.9662900196606,19.57881288871583,19.722187953198524,21.339780395254515,14.417515089540858,-4.270275736864642,17.619530728723404,18.86770688081112,27.040384539471027,17.983168927230395,29.773099501408016,-1.2464933315131954,99,,0.8444734104760697,69.79239976754143,-2.4151090223721834,13.14613145422315,0.09023911474857726
852,852,16.344496490649167,16.247511266664805,23.455833787672915,15.24886538837758,17.902360932284015,17.66310722170182,17.5116239253351,19.367284803494687,13.220856299821728,-4.174074888001175,16.218422328033967,16.68772033326116,24.121031211485874,16.87515984299577,27.33299639316803,-1.0477142270790796,9,electronic device,0.8002677895489192,62.79818565011614,-2.3132388657080307,9.832699786964165,-4.258765475118986
853,853,21.1162474563596,20.7765600249626,30.08719515550157,19.6378932862492,22.2392902831167,23.312695987407725,22.716215316595814,24.5369935388746,16.893029918983483,-5.168505111978444,20.952613523317115,21.505607288454424,31.080492299347632,21.42993391555388,35.179158597956615,-1.4129461922662911,6,container,0.714413403842907,80.64858275072115,3.72376752944807,19.631715421233988,8.183204404595367
854,854,14.844314015337762,14.641150897579598,20.972608777925394,13.154990304712529,15.395231528877964,16.00105772019242,15.568842027869836,17.024156398972117,11.919098281107663,-3.689777681742709,14.333107084403087,14.997486058896184,21.75468462787305,15.104878078280835,24.253693681846528,-1.0928308254834442,8,drink,0.7826586248081515,55.96594505100505,-0.39532174354487015,11.384399041607738,-3.7186571220978255
855,855,18.521713355939397,18.094635088403884,26.18159024846521,17.035332652446666,19.64691816165539,20.11847654710314,19.50203008088313,21.43912746955653,15.122369368958193,-4.662044345976775,18.32198610245329,18.759022232334395,27.11820174950277,19.02062712043979,30.77454494405675,-1.1474457206582438,16,kitchen tool,0.8593323895474088,70.35823644529697,0.049706553977907575,11.552622855425543,-1.4194909304810785
856,856,15.231652497014638,14.770373008603546,21.585676695310852,14.435702850514527,16.40893413633605,16.3657784077948,16.115278291395796,17.658142677680793,12.563654171081328,-3.91070919577333,15.07361343156938,15.141427726998328,22.37446288467584,15.566526276891953,25.638062576175933,-0.7916275657006825,9,electronic device,0.7008760387891356,57.99426203360581,-1.8131694946517438,10.71020313104839,-4.092537641909356
857,857,16.46727768864715,16.63550017962792,23.73798772139108,15.387782239226368,18.04602798925394,17.915023375724335,17.853160988849453,19.62532891693817,13.04096686849876,-4.058595767951058,16.38403535888631,17.051348363462708,24.226061820604983,16.840862766407835,27.41537996618236,-1.1695381837345982,9,electronic device,0.7810085630442104,63.492592234053085,-2.052449234606863,9.866838408083545,-4.121812064012744
858,858,19.945829461146005,19.722982908989408,28.51192192232436,18.81080459161265,21.76841058103884,21.992298882306137,21.50929657623957,23.568177955441477,16.241381135340312,-5.099114621403443,20.13388187235575,20.957654143480337,29.273119678132645,20.698188193805244,33.50689956766454,-1.531451866520051,22,sports equipment,0.7454790655276627,76.9450285772311,0.563600398047833,16.27127428499386,4.274409964454367
859,859,15.410652643546031,15.237209202780376,22.087437625289272,14.10275729155255,16.638266507030178,16.46293414991578,16.132014414299874,18.159382871925832,13.54661774401913,-3.966270043223136,15.522942528405714,16.320524115607146,22.755610963614327,15.9834221286393,25.555213430845527,-0.729852080250491,4,clothing,0.8320317416311089,59.318208373438054,-1.4324130216044777,10.405400233724137,-4.2013152306716055
860,860,13.065206769739742,12.968268933898925,18.646945403010275,12.230853787158765,13.9502082862736,13.577237271931509,13.81680906433685,15.054360185260752,11.262601776684033,-3.4271552726224037,12.761089842564758,13.374761727137992,19.362076927260887,13.038875930704783,21.909013873217468,-0.6788203692907943,10,food,0.7816653954358824,49.87862188340866,-2.805059206233718,15.698807205623028,-0.30554636443807404
861,861,21.109989912325386,21.4726721366844,30.15111145481344,18.81903865633451,22.425495803230493,23.179588887887192,22.582495226633025,24.863901937193404,16.345194486367596,-4.962063727907867,20.782290179660475,22.138938855691507,30.767213823212025,21.611080770684914,34.296934810910074,-1.7517306671374266,24,toy,0.7743403871133595,80.61499288829944,0.7418247786716989,19.406481837492837,7.952997459814066
862,862,9.313896605895348,9.167199618596122,13.535658317761248,8.557089634771641,9.989438815166489,10.257437682514336,10.04712965750675,11.04466901467252,7.499052951866715,-2.315645243752504,9.19197897853399,9.170755818862196,14.053262358826476,9.627550031597757,15.579234336331796,-0.4958252230121742,1,animal,0.8125395345483712,35.81682457202287,-0.9189703148287673,27.7523891476407,9.666026606392737
863,863,16.1504989052926,15.928325586716284,23.99228352817186,15.413763191827996,18.37686059198133,17.484552494492902,17.937812869823926,19.6970934531444,14.328237947722458,-4.755017086685276,16.361058477653355,17.37448783372162,24.93269413665435,17.09797943561873,27.93967976991773,-1.361528632272549,26,vehicle,0.7822064920748844,64.03146122655073,-0.9007950762386194,9.961252334220452,-3.947612456726379
864,864,19.155206544676844,19.078681075660477,27.051782472913107,17.246044572708673,20.124775636718944,20.87531542932256,20.1939314641278,22.241596481142064,15.19198118802882,-4.635562289122128,18.883474418449374,19.627073182235527,27.81922689550908,19.501912491407744,31.40386342487409,-1.2966715694314297,18,musical instrument,0.8044071772603629,72.60450117907374,-0.6068439915946708,12.867114745581837,0.22758599299788784
865,865,13.554905481680835,13.405998118917928,19.477874701484936,12.808056384748843,14.90158118696914,14.694070577130306,14.63985441592252,15.99155790614554,11.475034551751934,-3.658184773273975,13.59674930257061,14.46560559790279,20.05152780566667,14.083916581877087,22.89762813945855,-1.1535050307585142,10,food,0.7780538059501475,52.49920086113392,-2.158738098162684,13.775314472594898,-1.8410325844644895
866,866,16.812104075775828,16.6698209263237,24.1190171474717,15.85962807449383,18.008839942899918,18.1247678291458,18.27403388550968,19.55874678615437,13.6938501959932,-4.35196106465269,16.506260510692936,17.255033113958945,24.93815220384212,16.892677657891245,28.294983971369778,-1.3050574344523171,6,container,0.7800773366081454,64.51093176110575,-1.547838668678704,9.892383249538309,-3.9454904773035793
867,867,11.559541493098532,11.398170165003924,16.401230866316567,10.555398851148723,12.500618191678534,12.402527113490494,12.209970843029376,13.458476043837557,9.549823190398888,-3.065151862880413,11.355599789445394,12.055222261942356,16.922070987509915,12.014810343401802,19.188436921423527,-0.9956879241639764,10,food,0.8127896205316852,44.107697702814576,-2.0222478817754714,20.375615623492184,3.516811114481232
868,868,15.438475221962774,15.014214010335913,21.908153172115732,14.60382858746224,16.601013244061534,16.882201696332366,16.529105265902572,17.95180750897857,12.43988323259686,-3.942326396452614,15.339917398898876,15.54339423714128,22.68150038405048,15.826849440271976,25.99122325496104,-1.043722599753177,6,container,0.7673225825664852,58.946980203168856,2.0430075891938575,10.230237148519073,-4.43144286725958
869,869,14.604945853664946,14.385583541177176,20.995192458924805,14.130449229827292,16.106877164305963,16.02233130587787,15.881542966334916,17.338258664981726,11.960537538055256,-3.748060820925412,14.805330315016034,15.064763522361297,21.57954607370471,15.013374358302872,24.83676414271982,-0.9238987779073894,99,,0.7528491226259134,56.55640109310822,3.0445221337875026,10.551645700720746,-4.463986732608978
870,870,19.033391785655617,19.11420686054296,27.649273208473605,17.94075428451354,20.671573494787665,20.583172554355613,20.788458296492458,22.67869365697233,15.401711348686954,-4.726120085375146,18.88307220919849,19.44188237180313,28.373382897840344,19.191539755745115,31.88381744172061,-1.05366542306737,18,musical instrument,0.8036200008921448,73.55674649090005,-0.028411331836085907,13.490949198220825,0.9924111908517652
871,871,17.182010215422444,17.120368815366337,24.747835139427597,16.280788468247593,18.557890303011725,18.775287353333564,18.585887439764026,20.29328485817032,14.0630366586368,-4.198969477009603,17.24642552733321,17.706585850660186,25.397800058203835,17.454549961816,28.789046152622152,-0.9446409053445076,99,,0.753546737223344,66.26777662706526,-2.4809501496850803,11.268572012019424,-2.3091808575157255
872,872,16.410106683014586,16.3412872334785,23.30449548216253,14.7143532088122,17.348916100882242,17.44882332573167,16.85399490873878,19.181239515341936,14.126845220441345,-3.907713400909096,16.419681696658444,17.01852498922003,23.93245409853741,16.804641093422603,26.72146486909036,-0.4493859692996508,4,clothing,0.8640272833950627,62.451588192746364,-2.4908818720234116,9.990954312889112,-4.1518286434869385
873,873,15.20216219593975,15.476397013163762,21.64210333760999,13.215105674085825,16.004655561321258,16.427438255233774,15.7354497516088,17.89264973076296,12.462097500607593,-3.452282615969199,15.10926624568077,16.05868306716335,22.033841172754503,15.648650868445944,24.312829516335043,-0.7761302395952256,4,clothing,0.8046676365996008,57.84711565729797,-0.628229702700775,10.860767219733889,-3.9637602472549602
874,874,17.330556445348805,17.338189517262517,25.438412651248488,15.883443987589269,19.130765347632952,18.714864318734328,18.878985437684005,20.86925737941211,14.874735785796291,-4.739252965892043,17.284980394022583,18.529963220052963,26.2882755480177,18.1212691065416,29.132738111429603,-1.3975285608726442,24,toy,0.820577641571686,67.71597858970961,-1.5238818439157198,10.535161427748179,-2.8281686755112414
875,875,10.12683776694497,10.071640838453597,14.555825325756183,9.05551133542076,10.60273517779011,11.141770826343762,10.757391698020529,11.88790305919301,7.977113387742786,-2.3556278592745867,9.931111907966978,10.001512765444978,15.033456080789176,10.355729394541813,16.582184693194503,-0.4950157576708484,1,animal,0.8423860734817686,38.53973609347174,-2.1108098155435346,25.10849642825072,7.425291896599038
876,876,11.187215770437156,10.900838565944175,15.85266920221776,10.495983724852287,12.129042844498242,11.984694057994991,11.79231859708821,12.985885309685663,9.327283460525024,-2.94725687911737,11.068283331617463,11.342257081653182,16.445487235949297,11.560228504481476,18.81135817092841,-0.7086619810571458,10,food,0.8073218330166715,42.67535263344511,-1.4156958064368261,21.615571813788456,4.544692331840164
877,877,12.88895146938648,12.776891990658338,17.9574788152827,10.728445174880392,12.662303482920883,13.60396313303839,12.75071733595671,14.572970584795238,11.072318179210008,-2.909676819800733,12.546317391642669,13.080947623634636,18.61929322368171,12.93262890726593,20.31721601139562,-0.1770552127900323,3,body part,0.8727571819515186,47.89113098360927,3.3047909062555103,16.155095699953538,-0.14352849511394794
878,878,16.700375762486516,16.490088440064763,23.85651785643678,15.263046695918236,18.10231606687297,17.904507105619913,17.421512215447898,19.695648770246187,14.40784252181476,-4.251927757839768,16.802156584685186,17.488308270310664,24.55335777080378,17.41354146766595,27.648279937540376,-0.7978665896303462,22,sports equipment,0.8566659598691853,64.10380707684858,0.38659741849290885,9.870361779825966,-4.02779138542944
879,879,13.387791776121178,12.88367952949952,19.15107856997493,13.462604135905211,14.892439529008088,14.727696883978435,14.602680315979638,15.779316494710368,11.387896986149489,-3.596996695877723,13.782735358895916,13.894922732131803,19.758221140049148,13.811598613706884,23.22735048904961,-0.8243548545037266,16,kitchen tool,0.8023917148820873,52.05943869056968,5.605654134475396,13.353632475434505,-2.3278263709664913
880,880,20.456067168488783,20.66162205293962,29.02536225493582,18.16942752853566,21.04828769521528,21.74410308834526,21.457304970465,23.588658586412578,16.690884827752775,-4.739238067841914,19.90662689846165,21.081023061207446,29.78498985663285,20.241902403576383,33.04097956737227,-1.0464579273819832,99,,0.7767517028896781,77.32726044198547,0.9319873599074882,18.695344352935397,6.755073805856691
881,881,16.861252615715546,16.75214768701094,24.63304988126043,16.430877960502492,18.399833824269656,18.71483362294993,18.83469109746737,20.13408017424084,14.306853369140017,-4.426165778934787,17.252637322008532,18.18414637090002,25.336411593902557,17.149620098151395,28.883145387756485,-1.2406819502739228,99,,0.7747644086058721,66.22046713431283,-2.3877467014151597,11.3077574275839,-2.2770001502507426
882,882,18.128071041912985,17.98989283400547,25.47596171445084,16.156530811880526,18.504012683791935,20.135659491779503,19.282469673821527,20.78510842831011,13.622884540902929,-4.208946353132921,17.637156713812274,18.21714953902254,26.31477641870308,18.2380343050044,29.537159051752013,-1.409917879418832,99,,0.7713710813398846,68.21069168070113,-2.460341913378353,12.318324449954801,-0.9717577554150694
883,883,19.901356570004708,19.627933331775925,28.39678159629231,18.71068323450299,21.0524792833794,21.65134478979489,21.312252954683107,23.184003730403777,16.737189552212524,-4.906407726801844,19.993989614012097,20.79117074920634,29.229431355298967,20.05323336459808,33.19492009102596,-1.0644760719590554,99,,0.7919102070016705,76.3680745635396,0.24127555796431288,17.83553465809282,5.753245735998631
884,884,9.213479331838824,9.09825860519057,13.317981808677162,8.458381067200733,9.692331240648254,10.108577611556434,9.881648349708572,10.81050156073851,7.404642209634617,-2.196750742765917,9.063825872893103,9.009438902231857,13.8157045399109,9.35563586105919,15.315729854239724,-0.3783987939618627,1,animal,0.8072622848943806,35.228808749211915,-0.5600779057141168,28.332524489811195,10.15909952039831
885,885,17.274777477657945,17.002700802108848,24.269563680009327,15.291495425329405,17.581038448138774,18.431756861718565,17.761479383638626,19.744298690347065,14.28373478835254,-4.019763079831722,16.889834185737826,17.27782923259102,25.11173986317045,17.259493885878015,27.955465749237227,-0.552203146274818,4,clothing,0.8050503888544609,64.80011045602348,-2.615042381859065,10.047325555147152,-3.74773197802031
886,886,14.50639156317451,14.36093153246977,21.47575923589044,14.433359457927336,16.009090408360077,15.871117383093187,16.405887336179532,17.453814607963327,12.890056080116567,-3.971546624432396,14.91545478457212,15.750121976816354,22.16454607892444,14.61509144746301,25.199733428626672,-0.9288189820266184,23,tool,0.75815256559159,57.54915239992856,-1.2305020106228959,10.827450642092456,-4.0411936729201425
887,887,17.816228199886165,17.598395164992944,25.422433703731805,16.78597706437886,19.167964118218315,19.523384794227766,19.19550610602071,20.87413133440004,14.275290738571927,-4.405867446802251,17.764600376212567,18.225119522698865,26.146603075153298,18.156280752828312,29.799780311228908,-1.2024395136696746,16,kitchen tool,0.7753377240713076,68.2827747760397,-1.3591121090131733,10.68371049066751,-2.5956989928701155
888,888,15.247226292423727,15.24692438507508,21.973737496489587,13.543195854042226,16.130785041476962,16.712228891324447,16.37565625056857,17.892524647103354,11.957978037540665,-3.820697163241935,14.795619996241122,15.380212038453228,22.810325999030365,15.706793824577764,25.15881108898785,-1.235070617337512,1,animal,0.7984412170225597,58.24412857910228,3.966974711588515,10.080489159709876,-4.685256030264897
889,889,11.63762608393891,11.444199293946072,16.426100742836002,10.27611493585917,11.887696941222645,12.667395491821177,12.110625978114443,13.352351375859774,9.107893380859624,-2.6663642709304223,11.273932036413576,11.266050552423366,17.041434977582217,11.745267563604294,18.892833085296065,-0.5172009384083397,1,animal,0.8119793478967902,43.62397647012113,-2.895841010548075,20.39917561293469,3.468750675629991
890,890,9.856096812638896,9.67511701485354,14.219353317112729,9.48190011540079,10.951154326352476,10.599860933763193,10.621581308756076,11.688304288813612,8.509742311825965,-2.6528362264236325,9.93672397522346,10.357289822582583,14.641766628184907,10.242150173895196,16.746971412519276,-0.6393382731480868,10,food,0.8033331643087741,38.2676465412828,1.3649431647433037,25.607215673033565,7.883725189587874
891,891,19.327422611480944,19.206293841361934,27.462356087740755,18.084879616513778,20.417710951759076,21.343368839617828,20.862795066560253,22.443571621651355,15.051259573123044,-4.596763801964605,19.136697511883103,19.66426569815579,28.195388159030088,19.476501255546854,32.103540174674386,-1.3922640590995266,9,electronic device,0.7351849213950529,73.69270250406181,4.04997493687689,13.57275267075826,1.0943444969248048
892,892,18.170412489137995,18.037814119312674,26.3274293536416,17.476843228620492,19.63657084453865,19.885559831222317,19.91846831063273,21.44505797564568,15.19613834510302,-4.624526412040139,18.285648389025773,18.935114832571585,27.14675928289717,18.386480870582773,30.833113517599852,-1.1064688632612114,99,,0.6716846502639876,70.5260620269113,-2.4164343633315415,13.454135806875211,0.5068705064628869
893,893,18.30194987276887,18.18462831485805,25.777195378556343,16.186294612608464,18.59918949623617,19.91379848355402,19.10368625489139,20.981353479095933,14.17146822931494,-4.08238497569703,17.735564190186004,17.936041260577884,26.592351474604985,18.2684982670587,29.561681344677357,-0.8323481129374088,13,home decor,0.7265416431114106,68.56136377234972,-1.8219297696093006,10.90874767169614,-2.3294135434482435
894,894,17.511530713256242,17.2612081533698,24.955074305372037,17.109659646527735,19.071208028073126,19.244531407737067,19.163923246163503,20.323323886273663,14.024230833961244,-4.52076712140041,17.461235411938052,18.08746553690349,25.705588431006888,17.823938195618133,29.85430562131349,-1.563986630348054,27,weapon,0.7428476516840775,67.41216825218466,-1.42171730592006,10.446247258900971,-2.9620654190791136
895,895,19.350146742127382,19.161055600533416,27.667887677681005,18.341807424465035,20.790615223735497,21.17257097517494,20.84595705308813,22.602199918471115,15.677484148735166,-4.754536554002135,19.292847370281525,19.79201543684384,28.44999274064783,19.684370465927728,32.42582311086527,-1.2435821192193532,99,,0.7130253184493649,74.23730866100175,-1.0613430849614947,16.07952501311062,3.6817519728524726
896,896,18.45296797352997,18.166762330373672,26.25743310023797,17.234275620747354,19.92241657712125,19.869987824743887,19.41826611955026,21.68270032009244,15.64765311100398,-4.58081028546234,18.625831630944848,19.16284452078348,26.947698957210825,18.939003710346096,30.671116757862645,-0.8238228202107202,5,clothing accessory,0.8167227851093342,70.72546602454027,-2.3201589192741743,11.772206487793284,-1.1455347835948224
897,897,13.651655204634675,13.479690368674634,19.64706826485422,12.94352875660292,14.722710592445017,14.50016749346697,14.627397526743415,16.025243895697354,11.016946138135962,-3.360379329717578,13.326788992274611,13.16480511558791,20.29565283087825,13.674088958791796,22.888700853654036,-0.4414810839281445,9,electronic device,0.7901874643485834,52.10459105535337,2.1867644297504345,13.38849427767186,-2.2862792477514393
898,898,9.604758428551175,9.414398883682662,13.792392102472592,9.1328231671548,10.50573945316229,10.143504328871712,10.295137605705492,11.251617752336742,8.364196884147391,-2.625936953184349,9.538448097945908,10.054586563528296,14.255404176480166,9.810645476270182,16.24712234964541,-0.6362957298572456,10,food,0.7804802604802605,37.04752916632685,2.370047025437213,26.74562221067379,8.841479477426265
899,899,15.877484375708883,15.590387669662451,22.689042373337752,15.255223520383328,17.247544768954363,17.54173823659394,17.13695856562134,18.66024982934286,12.853251926767443,-3.94844383009632,16.01739187769527,16.18739712637026,23.3288987873955,16.33297640771394,26.825005865614568,-0.9703429483119852,99,,0.8286877079560008,61.101246472180854,-0.2822912618820457,10.153842855872472,-4.188873545292239
900,900,12.395655066184847,12.031084233433676,17.934689103075765,12.358730163249248,13.626228008632143,13.5534566516764,13.613752488041374,14.651388839490478,10.548968504259223,-3.2527973675178514,12.6426832692202,12.652553744038071,18.55405439099429,12.5739539967341,21.43739088171163,-0.5991123823754441,99,,0.75173707228005,48.25139566438523,10.741485168791694,13.975491586788179,-2.269791326168095
901,901,14.74333735210076,14.478626023778403,20.889156033561168,13.513726594947498,15.43068593874913,16.00970261867495,15.660198524152378,17.01530361403969,11.866082182774084,-3.630128396117576,14.450975771632583,14.897195076068956,21.59966448703173,14.898487782224445,24.362277221474404,-0.9429540839112014,8,drink,0.8617754653921423,55.914556618505216,-0.4269146749567647,11.382316755103794,-3.7283480503074244
902,902,17.262877376396908,17.025614000995155,24.22387537611709,15.240461807549506,17.260467962319893,18.22483445401956,17.845659791414292,19.48978139284221,14.13477358731154,-4.0434001518711415,16.5833879359943,17.030450454136925,25.15496353804446,16.852520132096668,27.9399938150664,-0.6305149895900407,99,,0.7939450282481003,64.4149972981009,-1.8549548320791942,10.756644135929195,-3.0954337789122164
903,903,16.16882302069926,16.199227226684144,23.23746687003849,15.302280889875194,17.351519614175924,17.687414672836216,17.797414680524984,18.722320710863265,13.14494024443988,-4.22814739562866,15.89462910004419,17.245746415457848,23.964828356490575,16.410813436847477,27.24838298625586,-1.782193953774685,99,,0.7930013779901457,62.403631998991486,-1.0244762763525515,10.298613033705724,-3.8512703824060672
904,904,17.895942373063747,17.990626237940237,25.934569590357377,16.5014215177076,18.884052500692796,18.873753227593586,19.30679324497505,20.847302541068547,15.238100663482568,-4.57485117137415,17.436761042215156,18.50739974038535,26.883464816533976,17.727174889592295,29.826289014325187,-1.0131489054455456,21,plant,0.7865708309305871,68.78538087842294,0.20131709683754817,10.899531303480854,-2.305461632089047
905,905,19.85723240294275,19.58639203264365,28.505334643170197,18.704872295397134,21.48965832815871,21.224129677605184,21.283035125172653,23.202131146114628,16.88043929546271,-5.269802357146154,19.70754302684276,20.542350285034885,29.532969788607577,20.238386686427447,33.524120807813986,-1.2787329938382492,99,,0.7546162144600532,76.41485530559278,0.29722936926464527,17.889932049321953,5.814569547974468
906,906,18.97889153876316,19.06017112394666,27.524247536205145,17.421910981827615,20.244081107157736,20.39851243323076,20.54143694853572,22.292307869631102,15.883567354873769,-4.861293578423719,18.651018978710976,19.810405821108105,28.47492296456246,19.198099316734325,31.63431192769104,-1.327192578397589,99,,0.7732232979751414,73.18790334601515,-1.6029864560970077,15.275766051462188,2.722616622835524
907,907,16.525713317633755,16.210202326299594,23.6544284357666,15.654473284889118,18.32757716965829,17.865109643375085,17.57989929531594,19.63236944863936,13.98673475274421,-4.336353612024235,16.75430098716113,17.237463983717333,24.32027135675471,17.278174230774653,27.85800177239053,-0.986002956365752,99,,0.7710782411009299,63.82597020150865,-1.616510932639927,10.570621715419332,-3.368668358168261
908,908,17.527136265835818,17.320193223114362,25.36316380983332,16.547702528652426,18.616038893292224,19.04591665538081,19.07962660103961,20.61512044556148,14.542273625744476,-4.362880483898694,17.451586963208943,17.843478948915976,26.21301958270112,17.51950329364461,29.4495259645944,-0.8395911329011024,12,furniture,0.7513346961838621,67.55151957157973,-2.1635009520826216,10.427764794953031,-2.9599153357997974
909,909,16.294240983241618,15.909367405870118,23.51578201146989,15.134837140009717,17.56539129321615,17.663466200823645,17.28940562792081,19.246738280818704,13.999609979954425,-4.198504164788995,16.36086104305571,16.53459396987479,24.43375014644711,16.884516020917744,27.39408535512112,-0.6431439900326312,1,animal,0.8152934518395492,62.7874373192555,7.853996800717805,8.764868255656465,-5.328188419016527
910,910,13.361934532359346,13.176855948808752,19.204620805342262,12.646585969160617,14.476346286338554,14.222164328474848,14.357858827663856,15.583672540187344,11.419606219578377,-3.599846202832457,13.21513652019512,13.805217073845084,19.94882132268653,13.59407681009379,22.65510868927567,-0.8834096722079388,10,food,0.826016779590234,51.46167085122912,-2.5258362473864766,14.502657689147291,-1.2673074823439059
911,911,15.36297015642814,15.33935621680265,21.87441981375673,13.500227702873696,16.038975224294095,16.480609718226688,15.804209968426951,17.95839246522747,13.210397073901056,-3.632073149217392,15.339701405632203,16.094713267674308,22.489092951990116,15.775897190084576,24.837997511182383,-0.5126568155302889,3,body part,0.8554621683905651,58.48941194250225,-2.7317510963223715,10.561671817322793,-4.167756381888065
912,912,17.574115614239428,17.551745348142767,25.150298035050557,15.666346945088891,18.389789483555397,18.74655398825321,18.355585794851248,20.54924228040895,15.079302507001543,-4.268617122194349,17.438414632205493,18.349867869279382,25.91458668673976,17.82126402466042,28.668534707661745,-0.6846418305564449,4,clothing,0.893170716990201,67.09463442915813,-2.1326523049808523,10.521927097719198,-2.9334000730427725
913,913,17.475697317380984,17.939884641496246,25.17049448561112,15.2773392124181,18.40091999771421,18.57919564316831,18.79314185403143,20.407571453910947,13.979437554618745,-4.459415613551766,16.708555228493825,18.4743664944008,25.892443121119584,17.591253109633993,28.45892178100575,-1.708980324482786,24,toy,0.8641975254144312,66.73701800779956,-1.0544524573297478,10.329414713154998,-3.17886163480137
914,914,12.869465052968057,12.688808649585765,18.354216392135733,11.870080135136694,13.93784958205911,13.903429643033242,13.737773065750757,15.048452445501743,10.66352699572264,-3.4578923737229674,12.720649901120003,13.470114325919386,19.007763962055403,13.35699460208916,21.558839175297237,-1.0900122085675004,10,food,0.7653446800568185,49.36981088129594,-2.8948939267639044,16.059803038012195,-0.01988578596979096
915,915,17.31971183117759,17.008156852056143,24.593630622112627,15.848825616486671,18.27619115393305,18.689195870483317,18.31307772263893,20.018824437820506,14.278506372732457,-4.371710000508765,17.01890942467242,17.65766027879173,25.469846279062367,17.64896385207748,28.7011244934406,-1.1294965868238096,8,drink,0.7930503537042464,65.86232623826903,3.3373997647926625,9.937036165526758,-3.7007482439425807
916,916,19.868573983065687,19.543626938331958,28.241848328434045,18.19719371952518,20.920819915183813,22.045880132807905,21.18709007749884,23.171924427111676,15.58157160627003,-4.734391045671641,19.691367907751854,19.970216978750493,29.16051679400064,20.37079258248406,32.82808619060718,-1.2237041878116777,99,,0.747248966138531,75.6113811201966,-0.20914877317928315,17.23031261578272,5.035986625980069
917,917,9.294025915565014,9.197434492895962,13.478646920070622,8.532757267624065,9.76740684606737,10.185210298355935,10.073184723877604,10.904948405492004,7.352118126244215,-2.24788976237911,9.056033210352757,9.039398746309027,14.004445025165552,9.373416547963402,15.484988264374891,-0.4710109874627411,1,animal,0.8247440020892179,35.55186184816904,-0.7556445234454046,28.022310365561705,9.896717080485065
918,918,15.140507320536674,15.192499201641118,21.629332277430382,13.153977801247557,15.932809331400598,16.227567270503464,15.679342168023863,17.7759069285644,12.831085988494738,-3.7099563638702167,14.983958862393642,15.932025616704731,22.261211937939503,15.656400606347049,24.49951460403417,-0.784017677824852,4,clothing,0.8696742758903321,57.725433697771386,-0.5859412087391185,10.869590595088825,-3.9729532695023995
919,919,16.896120847252877,16.48208016580243,24.08737559119889,16.182149617049966,18.17376301863561,18.5905166258965,18.17924486851711,19.79063950968205,13.826557012519238,-4.22648658395832,17.049244259856852,17.148256146116385,24.85255304118452,17.226305588353824,28.55151700898424,-0.8946159138322821,23,tool,0.7666840157774047,64.8742976937611,-3.116316145496663,9.913265200048361,-3.8708080690810878
920,920,12.018018163485449,11.839252292507757,17.071868768244858,11.265184766443072,12.870625267930905,12.559894642187505,12.626353717783838,13.83784624961639,10.266391525910745,-3.134486128478952,11.774507636947058,12.151729572162598,17.734350729482955,12.096826130672236,20.16221697422014,-0.5920324923728012,10,food,0.8165022426366727,45.75262885854197,-2.542332620528688,18.993541699280705,2.378287950344795
921,921,15.586876891919362,15.454684945986282,22.46540912504525,14.57766980876566,16.96456603376368,16.56333030399389,16.814387807400678,18.35318233894526,12.811105457095923,-4.114363166161317,15.266837252482114,15.787595380375851,23.23962761641656,15.80476096498345,26.21320826122496,-1.02939312020235,20,part of car,0.8014329992301902,59.867868006501006,-2.531304508168593,10.07758768864378,-4.4477444175798375
922,922,12.770059465259951,13.038456384093006,18.23220779810045,11.302883938386987,13.540166568473136,13.635280195931042,13.707706388212628,14.831367289364024,10.207250633509204,-3.3093723262256267,12.279017807377985,13.704350406955848,18.72585832504696,12.960960406423524,20.86602978407746,-1.4186154764935164,10,food,0.7989401590369875,48.73143929799397,-2.7636450491998232,16.61823180217054,0.4440248071501145
923,923,19.66964821394427,19.572273715158296,27.6731754071287,17.183195743382825,19.761970565269323,21.00877607529406,20.564214332991675,22.288646570752903,15.554185715356644,-4.664795072549762,18.73351423050101,19.56386863390091,28.709298038082284,19.38720421959517,31.78961379741681,-1.1983323517533218,99,,0.7833918817185977,73.5133794198657,-1.345405697132474,15.600425298418497,3.0954663031096867
924,924,19.149966756295232,19.106514027342385,27.527378587975203,17.896824420901797,20.608316123138803,20.6336433513734,20.795285019307222,22.323030554949938,15.456917516591556,-4.969128217468921,18.695114105655783,19.66952079017022,28.4065607245525,19.375464704168856,32.11540224183942,-1.6413805478857342,4,clothing,0.762020842140144,73.47096753813287,1.5818974185454344,13.487791805001388,0.9765532483891892
925,925,19.619564132549804,19.412467657808083,28.452244449519185,18.28049743895894,21.562643006711472,21.67573502373749,21.41594783618528,23.45533795296807,16.102933120075136,-5.22110541372122,19.69941528658228,20.64858674254849,29.38642557623865,20.557300245069715,33.109053778349946,-1.675820948118975,99,,0.7325105155533713,76.24707379741449,0.1689264410459792,17.73840067751298,5.638196216244511
926,926,15.793101755050651,15.570668287103656,22.2172051667464,14.236185243265782,16.025672900502645,16.775503617789585,16.547344677302412,17.92104599448042,12.387925964720552,-3.7074024050472247,15.072917796140176,15.106104130703812,23.075815499706724,15.420571584127988,25.827244196085697,-0.6296476748243833,99,,0.8154707803881391,58.96138740547162,1.184947855085527,10.252903200748372,-4.406643664922951
927,927,20.21055063634802,20.02027577776532,28.409401249115877,18.257063968518025,20.809170617578857,22.171993245445517,21.394695440124647,23.14343949280083,15.42361823915586,-4.681679560706319,19.639607837606132,20.086462432565195,29.309745470076248,20.274860047491774,33.018422010612255,-1.3640246850198074,99,,0.7198429754527316,75.99809461962207,0.08110260100525579,17.591178724017507,5.454110064643803
928,928,18.14774960815232,17.865269445787977,25.567434340353117,16.749100370591403,19.05297055124681,19.8130027969044,19.29001173929107,20.787640349447717,14.238085268305902,-4.450041106286043,17.734860644051896,18.212266017791507,26.42474420443238,18.37848623013693,30.093890600510512,-1.4040398655805668,23,tool,0.8084400152692837,68.62609562572838,-2.3506091458006146,10.863030474143354,-2.3655464541227946
929,929,14.99365326961907,14.685536969024795,21.813052326159287,14.178499198167987,16.30243558742457,16.478615248655107,16.382658231487678,17.69714962666094,12.435085201701083,-3.9776587133502415,14.895406628821332,15.184373284192306,22.72698215351099,15.528702913994476,25.549823685480856,-1.0956507825148545,1,animal,0.7431581122129903,58.10004861666597,3.8303573002213653,10.078485350779362,-4.70859251578845
930,930,11.84304073239539,11.69564944521499,16.774536347091033,10.867620684764294,12.637389265271413,12.396989313026133,12.39690616714596,13.617711618799294,9.98867504401709,-3.11774749859997,11.512385355540047,12.067182314370047,17.419058026888187,12.00995741230307,19.70939454994561,-0.7540185573599814,10,food,0.7928540858075594,44.945743393431655,-2.321112246579112,19.66608500136749,2.931362685229317
931,931,14.934267751962109,14.68946482967996,21.314767698644133,13.738200253561743,15.958606072024686,15.973831784505284,15.8926940301952,17.423093816226316,12.247087954862163,-3.841707075562427,14.64745195092615,15.08715211645066,22.08357764201527,15.156406036546706,24.87165597181477,-0.9200410700810048,26,vehicle,0.831296749824827,56.942574718492246,-2.2984987884345696,11.048876698421468,-3.909578338969384
932,932,12.85680969938159,12.958669145717916,18.069076204964546,11.06832904371038,13.14076004236468,13.769770658691014,12.998359863203468,14.87705571564518,10.66279516682162,-2.740177852072,12.746629355408023,13.303111838983424,18.424305001616972,13.010058881978638,20.293106315741607,-0.3047085997517834,4,clothing,0.8553577831117612,48.32082908566965,7.16599547851027,15.702676864334537,-0.5323256411593622
933,933,8.552891007419516,8.473515242102286,12.408086201234408,7.835026529397264,9.0914022797071,9.507183897265351,9.213431263461644,10.15159274543166,6.743306718902566,-1.9992397690444683,8.476404013792486,8.386208386629857,12.80982841935621,8.790197829671017,14.180843403173505,-0.3794710102742858,1,animal,0.8273298161004226,32.818008873509804,1.246995613657747,30.724945202517436,12.19457390129504
934,934,22.27855499754279,22.150678183638007,31.364479668538035,19.56231543773145,22.759482784433224,24.05506322051156,23.163005909018004,25.52376647337302,17.92964356449253,-5.26122825657053,21.672222823991053,22.59888595999256,32.393042935494215,22.440848479642245,36.05640668078169,-1.268932037623694,99,,0.8388465345942882,83.76685327936704,6.493156050325469,24.767499676199353,13.78068406530887
935,935,19.1845698387855,19.16297905467155,27.03734509612908,16.998251534061183,19.84457588069385,21.12702588726531,20.066602398974283,22.21136255014808,15.126108785374138,-4.367962713915079,18.95984070644316,19.7200616091976,27.716049168312395,19.57734420159355,31.01079880573601,-1.1780238694722884,99,,0.7904607886598812,72.49697704285005,-1.758696506056971,14.843564297404146,2.1881153739288433
936,936,16.748759264896613,16.980116736003822,23.63216756839881,14.47694613537565,17.33501574779758,18.28346780763271,17.39583255601248,19.441352642197693,13.04577342294398,-3.733402430221072,16.378199551588107,17.28866354857121,24.12384723605894,17.12276824063098,26.701277938421217,-1.0988829816475425,99,,0.8329408260204302,63.1308923968154,-1.2274500849280408,10.536096635393546,-3.506107610045497
937,937,12.400842546108253,12.194307367811268,18.07250299328452,11.43054100508216,13.17543213259042,13.729213798072822,13.472803168833371,14.690059724771482,10.16912433902051,-3.111559783402158,12.308745953493876,12.42101670365794,18.79828609512435,12.745273901147248,20.811428717162705,-0.6581733500289645,1,animal,0.781574421513446,47.86864945457338,-2.1703639027104025,16.740904590561094,0.43895174951029503
938,938,9.08179732499275,9.01463277468912,13.20474174602508,8.424007879432116,9.72814087944505,10.023599782120572,9.853498070155725,10.771301951422735,7.245657540321244,-2.1904535921764627,8.98570141550346,9.006444028013895,13.640278736821148,9.303021246165132,15.163665228187517,-0.4736615184473504,1,animal,0.7770983637709936,34.9643692301754,-0.380845837331492,28.591666990948823,10.379088744129177
939,939,13.152786487440917,12.846025567796492,19.40245187272474,12.409790937797789,14.68710967840418,14.415821031621618,14.44475419441875,15.87520022390561,11.099546347643036,-3.6353938426327153,13.134525987880975,13.328758510747305,20.21400112320836,13.9061804742902,22.53573266485292,-0.9286421971047152,1,animal,0.8209571084293074,51.457435254403826,-0.6174441851864181,14.004313181518247,-1.7662791182406483
940,940,12.50270813529592,12.181233825619293,17.949235487430332,12.144147428909797,13.39258927273358,13.565997280697031,13.551121315635688,14.6066129040738,10.411753473772048,-3.153553976672985,12.54242351935993,12.493192451424648,18.591267441709025,12.489359344255044,21.28646809952194,-0.4976401708159044,99,,0.7652541780140893,48.08447028112665,10.885027136214397,14.04975252726788,-2.2202455865810826
941,941,16.867306683141248,16.972289090941526,24.23743549157292,15.22977971963228,17.94352952369931,18.17101948244366,18.237061533854074,19.73098311041861,13.571393773230357,-4.386680867745412,16.40894648968828,17.637390291640255,25.02160761108782,17.093934946685803,27.94238011297986,-1.5503698451818066,6,container,0.8090967638533731,64.62089458191215,-1.5262151875801395,9.936213558768692,-3.8853789222021184
942,942,18.3818559860808,18.63155172607792,26.101163264924377,16.492956830728666,19.54131791345892,20.15231536807449,19.338836707163065,21.643648455071748,14.455678111664897,-4.138519199371559,18.331434406162,19.131528581811757,26.52164411026794,18.852171513702206,29.75410744472055,-1.0962301648585764,99,,0.7779370512105909,70.00200848937652,-2.3789121243470293,13.231870872171976,0.20701348716558776
943,943,16.697794093988332,16.342628222651822,24.6893119483739,16.28012870395921,18.404687746402825,18.38845246448453,18.63502254607222,20.02747023516073,14.509107620958282,-4.567363050470773,16.933697395361808,17.36674059822833,25.69697306874362,17.20209165816441,28.929147481729924,-1.04004899178472,99,,0.747629576777523,65.7707921869247,-2.2299428451554624,11.185701122949416,-2.465635943541489
944,944,16.66046867293981,16.495276372492295,23.53170507499217,14.862454776487692,17.257838653719443,17.825321677324215,17.058374838553167,19.268642964271283,14.24591939926456,-3.8708667769979153,16.611464863487765,17.127381912059327,24.210677113526398,16.920629468331896,27.007601183681796,-0.4090350391627745,4,clothing,0.9011730683024008,63.05170574968589,-2.5896226522851107,9.98518929980064,-4.068739429078963
945,945,19.040094540259737,19.05223724861188,27.034500597928293,16.90769924917569,20.11371450269222,21.226784011913217,20.42290719771601,22.22797475838981,14.622544188513327,-4.71627211947601,18.697837264701437,20.02013882473191,27.820938247877866,19.78693970612857,31.167258811307825,-2.0073574463493493,10,food,0.8096221415031682,72.58818798393267,13.780249395050046,11.277553918422646,-1.3643901881790246
946,946,18.87635325252696,18.958910396931717,27.479357244934608,17.92799250441395,20.00924376467203,20.408508277055827,20.831808996208387,22.216772059790163,15.78851513528664,-4.708336800991,18.761570309704418,19.750731467077397,28.29213207379193,18.58069795455881,31.733475339220156,-1.086962388453364,99,,0.7439397176962762,73.14840774197515,-1.6132912144908156,15.256597923722847,2.6976007218625906
947,947,16.529230627438373,16.357633484135828,23.63785729634416,15.112972096975856,17.146682068308493,17.63461177648319,17.64517719122233,19.127969738260035,13.676028165821483,-4.092414017344523,16.158243407908863,16.687109693536428,24.51257672715756,16.313412395352017,27.364828526433488,-0.7913859084704095,12,furniture,0.7998311261569446,62.8836551181534,-2.0576152717835097,9.73445040511039,-4.344360130462654
948,948,18.687726774154527,18.4931643699904,26.90043094057773,17.286701919279288,20.118642460886385,19.94730492588525,19.892259206044766,22.021390396339086,15.732467711968717,-4.742044417983855,18.52246740830456,19.06888721140652,27.769340675813314,19.02025581202044,31.12671511455685,-0.8856812416223128,6,container,0.7967367503785431,71.72745592541334,-1.9940029627611269,12.559534090837028,-0.209851183343865
949,949,16.047913139284333,16.001029935292546,23.40428752843,15.486440949919604,16.936700186790464,17.377050870514836,17.849311522639432,18.7295042748676,13.541961966328444,-4.089296207830965,15.903851507124028,16.684318573348172,24.20121485077042,15.685519056570849,27.262682849169867,-0.9908848129298654,99,,0.7840581852536282,62.261302766299025,-0.9572360659220394,10.28711722427625,-3.88383965298463
950,950,21.082655124021347,20.99860282007812,30.164289932440575,18.73711455078824,22.250593678886045,22.58313435788412,22.361944623174765,24.58129897807648,17.169972131281195,-5.401706489620835,20.46116533714495,21.558683541613597,31.24627676778268,21.481722929302645,34.678960597035214,-1.5461955810429622,6,container,0.7755076870575159,80.24661694052556,3.4005808950599956,19.254790850532387,7.7467642254402165
951,951,14.322920292445316,14.322779007498283,20.37064668579925,12.947271638581936,15.09151599044481,15.266948501486716,15.234912342976722,16.546754777567834,11.669857938339453,-3.6573899058609047,13.878696333819564,14.849864016180357,21.04268577816044,14.439854309360316,23.59721356096645,-1.14049394026482,10,food,0.7817945607271173,54.45280282863916,-1.2471675194835612,12.470128676685812,-2.856965397102311
952,952,9.656493260311178,9.593138441291044,13.996138906993508,9.036614001104276,10.677772527006846,10.17265089531606,10.421573125362164,11.421415979904465,8.382601428210208,-2.714555682816935,9.522221497393856,10.253922342434253,14.471783078169706,9.968654166021516,16.31892067158093,-0.793690250940057,10,food,0.8682468209297478,37.44688233070723,2.038211268994724,26.375259714959185,8.530245758247116
953,953,17.049955251824887,16.618568311289053,24.42557888983703,16.693633724450166,18.73023777520379,18.74971636506559,18.486228631188865,20.07080268717719,14.456732097497497,-4.495830315704668,17.438522489019597,17.82387163699568,25.224405495444977,17.59366125810341,29.254752519354494,-1.076185533167905,27,weapon,0.8008751057035233,66.15427598221773,-1.9358981363823542,10.12097822300367,-3.473579707476052
954,954,14.26334297306539,13.913710317327292,20.36088356356309,14.08116982048066,15.811295354044686,15.610586217015529,15.473554695829304,16.70271421049249,12.090770030693117,-3.8319888805978777,14.534664037561988,15.056817419692448,20.964610984973003,14.772180475499155,24.52087446330016,-1.1271942593761823,27,weapon,0.801437328787482,55.32023329903841,-1.1692149041771494,11.690928278984327,-3.507732851186427
955,955,14.986542912160706,14.991404070283862,21.94533730534745,14.014944423243325,16.184997388779134,16.029916788028665,16.46304189594294,17.68933368500111,12.537437479005815,-3.971912931716039,14.622012106202106,15.37641695725927,22.786935797536973,15.12470548996652,25.30788630279387,-1.081387590324642,1,animal,0.8648679252270619,58.074582382286884,3.8223840919382894,10.102820097145738,-4.688028334966827
956,956,12.515628432002076,12.353272489527162,17.988574447174138,12.093855915276457,13.869419156593992,13.857447812017693,13.70750856162751,14.871889468561344,10.183101853791031,-3.288796601170556,12.71891240823145,13.185944354763228,18.486549191285917,12.987628516286412,21.338638880454177,-1.05191014545843,23,tool,0.842098549100109,48.62568355870478,5.7475043264359424,15.392079036536291,-0.7977862981030945
957,957,15.42720192886208,15.186522909652629,22.060077282787287,14.5776337669353,16.63934743668662,16.958393857917137,16.640515458856388,18.13150022908081,12.25202217598947,-3.7879740741698007,15.374425508073587,15.544827428147164,22.732691055639915,15.77391795633842,25.851148744880348,-0.9374037164115264,23,tool,0.702941824435727,59.13668211144593,-2.016999737984884,10.281080993082204,-4.352511498311189
958,958,17.09989106900984,16.848188371030485,24.459299627767752,16.083238202832707,18.34938507699711,19.128057790539653,18.499817556833715,20.161846400686912,13.481408506546796,-4.12707732879365,17.200764509649424,17.44666557331115,25.17707388966637,17.61806121208388,28.59572369495122,-1.0913302193431962,23,tool,0.7550673933659725,65.70723000080136,-2.980776885481773,10.070041229787883,-3.5907069410452728
959,959,15.362155849468603,15.19555393627986,21.78353413835493,13.687701994077358,15.411808893053296,16.238597744680895,16.209596815496855,17.420384827819447,12.130268403868568,-3.6356003434261774,14.506412257720864,14.66503867548822,22.7050933474725,14.847671476754291,25.072639373613807,-0.631092913822409,99,,0.7628354200000542,57.42468637283193,2.4077443539958434,10.504696906189938,-4.382376019282956
960,960,19.1901840327151,18.93145198133371,27.38970115651716,17.7814140888948,20.011195921880542,20.510396944362597,20.443606450316715,22.146388051961125,15.659282334586964,-4.676908622620796,18.711795741723563,18.94274191901018,28.41889534324862,18.988698739438263,31.891919550199336,-0.7980898599789624,6,container,0.7916580207937272,72.84397249311122,-1.649847986412837,13.276456957779011,0.6723846559692639
961,961,19.34440979648527,19.598401849111703,27.51167372455905,16.90052900326282,20.073629111708307,20.95592929852481,20.264483006772085,22.544897972670917,15.33231123988295,-4.390849942492172,18.90046162934284,19.894662643372783,28.15770969015968,19.60041480900091,31.053736854622198,-1.1198225615685606,99,,0.7671543128459046,73.22627854400864,-1.4628508670751517,15.38030495578458,2.832837411537575
962,962,16.390903778583624,16.02428489898929,23.737058520063258,16.20397749060893,18.086721397830896,18.29057225240793,18.112012456878286,19.569953559695804,13.676275197890115,-4.242794887475909,16.890961744382974,17.149561721425194,24.41542933561644,16.856544039711583,28.20164184798636,-1.0002005475744362,23,tool,0.7915065351582522,64.0681350281806,-3.108879425157248,9.901761624012254,-4.0016731936310155
963,963,15.137492573763016,15.159963217418532,21.687776857565847,13.502085392760732,15.987575989438684,16.255200925418002,15.70079495155149,17.84581120192103,12.85790526268809,-3.51820755147545,15.13548537202257,15.64229270239808,22.23529333442693,15.518511859387605,24.57272779446364,-0.39593616845979,99,,0.860795011709646,57.81290724468008,2.065198330771109,10.34668986703081,-4.4829025443875
964,964,10.345113526581905,10.1477608964301,15.294518476479716,9.453665320581228,11.22756046465226,11.37848865322576,11.284103321786176,12.447868923411006,8.64567426182859,-2.7261694079883583,10.233904264678468,10.28752807545496,15.98257175646899,10.827959402474324,17.46758922229613,-0.5671583229558405,1,animal,0.8185877941413886,40.24039473558076,-2.555006278245145,23.499056232734624,6.0676535491248345
965,965,18.76492668582663,18.724687877834,27.231138407245425,18.097616972216247,20.821038348254632,20.940077015558018,20.67580842906961,22.621140389231023,15.221525883137405,-4.710596778777577,19.22665007409685,19.85234037323148,27.805759881811067,19.44825651385763,31.79462977507602,-1.299288851361627,18,musical instrument,0.7562815947891478,73.30639061426244,-0.26529945525643317,13.38747562020342,0.851869578812364
966,966,12.822700206471842,12.669185027734096,18.22228511132717,11.71759964698554,13.810249492982912,13.902411138578117,13.6537497730642,14.93928428171059,10.384276243938585,-3.390964550904905,12.594597846995262,13.307764747386702,18.868599243125114,13.309658238783213,21.370472512276145,-1.1454434288285995,10,food,0.7628390163033094,48.979252738788965,-2.882746356224846,16.3623930309414,0.22487763340958722
967,967,14.193282115654275,14.08980177478009,20.51807579536832,13.465564316490712,15.139578822948918,15.634292553427125,15.65197093167768,16.684973585021677,11.3895922696276,-3.5704643194806067,14.085050076469072,14.586299172248273,21.2029064262568,14.263276991165167,23.93734165689865,-1.0145396245241072,99,,0.7828048721710468,54.794873334821915,4.5435990142219165,11.017170802818615,-4.259275843270185
968,968,20.320620470196427,20.215491357705847,28.697672137090866,17.803785721854148,20.58421702149944,21.757197403639623,21.013331646366066,23.296104171326544,16.761426595676173,-4.680234132931338,19.846533725993872,20.58712246731753,29.638952456113923,20.249560368488197,32.74976234710389,-0.7551296485779432,99,,0.8416285806827757,76.43632064087022,0.3437791193742843,17.940843063947142,5.868658749543155
969,969,17.168371867817648,16.8915072435934,24.436982355188658,16.01547575482649,17.569827659028988,18.623036355987047,18.45508456650871,19.65288613664736,13.756728120323691,-4.0264705885367125,16.77512224268749,16.936006831790973,25.310832438768934,16.7431924035434,28.47996151552034,-0.7758959670509697,99,,0.7115078665489898,65.04161216604766,-2.0969578273995007,10.924768317345196,-2.8345321418371245
970,970,19.782828355724646,19.773347633957663,28.859541197568337,17.945927247674245,21.204239621237363,21.12691030463457,21.323456973386204,23.46617621663621,16.77184056976398,-5.158007228804594,19.413675684851583,20.427952728640093,29.900361412396737,20.15364378254942,32.92140082145159,-1.1590426158402631,99,,0.7407831647864872,76.38531076929283,0.28317623004899595,17.883614611465454,5.803877705604526
971,971,19.02990782973016,18.786099791458568,27.10854949896278,17.56660780298676,20.151202244712493,20.62963671368374,20.307163561354077,22.0831893631398,15.4781865095063,-4.748088702465913,18.7336452694407,19.41166465987565,28.00814567333304,19.305790654856,31.60834206505918,-1.2691059909573943,10,food,0.7842111434778315,72.55723346560963,13.696880933102097,11.078236701693541,-1.5682905732912449
972,972,18.473382898045795,18.596287565110035,26.57467877629665,16.561323459670056,19.82519200339653,20.66869266416464,20.137276722163524,21.918898894437785,14.230011187295622,-4.659432727526218,18.2568271605189,19.58092772188416,27.32482668988409,19.26392458835561,30.478548060505837,-1.9636688515502752,24,toy,0.7848414168091475,71.14305352198392,-2.0589304564407973,12.131992725818115,-0.7239199687045588
973,973,15.340072883185304,15.123582231987,21.712285165335736,14.029497573732144,16.38466475651676,16.78318015840726,16.158544569589385,17.879694577757462,12.331159052028276,-3.733428920206765,15.226579716166995,15.70740068300842,22.31404451861772,15.878878019329466,25.264663493503527,-1.0348161782928331,8,drink,0.7934387497583237,58.35828000371916,-1.1619495604936319,10.492734563268971,-4.2561092104171685
974,974,14.64258813658584,14.570852381761036,20.918912494765213,13.582110483434516,15.362091128165597,15.348122891563447,15.557117135428578,16.800396330012326,12.35911716612213,-3.722865086210756,14.202480896645763,14.80711716389882,21.75247332000042,14.463917282498713,24.428949241869127,-0.747269250233878,21,plant,0.7961078344920823,55.72579709246484,0.5639830279925846,11.468719693696302,-3.669893105695376
975,975,16.601436413619155,16.78601591782497,23.76154179526248,14.921938384067548,17.556661153026198,18.004367989599977,17.818326916889337,19.405858617678312,13.195426739001432,-4.109745356803614,16.219050785951588,17.32478080236778,24.41092253221172,16.836169942824643,27.261799934692387,-1.3866940489424058,23,tool,0.8557308994952665,63.41320797918628,-2.8769122280590738,9.791651254549844,-4.208752959059263
976,976,16.010430473394994,15.701709948257754,22.49083725686658,14.44945507647781,16.671446949038796,17.508032207077022,16.78016063099645,18.353396188650912,12.874161216535985,-3.9144438248379294,15.741314015970769,16.355694599553335,23.2564576479887,16.39867013638915,26.27886152611355,-1.15281160837469,10,food,0.7967666625458741,60.47825065232996,2.7114820806300877,9.5080235906166,-4.926934424988907
977,977,13.796207903535745,13.448117883072571,19.00742477013024,12.042350983696558,13.648896214176718,14.810222446598058,14.14152519096261,15.329986826292425,10.752996080062283,-3.197843070409732,13.14222418192145,13.476659048942093,19.77319073922214,13.623555110484077,22.178268463157305,-0.817191305668862,10,food,0.8200895705431702,50.8850127336634,-2.4782570518721254,14.979177851035729,-0.876168111224473
978,978,19.0143057006476,19.078376735594688,26.850954937980163,16.564534965314294,19.4518783845522,20.59045540214904,19.553329374629318,22.020530129699228,15.663042187608816,-4.245439993409836,18.83179076994608,19.637437478509856,27.53352501513476,19.274455932619087,30.443704726301604,-0.673039373940627,99,,0.8229557425275379,71.778685474279,-1.9485511822202515,14.377191909653986,1.6153917526502415
979,979,13.045424274915955,12.78819869395743,18.460701571401437,12.027052317125989,13.913684496354486,14.205000759492872,13.806148452002413,15.14633609731953,10.641169119517096,-3.2988481488914747,12.92329730778206,13.425234053748085,19.06217655754909,13.4465744121898,21.653021381890063,-0.9252328511288376,10,food,0.8034477463593318,49.69199616178584,-2.8535372122981206,15.809764541482656,-0.2222210885540452
980,980,17.87866381827283,17.96353225152021,25.40288467811878,16.034573494393808,18.97587786231721,19.51698791447457,18.6572757696632,21.013725707671725,14.655463614852335,-4.132234209091297,17.950560775533624,18.75192623997875,25.925391949087143,18.455672869546163,29.03787050804835,-0.9083417617185918,99,,0.8223018380848933,68.21479212063585,-2.557505781946073,12.20490565479024,-1.0845694338262852
981,981,15.698821380992612,15.55105028243274,23.573261789815906,15.696438577313586,17.8313542137822,17.262704545190196,17.966745438252715,19.230500114766837,14.149089115489858,-4.514822427657105,16.230401022834737,17.265134669312975,24.36771779538052,16.234063800381467,27.56396620764894,-1.220304374167802,99,,0.7137632278234955,63.04614229355161,-1.1369324299639842,10.54490468449393,-3.509847777321502
982,982,20.77909430815814,20.847858162236047,29.745744932270615,18.998160233507903,20.89377485920136,21.87820567677492,22.316844177879407,23.702243565515374,17.215688694971096,-4.891207719819574,19.997231430609613,20.97269896087993,30.785618940191934,19.69240911910496,34.08825886759727,-0.8152278676222069,99,,0.7695886337112737,78.70824944044398,2.063407058540337,19.98133950453991,8.245540080194065
983,983,17.478224157492715,17.14300631160227,24.75334075699569,16.76799200946925,18.363964744616787,19.49449416521646,19.053705291122377,20.019322153633095,14.022723196082092,-4.368329298232344,17.454034611030597,18.18925778430678,25.546313938161397,17.614708068945482,29.511535524400596,-1.547509482411399,23,tool,0.8288955901081902,66.91918644109246,-2.8112368102039493,10.383935207714977,-3.0973690324813283
984,984,17.991236160588805,17.76491757711434,25.6494653471152,17.248278718752903,19.02743988721487,19.81472553252252,19.67706169160851,20.734676122231537,14.572378895530267,-4.5421696353519785,17.881436991609746,18.727288657331616,26.455792002963413,18.024666087111594,30.37900104301561,-1.5144982043878437,6,container,0.8151151638743811,69.0637895374673,-2.4595746567461134,11.242090279526973,-1.9216810886322584
985,985,18.67972608073042,18.28108034221292,26.192989016928895,16.710396382296818,18.612718898639496,19.9751206696558,19.457397062972618,21.062775817712577,14.788646587509293,-4.254368741889516,17.90724763963849,17.868372212008186,27.241827482295463,18.16416506127712,30.35793423934401,-0.5985016411888258,12,furniture,0.7971430641612194,69.53401175968524,-1.4026835964961597,11.326264505713944,-1.7678851161329234
986,986,17.917074358727064,17.372566824965006,25.18985013901101,16.55883330174758,18.71390861768789,19.516368028179205,18.879268755047413,20.53232098443106,14.305699786204356,-4.387040592264539,17.593244436005627,17.68510617941585,26.138544947031058,18.142455677727533,29.73159394925392,-1.01116954602152,6,container,0.7825384001457607,67.60222678537932,-2.461180576728915,10.652421601666106,-2.7277507495549322
987,987,10.603711643860477,10.332919141671567,15.166426326014609,10.06036116905647,11.644530975590891,11.3580263997295,11.250187356091384,12.43476706247325,9.062683359400244,-2.817162465407365,10.58714762730188,10.87713046437717,15.66408213324433,11.013240161321558,17.899696133409556,-0.6379657069858812,10,food,0.7986619293941305,40.76838298093229,-0.37010865177239083,23.320507232846676,5.967279212059896
988,988,16.902631241139233,16.51447561841178,24.07838593865713,16.049578622572533,18.45303855812558,18.319047564837664,17.96835572808888,19.795235645795,14.115446331146074,-4.376342884785301,16.9541557398281,17.31202227178707,24.840696254257352,17.502708251763664,28.49959438766577,-1.0254173886356943,99,,0.791839538830874,64.87840698807588,-2.0474484288094743,10.822209642377338,-2.961255199007123
989,989,11.900613801540272,11.80917328396067,17.10093027042758,11.123261282242275,12.940784364934805,12.866300676633212,12.895479590875327,13.98468251197508,9.896391548020732,-3.191071672674527,11.778106445931444,12.612929306451806,17.639304577984824,12.255362587641828,19.99195701533163,-1.059317193941197,10,food,0.8181336999685939,45.92599067325402,-2.5876629172063463,18.838626571245893,2.2490410100600293
990,990,10.219730416388709,10.05895392445042,14.679434621858189,9.705161055188269,11.075229101831612,10.782806399664269,10.959059133370568,11.91666996507752,8.84976023054131,-2.735838846746531,10.095755150305498,10.625980128337432,15.176193029079329,10.346513773070646,17.23760091228392,-0.633595899915447,10,food,0.8112023005048874,39.33566626295374,0.5685283928740148,24.624673778238176,7.059315757711925
991,991,15.9886961082933,15.939991078017192,23.00640984663705,15.1096775868702,17.656456877198895,17.91425138791,17.434532015219,19.14930095084441,12.693357822537015,-3.99773621175021,16.265612795916354,16.907156313889473,23.5066069744399,16.75078444621696,26.847573659225688,-1.326548324892128,99,,0.7656136278523039,62.05428565934839,-0.7661566132355588,10.288789283980028,-3.912818829699356
992,992,8.641083417119999,8.583113389627218,12.445208544926713,7.714933518779071,9.056089131408577,9.490345333973918,9.186899006629046,10.142909812587108,6.807830661037688,-2.038657055218767,8.438789127622158,8.469499779862621,12.88575951772224,8.849837469060231,14.185568006360592,-0.4308597503247917,1,animal,0.8303868541846225,32.88753226457392,1.192854467799929,30.65494018443268,12.134862611721477
993,993,20.436070049813427,20.249786125247827,29.27060887972948,19.10867286459933,22.35211533449737,22.39862057504237,21.9542235544927,24.196888511845607,16.66410240754053,-5.253270892259308,20.520726888929083,21.303179818589136,30.084912541777683,21.250070789408085,34.27121553716695,-1.5177554481897002,99,,0.7812754211983995,78.76360935329383,2.0538182853907525,19.96420030577557,8.23659754595597
994,994,13.06260035817562,12.830109353467424,18.699162313528287,12.168369550708116,14.209832138397005,14.296426084588813,14.076249121520672,15.348301284323265,10.66564879840519,-3.4942351004940124,12.964855647984203,13.566459019400602,19.380189888411685,13.622638620183755,22.004112339835935,-1.1266823154664254,10,food,0.7568612540995143,50.266123665607104,-2.7847849113027623,15.375609262279246,-0.571370263125786
995,995,11.895478918496185,11.697346429878198,17.01861238147161,11.159616106363892,12.693731548255856,12.56206783650538,12.664957640687254,13.824452761936486,9.515857145795737,-2.963744739161484,11.477332063132277,11.30090957440271,17.668275924887425,11.856460437318194,19.91506758202888,-0.4246175362734352,99,,0.8293585774530897,45.09874221240564,13.849245037067075,15.988004915940028,-0.724064185489464
996,996,20.41318914764562,20.10709389794621,29.63398931331319,19.78776696922573,22.55663070175927,22.54553336425282,22.426500883803698,24.379618590023448,17.162980091130745,-5.35652488045314,20.815913157820752,21.51673360790821,30.524783368093715,21.140270935303164,34.87240958243346,-1.3874807248630514,9,electronic device,0.8280118464864487,79.72724551901258,9.549177802111286,18.439184790071153,6.854259320896475
997,997,17.728673450754652,17.569220874762497,25.758997512747246,17.24731328661421,19.61809572850712,19.426648653558832,19.46784816916055,21.213147607067366,14.676624901803857,-4.537176815970214,17.986048456388687,18.3306182624004,26.45865111542154,18.154498986619828,30.227341352430617,-1.009389541359092,99,,0.733162725329705,69.07095822680513,-2.544537626711292,12.63752167035264,-0.5251882918438593
998,998,17.313972359227545,17.234081269267584,25.22043249851465,16.5705500585616,19.3219705937944,19.042106016194595,18.846619696577807,20.94358835204017,14.44500793989816,-4.397314004323556,17.68468345532672,18.117107569051164,25.815269218777757,18.0825669719486,29.284731053011704,-0.9264347471228562,9,electronic device,0.7530886543980255,67.62107823875508,-0.13932914637227256,10.51847931055187,-2.8589018686604177
999,999,18.230214858946525,17.914582359380507,26.06748440106216,17.115206069480436,19.553483851310265,19.884174951179407,19.49774373698682,21.32153089970905,14.740331709363993,-4.493393523012984,18.08462168256647,18.226825815890447,26.936308042615813,18.62783648646191,30.508284465603797,-0.976229854885762,99,,0.8026879044300648,69.7173524139693,-2.53616904812496,12.977588122055584,-0.08941583138560993
1000,1000,14.657220169048454,14.263558856818594,20.863206537670884,14.002131227428482,15.617393504315183,15.55823368966498,15.67588982193791,16.88960000218339,11.948608445555273,-3.735844776151573,14.278052141411012,14.222343639133474,21.66772797280335,14.571002902912996,24.73276966183785,-0.6815637965778049,9,electronic device,0.7736059136867418,55.667980497465706,-0.5728430742496506,11.622653250314773,-3.5245199533272356
1001,1001,16.009651083296202,15.515780613334686,22.168329225072608,14.098260341756127,16.06926358795059,17.287930887916772,16.36897684079071,17.983163835010085,12.713043557693496,-3.72348079865444,15.4654276155574,15.602727141489597,23.05547672898827,16.055256548851478,25.88392271690647,-0.7600865689155517,8,drink,0.7434205662245275,59.37458084621096,-0.877343865730122,10.28116501885573,-4.317203860004595
1002,1002,14.200576584144963,13.778050159277209,19.91649111539679,12.966572019130169,14.882861057857966,15.5387668909574,14.868074873883176,16.311562202996917,11.47571114895721,-3.506042908755211,14.036785432137776,14.378847792707884,20.61319864040853,14.590219588547738,23.431001961378207,-0.9311436362669466,7,dessert,0.7930380134580276,53.6566868345629,-2.1423833314275402,12.46280248471331,-2.982165613644206
1003,1003,12.511900499009062,12.376697389879814,18.070570386174488,11.72556817680672,13.913686878264008,13.277183686034828,13.47554151891588,14.87530350516885,10.659499909916727,-3.4791359475767534,12.442423057048568,13.147654902822596,18.67755721801861,12.964719360903567,21.171695236958925,-0.9702543593623834,26,vehicle,0.7291710334967548,48.463998062317074,2.1147177244266437,15.715979957084985,-0.497824753619609
1004,1004,11.396692501612748,11.21364277195422,16.221612028667458,10.756430754033552,12.213815054090464,11.924871412071454,12.00108816518735,13.11803779593956,9.75530377827842,-2.967816243319726,11.17661899052126,11.451945222291,16.874788028182007,11.456326854324956,19.19413094456044,-0.5209545352574587,10,food,0.7605786951682553,43.43681583855824,-1.7467344354287402,20.964697274937482,4.006561078158757
1005,1005,20.58585873967473,20.669640980505964,29.4604608746647,18.676705146746052,21.463564587689017,22.55416531455119,22.00842621695419,24.088877227533423,16.274134244247783,-4.662977836175807,20.33123914747243,20.94449750733946,30.203266155649597,20.6355431546654,33.60202312925724,-1.0481540362316637,13,home decor,0.7505048959608325,78.43869499265926,0.0275703530753848,17.41641556613081,5.640705541021525
1006,1006,16.46849662944318,15.975998865789458,23.961835074684178,16.467275500333933,18.68333418203221,18.24324428680114,18.34659691543797,19.67961477443679,14.082362642621582,-4.704798108471182,16.885773622571342,17.520650674091755,24.79700150296868,17.33343624374409,28.821568074586555,-1.5445332110226593,27,weapon,0.7809239397550204,64.84592751369527,-2.2491621923940937,10.004088533172023,-3.7841852636782605
1007,1007,15.89046005453154,15.828508078953458,22.38989040719034,14.497972422897217,16.820570697778795,16.81333501961228,16.474381475083504,18.32461543763173,13.211287901209731,-3.8378606000973976,15.65736156424365,16.278036839711998,23.02347094235754,16.05937915208873,26.05195111023328,-0.7648186531487096,99,,0.7108601350433368,60.14015601336671,0.31573635100242115,10.1099748839791,-4.375041886979233
1008,1008,19.08232140918999,18.99774116605464,26.973757148524523,16.97394140687639,19.67972185666016,20.32423927707144,19.729368585664947,21.98934032162418,15.9156374584175,-4.446800726081769,18.73870656840337,19.463067077426192,27.77468934694644,19.15242981274455,30.895629246321025,-0.6966282173126049,4,clothing,0.8145273087346259,72.03025526211772,0.4217709830006182,12.638832444572122,-0.08571994505442504
1009,1009,16.350921426116663,15.918136760334765,23.336399573904,15.645327363271132,17.802909367611775,17.793623020931676,17.550033410142767,19.18215787443525,13.411006450432923,-4.206964765028608,16.365278636973187,16.503759177906822,24.10698073998763,16.78596151991987,27.663605603208065,-0.9525954083034665,9,electronic device,0.8092256504709487,62.75759362160007,-2.3150283042481536,9.85981260388731,-4.237662769539197
1010,1010,19.83754199366753,19.816338161475876,28.24416509282782,17.773978458197295,20.736447707178684,21.2377708076352,20.70968276724897,23.07862242349578,16.81624225857586,-4.775571015459292,19.67979942013868,20.709648826647623,29.053857078709964,20.09733022103341,32.364937348254834,-0.8871534467396632,4,clothing,0.7685048871999598,75.55343937434816,3.04900471658617,15.04576703397363,2.842862109914476
1011,1011,16.270224043812643,15.960542324247172,23.14319166754745,15.147188796006755,16.963717210671575,17.309762422766536,17.319075668719552,18.71655544344325,13.06429292938341,-3.9829378404590976,15.738639394994197,15.698158117286289,24.04104419343805,16.025019209389384,27.087701032406468,-0.6339921402576949,9,electronic device,0.755186078023571,61.48827079128794,-2.4669329709955594,9.983447660928878,-4.301965389419079
1012,1012,17.998708367756212,18.14636766457687,25.78680821343409,16.651598000671,19.30953315123543,19.446143767120027,19.371250107180188,21.13399825301647,14.454557820556024,-4.391831914857073,17.77698408342188,18.715535623983456,26.393050720802925,18.168079858279444,29.767641372795868,-1.2751291061470793,6,container,0.7911341629168829,68.98905086637569,-2.4885097124020685,11.159166516042799,-2.015670762132169
1013,1013,16.47703772362852,16.400227160792067,23.525388531664667,14.869862318204229,17.12307621361655,17.493919775700736,17.43432925541854,18.96317497938998,13.71197466701394,-4.121965999525573,15.948606825201866,16.74611483368185,24.440608918707213,16.47688921592573,27.15684696530535,-0.9452124696060626,99,,0.7996396657982024,62.569596314790694,-1.1376680168772104,10.297155582010223,-3.828154930173344
1014,1014,8.11509406131327,8.002075158780299,11.745070611428783,7.45891286634959,8.571310725540444,8.92928614000311,8.739093754472508,9.540436004317996,6.387160785037769,-1.9356933679613848,7.942657883447308,7.809349892892185,12.198078623202711,8.258217282941482,13.515276353009988,-0.3598476851694874,1,animal,0.7920199245944837,31.00756092344849,2.901920937744922,32.52908971911513,13.730661014530614
1015,1015,16.516457013180357,16.613243549183025,23.51546887673848,14.677144125970829,17.14556619420188,17.615479144615776,17.47137557447864,19.11214576215756,12.900075888472433,-3.8971277727343474,15.823052113199106,16.383390200893295,24.228410982055955,16.42185928360869,26.83316262595221,-0.9638209042662964,99,,0.8682627064847862,62.284729987093904,-0.9386907284212533,10.313453605403154,-3.8540346054572066
1016,1016,8.309923966933624,8.209171384785813,12.06942087136446,7.708727192295712,8.814157750771418,9.22304263721934,9.034889886622755,9.808332586354425,6.527007075881668,-1.98198378486285,8.180569990050447,8.09219305689633,12.50418566316742,8.471534635036948,13.886437783848487,-0.4187169854715371,1,animal,0.7768909289090202,31.89697941829268,2.055663513923621,31.642894539669005,12.976154355719455
1017,1017,9.080797819833773,8.956807392383555,13.056543740421764,8.209942510907277,9.557444844346673,10.043058169800196,9.673240996146124,10.661595755494227,7.183283876317911,-2.167828253321908,8.94058209785742,8.926034907868006,13.535715833302628,9.348605061494206,15.008086325035912,-0.4525313387691679,1,animal,0.8195261841282382,34.62850733273546,-0.14390984156325004,28.927076518866375,10.66477009946216
1018,1018,10.570486787777204,10.420434774489856,15.447737259487557,9.852799725119471,11.411126776536165,11.566769157582163,11.497686752083348,12.559642171805326,8.69760872703133,-2.696306529527328,10.45690186585166,10.517580706020428,16.05528061493357,10.869378004993424,17.832506046290735,-0.5642907298099465,1,animal,0.8144801595138568,40.873378603963154,-2.7032317854786445,22.886895750364374,5.549213525342164
1019,1019,20.32819272300609,20.17057757811501,29.198386818280454,19.154268027383864,21.332960343278405,22.1287920123969,22.068922010633308,23.65780818366745,16.879984076171475,-5.016536535834971,20.23285348492991,21.065793050416985,30.12563627250396,20.20003635813529,34.02302428447687,-1.1477270977452612,23,tool,0.8050165061063284,78.11412608748604,3.641089847639252,17.038521019874096,5.214754878083925
1020,1020,12.65691419835482,12.374747183234629,18.5299302008684,11.693247468998308,13.635388134706243,13.847516363483956,13.707625408308791,15.040684324251416,10.556494953266355,-3.2997585634347804,12.5140843053352,12.49088563876448,19.39104143616486,13.10911299821522,21.4121646278958,-0.6305850800640959,1,animal,0.8297823873984269,48.950851913804414,-1.8000738101908702,15.892139884293922,-0.24958057828736813
1021,1021,20.378674111408998,20.25176038130345,29.369494303261938,18.62772675911481,21.08143009852439,21.759240947962564,21.80624106912516,23.67430368876972,17.468298131929497,-5.046307141958081,20.08308020897837,21.044050823211467,30.425729428886694,20.14100596707355,33.72666101322459,-0.860224054116784,99,,0.8279697281263438,78.0472515574547,1.4966337989984027,19.34179156558066,7.508123889272108
1022,1022,14.952403435614386,14.941425149591534,21.582238115221443,13.918116139666877,15.863431913892123,15.815045920744696,16.05291181463236,17.369114964522083,12.782761723107372,-3.858880594307283,14.645613260283488,15.400296297404468,22.410695063367804,14.93257494035861,25.067310059707825,-0.8239138628291174,21,plant,0.718366416713657,57.44272032759638,-0.4814950340223394,10.793088197342655,-4.091314596085656
1023,1023,15.198342813027288,15.21060634364222,22.09615804158973,13.694582033686595,15.927516222580508,16.42571613828504,16.46916080663879,17.839512043338342,12.231732239568249,-3.734202582912816,14.712036164753318,15.170718462556698,22.953101095688552,15.21903917992572,25.13870710271168,-0.9171655564009829,1,animal,0.7492460211101326,58.207425792402525,3.9244135609352693,10.093440934520093,-4.677738520327392
1024,1024,14.496905962203432,14.45497344431432,20.86608819719234,13.818101012263831,15.594538638671455,15.303787143188757,15.732707643003195,16.878380313988515,11.604470958417192,-3.658773113217338,14.0000859032902,14.23460219899777,21.55038559052212,14.311034911973916,24.39339436548243,-0.8012967658105457,99,,0.7828310966703957,55.374445650985805,4.066808707550376,10.893999129745058,-4.296635245338546
1025,1025,13.965349565621644,13.85511881192342,20.332414725530203,13.462981402177068,16.020779818891636,15.185296033846496,15.380821414789812,16.91291932284478,11.782761322368469,-3.9850880962662094,14.196012298225636,15.107633703870317,20.89689176179254,14.788002456868291,23.99867182479729,-1.3722635639994296,26,vehicle,0.7540429218478,54.88798784584099,-1.754803344425472,12.035114754781675,-3.2275452292612687
1026,1026,8.237098233680303,8.122738660015354,11.98148821451156,7.570401763205706,8.759009205510928,9.079450224017783,8.917245681973057,9.737845318688958,6.501635088757177,-1.9984914225471448,8.06353089886859,7.954106453710347,12.447028439008688,8.430720434717829,13.753427435895793,-0.4032342056949125,1,animal,0.8100026601744492,31.58603105434213,2.3472010284413205,31.953971611976776,13.241191987336617
1027,1027,18.320607677051623,18.08103257696748,26.248373156953942,17.08162047491238,19.752916149835592,19.92512940563013,19.54221579965889,21.612815189938058,14.679274839628556,-4.476188807990082,18.16029537734765,18.199259795257525,27.04212342626421,18.778863616252,30.521425158040746,-0.8368942641025171,9,electronic device,0.8111503345266818,70.05234410025885,1.2940568198917362,11.466496516188931,-1.5509081093226023
1028,1028,18.08191194674593,18.078851529283263,25.628103636917483,15.731877210435051,18.480560320101688,19.26128720572903,18.93941139670093,20.7876660814422,14.150919860550845,-4.305955882378035,17.201441783426063,17.80400395537402,26.551829462478416,18.0132373831062,29.218292782481125,-1.0110859999301447,99,,0.7781958883165708,67.80936750646536,-2.5356874615037723,12.062763653335724,-1.286739158988599
1029,1029,20.62045478685617,20.14372487129337,29.810866046871123,20.06943054671559,22.2896419584106,22.48870631740023,22.681367829954283,24.13523882198894,17.089750882568836,-5.414757461470312,20.551838381737404,20.865825586286896,30.93518347238868,20.765311093446364,35.3449592454231,-1.347306521205136,99,,0.8233737219833648,79.73764689699075,2.9317651262301467,20.91433745237807,9.330952025474213
1030,1030,13.4418832061585,13.101563086939793,18.97463297859376,12.424814242477764,14.384616385922811,14.628335081750125,14.14423667635173,15.61817320744108,11.071279386136244,-3.404786133064739,13.396163230198914,13.834179921257554,19.57462856034384,13.91180219261266,22.319315489948625,-0.887828726919179,7,dessert,0.7870781579623043,51.184115005800116,-2.909190884507824,13.877577073199655,-1.9334833969501748
1031,1031,17.32924267423978,17.557567473536864,24.49918226701508,14.861113167187224,17.91847995772681,18.702926879970928,17.76531920109199,20.172241277889352,14.103810179576255,-3.880526099883951,17.066545170115955,18.062758783349157,25.022912616501976,17.75573885889987,27.532407246464253,-0.8225624456868957,3,body part,0.8349041171219277,65.42692905103746,-0.958700878746221,10.074435084857564,-3.627814828542178
1032,1032,19.21901947926007,19.2657047649491,27.367961790534995,17.055224885548583,20.504288705151197,20.50181377238884,20.180846918944976,22.463937606355383,15.88328138964632,-4.921104321341584,18.82411040017476,20.16328818834384,28.174089727965097,19.789173051456714,31.462206660490555,-1.4586343886389932,22,sports equipment,0.8197861189940439,73.24104018292624,-1.3792527791705327,13.47350753799399,0.9282256222250034
1033,1033,15.65657132681824,15.752190400042858,22.922675712777483,14.725219566328509,16.501643253144135,16.59752407477907,17.253403849803856,18.307205695587147,13.507796368387735,-4.05207155188318,15.306266840741582,16.40728609583386,23.76646237197938,15.338658175461418,26.332044825966648,-0.9267627311022604,99,,0.7709444609253838,60.690708212816354,-0.0035286623267580808,10.190534018069858,-4.212967240114535
1034,1034,21.37630732397664,21.247275746253305,30.086132071340693,18.85537966571084,21.69249888656212,22.96893699892441,22.17634880746236,24.444042687034827,17.133708367722047,-4.834919545006913,20.76609256529471,21.35052436427543,31.03941301828978,21.256888048008168,34.44210112407173,-0.8968414132533945,4,clothing,0.842297544431691,80.14981741673076,7.2643652517911566,18.94798769149399,7.425628796316811
1035,1035,11.32467726649645,11.153451797633409,16.115547587224736,10.574503852619916,12.32757188578299,12.268965738658178,12.007869687960518,13.29184296997574,9.42157267161569,-2.8910341162812183,11.334619361984338,11.818387807359557,16.54361460744804,11.751646748168952,18.871079860141315,-0.7764355654730899,7,dessert,0.7828881439513372,43.43386422399788,-2.121343126847469,19.539107032684544,2.580533815811016
1036,1036,17.250186570142976,16.848849729236143,24.35493933601832,15.732070110190278,17.91246393326371,18.80650764445945,18.09991427036772,19.86674515784921,13.842792287406656,-4.072558029534531,16.970239115560272,17.074137059408294,25.200424795602625,17.46738704419859,28.3545426268082,-0.7916364957416951,6,container,0.7949379021922299,65.12859999015144,-1.8446494945576202,10.017244753332138,-3.729176169461084
1037,1037,14.774872671346,14.701459192593031,21.03806722969974,13.546696611349091,15.763136709567496,15.730280798467662,15.659263673188818,17.117427079021137,12.136985248219426,-3.774733061283987,14.413846444596375,15.120929226320532,21.753776931413626,14.99661465561306,24.51742244289568,-1.0373848991270098,10,food,0.8263016280538746,56.26600563021537,-0.22603075595687727,11.36432126958887,-3.694307513748356
1038,1038,16.608165110138167,16.767663073957785,24.142078506060333,15.60383444058676,17.663232153185252,17.629526771324066,18.16042967776037,19.373319631830856,14.083046463717034,-4.2804590803268665,16.238846155638154,17.41022226015213,24.96904913290867,16.446801169077233,27.884328593790144,-1.121939487435951,99,,0.7551666490690881,64.17278151131572,-1.8180106011797017,10.652721462494318,-3.2352192535155826
1039,1039,14.41257030234286,14.354373965696745,20.451326080948164,12.566138976124025,14.88403197314626,15.383022215453876,14.64874343277144,16.775743993036762,12.362531869024584,-3.298091726595424,14.321927855976949,14.775502190997942,21.039554954318557,14.730718655445946,23.14428326153699,-0.2280801691909186,99,,0.8812077193156096,54.53369079087635,4.867743652724535,11.186865417752877,-4.128252273549451
1040,1040,19.507011703242156,19.353515087172998,27.96162274404336,17.965240934525788,20.75331298634534,21.191003452689767,20.85886804225394,22.79291089174101,15.939485726234212,-4.856358710923426,19.25491404279274,19.902732987186116,28.904774316495804,19.886726810802266,32.44273653649198,-1.2211758274367404,10,food,0.8291089998467355,74.65962743603706,15.783070811612891,12.414550559375781,0.0793066154239952
1041,1041,16.945453251615934,16.933767135035914,24.48755137877853,16.09427601494607,18.05471841286891,18.499325732742147,18.525155276417387,19.94210001921364,13.705842949192489,-4.090670375996731,16.87006266971082,17.29724189765289,25.151707472352367,16.866519512264396,28.39922637483214,-0.9033324490947284,9,electronic device,0.7045220682415805,65.28873627647691,-1.3772493837080626,9.966902584786787,-3.7558083401050837
1042,1042,14.338140844597907,14.096481641035457,21.10729006186361,13.419400975039618,15.8979762938519,15.463062759229503,15.583500473659615,17.246530485226984,12.31353223109802,-3.898915496838634,14.263563048490354,14.589887207433682,21.9512222968958,15.008508575987296,24.364023763732916,-0.8257953011542022,1,animal,0.828849638502582,55.919819140405735,2.2380608326829083,11.188489266327736,-3.9213963628825095
1043,1043,17.602324231074466,17.47972100471806,24.992171628953425,15.709333228461194,18.27829411058931,19.11331078548184,18.182684627175227,20.53402183796656,14.798375617231589,-4.015082364729182,17.64327142680487,18.06176780768304,25.67785805176456,17.97171807731038,28.55939271131121,-0.4338982466950106,3,body part,0.9100840481856232,66.86121970343454,-0.2668670244480289,10.262304944176527,-3.227581930597827
1044,1044,13.963076527931811,13.72033490440105,19.907421134882195,12.897011991837395,14.953570066777369,15.050289691492592,14.877414999044053,16.253628097673133,11.577264534569442,-3.644242063749643,13.760296670047945,14.387909684593504,20.61288778850688,14.32087623917039,23.30886465442428,-1.0169043876301382,10,food,0.7919231151097065,53.38589905909618,-1.8000372714217825,13.142679809581482,-2.3423814977254285
1045,1045,10.973302879788244,10.858921580927436,15.621942975987666,10.227983368218569,11.91271894288572,11.539897235402911,11.573550455481476,12.767665273200738,9.417153945369323,-2.9078832275364137,10.831433129622171,11.476718445686886,16.1111900898893,11.226397126476009,18.32581025116381,-0.7230488392337348,10,food,0.7818441531997972,42.00919871812783,-1.0824749789190893,22.218923152884575,5.049412009764577
1046,1046,14.222684125786287,13.800975399848824,20.56890336711252,14.402692852986224,15.794785418061076,15.901099702059469,15.796057454600462,16.910521297559534,12.095825881236127,-3.7663848454327264,14.784068522295552,15.015029417578653,21.18629588640829,14.632152941879788,24.77009982956694,-0.909758438077449,99,,0.8032491140065642,55.807203612939546,3.7670725559135203,10.830420893312143,-4.296138745150797
1047,1047,14.08194179910948,13.677211189767824,19.86387050623778,13.123632130651965,14.817771338328695,15.33320336245753,14.732819502637604,16.303686885964282,11.7237186053403,-3.4256657841523195,14.151305295286765,14.135046820385767,20.55614957187851,14.322627803172807,23.458472880042983,-0.4725031646681787,23,tool,0.8398510478692173,53.49303647497384,1.5452174810037196,12.48451092885608,-2.984687465903624
1048,1048,20.556532533612035,20.239620460148608,29.024623207879117,18.749471281753955,21.168591084449552,22.473774629535303,21.704136447547523,23.645630015810475,16.63638573152482,-4.863712892889429,20.348231370903648,20.84510513996368,29.989012825405343,20.605157100734164,33.8196247038547,-1.0341916048412192,23,tool,0.828927276877392,77.83241417323481,3.440620920646559,16.80338536911721,4.9379085754257765
1049,1049,18.437923529065163,18.61047064058369,26.11067722902118,15.83198968880053,18.875990197775543,19.88120369379951,19.063127133177197,21.34460209929312,14.784288079757587,-4.152860381434896,17.937234383392727,18.85558793885496,26.79872382493748,18.6730269677746,29.38616445235168,-0.9297517519883238,99,,0.8483479049222676,69.43022916128587,-2.4432787677517283,12.924777975769103,-0.18473783975384883
1050,1050,18.72513069655434,18.434749210209134,26.01809715234832,16.215015335547346,18.182123114479843,19.7191451237196,19.22261225710468,20.79924417505357,14.553352871768118,-4.158560091793854,17.52464725484566,17.651528647100243,27.102998588723896,17.924743927568613,29.904688439859715,-0.6114430072379591,99,,0.7548974387253247,68.80585894196895,-2.3602591840009186,12.693039991003058,-0.5089209344282235
1051,1051,22.046373750983207,22.119679285823956,31.34108872106253,19.87699390113828,22.94290756167712,24.20080410042668,23.450492325739752,25.667293246305388,17.393126023114988,-5.066380656520778,21.777757284309875,22.689549406176685,32.11806329296688,22.204657748701457,35.92415939293917,-1.358877394204275,99,,0.7697599937124653,83.79927443324826,6.524479930533651,24.80085953556855,13.818844245130862
1052,1052,15.587532908889838,15.37528612711795,21.97072240940216,13.275742795592114,15.681298071569088,16.781517624622893,15.809996983345592,17.888129752931377,13.136738997535788,-3.638295862764904,15.27920819520702,15.760481573649432,22.82579090982057,15.887342159393992,24.985772336383828,-0.434214419444534,3,body part,0.8735675559236252,58.51894608370254,-2.7016360853313532,10.606471489787046,-4.118583844023064
1053,1053,15.356268429971148,15.301098104212508,21.659787292222116,13.152956835647387,15.647800198569696,16.475600788993006,15.571061117309092,17.73084665918094,12.937838514553771,-3.510449939430813,15.141492448771674,15.779298382865036,22.32465700410725,15.67942794556586,24.506439819693444,-0.44629502064923,3,body part,0.8761149022038057,57.80637912829703,-2.644780811591005,10.816807993815864,-4.013750979456061
1054,1054,20.49091638115929,20.64118707206661,28.937259406097343,18.070011691586444,21.475070261525428,22.026122143861688,21.20592138819236,23.837892115653,16.782084511951098,-4.763287213867304,20.27065914392958,21.47070055076698,29.57420567865872,20.918384655722512,32.99460526946404,-1.121631476048885,99,,0.7319436220173601,77.62050615442273,1.214678664430748,18.975417060089153,7.078564874869645
1055,1055,17.113857914345925,16.944006298822664,24.546680360150702,16.367909285739795,18.435235248351542,19.105126404708734,18.664526492930012,20.22869208792599,13.891564257575489,-4.17635751321606,17.444608097115754,17.971263667627063,25.151938501519705,17.465852011349295,28.795791251032654,-1.1121422358344393,23,tool,0.775964512868191,66.20557332362624,-2.973488437888264,10.158282695513957,-3.428680080331862
1056,1056,18.327326728901483,18.421432893551795,26.55130204350999,17.035257389459705,19.10124764977652,19.678196337461085,20.048526701982883,21.302445272467647,15.257397304459206,-4.574865752743056,17.909388813285066,19.042433267513708,27.480361039794214,17.985796967694306,30.562497687670334,-1.157947117314758,99,,0.8347180827033788,70.50167859166936,-2.420338186846232,13.471530649764972,0.520655104531313
1057,1057,18.867509085020767,19.16685944750908,27.27128307664576,17.426300020097777,19.40634916632013,19.78896354933009,20.645153542848405,21.690516937556364,15.564011781127308,-4.674138365051425,18.055301079284323,19.43354404347045,28.207168562850715,17.971957452046304,31.26372413419792,-1.2197722491600114,99,,0.7599754672925406,72.10442074522109,-1.8907661868384986,14.60669923724217,1.893127890632691
1058,1058,16.164916324815724,16.044538752044172,22.9885507971474,14.477289012785716,16.757214351763814,17.39411546833603,16.77714067646487,18.805330818175836,13.688014718271088,-3.74786854747456,16.11142486226339,16.613687677644098,23.64604382963084,16.338893523608654,26.271678538507707,-0.4510029765661363,4,clothing,0.8313305543408239,61.41177244140431,-2.264846938754138,10.015420055936016,-4.2813194448799585
1059,1059,16.606576079599726,16.400847328288783,23.88546510422512,15.589297696618091,17.229131309854488,17.99263095339401,17.892377707192345,19.30169988104336,13.582842239051963,-3.873614470305868,16.398794161383798,16.41646940117246,24.67923884684984,16.29672246833338,27.62610456701361,-0.4833764388008253,6,container,0.7808060952903348,63.392133429051896,-0.9645466084592824,9.843571260718765,-4.15995327965028
1060,1060,19.132848090623558,19.42593046950254,27.202733011893336,16.859676538167793,20.02752177986483,20.595064574804645,20.272566014617333,22.23744713834447,15.086357905497062,-4.601524409984718,18.55298749069287,19.91354408043269,27.88294089189796,19.31944466580343,30.994787113625936,-1.5443878903364383,24,toy,0.8008894577319509,72.56309341315662,-2.1611414265559956,12.891641313827247,0.24598167070297983
1061,1061,11.27047209598975,11.108969672890442,16.109828535071813,10.766715720995713,12.32187223776586,11.920458484237496,12.048287573610402,13.18013060160713,9.770492593512673,-3.0122993227255064,11.255987890884498,11.90391911168818,16.58473968677814,11.474705964593372,19.01333611850321,-0.728311443437388,10,food,0.8339457903357202,43.435872849305674,-1.7521786671257829,20.976952582847446,4.018676765788321
1062,1062,16.244741407858474,15.832677542179573,22.97601510561943,15.518663631633494,17.38628616713806,17.511471902270983,17.12131425858362,18.833316564080697,13.950951249070192,-4.044787701000423,16.45093779033283,16.833413693524513,23.64269625612131,16.49426426698239,27.23800691987469,-0.6851151173358245,99,,0.8208109979451443,62.16126533091177,-0.8316270369906924,10.28873300797984,-3.8970355489915818
1063,1063,14.47646145372305,14.329321588360582,20.24067274039233,12.26987346167502,14.512416112078212,15.387144937132229,14.400876264317583,16.50820493255304,12.35883655251183,-3.260640289836084,14.201651701187352,14.666882517041875,20.91994653652201,14.708452631709234,22.95702708633,-0.2222371099479803,3,body part,0.8532418757123152,54.03918644916511,-1.1366686894368048,12.434770821689693,-2.9535638597978107
1064,1064,18.222498839940943,17.946626322483223,25.77396583145968,16.469073294492585,18.34485082948926,19.537284486579686,19.257941935131708,20.738778412636357,14.322270839372845,-4.187284799292558,17.473248728889097,17.483054231374737,26.768834233874763,17.699497296276665,29.784974747233743,-0.6461965905756065,19,office supply,0.7368384051999808,68.25742255248456,-0.9722888682189783,10.8001650847555,-2.482998083728118
1065,1065,17.730510813326283,17.55209685940736,24.935652302089245,15.689556907842324,17.724478949519167,18.978429297229244,18.492109748978592,20.112845031108225,13.749565299577378,-3.9271358259244713,16.920228159294293,16.96561849776548,25.82922488137572,17.27278416702977,28.58821578488347,-0.6120205016366169,19,office supply,0.7626552093050959,66.00732377595466,-1.8119833762870128,10.204691095542879,-3.41162477988515
1066,1066,13.395443792892694,13.33953417278099,19.344685179124223,12.617536250933192,14.602693425422704,14.34047996724298,14.49025332074801,15.78077059627917,11.428571078793468,-3.558901853195362,13.325080685892909,14.204277994417913,19.92954289381364,13.690107186098611,22.54455794292826,-0.993947690238882,10,food,0.7788538110751668,51.85048044952264,-2.4126815992961133,14.224673856114963,-1.4877236336777369
1067,1067,13.902778950542343,13.57485418396865,19.95237325568109,13.5815581597901,15.410994081783835,15.41890062126035,15.117325506469612,16.533566209184553,11.542597987677697,-3.615997921820338,14.28223139262658,14.495555027245333,20.51830411680996,14.457624017658688,23.792295396593225,-0.8962727435876925,16,kitchen tool,0.8220176220176221,54.02466555630525,3.7107482333560977,12.260073501072448,-3.130411163702
1068,1068,17.4042944005315,17.09261529228044,25.805088498323208,17.183816641010143,19.501290245199232,19.400177949176108,19.71353249599198,21.100543392836517,15.135572467864009,-4.897034522758956,17.912511232815937,18.787039219085216,26.71566332429011,18.102552782724526,30.357649143312912,-1.432784448715082,22,sports equipment,0.781360277549948,69.19090039657101,-1.6838168637341875,11.30711341793414,-1.8378377423150472
1069,1069,11.038478980401594,10.970435895311269,15.879530003771505,10.377616818365732,11.99967631469142,11.646780074952696,11.8333764251729,12.933612590433894,9.554846720288896,-2.94389937944916,10.919964020315524,11.673167012726966,16.37024469771013,11.227107815115286,18.51914019157459,-0.7439278079314636,10,food,0.7509391810318481,42.57293423190142,-1.367873364394102,21.72219226735657,4.636148576587267
1070,1070,12.208882927313804,12.065746444279196,18.192484548231928,11.388653211535267,13.438828834213806,13.302888748081845,13.5397404834511,14.752550542953593,10.297428297230452,-3.325446537555686,12.047014667578113,12.306002048077175,19.00404488243388,12.6822504998137,20.83832699510687,-0.7917050743828783,1,animal,0.8193536931468687,47.83989820091522,-2.165555401148646,16.796297977934643,0.49008818688495026
1071,1071,14.466884974821925,14.241155588777684,20.835689016264823,13.795598882190376,15.922241798200936,15.470293610651746,15.616504522698312,17.08218380333338,11.800936641972882,-3.7910268350346006,14.253640656331497,14.428523192746871,21.536327332816928,14.78935031438453,24.49103084897833,-0.8489857223658662,20,part of car,0.7291432039154784,55.62252855201095,-1.394269646543174,11.524284670565285,-3.6296182103789327
1072,1072,15.68294113132432,15.355644548963902,22.178374631511637,14.500582777912657,16.515205795069566,17.19488478180298,16.582490957130616,18.144589479463924,12.599999562352858,-3.7675146748101738,15.544008115794488,15.781207543115617,22.878708154064142,15.999040617628363,25.95120126707933,-0.8917037207972326,99,,0.7823526910114998,59.527901235386025,0.7168796922035288,10.122238653620935,-4.453429398406261
1073,1073,19.096281919055524,18.85213927410136,27.113673727959423,17.776649777223202,20.20106979609404,20.893211749698025,20.448253867199224,22.07931963124906,15.306282052187791,-4.716293247102088,18.86787441339524,19.49108701936515,27.986421033464055,19.36334233148091,31.812837076896415,-1.3891736212097938,6,container,0.6719191208520477,72.7814075913852,-1.6650402664568036,13.202402824348114,0.5890670774900215
1074,1074,10.370718632376624,10.22432863663984,14.730707993637791,9.683813313985778,11.168403228328314,10.753888154207852,10.877709939852291,11.934371218143273,8.92831661350421,-2.7851340036486887,10.115315218939289,10.5578681286902,15.322980276304916,10.48338735562843,17.42325529765259,-0.591760401622258,10,food,0.7591551267161024,39.49741188035295,0.4659345536830557,24.48191785001601,6.940508107154283
1075,1075,11.705645282757072,11.631966008011291,16.750610669541352,10.853052699469805,12.655726463138093,12.372183915958969,12.48394768597128,13.628091432830802,9.949485597541845,-3.1446517912421004,11.484755760501796,12.293121776847682,17.335386577984128,11.951064347207303,19.592311892077973,-0.9003289690729613,10,food,0.8145459274075271,44.92132937409387,-2.3167355740511866,19.6898931544221,2.951556065139467
1076,1076,11.860477531569598,11.539939041593003,17.06488655783372,11.143766323311873,13.033702958647671,12.745083883837731,12.6529761512639,14.007763099190438,10.148384291300657,-3.2100381202051933,11.828462915816932,12.184033569244669,17.689746678702228,12.381464829794616,20.039946359606866,-0.7425507747830522,10,food,0.8071705227394544,45.74329683122721,-2.5406649136608834,18.995166620814683,2.378531159131928
1077,1077,13.038940913147789,12.868784748963536,18.66099998278673,12.148275078048126,14.097401250363886,13.984619935608526,13.994587717840556,15.218630620560305,10.890139308029276,-3.507331655158933,12.845568631437462,13.57002255867162,19.341251005710365,13.373150920614997,21.92940593706383,-1.0399960208772856,10,food,0.7959273232829075,50.07323910590427,-2.8431743189841248,15.520375259680996,-0.4551630178388564
1078,1078,13.239187974497568,13.144520986236696,18.77399047806816,12.020092798305765,14.173517927679567,14.17075972249672,14.03211077573897,15.326806722989938,10.769250874628794,-3.5001851093588314,12.883375555921834,13.73263900395574,19.43263471657949,13.609970257530074,21.96750307472773,-1.1837329389279296,10,food,0.8123692038111469,50.38781747797809,-2.7763710588664017,15.290103268929782,-0.6388581039244965
1079,1079,15.65774400100634,15.479111058647542,22.328110288060337,14.448992996969842,16.65370519714424,16.602314682288885,16.578104954092264,18.109686166764103,13.25409397737973,-4.074269848600157,15.345495987075363,16.114447258090856,23.160674503738296,15.861089050184551,26.109116505738964,-0.9719456886560875,99,,0.8044173049488359,59.76378471542495,0.5529972990730609,10.106715375210511,-4.434027445658776
1080,1080,9.586210747721688,9.4908033745426,13.74151435179228,8.566546846229198,10.00223722997852,10.421006824161244,10.070198871943836,11.188956357402262,7.756643301432286,-2.264263730646967,9.392235210408892,9.422797893060746,14.245826114519412,9.78193276322124,15.722327720400846,-0.3608007487063474,1,animal,0.8372790585708908,36.3959981162664,-1.2171631350925907,27.18100371455637,9.18039440159685
1081,1081,16.669847372903323,16.680660272732933,23.794749796690283,15.267504680571106,17.56642998189366,18.13686652844094,17.814819918991073,19.40545851071463,13.429398656559874,-4.0039196697292985,16.45748854900387,17.164659142665172,24.49961518681599,16.824609503027766,27.501538868843777,-1.0750015949165126,21,plant,0.6593486463304482,63.63148428482532,-2.0283043172009565,9.73855835092544,-4.229527573884978
1082,1082,18.36613420320245,18.596508340572587,27.038224989443783,17.738718056653585,20.056639008343456,20.05059021654342,20.581647585818136,22.050216227215607,15.369870422572191,-4.666309950342115,18.520706506684515,19.606252326358472,27.684272014826234,18.37467243652415,31.16683324189976,-1.2176815866395432,18,musical instrument,0.7368016217610959,72.07518233346748,-0.9078837175168077,12.558880118294516,-0.15902030760875974
1083,1083,20.76513099803823,20.95837813003497,29.703886114299188,18.36607298513,21.665769881388098,22.379287000133587,22.04607428984877,24.20474296797629,16.477831117025666,-4.935896039797468,20.136129632101905,21.16047798397056,30.56053193270072,20.89872362229848,33.74600097568822,-1.371390212723586,99,,0.8130722734437905,78.83699928610918,2.1084747899274223,20.054089612103592,8.3373530662631
1084,1084,10.784395445163526,10.62605418626988,15.824506994500776,9.982053744383157,11.785556088619382,11.840757649263566,11.755790543959552,12.929918575822574,8.927985069197444,-2.829678715649498,10.707735061301353,10.878989598666278,16.446760306149915,11.264138811046084,18.213731492321457,-0.682694061043537,1,animal,0.7913472421261808,41.89244370298628,-2.8693061254756307,21.941973650743385,4.755175600155383
1085,1085,9.397930045684996,9.293449353098133,13.688083221127885,8.671800223095333,10.0545927089056,10.35279951186686,10.190404926840856,11.14515195372426,7.534884854686936,-2.305722777042384,9.264940307610289,9.259448813156231,14.195923807381488,9.648764073517537,15.718399370787417,-0.4879643563433751,1,animal,0.8379294660860388,36.17704658467089,-1.118615563544795,27.399953002398956,9.366925425760737
1086,1086,16.58016588565382,16.371174726851333,23.841047847114478,15.340542850930472,17.45000849305684,17.828220817175293,17.682847522143536,19.419143025142358,13.780651653727746,-3.996408496911432,16.409834226650826,16.61087643782323,24.62638747162772,16.580494187083392,27.4884405020992,-0.5402019797775124,12,furniture,0.774644110106241,63.374442976137246,-2.1555087385662315,9.73802434256786,-4.268119470491371
1087,1087,15.629898548268814,15.665107957627276,22.195708859881396,13.6990358621639,16.300807509565445,16.729913636674553,15.953436704055475,18.29644846852834,13.31627862299138,-3.5374015360551216,15.6224255168128,16.231100929536623,22.714080146943957,16.005510119068123,25.07027473339117,-0.3363930257454024,4,clothing,0.7466878480597994,59.31404265106585,-1.4909465001883815,10.45680369965286,-4.1505285473033435
1088,1088,15.219720483841655,14.93709653121852,21.662304282643195,14.398703296317224,15.912481383382264,16.345484065964065,16.358415527611793,17.47196373965823,12.208538965772425,-3.7404253717355314,14.818520832059535,14.86909513485388,22.4677999066389,14.981057854901144,25.51616419231109,-0.7449574248323144,99,,0.8247239501848124,57.733039106945604,2.086358709554183,10.353933046180561,-4.487484751110756
1089,1089,13.715302976681018,13.3711659215544,19.666817219018032,13.418588660806693,14.981407222025677,14.651413938119555,14.872533636657572,16.000025730254787,11.37619688054244,-3.614870914020819,13.577354391931074,13.6749762339665,20.35961902026818,13.803761554197992,23.450611378718257,-0.7703480706711475,15,kitchen appliance,0.7358932744619524,52.71041803118907,1.3687838007680977,12.924872641075275,-2.660201312469283
1090,1090,15.482962086132432,15.287818047004382,22.04378175579225,14.14513645610428,16.396556850549413,16.556141940471452,16.083720797427155,18.059775973166538,13.45299300810206,-3.793281810688456,15.548793652838528,16.104121863138776,22.71133408106547,15.83199010005164,25.506618048736048,-0.5102428689881195,4,clothing,0.8169146194717515,59.156839156678345,-1.3923990134780508,10.4186295039151,-4.211978507750905
1091,1091,11.856126244204424,11.798646352290724,17.17190608363561,10.580042428922477,12.542898204779998,12.923795713450136,12.582671940607568,14.02402992660523,9.741815005897,-2.8696529429079782,11.683724752013584,11.923435860928365,17.773303682292056,12.22668537399176,19.491224047094427,-0.5395430659501633,1,animal,0.8252828097179831,45.42729597267483,-2.7142843499183584,18.787562191243225,2.124139209598418
1092,1092,16.43695948264354,16.155792531042685,23.954267912344413,15.221733462039394,17.98167200970241,17.71684165113371,17.71651764407445,19.55966535870352,14.032048123168286,-4.431995273032478,16.298050242988335,16.85487252412624,24.90360268011733,17.120238457301802,27.73265480703514,-1.038209251662762,1,animal,0.7765371356540256,63.69315077374324,8.671993225989365,8.7028552942441,-5.256100205748947
1093,1093,16.72646966194575,16.664118338177055,23.383826979675792,14.254030325727808,17.177444985317226,17.976264186353546,17.01873551023907,19.22692177445317,13.638318006007982,-3.993594532284732,16.34705098755288,17.29668892730601,24.09985178634459,17.191262650901034,26.751300779367185,-0.9917377818737816,99,,0.8237424255075091,62.72262619641535,-1.0461009614217467,10.439707883049902,-3.662944815246375
1094,1094,18.690225849864447,18.414617472913324,27.35273643117721,17.974405834625784,20.780755078727115,20.697605629445945,20.740894221727583,22.516247694903253,15.864700393831209,-5.132978032068051,19.06621244098983,19.97602531050744,28.260548431025253,19.49896648982885,32.09789259344654,-1.5218332438092046,22,sports equipment,0.78854988079956,73.45970134652211,-1.3019845773004386,13.638390017998852,1.1254833736248049
1095,1095,10.963855849420252,10.731395136632845,15.794248040835445,10.838423330346195,12.080257045132935,11.904535706108303,11.959803791929598,12.937078004263276,9.234624122345156,-2.8528519388277696,11.123195424687658,11.240587667770177,16.28874663065983,11.130200519895538,18.83300828988888,-0.5789414385905358,99,,0.7907130611032134,42.53434781502242,16.39362790964416,17.815798111066073,0.7240412625596022
1096,1096,18.97081244211167,19.21385142755556,26.90508210601251,16.51519967272216,19.5720247706285,20.576761239665625,20.09470691736208,21.916788554987125,14.80579311985884,-4.5555523707934,18.31610418214033,19.688751832892,27.67633461629603,19.131412803264126,30.65860080474621,-1.6250310933986831,99,,0.8054977985930472,71.73130337866881,-1.9963667558712155,14.347227067049932,1.578411452068126
1097,1097,18.02470539503939,18.11558044691038,25.994350470092048,16.744684051124548,19.255440711347894,19.93526294299173,19.70783995821532,21.290548373692825,14.358094683262578,-4.428326046666471,17.96121519126899,18.90117590622083,26.65506569459936,18.307717952126332,30.008243367463184,-1.40638635081826,23,tool,0.806776444899836,69.53520874192829,-1.9908959100429602,11.240786012345007,-1.85318638267138
1098,1098,21.597297045380767,21.86938405028989,30.93930579881737,19.43676159719493,22.82004739151438,23.4303105112581,23.04513295764523,25.298305998746187,17.25377066217459,-5.1465662084557815,21.21340727020016,22.385726874025043,31.73439444385804,21.883165049926276,35.33029106140748,-1.4724910784603404,99,,0.744775285749291,82.47993057926408,5.283219996122755,23.497250446422708,12.319891297781975
1099,1099,14.45865755844326,14.480875796355932,20.5492334998908,12.537259218965866,14.898579366222492,15.400651664176394,14.788113360051735,16.8169138207116,12.29987574780152,-3.3329576292381105,14.27974183477956,14.91553902701255,21.136071062233903,14.694411716571263,23.18125081230035,-0.3808608611024331,4,clothing,0.8178504165847464,54.720749406838785,1.5924304929022313,12.04467874869981,-3.2427427876980346
1100,1100,19.64111055602149,19.96326947154232,28.244284889129688,17.65565812866072,20.91434951379621,21.38695194383746,21.1335012686124,23.16841580671848,15.65288499702398,-4.785483340411743,19.333190803471123,20.67277043459229,28.922237041177,20.00591576440267,32.19084877896566,-1.5638307463594898,99,,0.7808822399964891,75.34934969660084,-0.40206287677310826,17.007317929549433,4.774195208249488
1101,1101,15.528192405580018,15.369240105233745,22.544291256853704,15.000723146341391,16.27100658899592,16.76952392058599,17.18977440947631,17.996748193456956,12.93286268943682,-3.9038202317159967,15.28419364657586,15.739732046901707,23.36210683842692,15.06996171297887,26.356658531776706,-0.8539251941263992,99,,0.8059252806813784,59.87964151298385,0.5071159539534786,10.174763342182205,-4.348825562544704
1102,1102,17.029047500618947,16.892782958890294,25.025542414428315,16.110997755752024,18.71012842925857,18.307818026584798,18.631660353679155,20.344128819086794,14.8977188121574,-4.635492469484445,17.054874956505046,17.864659622613086,25.99056694553093,17.506513748799414,29.0304052802031,-1.0471815602247134,21,plant,0.718945794814343,66.60644306655163,-1.1028213706498313,10.23044115653623,-3.2971682960774125
1103,1103,14.538488651208288,14.084224512734574,20.68294338926045,13.83003733621818,15.674077323346388,16.044626089184323,15.604523242997658,17.024823290865438,11.73834671057366,-3.6763976601492057,14.592871297458656,14.624419123388297,21.390718727878056,14.9702130977029,24.5297569311216,-0.8622117148143841,6,container,0.8016121567087502,55.686018449036986,4.838353752689249,11.317797863798154,-3.8267046160265785
1104,1104,9.682933564887303,9.463798729316787,13.88889829148892,9.182621471070664,10.71636273660858,10.471776058034935,10.3906922819741,11.44597962915539,8.239607730006576,-2.6317250434704715,9.72561046482666,10.19643670568522,14.324568605426323,10.138951769538858,16.38088175868427,-0.745859154726788,10,food,0.8411493385046988,37.45110652453708,2.0255515370780444,26.361639005715972,8.517250488928475
1105,1105,11.333914904956872,11.198061244974964,16.280516810151276,10.174800025847327,11.92166366035982,12.38113026375203,12.05358452500954,13.25206687295351,8.97260306805243,-2.758687105161157,11.04067359088016,11.098199242549468,16.919549315054343,11.601085603843208,18.71796478613103,-0.632007753916183,1,animal,0.8169805125879551,43.10703216865414,-2.9433452636352877,20.852430829091887,3.8454664104232563
1106,1106,8.783584206305502,8.640117006907447,12.68139233093932,8.037756189024991,9.315521439319914,9.696947837728128,9.408202575482427,10.343181964019196,6.927498564144716,-2.10351206806612,8.63659511715124,8.498424076426824,13.160300260061204,9.02714446597731,14.607140503448,-0.4071896904694723,1,animal,0.8605984621395917,33.55523989805449,0.6523075713691622,29.99468739389276,11.573471527992744
1107,1107,13.244483001223164,13.283203078775186,18.51773960495769,11.175969545704865,13.288658752872488,14.015918151637168,13.221879222978098,15.147452459116732,11.14662099433442,-2.8905787542042707,12.974171212745276,13.594181852720162,19.009671923824172,13.325181891563425,20.818945925280364,-0.2645195494602864,4,clothing,0.8938838529178709,49.4375134823405,6.106178490351276,15.002464059378683,-1.0672006247564507
1108,1108,12.277802422289591,12.127576994212625,17.31625556614508,11.0072936326424,12.78094733166926,13.050381697406122,12.500532602935332,14.231937348044925,10.534020423186018,-2.8209132329438065,12.273589277329352,12.522058533658464,17.791308456198895,12.45059232695296,19.88522354756994,-0.1654596412854064,4,clothing,0.8077469903454895,46.413456531416315,9.03977201780508,16.983826262214997,0.46641556369903014
1109,1109,17.25963701949559,17.145714668728974,24.289779352101267,15.265178291137504,17.564226705352503,18.48793741028864,17.713270840936865,19.82652234244993,14.127739115045944,-3.779927011785537,16.953863355282,17.257298196399258,24.96053482766456,17.206160045710366,27.68969238925926,-0.3828964739895882,4,clothing,0.8024771201199314,64.76267038667653,-2.611075822511715,10.06822983218538,-3.732371128933435
1110,1110,15.773860801517074,15.691686684915844,22.32228168460526,13.84496460027654,16.296513485129772,16.941104048553584,16.03538572940982,18.357359695831217,13.439653995262672,-3.547112729830918,15.76506929707327,16.16650254193026,22.92084562378579,16.114000238045467,25.34461388408184,-0.2309109840774321,4,clothing,0.847468342526109,59.667238207920164,-1.645150673755995,10.374960388084919,-4.180077240930903
1111,1111,11.349866426588894,11.239710404004988,16.220600976296097,10.508985305285542,12.248497187963526,11.872440469535547,11.9857663434736,13.17330201193374,9.686625685727638,-3.032244850102109,11.081259148525346,11.625282936039616,16.83681604738165,11.54220052343115,19.00678934097964,-0.7042668258887929,10,food,0.7894457845677358,43.374155220936565,-1.7353663058208664,21.01592091361386,4.048507099960176
1112,1112,15.270554762460415,15.18291353771846,21.710817823541284,13.531278500799544,15.286395209572332,16.126884358621606,16.142319814691,17.37007391299888,12.00372579666526,-3.571204824584207,14.38273462825616,14.573579801826607,22.600373188902307,14.712887803232928,24.83328738650619,-0.5897652987713722,19,office supply,0.7307764603817236,57.10588531708529,1.0486818616910956,11.033098726160425,-3.901176320306698
1113,1113,19.438809001781937,19.278766368353924,27.47776108285209,17.36707498061276,19.26722881762746,20.36071872682598,20.42324947278699,21.85611283923258,15.72850150003938,-4.528788575250008,18.38149816592305,18.834815841529476,28.60934388312052,18.5159350689833,31.608288187715587,-0.6761741806717981,6,container,0.760232786453365,72.56572566908858,-1.6011359231077638,13.230839323980208,0.5855694162747795
1114,1114,15.7235989817774,15.3622574688194,22.021168594692075,13.983596105216929,15.76143429881711,16.935375390343243,16.44773324730612,17.76894606846938,12.199607888067774,-3.6741068532710623,15.013336414294963,15.08934825505311,22.934083504306876,15.463834671916809,25.5831956194534,-0.7556885605959391,99,,0.7657988257357231,58.53705536614968,1.5233980195068888,10.318214617539219,-4.404159431106427
1115,1115,18.503509101507976,18.046226978650623,25.614286412910698,16.222209107971448,18.168689722464144,19.738054257058,18.94377391096957,20.59643399264686,14.544092715594466,-4.179067049879936,17.614192323029606,17.658717121062118,26.679597769951076,18.027628943818197,29.7748754785212,-0.6649886566372141,99,,0.7798382985069213,68.21257847609205,-2.4757455802691153,12.302609447060348,-0.9871933967994888
1116,1116,14.70411290671735,14.409484069308,21.142226354766745,14.187820453476618,16.08585171365169,16.148553104866192,15.988743131783584,17.40568293000622,12.031506139170254,-3.766786165704872,14.847937801572062,15.004642099441934,21.800112762772542,15.072964143262052,24.99966491077688,-0.8713548644348006,19,office supply,0.8371024255689014,56.83354226034209,1.2750209559055712,10.99307468529995,-3.981523847192724
1117,1117,17.845749758411497,17.60398726502304,25.406515872351115,16.506413188168278,18.71652054461997,19.47156235754253,19.03032817506573,20.73409918843553,14.165945913034484,-4.185209580652239,17.591891582186527,17.736287615094234,26.206679157157676,17.923716420351855,29.48304873258955,-0.8589606282238491,19,office supply,0.73713541807345,67.80015193066228,-1.1955194955582726,10.528546770528676,-2.822320512572162
1118,1118,18.68998300011716,18.68937395768902,27.43829386404087,17.074233481629253,20.637997220123022,20.36318920348436,20.47733416889772,22.53478155582316,15.846257299071064,-5.151011124386144,18.644719647292696,20.11550317730717,28.374282411717765,19.635354028933563,31.436615186162044,-1.7223508829818224,99,,0.7794772626953925,73.1144124508429,-1.5140555874053794,15.27598727725625,2.711956686025623
1119,1119,12.745340292815609,12.62572144552983,17.991107043095923,11.602523002307276,13.55436262028199,13.745892349130164,13.420297273836534,14.755007281827666,10.325191782954125,-3.1732849226810216,12.532840447432156,13.18146977947482,18.493849375097557,13.042940648302764,20.959888979204564,-0.97039052869259,7,dessert,0.8297678608654219,48.37521015631854,-3.226379043526446,15.753348618960397,-0.4736021507243091
1120,1120,14.530457447430097,14.406163210862594,21.10929009623807,14.052243397855031,16.20289410315523,15.694957216561953,15.87142880264024,17.362233084358706,12.07602349391917,-3.8262862348298903,14.57594619606414,14.932186591121807,21.73063688408467,14.947888732697624,24.770411943553743,-0.8962141645610455,99,,0.7621634392266837,56.49844287497706,3.091125256297577,10.562081291031909,-4.462132515463065
1121,1121,13.20846449664542,13.30388568311323,19.272048602157103,11.83663711088772,14.26837202328333,14.476831244290244,14.35440223507424,15.764655122085385,10.629445263930736,-3.3884277161602787,12.96459713201186,13.704083006831317,19.89620755097559,13.726120158720466,21.895455199281223,-1.131326827243231,1,animal,0.7914725797003902,51.05801930680274,-0.7991528533622443,14.277968430920648,-1.5517619411433579
1122,1122,10.34109758431349,10.224445674359076,14.626058985372232,9.673075228159808,11.120258989587208,10.703531715316682,10.79537698450112,11.86774254343784,8.833526642124973,-2.7137045177558488,10.092856379365651,10.489414369928337,15.179957708566818,10.409256872673826,17.315916920467497,-0.5448755977381785,10,food,0.7798157159567254,39.27208764249497,0.6235593129697818,24.68636049784182,7.111588939683106
1123,1123,10.260914149287029,10.14035992997105,14.688730983071794,9.742415863427317,11.270350068819948,10.84111382117993,10.942014266295862,12.04209619124232,8.89742444504696,-2.7324795432007583,10.243146566984253,10.872891369873892,15.09152266145422,10.508942451063612,17.242178275390483,-0.6783270943327883,10,food,0.8362706273369916,39.5677080541976,0.4124679363806649,24.42187803442224,6.890876439348716
1124,1124,11.407657010080737,11.242557609874106,16.31207444478154,10.670594217090535,12.470819736556688,12.36832404330362,12.161089195585406,13.45163298833924,9.613705215999566,-2.9751400275587625,11.453031462649694,12.045008460608866,16.767808202902458,11.885540139369478,19.08216421055513,-0.8109814377492397,7,dessert,0.7719544263708381,43.96019489629594,-2.367376970248195,19.114411818670373,2.2337678420830827
1125,1125,16.984649220904526,17.26193817525051,24.405282247061795,15.028417161732422,17.845122373728618,18.04435983665955,18.11406838785717,19.86579770280854,13.630002078228626,-4.166483384419055,16.372021094664998,17.471817144450725,25.10339290010633,17.000989676265405,27.662017300327317,-1.175580582262217,5,clothing accessory,0.8209170765355436,64.6634749579836,-0.22482827690603102,9.839218856340166,-3.976069115824684
1126,1126,10.047411544739944,9.7771648865125,14.3536359207113,9.598546516734448,11.114190977794076,11.180159168684908,10.877624636670134,11.893844530324431,8.189544147508341,-2.668151237218228,10.170829420426411,10.53468195496288,14.78254985850875,10.622777692924902,17.036823720269318,-0.881645841431772,10,food,0.844998750555735,38.86060455784355,0.9678711518502077,25.06028908426268,7.424592776958118
1127,1127,17.111296232684577,16.9606013313275,24.84684901229707,16.52567978595499,18.92159910682316,18.36668727750499,18.66671052036166,20.369486497502734,14.326720609072556,-4.486950994485689,17.10882783426137,17.52751060617494,25.595830283009636,17.421927611920733,29.122118322800755,-0.94858690835599,99,,0.7534269289647736,66.40863218790604,-2.421793633388095,11.378423323384363,-2.178474278874633
1128,1128,12.27058618326506,12.165917174442344,17.479077612441735,11.28530050916909,13.156315803855282,12.843236475951596,12.903827211915871,14.201424701457924,10.435470795233082,-3.237369553578667,11.974845587354732,12.58655593963329,18.129226040435256,12.450398645503084,20.45306014786992,-0.7491193477767482,10,food,0.8087395185483395,46.771212761128936,-2.74777637667344,18.14622681411671,1.6817859930115446
1129,1129,14.357164177558252,14.34363828176776,20.444521129867358,12.970493442847111,15.351004123239854,15.684421479694908,15.336627974743338,16.78116193102219,11.444161165306635,-3.662053492836409,14.114689643116314,15.0369117933631,21.074515758863868,14.848510344424904,23.7127914270163,-1.3066924182476574,10,food,0.8216193583695579,54.86713114361626,-0.9936322054148565,12.22549404578213,-3.040254010160849
1130,1130,15.823445080316391,16.086977258430064,22.90186253122341,14.14199185303754,16.74121534381054,17.026852777476545,17.02194226992268,18.6171629068217,12.701726971780117,-3.861404741932225,15.370466199567003,16.26414008545449,23.59589641025109,15.968262730672697,25.95760435260046,-1.103071251235905,1,animal,0.8075595005264082,60.61332278045949,5.941947506366887,9.210484059316354,-5.204474991982133
1131,1131,14.385081530688783,14.25626944451584,20.744642683750737,13.50239783429115,15.495890989042412,15.446237246539312,15.523067262474164,16.864709514416592,12.249891291355851,-3.780073681235278,14.274877363198286,15.070969432737876,21.4392274068265,14.63700117579534,24.18577086199597,-0.9652323687253648,10,food,0.8247722392375006,55.51409885963089,-0.6713422784259286,11.808219066137378,-3.3617380635830987
1132,1132,10.12081044956137,9.83354927197385,14.30351357674609,9.44507447786323,10.881283329856,10.727606067801291,10.59700127161113,11.680606456099504,8.625309609024916,-2.671899150677801,9.985404909980488,10.33342714564046,14.817344302266886,10.38147327770452,16.927110511676915,-0.6063477150881792,10,food,0.828893311356035,38.506142637786176,1.1774219735662559,25.38105181292221,7.692873388206806
1133,1133,13.320307396856489,13.063732075254014,18.92363718076609,12.29810015353216,14.228499902899674,14.108988195461164,13.99427823932129,15.390819789734188,11.282127824474257,-3.501284241109333,13.071317548738696,13.5382313014265,19.682220626001666,13.591088906946252,22.271263577759758,-0.773594054672245,10,food,0.769681799474766,50.72226501871495,-2.7122443802181424,15.04082370540752,-0.838618906452977
1134,1134,23.389087196977545,23.37212831989005,33.63033450373807,21.091168922531924,24.703275628094136,25.844296198422928,25.20979691671912,27.52513928087853,18.470718005641675,-5.646980388688748,23.06152579233533,24.064923691921692,34.66450030541714,23.946635718451777,38.47597041365291,-1.72388488965147,99,,0.794519248402432,89.58865514099264,12.168790205601873,30.545287628007216,20.42045597521023
1135,1135,13.350316125558503,13.277915385717488,19.1661374208729,12.451470891617552,14.386608679996495,14.109634658893851,14.30188106426128,15.557255744664673,11.383408247994934,-3.542462987591263,13.11054504224153,13.975148461007736,19.803383493594872,13.519336885348595,22.35693744833662,-0.9480342752661424,10,food,0.7730348364530157,51.29364899681441,-2.579422467947164,14.629067495688076,-1.1657752217170874
1136,1136,10.87202253627211,10.584866321249477,15.743591379836662,10.80568779358422,12.242865087560723,11.830957674544518,11.937771585916522,12.962142709931268,9.225222496236036,-2.987130141947313,11.0832507898393,11.235272996674688,16.277056766340863,11.242090295553965,18.875064745889954,-0.7162464035075009,20,part of car,0.7107637488940293,42.46517075627723,9.91271586873906,20.155479162784598,3.0534798642044656
1137,1137,15.698675514529072,15.481171183158136,22.272777819789116,14.385813755767805,16.58841438520408,16.706291218356977,16.525789189125618,18.17309726975403,12.558199197818924,-3.863465895136248,15.21666929197059,15.339269359931231,23.06001423033232,15.800121710615969,25.954435674362703,-0.7229131533353809,99,,0.7489723860150691,59.31291069473023,0.8777419325829889,10.151150510767959,-4.456349335193805
1138,1138,18.5348136864566,18.14606731781129,26.452275949004985,17.669740464161322,20.10379715288353,20.20836419618459,19.90852169824639,21.723762198855216,15.383216302568796,-4.7921698803276085,18.63731222793441,19.09878806828483,27.296158411009056,19.018295863019468,31.33553143618186,-1.1713905745263922,16,kitchen tool,0.7998688085624688,71.29077811968682,0.7765867423341817,12.064593888241987,-0.769446499997807
1139,1139,19.28592700459752,19.30453966755627,27.72657676005975,18.062409819155835,20.25173580182021,20.892047787904865,21.02188072030233,22.3593812813853,15.920719244536144,-4.852647733761319,19.004761679698674,20.18666317163657,28.594689007990887,19.12444146835424,32.25641431774772,-1.419437531354793,99,,0.8086712061673573,74.10434448016957,-1.1649370100289698,15.977154934016458,3.5596950350155154
1140,1140,12.153674832085688,11.92095129019682,18.12599770834703,11.382856998138717,13.470035158035063,13.459560969587942,13.4719294254654,14.80465408815616,10.316925128559186,-3.2959452099199944,12.197738121162594,12.34946539585783,18.899284647952957,12.82078692581202,20.789860743740757,-0.7515449827331592,1,animal,0.7370041769888716,47.82252274497054,-2.177171755409173,16.800957897133042,0.49217547227600633
1141,1141,16.75252026483075,16.451128368947845,24.052155678954666,15.925794838767226,17.957429281586727,18.55035005128742,18.073986251559663,19.78547288162207,13.63059088112142,-4.0448983132124345,16.93258243993949,16.944897670921332,24.754363268675608,17.095646825470727,28.13780010558704,-0.7158148886515737,19,office supply,0.7257566112749041,64.47415745567706,-2.0758043469166134,9.83871639583133,-4.00460218504424
1142,1142,15.92557800156949,15.70327003845431,22.98857353417966,15.21923825787695,16.93812545853652,17.680771428114213,17.476360588145095,18.75164328045584,12.943790087683398,-3.92822155693384,16.017101609921433,16.30325954659681,23.706565955787283,16.04170148838114,26.899327681037228,-0.9001247587890351,19,office supply,0.8093545626869507,61.51578041457729,-1.8613506730709446,9.839253252867257,-4.442086684974944
1143,1143,14.994435195217925,14.77461723358915,21.50590300429888,14.331841223941174,16.07702980886718,16.27305738431529,16.29635367408059,17.513182006666117,12.18882690205386,-3.811357567906716,14.87146611018179,15.14641764117024,22.23713058995857,15.045476033420089,25.363691508012035,-0.9058106489706896,19,office supply,0.8016444429554186,57.573885621517405,0.6047331586391742,10.712847746447355,-4.1521345338982645
1144,1144,22.09648944454379,21.856807406646617,32.034697297830235,21.314661836980523,23.742141779804307,24.48392720793482,24.423147373422324,26.127840391844494,18.22167072991302,-5.550933919129185,22.326198034259654,23.04283897293911,33.00154228054468,22.29248755591779,37.494415529000456,-1.3958574819094467,99,,0.7977103327143861,85.84982915539305,8.495109521569166,26.82147940008653,16.143072050573878
1145,1145,13.270048758826045,13.01886748887054,19.2069923553938,11.917823113089662,13.983404713185037,14.571857723983571,14.247837087357505,15.603364531221306,10.61707982262851,-3.3064499699595986,12.940039280703411,13.013348632801332,20.028436178936825,13.635237061530148,22.016982218663117,-0.7849622085245838,1,animal,0.7873366087984189,50.719362865427215,-0.9967846925215458,14.557837767552657,-1.3220345410988692
1146,1146,20.406002000028508,20.46143324339344,29.39270540910137,18.82283771841566,21.86996844071521,22.485967805764403,22.14393690094616,24.091923154499657,16.345477425102544,-5.016810116011994,20.293663953837704,21.335220931722706,30.2133334528301,20.89451767903563,33.879622831966245,-1.564086542620338,19,office supply,0.6723666537369143,78.61429560046611,6.730246425465015,17.419774231573225,5.670063872986207
1147,1147,18.972815200170132,18.56483893274296,26.96788568429349,18.099316631101605,20.321096054083142,21.02354869043696,20.420681405509495,22.126041496678567,15.17356586666695,-4.63774839793689,19.05902915928069,19.21882065024902,27.76176956521845,19.373227291145582,31.89809948606549,-1.170623219247985,17,medical equipment,0.7791740285544553,72.6364019493992,-1.9619420244156789,12.911901081625528,0.2770956007923111
1148,1148,22.09491863174028,22.303891012238783,31.573695706282987,19.676360606610192,23.163287941137863,24.0253274387546,23.63086615486549,25.820417836828398,17.479950161854465,-5.336989576251709,21.593918771338995,22.97559379079351,32.42983352622682,22.34091884106329,36.04068676914717,-1.7123303368015543,99,,0.7602974981626428,84.19307540447629,6.892648439202741,25.188912065686402,14.265203486460873
1149,1149,17.665010664578183,17.389233099078293,25.17748112659839,16.743723644986535,19.09158722354586,19.055816151968155,18.814293564795506,20.59488525440819,14.685587037420824,-4.46194969605633,17.60524899861009,18.067841767671183,25.953558703641907,18.05708068536956,29.64777133241414,-1.0127148420079253,16,kitchen tool,0.7737146245682832,67.67562345041165,-1.6525939378408259,10.471923854188352,-2.8973812862723083
1150,1150,13.984558591859829,14.046921163305532,20.231206256987864,13.14662903074112,14.947514193419162,14.75462509265712,15.198891181374329,16.289996589627933,11.921288385699157,-3.6648257224278935,13.67412580842682,14.675806921649782,20.936862398021223,13.907004244543836,23.489539105405097,-0.9566835561812644,10,food,0.8256912356398878,53.93308961790852,-1.5013170674747407,12.820020766310732,-2.5840227573396337
1151,1151,13.024657278654184,12.972378020007016,18.66340088918088,11.957838571042004,14.098185259500127,13.72362163717281,13.843018706593668,15.182175940185566,11.003111441405116,-3.5131074356227656,12.709884862469806,13.536612544317768,19.34535265449205,13.334824587879966,21.7744616561741,-1.0002032977386146,10,food,0.8047571674611836,49.90886778287146,-2.8412448354927777,15.660255330497623,-0.3396199902594468
1152,1152,16.712857706398733,16.954191900631457,23.929080634896117,14.771818188815152,17.838726259884922,18.175098003762468,17.896858008541336,19.640606724978152,13.39367746652633,-4.250588781485298,16.36097818924756,17.956915050106275,24.5419330057232,17.271947652935758,27.29876070518033,-1.6989204423093769,10,food,0.8630245014230894,64.04743579275413,5.744646777791903,8.95201274184441,-4.954486832949053
1153,1153,12.170206139477216,12.023225496796428,17.425361048932725,11.326812147392296,13.31603856759452,13.140930909742918,13.03171730700175,14.315696317167063,10.17719896019176,-3.2588531052266405,12.09913499807068,12.82696635984994,17.960392018846296,12.666837913815922,20.40979606889098,-1.0237150276751843,10,food,0.8292318115488849,46.872900834715715,-2.7648760164182713,18.056498905735836,1.6071141600940102
1154,1154,21.271080953532557,21.29824490717135,29.99179118032893,19.17821076846672,22.17019175120818,23.38096685663879,22.37166046512562,24.616764095240004,16.63254823207811,-4.762639949345588,21.032722185547257,21.7931032543955,30.646124554835456,21.56957879144491,34.48714463955336,-1.3242884089405822,99,,0.7344095299770436,80.46038037237378,3.5257865778674873,21.579994022555457,10.10361750398696
1155,1155,19.13795977248031,18.917472636544257,27.67713943394484,17.9025340893611,20.92433913931417,20.64759163836226,20.551413485841543,22.678424849217624,16.127755096795816,-5.012202236309763,19.08496339791882,19.696575839193365,28.604814858031418,19.788288601659627,32.22150761787607,-1.15459389175027,99,,0.7817490740036044,73.9400610260407,-1.2013271511558585,15.849525424077765,3.4077414918298814
1156,1156,12.806989948795117,12.49507745105557,18.201090629104822,12.208755454296272,13.855544087234303,13.625168069616189,13.592668606203052,14.836308576615968,10.997381199107185,-3.4216346218821685,12.756304491402863,13.186840620250685,18.88726530723946,13.052807750611956,21.69978540432409,-0.7509886108558039,10,food,0.8308068747357429,49.08128154517555,-2.867181065190139,16.301545507499885,0.17913663479647113
1157,1157,16.337063390084417,16.11730526866276,23.36206464173078,15.047661585211667,17.267197025651058,17.750335013254617,17.59162857170936,18.9856062348516,13.273226865362068,-4.183712315520581,16.02226824358651,16.75044017914415,24.204941882169955,16.560489913250198,27.229285694540813,-1.2314684175500268,99,,0.8134062753570587,62.44106034093084,-1.1121985157438488,10.24124603211528,-3.903095692421191
1158,1158,19.8150214789955,19.947320400677764,28.218394051450023,17.71500444756722,20.747611835878228,21.37659549574917,20.91090420415365,23.030469165159115,15.918966963921129,-4.650783441920916,19.39049862496464,20.36069451441946,29.00397590746134,20.02330457064897,32.23339314610766,-1.2133409691943606,99,,0.7951316298877275,75.24987509345979,-0.49701523107009926,16.902680051597635,4.654828984300467
1159,1159,18.2532823853616,17.925890957808388,26.040553409641184,16.70337298514062,19.12924290861337,20.321057063451704,19.637486696294616,21.27160822769531,14.266466703906511,-4.416675854261736,18.008275059349913,18.34440720486499,26.978406171270823,18.65711972600573,30.251314517178265,-1.2523814140113014,6,container,0.7910801905049957,69.57231643314063,-2.467815210616463,11.496778971772475,-1.591699207654445
1160,1160,11.932555803089413,11.858290239440333,17.47499607763121,10.962567539837057,12.934211114671658,13.120698458340804,13.027355042193284,14.258546059232174,9.699476390049863,-3.0541028531099266,11.780263461160867,12.086093217214383,18.10181185176361,12.37171086748842,20.00274754943836,-0.8255073984074498,1,animal,0.7423778037713615,46.227202013017035,-2.584783185287506,18.101292925254498,1.5563051276206679
1161,1161,19.345544319584693,19.21658758703191,27.458499898828133,17.69331885581865,20.107465168446293,20.820172862006935,20.47979733496597,22.348343933257546,15.330276595604344,-4.529295129571579,18.84716457018284,19.07426651090885,28.31723094162136,19.216255917453605,31.78677150364085,-0.8432304375356496,99,,0.7763412174540841,73.10028125539344,-1.5951343712007118,15.237896894495936,2.671774019110739
1162,1162,17.33445021761714,17.377016446767414,25.00987396482125,16.101790566510275,18.65091171919743,18.647059324523205,18.814412916208877,20.37311440984782,14.068035864781232,-4.435614966255889,16.997794872190962,17.861282953343814,25.771084257222363,17.502981712804097,28.96031615876842,-1.288967975176763,99,,0.8120393042063,66.64461065938644,-2.560022921688806,11.42484070782447,-2.097117598713673
1163,1163,20.12300306512556,20.13169445917145,28.95632162670791,18.308645916700183,21.306993740045264,21.358786485209716,21.48337951812871,23.54168389776657,16.802124755038015,-5.109880397236245,19.678187449271256,20.69910399166933,29.917130708821396,20.20076073511173,33.29841273356135,-1.1311981412811067,99,,0.7738051009039457,76.99979624248095,0.6587706444133108,18.383887132061545,6.395131787057407
1164,1164,19.072191659711887,19.142152319811256,27.47783517696752,17.069145643578356,20.14728480042918,20.30586461967039,20.1746380602552,22.401453684534328,16.11634263927676,-4.744625861360512,18.750664045561827,19.805018770509868,28.330055691632246,19.327506083065693,31.28001323974061,-0.960114159245579,99,,0.7661410405312844,73.02264183628364,-1.614055262186266,15.18085964769019,2.6032413735643587
1165,1165,17.296800880672237,17.249851862486402,25.30313876688309,16.634588327734082,19.26135447196009,18.86727643718495,18.989388343008702,20.922900252176703,14.475593559473634,-4.43411780965317,17.578731475536895,18.05206281551793,25.928458125083296,17.799243932936122,29.34501951216616,-0.9208164314704544,18,musical instrument,0.7583633429318234,67.64178822078888,-2.023334268056759,10.510644101057787,-2.8636707298469073
1166,1166,14.981223196912806,14.602841002357422,21.609084653857785,15.130390769517476,16.71725695281525,16.59650315318988,16.56833083617503,17.74895849777394,12.770440914347995,-4.018072108757895,15.4872891836059,15.91163255606912,22.230960200092174,15.43491618659997,26.05019116689113,-1.081338916925462,23,tool,0.8066998361347483,58.6897590940429,-1.8538743699603462,10.525489345903319,-4.174275179623265
1167,1167,13.601663693581877,13.298870580227977,19.422630722562392,12.864105079346498,14.799700835136465,14.592588075523896,14.441074267439417,15.898757750226586,11.581457088712272,-3.577795658363367,13.580583744073902,13.986565239547504,20.09962916097937,14.0291607449644,22.938498650945657,-0.7929401365373332,10,food,0.825537649101,52.238501296261404,-2.2605161239026446,13.947412114496796,-1.7075344772330006
1168,1168,12.208503440544307,11.949917589384825,17.46104008742246,11.527129823794311,13.36924368093479,13.395039482585988,13.115825067805472,14.413573128878095,10.092388333281628,-3.1852775565652705,12.280124847701972,12.73725644560297,17.982040597296034,12.75311931944945,20.544208457748844,-0.9093334639515168,7,dessert,0.8270549837717284,47.07383236907973,-3.134462913154687,16.699902585260407,0.2802680378241469
1169,1169,15.630536556921957,15.452117950466835,22.28997994583895,14.394526003278388,16.435047809874504,16.995602086927395,16.82759588692208,18.128599157891937,12.618262748213308,-3.938798803922582,15.32885667552918,16.07020623287204,23.042112717623525,15.754400483524387,25.957558236770705,-1.1663722522582889,10,food,0.8329005990841379,59.6389269627383,2.071223654024779,9.768021804062693,-4.791207626694316
1170,1170,9.533782365661017,9.367181135987996,13.887319616262468,8.985665811362379,10.34026438506521,10.441803856517469,10.36152544953732,11.31498799280703,7.877773527304031,-2.431295554283282,9.478663288201345,9.547096167831874,14.388639394079288,9.822750939002976,16.106341008737424,-0.5176241190703572,1,animal,0.8539656497676993,36.87241493961668,-1.452828831786391,26.70553083784492,8.775460452326527
1171,1171,10.957863246330444,10.79229321153353,16.216723896453868,10.17320509248622,11.97792184290266,11.953955393300618,11.98647201271381,13.190060211292018,9.363325316887758,-2.9135105486229955,10.901075859596688,11.10265518879596,16.893341477297778,11.40790316973806,18.57561381258976,-0.5913587878920746,1,animal,0.7627127739611694,42.78660134316304,-2.9155820354858575,21.131952166588242,4.077544320984629
1172,1172,20.970853360427704,20.8346836206294,29.89029575530696,18.799980410060638,21.83532831171416,22.986628500331225,22.34117394747673,24.3758672078761,16.450633321509798,-5.001778382193236,20.4943783288361,21.11225332390668,30.87727046385703,21.250280776753748,34.3614952530494,-1.386508796929509,6,container,0.8148931777528018,79.58643805469922,2.8109725666312535,18.667513981745696,7.061740366532591
1173,1173,9.541858482486386,9.418886007959127,13.804853048342066,8.696083922415653,10.210477685442775,10.468306349517142,10.212828747219048,11.289383842396846,7.729870432181744,-2.3646405707387195,9.426497178824205,9.509537705891423,14.293471937737833,9.876122264819966,15.86688905263409,-0.5171659864815898,1,animal,0.8320831099794516,36.612642482620025,-1.340661764151097,26.96312317915418,8.994590527827391
1174,1174,16.780372334707174,16.7761624363583,23.56506996364036,14.246714202229374,16.923757028851632,17.871464061836654,17.229650030469333,19.11066327163467,13.513589741458372,-3.986085124319668,16.034239787177444,16.97615029334981,24.39760340426007,16.883129499996407,26.806291880374182,-0.9939774496687556,99,,0.8157640476769803,62.675501903044825,-1.0479387404913076,10.435186994337613,-3.6744429913839927
1175,1175,17.88788753429961,17.76077333349616,25.02400282066967,15.277285043591112,17.817031097976944,19.075053481009665,18.32503475914224,20.232679777648777,14.362030546838328,-4.142859382020765,17.103140806230563,17.808975803238276,25.957347183603783,17.79127396814964,28.577274799181573,-0.8680612276165158,6,container,0.8267429047916856,66.54609199922739,-2.076318235819202,10.447429096245386,-3.089116018062658
1176,1176,20.208209189424547,20.2941688400451,28.51189793486704,17.690809385567285,20.43187332216079,21.650326200029145,21.09510238506513,23.144288090523744,15.946188107703325,-4.524708814572191,19.487904692475453,20.257577418792717,29.337889888890945,19.90984905836144,32.40283846783014,-0.964027192613768,13,home decor,0.7237279880413824,75.75348913632683,-1.5572138600756222,15.217699511755091,3.044414229474315
1177,1177,20.54197730849832,20.654883001344427,29.542139763594577,19.00235405839023,21.717333996366563,22.264990767101505,22.215981626179488,24.084448777443345,16.843545135233654,-5.009561934197517,20.378891888588264,21.505019523001888,30.34013685720311,20.540710098616906,34.034380543591986,-1.2876126707879856,23,tool,0.849513384916775,78.93349830529267,4.325021537875415,17.751340671118765,6.0488919022389105
1178,1178,15.98241349246448,16.284752339337576,23.03007695930582,14.497043931332485,17.434978336672252,17.23481481180426,17.242393917539744,18.99543677623463,12.712372700261676,-4.047778649280666,15.707325739772264,16.867570842712077,23.527839790051196,16.423599319753574,26.35779899598569,-1.4243939617760475,9,electronic device,0.8054118250885406,61.506964725148244,-2.2914330197002553,9.97636372397013,-4.306281476924301
1179,1179,21.804529143556717,21.841985364633256,31.010604868561625,19.60252004478177,22.997136711919524,23.916064689733485,23.189093760912883,25.498420898194688,17.2569418634165,-5.238147571895806,21.54585545622664,22.63121619834929,31.83217012612024,22.295002076108517,35.68317183354327,-1.591879282127292,99,,0.7977901552092899,83.07887414116134,5.8472023245935745,24.08750594544532,12.99882720098699
1180,1180,14.991987416840546,14.930412118271123,21.649665767542658,14.263766933783566,15.961600036194568,15.924798638377714,16.262800049694555,17.41819136050519,12.871013243921496,-3.9010607202252734,14.804365212285784,15.553338105774175,22.470284847852596,14.873025545479049,25.365316684585935,-0.8421982425918841,99,,0.7472184348928537,57.81828797374201,2.012045722012374,10.31545810798861,-4.5133376253144935
1181,1181,17.43066833714012,17.362341292678426,25.259725318500514,16.400720326776636,18.64755794629197,18.69942805971933,18.86624863068744,20.43842331249809,14.92361420622406,-4.4755602861268,17.317896525421588,18.13617018084419,26.14830735548578,17.54082950329949,29.33732955048444,-0.9669208876360044,21,plant,0.7260133391616809,67.36980067926915,-0.7889590278134788,10.366985068118483,-3.0476006107408047
1182,1182,13.594344359915556,13.415214175229163,19.378120251721757,12.620734396688048,14.62151842359545,14.609632882716724,14.462528641657,15.822072964239457,11.1780849007311,-3.5193613392198504,13.38063516568235,13.86183708243699,20.08045839456542,13.923696142293366,22.751343581223807,-0.9257209601291412,10,food,0.7953147364331575,51.94279327373411,-2.380577333414009,14.137724185520327,-1.5610053410733684
1183,1183,18.75909861101425,19.107129743638858,27.05136433258275,17.307108163120745,19.70431291327722,20.05984775604863,20.34399305833264,21.83633416983289,15.36019286364668,-4.531248045391019,18.32955999704846,19.6315255516892,27.78647220475689,18.47468062036174,30.977211873538145,-1.2445625158621152,13,home decor,0.7624152205254618,71.96933244300256,-2.3266271427732486,12.509934805987472,-0.2236378996868016
1184,1184,15.44849468894177,15.279048150382575,22.428844294060557,14.648812826676672,16.76940233408697,16.679937824944215,16.93984715048686,18.308223641848382,12.976750161235424,-4.126194542835582,15.394580816614155,16.076508732816478,23.198270963864285,15.640455109244073,26.204405488699617,-1.053173383745159,22,sports equipment,0.7660719632454185,59.91959013914713,3.878490268683019,9.971884452140168,-4.545789604277045
1185,1185,19.905140656776595,20.15070868487066,28.39707543604484,17.372977735652903,20.85341654771053,21.39901211334673,21.03950937363177,23.181185959768552,15.95407084101219,-4.912241565678055,19.28757952281281,20.73872330891708,29.244830620636044,20.255169882339217,32.31463690086996,-1.6126037778996964,13,home decor,0.7830486773602949,75.62617901281568,-1.597577407816539,15.102841372365544,2.9107063788136127
1186,1186,21.27996112234348,20.905979708911914,30.32504355944744,19.9591817986838,22.75817724564959,23.486654780392392,22.66493650405101,24.909132187963365,17.814839925106924,-5.27021264515564,21.57939304891432,22.271219800526435,31.202021984282023,21.96560998167022,35.56261570274656,-1.2371761400069974,99,,0.8295554619596432,81.80454149907487,4.703876032634609,22.843689712644252,11.566331531670933
1187,1187,18.62191671953145,18.27521911240767,26.622221493722247,17.812448604140222,19.895602397604588,20.25258703892292,20.160339846381596,21.5840349557265,15.257529429596785,-4.742661283912896,18.457597952846232,18.890237849699798,27.532273437980407,18.74919781480589,31.48715659341196,-1.2375505090398788,99,,0.7867486802801906,71.38580175283995,-2.1952250398568856,14.022170650847071,1.2021995918913362
1188,1188,13.790439534137452,13.731057993444614,19.73753878153368,12.67250811688628,14.766241578217196,14.50778803291348,14.625904385374694,16.017883412458456,11.698260678837723,-3.625069879396266,13.46119747039586,14.27341695108177,20.43713021896512,13.97080130886519,22.96307154502276,-0.9079850010882344,10,food,0.8165357597401885,52.73034745070899,-2.077724245067868,13.61115781814577,-1.9709653582461826
1189,1189,10.684789337445675,10.481447619561706,15.35302182904196,10.139487745133833,11.65095787598908,11.554873021132256,11.532073115020076,12.571497397442972,9.067091137316964,-2.8511660469346864,10.685806096661954,11.213161693306697,15.847113536333223,11.009067454091406,18.048613573104063,-0.7664402149668325,10,food,0.8039254640666709,41.282379649910595,-0.6775238059181987,22.853570464797745,5.576445494871077
1190,1190,16.94718829716097,16.642111233888,23.92308708301098,15.498516107385504,17.816204655319805,18.56925080236061,17.891403389385854,19.5858912335465,13.391849158355628,-4.0622550587117,16.704862559513874,16.99830329791433,24.68799640174679,17.28728316994172,27.93100960267451,-1.0743115029147137,6,container,0.7581539135518599,64.15578137208658,-1.4016679474238547,9.88016837493198,-4.010289404978268
1191,1191,17.909943473510175,17.674037057415607,25.9964149165503,17.714881073155357,19.61186575138512,19.44582250710382,19.804458559513407,21.137443976935707,15.407014289071055,-4.763707540907522,18.16971374849466,18.912824824153244,26.83061792310912,18.032699285556884,30.85232472627402,-1.1388886466217627,23,tool,0.7894980904280712,69.94516542641507,-1.8561819339281982,11.512740853811435,-1.5205327929582815
1192,1192,10.123597040978629,9.883052744618428,14.47065236326445,9.58986931745499,11.16181501702126,11.113870735249852,10.901839924742662,11.958674746691674,8.404908417822286,-2.716868083472132,10.193793658766156,10.66180535088994,14.91354145125728,10.64501435391088,17.109067728917935,-0.85548706323556,10,food,0.8399780009059945,39.10903570010849,0.7542848716842219,24.82773360436871,7.228820352278504
1193,1193,20.43108393940855,20.70479058353538,29.008947743596437,18.00411524809646,20.568672871434316,21.513678829359623,21.571520081696622,23.32615084390281,16.131544816158566,-4.632003414287822,19.39443947378708,20.33002968692452,29.89122915246294,19.652925333965538,32.86862033956549,-0.9798788614159168,13,home decor,0.7602955554245968,76.62738019142704,-1.0434361713596951,15.952376983468323,3.9084812078251776
1194,1194,13.44593644208726,13.319203417017754,19.26410661444913,12.556946106511784,14.37039507694105,14.131953862174823,14.27351927552359,15.572757655907738,11.460280838661394,-3.4943585337320355,13.164798109849102,13.636825499633709,20.029493208186683,13.506982173503276,22.57091581826361,-0.6857573438135945,21,plant,0.7044869694379353,51.41445020042747,3.931871776714379,13.663658503696226,-2.113298222033542
1195,1195,19.911150434418083,19.52395051971268,27.66943671679582,17.15428138445179,19.89190610426811,21.13101019137248,20.013600858491337,22.464765796283423,16.816920405108633,-4.663671121576039,19.419490093638537,20.09791779969047,28.7200915545586,19.979146586846987,31.91053141690416,-0.6124414551829725,17,medical equipment,0.8465381045500162,74.13075131049168,-1.9774481303326539,14.031239847722238,1.6176897801897603
1196,1196,21.0517233990125,20.73850244515247,29.42929062749304,18.690638235005643,20.97987553239046,22.271752211662843,21.807381225613515,23.645043435632484,16.930229830205935,-4.873266979198425,20.114428626472616,20.58432739907267,30.559943081048253,20.458532585200427,34.065510016765415,-0.8272435502340328,99,,0.7848045528840135,78.30782868170108,1.7270988618333725,19.59819500530242,7.803108734937455
1197,1197,18.25390086241353,17.867421428227658,25.813882137152365,16.868401370470675,19.194570798311467,20.13533598006573,19.42439123991257,21.16337894638277,14.399074843998395,-4.373491101999067,18.095666788908503,18.34781410288215,26.63604243537689,18.57804086886459,30.21182256943731,-1.1207415761307764,99,,0.7568846709065925,69.29966077764284,-2.5654942539272607,12.759941027614527,-0.3689069216377323
1198,1198,13.162145705288667,12.930803044351654,19.46244337887858,12.346878683978897,14.335030373308388,14.448275755467986,14.478900896049367,15.795507532730632,11.115333890925944,-3.4732709506926844,13.105467998977437,13.228428524779968,20.294970604954354,13.625229998549774,22.410953373464043,-0.7087833498406992,1,animal,0.8121584644501163,51.37418576583949,-0.6778936187647666,14.063828286387208,-1.719090046680197
1199,1199,16.254470455594184,16.471513734451765,23.194131132230485,14.293441948782302,17.082022859286756,17.494216639163188,17.23080472862701,19.00915277779317,12.682670187232542,-3.89726459046802,15.718664638577604,16.60205480860883,23.80549928870086,16.447007538155685,26.349765231966806,-1.1785865186915865,99,,0.8538887396217905,61.638670090826494,-0.5620713546926144,10.247017146797203,-4.016127577250392
1200,1200,18.031002602778862,18.18026194755812,25.84237344493688,15.765935909880811,18.60597193416428,19.17851375239601,19.034407735755902,20.945988457284656,15.121179123367366,-4.480053141412973,17.5537464845088,18.899379174560032,26.695795922642574,18.05891805711696,29.32007609644893,-1.1058532970576744,99,,0.8023429739245441,68.6569710546218,-2.531739502288108,12.47305699481963,-0.7509484751526827
1201,1201,14.216252657998032,13.921897860726231,20.405552020709845,14.055881608104947,15.76198263827123,15.683451520568982,15.539606308999964,16.801141752314976,11.67115923643389,-3.6675190114953047,14.4892070397896,14.666737911371904,20.96510464192464,14.622901893358554,24.394111079449075,-0.961585633342231,23,tool,0.8332091059272599,55.157016827510446,0.22951118197021358,11.741079290346283,-3.481747894166011
1202,1202,14.391584989333795,14.151139507247528,20.735019675148123,14.013380965796282,15.877858192915577,15.632067163572154,15.54356288039805,17.052161743836606,11.718126529539242,-3.568651297641691,14.438008895261204,14.28461424947149,21.303801243500743,14.731034421480713,24.41197096544965,-0.6099583728569363,99,,0.7963240186430668,55.48822253974821,3.97890225828208,10.852909347802301,-4.320879065284309
1203,1203,13.400653499327865,13.247808326161108,19.04013747937409,12.307917350764155,14.464349883040615,14.534583145212466,14.28175577339358,15.617443693207097,10.8689808955848,-3.537858506631782,13.196088334904438,13.94328632808112,19.696848409874168,13.903041376101667,22.364253698296388,-1.191723853257782,10,food,0.808905442914344,51.23092065735767,-2.5815835547523536,14.663438425623962,-1.1406919356438276
1204,1204,18.33055024374715,17.850139474911163,26.088127704740923,17.556819190625152,19.561474835495368,20.412163393115,19.800406190849884,21.382212808154083,14.761351712427254,-4.510093111788032,18.496948822140496,18.58802446707576,26.917653763897388,18.6853363221195,30.94245321675427,-1.089096923684571,23,tool,0.801122867206914,70.30278784295685,-1.6927043578963978,11.658449232009088,-1.3218743499111927
1205,1205,15.166624428193373,15.07534959706662,21.42496344755203,13.383638715459355,15.660607105402446,16.02394503846041,15.50388608523684,17.49977929117836,12.900201620066024,-3.5499506845290325,14.92424457369737,15.486911590689536,22.066496127822315,15.29444632779187,24.47309329990157,-0.4052774194020948,6,container,0.8081932034856457,57.2066674809622,3.5786350379865244,10.800048843043628,-4.1193042581926775
1206,1206,18.20141329648949,18.096453021608728,26.08019752323635,16.967541727872362,19.73307739091505,20.21194074358758,19.594653060042276,21.610468883761666,14.470808268446955,-4.434377810352021,18.33443745522517,18.82085616267344,26.731658566071843,18.870674284390407,30.313607171516427,-1.1881477531048477,99,,0.7848184817050033,70.06962759030739,-2.444261670307955,13.210750336630072,0.1959047283293298
1207,1207,16.69203951668787,16.28516086124153,23.861789379803795,16.40974718484611,18.265660528179865,18.41468370518241,18.18291218289859,19.611818212056747,13.718041322203508,-4.278475800689955,16.97983829365501,17.16414686520172,24.568772527469022,17.05031018289928,28.56203757879673,-1.06099790985647,23,tool,0.8090530047021888,64.52526268521828,-3.114664911239875,9.941200141204053,-3.894551729383833
1208,1208,17.084522434837805,16.799859610281114,24.921276237724367,16.777813246507037,19.3062545760266,18.73870719481738,18.89090862498507,20.60264919345124,14.839144529249284,-4.779879063221185,17.614678212329178,18.509173077370114,25.658412675394896,17.866899707697115,29.547467545900005,-1.3352887709761418,24,toy,0.771753957743748,67.35098650894763,-1.1997191304264048,10.5005338822429,-2.916837448445058
1209,1209,16.057701581992298,16.286737217179027,22.8333708918374,14.21801455855645,16.783168448511002,17.225318283826454,16.996384455399525,18.55823843166049,12.67052119633846,-3.880850942476165,15.492953602418378,16.492565198215075,23.51368388813859,16.165069446968516,26.147072417651028,-1.2667307581682876,21,plant,0.7151463724806647,60.817980437544726,-1.7601992500945753,9.96847684052286,-4.416180317736069
1210,1210,16.452030510002803,16.043648818544437,23.99742515594719,16.53759082471169,18.502355274879427,18.42269427169145,18.35097059135496,19.77436919068078,14.013667966497565,-4.4305897295801,17.096489749208903,17.4539301311883,24.71998416381295,17.151690140256974,28.67359359095224,-1.1672951366544149,23,tool,0.717137118091868,64.89201171370313,-3.0551437679807307,10.052468034854275,-3.7289824722186307
1211,1211,9.80842051035894,9.56468300838882,13.788294669398548,8.592429736924382,9.78488555789065,10.76873520186397,10.243483549595046,11.122748664521255,7.384467323363837,-2.1865562677126373,9.364338807727906,9.168223566296264,14.382167944541996,9.770980551041502,15.87502093673658,-0.4541485716105786,1,animal,0.8128356485144034,36.46772044371811,-1.189433865373152,27.156936834132733,9.166946827217966
1212,1212,16.643263534527055,16.56836707658674,23.937921099213284,15.046513772182465,17.38236783431244,17.718330700682852,17.716897321245067,19.398567563871342,13.33409748634856,-3.99373004052942,16.022792002682827,16.19420628486304,24.796488328450728,16.54916403483813,27.359300563386945,-0.6612803025404587,99,,0.716518737672584,63.125316078999575,-1.3340009734898182,10.463177958888354,-3.579851923804707
1213,1213,17.050848178904722,16.803169166524764,24.924605958691508,16.841691616167072,18.79255680761053,18.743404452324643,18.98276183574248,20.326857424874746,14.73486496498019,-4.58614990755897,17.440505282387022,18.16036258245184,25.752576779703038,17.394798456112735,29.477049704579567,-1.1326860870211626,99,,0.7360733717258184,67.01695665128199,-2.4603865605434097,11.659779329491842,-1.8070489194622485
1214,1214,12.658271619811517,12.39966119733545,18.256284595362764,12.192434288697571,14.244458676686554,13.436458547849348,13.659964103116383,15.022964446398992,10.946287212553324,-3.589642227608231,12.691433489734976,13.27040888054352,18.88456518646941,13.172458363280892,21.69310048882751,-0.9519654793035056,26,vehicle,0.8351519819736377,49.174868519416954,1.5493584965908518,15.262048750229605,-0.8465035068760951
1215,1215,19.070345399716143,18.701401668217382,27.176013343481884,18.124653880821324,20.6281956955954,20.976027567562205,20.56070534520393,22.3384903908194,15.377877641342304,-4.829153246269653,19.111796558187358,19.52770596987728,28.008069226416712,19.564146289348905,32.12806247592154,-1.3276674898380338,23,tool,0.7593751970402439,73.20225458765884,-0.01001042374226202,13.270365515525858,0.7193409513946918
1216,1216,13.101996162735167,13.121303851773265,18.45629805418853,11.381179411198946,13.604687978133844,13.832852862726629,13.223180154466393,15.170283737516202,11.21234717244664,-3.044821389484332,12.971561093333085,13.594312792124988,18.955406810360195,13.384012082493596,20.988539425885428,-0.3568492674207076,4,clothing,0.8360027065642495,49.42453143425909,6.095531265955067,14.958207842535629,-1.1133789814207056
1217,1217,15.221855207801584,14.964460949796106,21.716824821423888,14.392435828387493,16.285655628620304,16.120855235155098,16.288215682205713,17.611338778616137,12.279134467127394,-3.876294632905721,14.755283520585602,14.83362436189648,22.51708095892309,15.1774195980243,25.58615854781152,-0.7950596605178597,9,electronic device,0.7622818116892213,57.8407207343779,-1.7610263229376324,10.792191504195435,-4.033282803840459
1218,1218,19.62146755599823,19.93567975121148,27.553081073807714,16.61663584761397,19.79063668014155,21.193976578684172,20.518479688749554,22.40537341147232,14.908641742267012,-4.531538796536485,18.66522351963332,20.12312920400817,28.356969286410013,19.601325853605744,31.19441471752915,-1.6639055619672312,99,,0.7899021089569871,73.36097012163596,-1.2135439447677268,15.612785643144813,3.0852607183762117
1219,1219,16.170068899557894,16.097304756009642,23.00495512961487,14.6607957028047,17.253751582106766,17.507532136655993,17.19545836019,18.828849431712204,13.056785835338736,-4.126028121154576,15.854274473208845,16.79562405750714,23.740820857367503,16.63073787298237,26.720152054043403,-1.3427454645129762,10,food,0.8366151238102458,61.67461041654428,3.6444881941685097,9.160810666534665,-5.097012683657596
1220,1220,9.366163272211269,9.219161613681273,13.549347739712166,8.638611218764874,9.941492307151918,10.297510032794872,10.03967575151471,11.043279418548767,7.583182102156204,-2.2531878627516626,9.277711366540348,9.200667478520158,14.03999913139776,9.586354289318162,15.608676811823864,-0.3779266522707578,1,animal,0.8062470467996452,35.90237829367253,-0.9664703587938401,27.66544292327088,9.591747583238284
1221,1221,11.638567548635,11.387386948214951,16.115854740450484,9.90496519350017,11.333148862065446,12.62108670205555,11.833823115688803,13.005333266928616,8.833871364566841,-2.48851986404071,11.04938068670382,10.9499485473947,16.772573086458436,11.498529639693444,18.46628648377231,-0.4293017647585917,1,animal,0.8251091201267711,42.748187216189876,-2.777769726604083,21.245770599948465,4.185675106087135
1222,1222,19.7002794246831,19.735431928825378,28.57737317095168,18.29918584078111,21.27992663037675,21.44770819108654,21.489536972655426,23.415658694774685,16.12068497470979,-5.022023551271008,19.583015917983296,20.569120762260983,29.397105428297937,20.06002259742117,32.939975826311326,-1.3842175678713773,22,sports equipment,0.7872129902617709,76.20969578479477,0.06858470575472975,15.62599833790024,3.520259636884454
1223,1223,13.852679384303006,13.856506882529496,19.934129987580164,12.819874387366225,14.91980945576937,14.636932996185989,14.898443851996271,16.198445261126434,11.863513380176515,-3.714151059315801,13.611400340390988,14.763343884846858,20.572819988768988,14.030922349726964,23.1396778571504,-1.0806705395387268,10,food,0.795885346140593,53.36494484763896,-1.7819221031693537,13.202659587565684,-2.285504228991787
1224,1224,16.531771222019625,16.842299608191603,23.3964544362308,14.616618922847174,17.247255569672056,17.765397617282325,17.41626001870322,19.078186919362736,12.9382763285089,-3.868072879058931,16.004807675275675,17.102700231583782,23.975909509373125,16.621023846465704,26.730882085996026,-1.288376313609841,10,food,0.6858006289849441,62.4839506912998,4.386641981947017,9.102336145510437,-5.035655175000992
1225,1225,16.227905997244434,16.153394080431365,23.014660452615026,14.585892329112054,17.203890612717124,17.44843673735166,17.103152140123097,18.8537610594129,13.26451616439322,-4.064045833916698,15.922640427294796,16.922668709992273,23.67417371445041,16.60408730071344,26.58584691843242,-1.2346097081832244,7,dessert,0.8476455985725472,61.70851961671689,2.584441668679064,9.659948761600255,-4.592853945967043
1226,1226,11.45836178350612,11.325600396486522,16.6130908639253,10.654739648195848,12.191337501149595,12.54014106134786,12.414211272371247,13.485200983650408,9.239753444887182,-2.811177556445961,11.277623958184506,11.329581464365782,17.224885594435804,11.632014028566386,19.18161478845637,-0.5915479619257765,1,animal,0.7947790184070672,44.00506043779429,-2.922429924365538,20.037369283703498,3.163368160645401
1227,1227,16.844191261766092,16.58563757579811,24.55425682865455,16.01764632477571,18.47770553499178,18.78803910380065,18.631868052896284,20.15594070069613,13.723532237738176,-4.413672234279894,16.975291962994078,17.495885141819134,25.404142684803084,17.50232220382416,28.66168866804734,-1.335086467561602,99,,0.7721203571360647,65.6777282073039,-2.2929595936278977,11.094328211878121,-2.570788034910594
1228,1228,9.329192236102998,9.188044478100382,13.402155098563618,8.499658530545368,9.82056580709283,10.232316970764527,9.936649890267775,10.904331264312702,7.338442025129918,-2.22231025096337,9.118291438315646,8.991679451005764,13.918496566912696,9.520235216926109,15.465748766867632,-0.4278589305130906,1,animal,0.8297486708725029,35.47690374386406,-0.7130223231262622,28.09491998914145,9.958228304466928
1229,1229,15.949787987589811,16.13335284541977,22.97369856174941,14.364949029451806,16.691613797873536,16.89288817906014,17.097797450703112,18.60360711698606,12.685179643365808,-3.8434274808152993,15.280102656580992,15.90512546722493,23.678075588507173,15.750396801421822,26.120727919541203,-0.8670680635747811,13,home decor,0.7201744430268628,60.61372327310391,1.8872776749836984,9.928516260217911,-4.486383493591065
1230,1230,14.191898277716252,13.75180404766397,20.1633958308859,13.714587819365986,15.37825002280952,15.50372468225438,15.274620399981885,16.503003675777304,11.545928665210369,-3.650829458289089,14.176128309288996,14.270915777266705,20.85413842992676,14.506374899275576,24.09784266969312,-0.9200841975992368,6,container,0.6949563137261933,54.349310191992124,6.085466651154967,11.904402336185598,-3.4380149991443787
1231,1231,13.297900062008194,13.156245990592788,19.16844140763735,12.55797846945858,14.403183216755815,14.192307387493264,14.373370800813902,15.569907742514406,11.336518912183964,-3.567046574772539,13.15073920871354,13.89175326030152,19.84810745847449,13.517180617909744,22.46504792601357,-0.9381799919579736,10,food,0.855930325834507,51.32302229295285,-2.573867242529558,14.600633652145918,-1.1898600147986738
1232,1232,17.880701453844765,17.871815544925322,25.225915192543933,15.612393337867095,18.41078923731212,18.945181123736205,18.502201945403485,20.569380789340105,14.555781736069566,-4.261226654193006,17.30278680929685,18.16173557605696,26.004903998271438,17.933958871220632,28.818704521187687,-0.9331866905612296,99,,0.7928198644088981,67.21638034316283,-2.544787438509844,11.722855968850517,-1.7144453351214466
1233,1233,16.777557160699264,16.85340131397674,24.3160115392424,15.852163236574368,17.980987915875726,18.01841246732611,18.42620112579301,19.66062930821082,14.007965277147283,-4.357482600287368,16.530785888165315,17.70295475528241,25.08872671103465,16.75319581936834,28.23546686597239,-1.2786433971879612,99,,0.8219680774123284,64.911045643474,-2.1108908330533085,10.828154033941626,-2.9504782834175227
1234,1234,10.07226655006914,9.910213353843972,14.488095961505511,9.634185057560092,11.174129179887531,10.76916513524596,10.818625937234296,11.905367419719395,8.65598453328025,-2.7100486873907665,10.100840904747944,10.594047469818248,14.902356851465214,10.433117281155786,17.046848028211066,-0.6970835384918078,10,food,0.779908099693805,38.99504263784565,0.8143298603985265,24.938286082069634,7.322494861037857
1235,1235,19.91640778272277,20.40282980883945,28.41668920780193,17.79296746219776,20.802731992025365,21.362809263985508,21.10777920640973,23.17826447573789,15.795803556928195,-4.498814069638522,19.408421267486062,20.630182219458355,28.988785612295157,19.833755698231126,32.16010342753979,-1.2178189927765724,13,home decor,0.721732920481316,75.63939389469732,-1.6373310047926548,15.11481631946017,2.924637939420826
1236,1236,15.98996927011075,15.817551131035852,22.645820856941366,14.809146285654052,16.651263564069627,17.016311334919155,16.983680160402013,18.24402721783768,13.207197494205932,-4.005629191702391,15.552065422418778,16.270759931986323,23.50199687207177,15.868946088691771,26.56281456047222,-0.9885486278733993,99,,0.7924112760614193,60.62632071299084,-0.0439139678478746,10.100772906838541,-4.3122616527653275
1237,1237,14.925371416274164,14.88138321169645,22.12033411611016,14.69318872121126,16.57005980480526,15.98067844197426,16.74888642721846,17.907393381495886,13.196380363787643,-4.127584105372676,15.026294828533196,15.911589287902176,22.868044429073183,15.041562082510971,25.807752683633836,-0.9602929170578542,99,,0.7251555347993089,58.937825081082835,1.240356458991485,10.258042417006187,-4.404993118688827
1238,1238,12.243833256317137,11.96769182195497,17.909787540926008,11.507178283055255,13.342540204129236,13.368329407302102,13.30276850775335,14.570500258062015,10.236617492150517,-3.2375226930116985,12.16820931716306,12.122215829311838,18.72400402179494,12.688965880100127,20.87612000419081,-0.6278687805021843,1,animal,0.8113850380125827,47.46770620337777,-2.2862649149832137,17.07742915253989,0.7161121045217378
1239,1239,11.442700021480364,11.236937519023584,16.34411702548771,10.67368489375485,12.612010916430757,12.17032031845836,12.04979550181746,13.49573156768462,9.961621759614555,-3.0758889399597678,11.485342799772416,12.11461188020316,16.81935296357122,11.963424081906544,19.155877645594728,-0.7343895752491342,10,food,0.8369752314108985,44.0798851239058,-1.9980206032973236,20.42697795675326,3.5640554792125627
1240,1240,15.882457765385354,15.664349067157044,22.491140207561667,14.384058021786126,16.268769647059422,16.788748734026758,16.65113844846274,18.173711426112263,12.50279325329724,-3.6822763251175488,15.15932039295074,14.974075348824623,23.34123858950197,15.534621433584975,25.98020895326633,-0.4286958885353211,9,electronic device,0.7265480142121794,59.44052743860729,-2.131515253012722,10.409512580088533,-4.179092155970702
1241,1241,20.155623716913176,20.089057032795733,29.062244564703736,18.88485969489828,21.424687734598244,22.39664222206244,22.073188189949505,23.672331874818514,16.238365693791284,-4.932920745059067,20.13724490963657,21.10236222404683,29.91140996799993,20.46114624389424,33.678544699407865,-1.5537536829751897,99,,0.7546082064456846,77.79994937703756,1.2692699871073891,19.09521266081188,7.224929084926563
1242,1242,15.039873902937623,14.818429976502848,21.563349028219985,14.271306089362024,16.16507264562581,16.17922251626379,16.222586141083823,17.613957865877698,11.903715759843358,-3.732117068120305,14.719522639922886,14.62447176303051,22.29446250580269,15.08199823260291,25.28066827929317,-0.6972273671956349,9,electronic device,0.7645126678922244,57.394618447095155,-1.552682575681498,10.965008790835133,-3.926516032908138
1243,1243,16.303353965577372,15.981759826566943,23.81875107496141,15.722479823945005,18.306925925020067,17.769664783775585,17.937531198816394,19.576777832196317,13.969827949354706,-4.583198636775904,16.495419226259262,17.139286338584238,24.675536777943385,17.063738088164275,28.093244529042074,-1.2899299034923817,99,,0.7213695994351726,63.894858643104435,-1.6363540816165614,10.60631199955639,-3.322778357008019
1244,1244,15.69867748281586,15.687232517258195,22.613468739914055,14.626884494267438,16.971371568450774,16.867805074299667,16.893670356798395,18.46978760705191,13.109025199332232,-4.020574689051157,15.539101503425316,16.42125388464473,23.28014136102207,16.02821433253139,26.201026144687685,-1.0622974097796916,10,food,0.8040880346740114,60.48164770826206,2.6807771060049745,9.475005910353149,-4.959449132497907
1245,1245,16.97631392324621,16.80211708055274,24.266210267910708,15.52777886413947,18.212779820676637,18.78231473311635,18.26156324707506,20.007213196174376,13.383871894745464,-4.263701426810978,16.841873090342652,17.47834904769445,25.02685379596712,17.60027814596682,28.18768641942893,-1.3473418646928987,22,sports equipment,0.7772922484939607,65.05008209037533,-0.18073209031029158,9.946919360176922,-3.811127030407693
1246,1246,14.023224438328192,13.774371499301427,19.95519300922311,12.95483809965874,15.12876083032238,15.351716806973217,14.956003646519331,16.429475387261906,11.45946629049723,-3.615307181027123,13.969189178302864,14.61473101013572,20.5695288043297,14.583465297221569,23.36109933432293,-1.11250030575044,7,dessert,0.788640981436232,53.72904195624903,-2.126690842235165,12.413014361944045,-3.021240737987595
1247,1247,15.952679911362305,15.802917668233068,23.28486199969429,14.955470328462468,17.186618147627797,17.45306212747137,17.4617077580134,18.886372002537318,13.426184577153334,-4.15926074829741,15.877820040245023,16.540724180154566,24.177187304482,16.348347283657045,26.966015986590254,-1.067550266556341,99,,0.7640636679554877,61.963421422306716,-0.8389061751508926,10.189284536766012,-4.0257770603118015
1248,1248,13.250944365996592,13.135036489497107,19.461518450397243,12.063904513750066,14.356390959503871,14.572452852037138,14.42336460243147,15.892529263143908,10.876130110158524,-3.423669620339994,13.092782898035434,13.390123656114191,20.214533595476187,13.821730379634436,22.20305332990001,-0.8474350128700798,1,animal,0.802248352152075,51.38899632110757,-0.6742172739453451,14.045031477543638,-1.7356939844238948
1249,1249,11.4725978718781,11.3429185655831,16.370491886655056,10.193433365874824,11.95414378752425,12.578650707046858,11.99168141219428,13.418449400419687,9.140839848575148,-2.617460424756823,11.297718975226257,11.281341266564745,16.895785607192384,11.768955190968429,18.66752333496295,-0.4153078030751308,1,animal,0.8528724013480112,43.45044700494215,-2.9106497338026243,20.544102973840374,3.587985026227855
1250,1250,14.992540438742548,14.744178177342116,21.624216582866683,14.52609436608687,16.25872646652075,16.63176728326539,16.412517531841022,17.74061791297852,12.424619642893314,-3.773435902049248,15.27267864738421,15.61787123927979,22.245576892798635,15.29397005561812,25.477213192614624,-0.8929507005900725,23,tool,0.6925981688016349,58.193570455993694,-1.6729371229562133,10.544804039405852,-4.2284268555287845
1251,1251,16.84924971216707,16.874119134831176,24.587771995116736,16.155233890394594,18.099951316288404,18.63788923713358,18.695348317368925,20.053377527437146,13.864661368459329,-4.1064940047057386,17.02738969594567,17.678120366177296,25.210700278190316,16.879975915955374,28.40708458628731,-1.002356856439871,99,,0.7101076496453695,65.63486766908353,-2.3214049566353196,11.06209192061805,-2.6093703161681496
1252,1252,15.44400490544766,15.1421020862161,22.26813563497985,15.024832614198486,16.855030442646438,16.788834740194893,16.829233121506704,18.14543728868504,13.035724369406651,-4.050441748538574,15.54366900680074,15.926352010832147,23.03909201524958,15.721720232767456,26.40832470570893,-0.94837823152728,99,,0.7352156639976332,59.835134256635996,0.5240756930632813,10.125493765958602,-4.404684944107354
1253,1253,17.39531704391052,17.332204857174666,24.929289765736595,15.991188640136498,18.74510686731892,18.83719987962801,18.659952283955096,20.402243741938054,14.339672677908284,-4.536661308489904,17.20000330981298,18.27557241893158,25.73060365060669,17.91761312417375,29.00593550970723,-1.4148986493348683,10,food,0.8029696994211941,66.85030004416002,8.223411792882217,8.962090651153318,-4.529413003330516
1254,1254,15.51097607293078,15.350818581809609,22.00154587405561,13.95402809910356,16.50295234466171,16.83694131956249,16.364338165696413,18.029941587675,12.51189948267858,-3.9196817576599545,15.206365471296367,15.983400070311587,22.7124670097086,16.051301976040463,25.523632846642748,-1.2437399602924686,8,drink,0.7784589522333628,58.97619551410189,-1.1074274005228442,10.307151934273005,-4.350202422550991
1255,1255,13.723430354175033,13.391507099691797,19.64509618150184,13.209823681119245,14.876752077584426,15.009195191976744,14.812463911212747,16.132736811978088,11.199168166013065,-3.476778870820128,13.78748408411692,13.747398961710047,20.30361366776596,13.980805799787774,23.29592478756846,-0.6861090207633642,19,office supply,0.8066298149555073,52.75598551906056,5.096629769730457,12.881097218126262,-2.6972299507476
1256,1256,19.13266123329033,18.968519969719832,27.20238206746566,17.593879701559885,20.377259814145496,20.63100390328397,20.287558987216528,22.250613595468263,15.737968039123372,-4.8100195262166405,18.91245800752444,19.76338884155468,28.02532793552515,19.498682238806587,31.71565805028493,-1.2832214883114283,22,sports equipment,0.8263322791263726,72.98928073051295,-1.5386160046262463,13.241987670080244,0.6594299049373546
1257,1257,17.164824471042166,17.349097421342364,24.354918874481964,14.697290891861368,17.755933659670013,18.42989266246009,17.665515192866838,20.01157039677001,14.19881486744919,-3.996611532778464,16.893114489594332,17.975964483627106,24.96995195650781,17.55941666727489,27.423003959884504,-0.8524104683231544,24,toy,0.781972620378192,64.97578532206984,-0.059161463270502423,9.985309469338087,-3.783737402530452
1258,1258,11.651211025175034,11.582268171506591,16.663550916239483,10.222271784620462,12.167044549837268,12.67120933503561,12.16524883531052,13.641081923813106,9.442714905186808,-2.758176335420457,11.43217607578562,11.67151359053298,17.217389415947704,11.992143099201233,18.94069751685616,-0.5285658258582087,1,animal,0.8261954041136825,44.21387923937336,-2.85114451977926,19.85572059341507,3.01263746815005
1259,1259,19.75784782206569,19.590924831154343,27.676961014917268,17.51059002972751,20.057835792341173,21.46772101786048,20.4714165925896,22.605883171286745,15.3759036027698,-4.287182467857392,19.278022975561477,19.47654538119216,28.45731692581099,19.681593797219325,31.746122698812044,-0.7755982472581306,5,clothing accessory,0.7894967445192093,73.86265440469259,-1.9502769058825713,13.735072453037159,1.2818275904041148
1260,1260,11.60686281299632,11.4168117648954,16.88908091961956,11.155937360280577,13.25585792252822,12.37834212487828,12.677362850213056,13.960302677972187,9.991773103212104,-3.385329454591753,11.666192513822145,12.305636685337506,17.471539662902785,12.200493267175672,19.98670869832198,-1.0173524087852484,26,vehicle,0.7607480755587304,45.42449753278236,4.809986822917498,17.94688028160178,1.2830429591133061
1261,1261,9.638022264796096,9.475878463231416,13.766611105893745,9.095444755056173,10.62978448720716,10.30145882702148,10.22675172925736,11.35129890666762,8.27150520177654,-2.567325546712758,9.669045331972065,10.159839683082668,14.148032706100652,10.023149821760118,16.18985742253292,-0.6520414351428062,10,food,0.8161111546473484,37.13986834529561,2.289682544782229,26.657584054325824,8.767113186398767
1262,1262,8.721629172715517,8.515773088789592,12.437077808923334,8.285143810295496,9.67680451207174,9.2904611978898,9.21885551201143,10.26672685559272,7.573893996620311,-2.3636074954383584,8.774406836329996,9.177263441748098,12.805008069777896,9.117891018591587,14.71559588516582,-0.5673144362465968,10,food,0.8010871553301119,33.62122890618274,5.574827780927318,30.023366276610883,11.611920833643321
1263,1263,22.089477975677024,22.191927634177464,31.85865573164354,20.511309488243736,23.596560365089815,24.20798088490464,23.92458232680089,26.10318813952539,17.652486706027055,-5.2500904817194725,21.96330701620936,22.65194552760431,32.662291696245966,22.33067839207471,36.62764686335351,-1.2960184492991629,23,tool,0.7846570773400042,84.9364294549291,9.893691052237878,23.460537074738696,12.646890514438564
1264,1264,19.05314946521295,19.41547330138212,27.110383985295577,16.709912404764324,19.37101952091909,20.23584536869265,20.156043073657028,21.92416250247836,15.16432270423418,-4.372692245110853,18.29220149529312,19.521563993434786,27.82433878114682,18.592631483163927,30.62615733253486,-1.1256142260931197,99,,0.7676316549057737,71.86657814870532,-1.9731930615852278,14.43595623225244,1.6871695850159725
1265,1265,8.598777390056348,8.467465921053913,12.46169818017745,7.96796590164365,9.177796176982469,9.42952991524836,9.29080463609333,10.128176155466958,6.862559062951496,-2.1243422127315483,8.441244179446487,8.374949806596689,12.950121284026476,8.787728955750422,14.418628061698575,-0.4441689053108286,1,animal,0.8172249848978456,32.97232035424422,1.1140256652193283,30.56867837941255,12.061154647397121
1266,1266,8.305068017455946,8.18624226671281,12.063319303910008,7.702632462855726,8.84072596573937,9.122216088155293,8.990125661287285,9.790727573341211,6.65227911709162,-2.035482616384283,8.162573818544296,8.091282859829375,12.53429640096926,8.470784264091536,13.92350254486033,-0.399807669445455,1,animal,0.8188888306950053,31.88256525677991,2.064847066973627,31.652415997010273,12.983541632563227
1267,1267,14.000951694592509,13.8410441104582,20.28098512464369,12.964910637205689,15.483460213976745,15.130175743096276,15.052265066963946,16.716588742798553,11.86096154877464,-3.793870565869713,14.006176116622036,14.70129484233612,20.948882942676924,14.69703170109602,23.56687734744276,-1.055729396297145,1,animal,0.7095712909048807,54.294712409816555,1.1433427133332774,12.08209574414371,-3.268405413600945
1268,1268,17.906213425370527,17.946054620617097,26.31109982240424,17.383332287100647,19.512429635431516,19.389683826048746,20.089775100175828,21.29693693260738,15.315723416665987,-4.782650149609011,17.965913467860112,19.198700134715825,27.110167814676466,17.872518257167542,30.632626748603723,-1.3722464551430231,12,furniture,0.7936324099082074,70.24792783531008,-1.1719034224663254,11.589823774708886,-1.398622455088523
1269,1269,15.88466491848379,15.919023952653106,22.9389013895256,14.496999052702035,16.380775240908697,17.093942017993378,17.26127200432786,18.45525760524633,12.764604522128655,-3.8468229754163374,15.367850730615404,15.958137762489574,23.73816294158278,15.530483987341242,26.25075528752192,-0.8829873058128002,12,furniture,0.7641595852697995,60.60727126127609,-0.9537903018342853,9.982930326736087,-4.432924720781813
1270,1270,18.892832624499427,18.752145177613663,27.415776426549385,18.066043267937665,20.672781891518028,20.690258066755785,20.79227484627415,22.5291866407845,15.97983029043843,-5.008874225045213,19.16731004825965,20.269591983950058,28.218454708018857,19.33395125617024,32.088845423393515,-1.399023737208744,22,sports equipment,0.7731748379194421,73.73526660055349,-1.2341844292864108,13.802786789279088,1.3306807138747114
1271,1271,17.01806504388197,16.80159190626331,24.54828582030824,16.194093170771556,18.661392117565374,18.583685769712545,18.54132371605752,20.134779000184693,13.651921249562562,-4.414037596827743,16.878366051647088,17.213817439892168,25.36927806860011,17.5145091104458,28.828046694132105,-1.2164053692438563,99,,0.7552557617464551,65.65226321083074,-2.2723671031467836,11.097700647622725,-2.571185981424696
1272,1272,17.13365634102387,17.15593197012507,24.738123228538807,16.438341796505572,17.880035738224457,18.33229837019596,18.96331998526027,19.765856624294,13.98478874437706,-4.259389861752362,16.695058222326455,17.47836986896341,25.553711163381674,16.43298950924161,28.874083814716123,-1.0988895000710557,99,,0.7904342965318576,65.78050389377175,-2.2944508202306313,11.186619533451568,-2.4632796044208725
1273,1273,17.58687419367582,17.512227812716727,25.32815891895148,16.704527814917473,19.01923428219221,18.912204806102963,19.07671778557872,20.712763887626338,14.179014056459067,-4.403635439291618,17.353351156090916,17.679322563813464,26.09192773564847,17.65283571554266,29.572139489300227,-0.94601740155751,9,electronic device,0.7403355243149853,67.55588829684258,-0.22914245962263458,10.486902116429201,-2.900131174877112
1274,1274,14.15099612652619,14.08227071838978,20.135385747412045,12.92439059736262,15.155805643803811,14.968831007169076,14.936864613757654,16.400877613578412,11.760149296345087,-3.687121061323835,13.794501603568678,14.581272334621447,20.83312006812852,14.422628185324992,23.483637678236622,-1.017435269977907,10,food,0.7975370022930999,53.904678565426956,-1.5455748385465036,12.81515316579679,-2.5930969372002703
1275,1275,18.481934206615502,18.288996577560308,26.96664487874614,17.002517423145562,20.333805464989265,19.98252508620942,19.97194767046617,22.120443586101857,16.06833855024433,-5.105252106168006,18.53281618200992,19.718366543549656,27.951417110552068,19.398036206173035,31.16929724740936,-1.4077754299474878,26,vehicle,0.7939746420079332,72.04948695432904,5.00269763265068,12.45449762982245,-0.2672072891125197
1276,1276,18.38219942171272,18.313508519621696,26.052494018518743,16.82071142572695,18.87490421307152,19.550121534975656,19.418516475816453,20.98055595941118,15.008326990873869,-4.315038135606036,17.836540734887635,18.48110622559472,26.87895468117497,18.01014948257728,30.12092965258946,-0.8549531254481266,99,,0.7445218737901667,69.40267653009715,-2.6048895284771145,12.801876366968962,-0.3117189288682347
1277,1277,12.8958854708709,12.634585304849336,18.7316637939628,12.91468938731741,14.266790899154431,14.126027105490875,14.264255303854236,15.32877357276647,11.106340882300804,-3.4087955696699237,13.247911005564024,13.55764462454185,19.298090510235024,13.104184454809849,22.3211219240748,-0.7149077322938912,99,,0.7769316945849977,50.51565249975317,8.555978231716988,12.7539514081395,-3.1560825362876823
1278,1278,21.04336589034861,20.68420671770512,29.94920873438972,19.278312846012174,21.892746710841905,22.91786889227532,22.389085612935386,24.26030624279329,16.99847712538688,-5.1425312786653485,20.61125734335872,21.013833894440072,31.101448307370223,21.208233196621983,34.89724097647581,-1.1988676855718674,99,,0.7117785106901672,79.89193874099142,2.9727703817389806,21.010631101817363,9.450090336678773
1279,1279,19.309311160894836,19.17770473095144,27.210569975631422,16.76198767178091,19.622534061473058,20.54898421037855,19.704991198381794,22.130569084751627,16.168445833470876,-4.459367917874812,18.861803368749065,19.554115952882945,28.124454547817404,19.438362585690587,30.99925522835613,-0.604202596382892,4,clothing,0.7645179099580872,72.51060053611509,0.7711490775748935,13.001790533986522,0.34835872358493347
1280,1280,13.05233526239508,13.034521027821793,18.75401577176336,12.1478201068835,14.056719839498555,13.863167372442716,14.020851631132976,15.230135929808004,11.059852028241044,-3.4280709079880984,12.83127163874003,13.756833599867852,19.366028956046524,13.243448783098945,21.81296567150404,-0.9701564497901388,10,food,0.8184348006880624,50.208286322214086,-2.810710150109526,15.43061279728271,-0.5249302044082711
1281,1281,20.98184206007706,21.047433616633427,30.313259096534555,19.86002879683057,22.329286405681145,22.500520230567805,23.02744386067479,24.481472630090696,17.64897827424671,-5.465827169279764,20.74845007680816,22.243840473362788,31.284886236684574,20.764047340959078,35.3659181577781,-1.5817265640403124,23,tool,0.7911366846944768,81.09509924205346,6.224089309725846,19.775318833165596,8.392919659853291
1282,1282,9.909050744647235,9.758345724037596,14.27275808615758,9.1460779116687,10.534198927919768,10.944467411398762,10.6111301839793,11.669888073696027,7.910851136453276,-2.3593959329353997,9.828543255229755,9.765704713378916,14.746604091831232,10.17153532418928,16.473644177465136,-0.4598544559166007,1,animal,0.8160949920349484,37.919519328042064,-1.908376386434174,25.69688298768458,7.921848312196339
1283,1283,17.65782659085809,17.444337187939507,25.64332317127345,16.72777450954117,18.9494952342435,18.832765311963755,19.251471093036997,20.754847806375075,15.467010605582038,-4.768634562654325,17.606946735087252,18.615567072651807,26.610187858320675,17.70067167553606,29.96437670469369,-1.0572013688279505,99,,0.8039954335886622,68.52193641511283,-2.5423936806774297,12.369346927446562,-0.8746519562162636
1284,1284,12.241548311255116,12.26101818770758,17.373633644022533,11.047111424097888,13.136787976608272,12.989901390573609,12.900650907787202,14.183632491883902,10.031317109791102,-3.1850229311897245,11.897138147868008,12.767730729446644,17.91752292880818,12.563731995164428,20.18824803685609,-1.060912003926897,10,food,0.82084238071472,46.57629242308481,-2.699941897093084,18.30608128158003,1.8127802882303108
1285,1285,7.666620726866685,7.531643220198579,11.122135594325696,7.065746069613352,8.199836923201024,8.5358832658778,8.291295720876587,9.092432571195395,5.991558666513723,-1.8504165167611344,7.562834670564345,7.422434737355741,11.53037644260912,7.927213646513801,12.805551497200346,-0.3970996602306216,1,animal,0.803736152059323,29.41440696811686,4.466980714009495,34.11866769128626,15.08435442983955
1286,1286,10.945607439302895,10.556647066140393,15.689657026705923,11.027808343303022,12.267125396598562,12.18926806090361,12.00074231578744,13.0097033711596,9.103426233051954,-2.912415280495245,11.3401080635282,11.30136916137602,16.171502676851084,11.37269268251185,19.03950780536541,-0.6834504745166808,23,tool,0.779475867951587,42.667890267118565,11.36587980078446,19.909630645735746,2.837646275607508
1287,1287,20.60333008723505,20.80865670433409,29.280021490045137,18.021380251132065,21.727795569163508,22.34121945279105,21.538348860776903,24.148063399437184,16.73919676210188,-4.969353194307968,20.361776852925814,21.76389367781333,29.99194251924275,21.261991312776946,33.329470891240355,-1.4304480728219109,24,toy,0.8041919968409655,78.42528070575138,-0.5900649456857074,17.406663030324577,5.628966867521381
1288,1288,12.341244819766947,12.043265052024708,17.84167138302372,11.590074715546749,13.336685037947223,13.472506989993112,13.209567088574948,14.58833108272458,10.30322027245848,-3.1036434877328007,12.338856039363549,12.278878894130196,18.505527831249857,12.746729733944012,20.780374736461543,-0.512938974796347,1,animal,0.8522403455245203,47.51790243436509,-2.2581503916966543,17.01215442107685,0.6582694957753823
1289,1289,9.860386369403866,9.741404318220088,14.134764494456268,9.271032863077496,10.859823305375505,10.44387836631576,10.498556687321,11.60573872989874,8.530387697943723,-2.6660379178270723,9.821337463984866,10.445040162477095,14.54815536931306,10.199494596079356,16.562394963663234,-0.6979496748364854,10,food,0.8255144569744737,38.037752921647886,1.5441745856551652,25.824352484615286,8.066823636947763
1290,1290,19.61054410790125,19.415628717460624,27.7927642368594,18.021306876867992,20.52795084106152,21.38274911314349,20.65393500574393,22.764249061543136,16.060006083629585,-4.598634072799731,19.583802284594952,20.03946793224597,28.575604684306107,19.82505291917577,32.27791407754644,-0.8590233575900345,23,tool,0.8205272691472949,74.58486519964592,0.9890550216760001,14.198659270739292,1.8523459276612435
1291,1291,15.640312800662976,15.316395817826798,22.20774939426146,14.664348359413005,16.586023508564963,16.882592794849906,16.56048423946545,18.12807824401761,13.011443172769784,-3.908280635947898,15.570824363608276,15.800520783406292,22.98160556657801,15.816897134660053,26.17317791962834,-0.7204601389058556,27,weapon,0.8045783081233444,59.626060740754646,-2.320817959102472,10.094755675479975,-4.466378745727548
1292,1292,10.276923573806725,10.008289179791818,14.632472937047805,9.645889791332158,11.173218015115696,10.844792656225245,10.806135843320076,11.983061670092937,8.929710398765097,-2.7579456071975263,10.204344040760098,10.589261447214293,15.138015607889956,10.575476408058975,17.258551716550734,-0.5575733035790291,10,food,0.8413940364167253,39.35119738475532,0.5591466784020742,24.61443956192411,7.051381100565685
1293,1293,20.433217428736157,20.330148431361323,29.0436447374428,18.263568178528438,21.526693020325744,21.874058741101077,21.11934840490996,23.88171845346689,17.222565455075962,-4.839398141988326,20.318232961491084,20.994507011889784,29.844276151616903,20.917115603319505,33.23938019855497,-0.6876363158213988,20,part of car,0.6884963444414663,77.65614021512779,7.384647725833396,16.569556949957658,4.677980792576189
1294,1294,18.204393556747306,17.973239482652748,26.189279361026674,16.80979310476388,19.442602736029887,19.501184016293493,19.38663369306513,21.408756242451805,15.395759521169436,-4.598646862547589,18.08697784696982,18.619537993671614,27.062827517638706,18.4683079658196,30.30784084949294,-0.818616301691012,12,furniture,0.7618304791269909,69.85536292307799,-1.439125818148769,11.338173651831891,-1.7083962765896352
1295,1295,15.363112255196452,15.274047403246724,22.190457599555067,14.540436769316091,16.91522662022373,17.097227704056237,16.79083986931153,18.417790156743248,12.019965242231429,-3.8254558454715375,15.445389448684445,15.717740635985944,22.755455245946965,15.9634347819033,25.839856781787653,-1.0724790125448782,99,,0.7720378279187652,59.458234778179765,0.8388250296340498,10.195720297430999,-4.390262665676362
1296,1296,18.836770018702524,18.786594434561376,27.198178782609357,17.784238470640435,20.67093521282385,20.915339682005584,20.52033481004081,22.57839216044344,14.922841947131936,-4.630110878511453,19.015117086796128,19.4445135511468,27.83261660614852,19.501299730561957,31.57613707900172,-1.2263341351533266,9,electronic device,0.7330505849520613,72.92348389131925,3.4044153585030994,13.074520338348243,0.48222060306857095
1297,1297,19.55725086570338,19.46250202913211,27.99316239048102,18.10667659784636,20.907662604969996,21.60482892947621,21.001673387862965,23.07388513922014,15.940717862097785,-4.800578634273096,19.69989252330729,20.486411482055097,28.7232029102149,20.078882421159605,32.51001982155999,-1.2514450388539005,18,musical instrument,0.7597018405001211,75.23344084465771,1.250536811161452,14.683881054873716,2.433596710187963
1298,1298,21.159818806879464,21.268625976290288,30.243743878783683,19.211055374330208,22.20575365235805,22.677033475327896,22.584717613218217,24.596379511494813,17.22665539949483,-5.150642625102747,20.69147548005584,21.874662695866,31.0899890528276,21.14416896560679,34.73773115163305,-1.369565475192094,99,,0.798105234009782,80.63961801200492,3.6043034253268367,21.708061245868624,10.258222897736152
1299,1299,17.595448090692855,17.788583175803257,25.480253456590777,16.140638264105387,18.993954881460844,18.95660109847428,19.191204023441934,20.82337416253729,14.044923992666162,-4.523377619276848,17.16668054843225,18.23616902911106,26.2312616709086,17.83778885715396,29.281049321497484,-1.451376072508377,99,,0.7260128690616497,67.756091837796,-2.6294037484160713,11.956312776855668,-1.4010781039466274
1300,1300,17.12222190480358,16.694672043860162,24.131259743388043,15.757470743419653,17.595308789548678,18.18576817657598,18.062840339113503,19.43697621824512,13.80085984377426,-4.202310631409166,16.488153427995655,16.627779138043202,25.124248210371874,16.815500829821616,28.34283184642739,-0.8066882986298338,9,electronic device,0.8193330865426502,64.30062734977034,-1.7823953330193723,9.909428190219055,-3.9595834958313603
1301,1301,11.038884258857152,10.844552177895451,15.941800177880536,10.25018511952742,11.82041871711684,12.099090613253155,11.870696172570971,13.002895369375455,8.989424586195302,-2.7473425634106565,10.93555590767662,10.993865378011192,16.514474583320375,11.339500096325608,18.48028661258221,-0.5901302037202085,1,animal,0.7325105511194564,42.38283318413479,-2.9155810234356734,21.486094098475075,4.371903786180965
1302,1302,16.160466874354317,15.929076258902787,23.21552113026261,15.24933097215001,17.42991810750845,17.416937365682035,17.273441855481007,19.031502925667645,13.079701392432334,-3.943038303550366,15.973947558400765,15.852752929349144,23.935915624646025,16.394543068635173,27.036592388734174,-0.5806034829030133,9,electronic device,0.798864391645433,61.807372525387045,-2.4901397816511226,9.933421584716793,-4.304744825788212
1303,1303,20.521567511714903,20.466605419146838,29.185504686866903,18.009526605315344,21.51073828116805,21.979045416020977,21.3709150853924,23.886153508661145,17.08377542214882,-5.089102356279055,20.12558706145976,21.27032004958228,30.133320162703093,21.038653073322312,33.3950601379113,-1.228836760367131,99,,0.8173635895555024,77.9258951940723,1.405027626269641,19.22622409732975,7.37458823162992
1304,1304,12.563715338708429,12.10142816622705,17.852308287201573,12.85377636668386,14.213006522958947,14.051475977804335,13.783870900796,14.780003007977951,10.387514665106112,-3.39280674926673,13.030601963478562,13.193581342336314,18.331298604749744,13.17244908312528,21.949085298370665,-1.0955539773326213,27,weapon,0.8568289237390204,48.94311377101187,3.447275687431393,15.3724787516533,-0.7703874309492384
1305,1305,16.883896647044132,16.818704492182665,24.66204617674459,16.185274249852974,18.40920794299025,18.5021001654066,18.686064554211605,20.162265585400263,14.189757776465129,-4.366618849188956,17.05559213413826,17.852018137009924,25.380113688788715,17.139305834166915,28.660430834870933,-1.1308396201000743,99,,0.77997013969769,65.9483248613984,-2.399723796624028,11.160527379074734,-2.4645239564567447
1306,1306,8.60525257087172,8.45381248039473,12.512021730040688,7.962294474409808,9.169996527572778,9.50893807187602,9.313319241282544,10.17967878247305,6.912363431223134,-2.113408392216335,8.501655744946126,8.4086180694731,13.000713552166548,8.831446274167424,14.42786653695495,-0.4081703999699014,1,animal,0.8554656556180947,33.084550437540756,1.0213504903043642,30.457909936807017,11.967003144652555
1307,1307,17.698322182370248,17.514261557319394,25.430925291838992,16.627961880317628,19.13649819051512,18.99133311591644,19.03789649688685,20.691063789386888,14.97252838776228,-4.688899955463422,17.5504917175619,18.449173023763557,26.32724274537784,18.06743658856991,29.836579828707368,-1.2628339730155014,10,food,0.7880571970660407,68.178565606921,9.463814242116044,9.268257185973145,-4.026581649885568
1308,1308,22.208860408941263,22.59490940340016,31.56577626212397,19.659470494871503,22.864303697328587,23.61476462999596,23.552572821570685,25.56560932807687,17.754481032373914,-5.258907062675814,21.38412439569615,23.01987765508692,32.42392674348664,21.898859535101167,35.934755830755265,-1.5693307194559942,99,,0.7900271002710028,84.00475135860749,6.728696518080852,25.015815550935447,14.064223455520164
1309,1309,11.942740324144395,11.835276557390625,17.0720505597124,11.18954314175915,12.780856639064751,12.640204129247117,12.80477687394498,13.84926920878512,10.063022064927146,-3.129556129172644,11.701572509397744,12.395803357691026,17.652344116129957,11.999863013526468,19.99131975766177,-0.8215905550502997,10,food,0.8286313620970458,45.73291764643023,-2.5542746862648054,18.99945550006735,2.3812832820665797
1310,1310,16.259035079846914,16.069140026218946,23.685747119342636,15.524293218676156,18.11685625716657,17.50321927765154,17.805629540977595,19.475879759880407,14.235253205724698,-4.572213969119011,16.491621265052622,17.608678410154713,24.45652844896229,16.83324264554533,27.79219295280336,-1.2808817685764726,26,vehicle,0.7717167461687761,63.71211632362118,-1.0736758867038425,9.880652171568101,-4.075495263131799
1311,1311,15.019458892149558,14.540557189608046,21.5469144073484,15.17614318851471,16.830552511774542,16.792552912789052,16.57725118060837,17.777543262912026,12.555851863047238,-4.040423695528125,15.547580266876826,15.83667248491498,22.166324160755117,15.637733565413754,26.1460694979795,-1.208635632985605,27,weapon,0.8277584363886868,58.69879247223516,-2.2259376885739464,10.528476921230226,-4.169950109947667
1312,1312,16.67038535504881,16.562585523669416,24.07913262654913,15.831297315859835,18.23846836165796,18.358188706274436,18.331605553833057,19.795808373035168,13.506748817989951,-4.352073603821422,16.723197694338044,17.54363173068927,24.791288026175195,17.120200844425163,28.20401308899915,-1.4195756514494402,20,part of car,0.7357918671333076,64.68127493835064,-2.201700375903626,9.821276980062184,-3.991375502627852
1313,1313,17.398106704131845,17.529796284936463,24.797586199682797,15.971552755008071,18.790680605922613,19.511650782653945,18.646436473117134,20.679355728095995,13.429761462882947,-3.978032481011128,17.591642381683926,18.30151169054732,25.17858316742222,18.080348815992163,28.506562771906715,-1.2819643622369474,99,,0.7720713959356601,66.8107303606435,-2.3293332492022083,11.659599130701451,-1.8377632653247389
1314,1314,18.52416493525127,18.516636317930928,27.0833718695842,17.61649021017306,20.259138380119307,20.263052127461776,20.38520621888655,22.237220417579877,15.513132391394649,-4.717592885471123,18.71449464286352,19.485304433721613,27.80338468809959,18.89591443020385,31.27380735517464,-1.1033488504038511,99,,0.8151506328902813,72.29651027604896,-1.942566098322077,14.62323160860273,1.9381013010438473
1315,1315,17.365040161973738,17.22524171943978,25.344656041822127,16.67566394016817,19.1092544820452,18.6913424623046,19.111535636782207,20.628281880738417,14.947709825828335,-4.755521194567668,17.379395761741243,18.359634023244343,26.22701644400095,17.73298075740756,29.69032110339936,-1.2719719108567802,99,,0.7681021855765117,67.80128751305128,-2.56829284854593,11.985889958121403,-1.3648091890954461
1316,1316,14.443763326859155,14.222360869598337,20.964001157213023,13.997508381512542,16.19461245172403,15.437954678442932,15.850620013780777,17.157225518394224,12.346698115252025,-4.099004001785409,14.446145707883955,15.215290176213127,21.69132810716351,14.880600171427686,24.854633305825857,-1.2286802172321545,26,vehicle,0.7561816331195221,56.32475989075559,-2.2870494142019187,11.37499286982317,-3.6749366772193373
1317,1317,15.93217122184851,15.728218562207417,22.149704405212944,13.748288120959742,15.88789536714295,16.978503179834647,16.038966471959984,18.03281823052629,13.043069746745262,-3.474861980516552,15.517289993485512,15.830532227055484,22.855008309134902,15.863092591071585,25.29876039114876,-0.3537853791377217,4,clothing,0.8191010592968233,59.159963802164256,-1.3483016561392382,10.495137987821622,-4.135007384553729
1318,1318,16.711149082475263,16.967840559635274,24.04925643824945,14.927584697043937,18.22724298995293,17.78634804387953,17.80137639354946,19.82355326964719,13.72908284628524,-4.380513707364788,16.38623101113367,17.769587268675657,24.66786706681609,17.30294777520171,27.508717614578167,-1.4495158696447554,24,toy,0.8137344781096785,64.24379772975901,0.3524783093083208,9.818388120248226,-4.059037837183908
1319,1319,17.24744587539002,17.26814721630642,25.023547786954,16.2298320639549,18.323556368873977,18.908733653926152,19.107930935104893,20.216612591852357,14.07899921566282,-4.449068106007908,17.01901384017454,18.171478473368172,25.88886867585079,17.311561314856494,29.059003091687934,-1.4689851049441678,99,,0.7544438607711784,66.78668636134755,-2.5582052508709845,11.512336357956752,-1.9885860255396643
1320,1320,15.23329031533162,14.89309393399942,22.264867943235604,14.94511989326043,17.21877752156783,16.781414751016847,16.979730708538355,18.225736462004583,12.99419196922162,-4.3649037152260295,15.446715524552287,16.262807111467772,23.069123639912213,16.033332440910904,26.470690823111365,-1.5375404500928382,26,vehicle,0.7500686046005871,59.95577561288454,-2.419897072517135,10.235072331147974,-4.277244054462328
1321,1321,15.274353864450074,15.13380320913491,22.17258476216237,14.551130728116474,16.38700722617506,16.542516075612063,16.73441011000152,18.04825207292023,13.080613018014132,-3.962734455575774,15.386914260862294,16.103452466788216,22.8811952802681,15.289572984594413,25.85561118564395,-0.8716298384437655,12,furniture,0.7887351423754226,59.33041922301499,0.02994515258521524,10.181090257660305,-4.4238172516211645
1322,1322,15.497979501341913,15.531254932695374,22.57167669331948,14.52930095834257,17.068205957854996,17.00104853974917,16.936749050576292,18.623798145247896,12.712738543729628,-3.95212119165124,15.610566047274244,16.266628929601747,23.14732130960836,16.01805099991894,26.042344388233964,-1.1012684316238328,24,toy,0.7703711348209364,60.31062519470902,3.614403432335884,9.890816986456606,-4.568959884010615
1323,1323,12.873356849734051,12.62754488190031,18.327313676446348,11.897332494330238,13.920922192303085,14.110489839190189,13.759027654476045,15.104309263715356,10.491548108551337,-3.355302690105048,12.817719363963308,13.421208642862528,18.909978993770856,13.4203822045695,21.48420397478617,-1.059706181206936,10,food,0.8106287655997333,49.358939073351664,-2.8660437860433206,16.070077733452898,-0.011220785305066983
1324,1324,18.57868331383682,18.37148875927371,26.87127580683292,18.109851993705725,20.36529996930228,20.28302592843973,20.47386145084788,21.901325020775797,15.447996884592404,-4.908512337486704,18.66895929993285,19.40953635600237,27.73609240747523,18.89012301056,31.80970108869655,-1.404601737473114,99,,0.750302413921946,72.21488742429455,-1.8953795033573408,14.607693095066033,1.9104775962728162
1325,1325,18.780263602353887,18.71149699957818,27.635561717773147,17.919115630079478,21.180800567562628,20.232365162704824,20.756675648534344,22.724914935682783,16.579744377654794,-5.371900538921117,19.051090872424624,20.619074775292475,28.496540300890103,19.615114499469225,32.175734514554875,-1.6411444950275864,99,,0.8005844956724667,74.1401511267658,-0.873959380929767,16.131611304485865,3.7194529866264094
1326,1326,17.937603893846383,17.869289813097655,25.76781409857372,16.314783748143277,19.521925740498748,19.242538426641616,18.950175047997455,21.288358612065757,15.256068351738106,-4.642356295598769,17.946193048093598,18.94413219762656,26.501931474725684,18.66786510250271,29.717104877402928,-1.0901883071271277,22,sports equipment,0.7856556478022582,69.08330648983276,-1.781501899497167,11.180402516935327,-1.9804791445231658
1327,1327,20.157803072178325,20.223715232421597,28.88897139939145,17.977925453860564,21.753164796130008,21.468162321759,21.24696451537533,23.79766748549757,17.163279649041183,-5.3046759803584,19.9944011881196,21.606938113421705,29.73844075551746,20.882303772352625,33.193440968308806,-1.4850329151599286,22,sports equipment,0.819986711400868,77.45119284603082,0.951517140141994,16.753779433105365,4.831858487527047
1328,1328,18.05103426618621,17.800760716183593,25.69161127681547,16.96046174567566,19.09889912705227,19.71996669494097,19.40427775770643,20.95050553518841,14.770404808014224,-4.499022916470211,17.98841038644764,18.62458698481657,26.47679047270477,18.18995598277219,30.19377033953955,-1.1806824870581785,16,kitchen tool,0.7665868176538909,69.06086035005467,-0.8831307405059512,10.966465079991583,-2.1977399876682426
1329,1329,14.543404703338684,14.211391597008893,20.962531257834662,14.326241875129668,16.231083018543114,15.589786648091884,15.916520736203712,17.128161431281534,12.18029459439917,-4.009053593215459,14.52020616063427,14.8851291406285,21.68062409192278,14.856799286427233,25.08742213269798,-1.0962837193295023,20,part of car,0.7056277471114994,56.37576827994758,-1.7003744126291505,11.245071367609942,-3.7973058074596366
1330,1330,11.237250914066678,11.199632290787887,16.232341356949718,10.298569717400431,12.037274803437269,12.36619881564535,12.124518231177714,13.277411647120925,8.856793793386212,-2.736459462306644,11.061935790065055,11.254754790097122,16.738985632772504,11.546548183277247,18.6603456006826,-0.7323257122871494,1,animal,0.826774787754449,43.09907251257686,-2.933539062827898,20.849191573299564,3.841048637049326
1331,1331,18.79817868586169,18.876296643096246,27.275143851071206,17.66687909625506,19.76848728347494,19.999575753792445,20.439449005866347,21.90940839696749,16.09333388177175,-4.709300069048223,18.52749068138684,19.5613143598799,28.19948816594683,18.459349827874743,31.479121752461943,-0.9228818675988784,99,,0.8057412406997675,72.50244494888433,-1.8271684161777415,14.814603884598931,2.159964546780774
1332,1332,18.596310509896256,18.45365504591322,26.680829342985312,17.552796160639144,19.945588668358425,19.805019984534603,19.931642528444385,21.714140425614872,15.864987759741314,-4.734901118061108,18.50871728621138,19.368372334026933,27.49716998750455,18.67123687152541,31.155249975083454,-1.0105336824080562,23,tool,0.7778407432282222,71.50583887926459,-1.0305623310113603,12.226930264524302,-0.5752679330711548
1333,1333,20.13110720738518,20.22475387777983,28.810593966763825,18.66238593650083,21.78040355927755,21.9608086864178,21.4260489877593,23.844508647791063,16.562681712429153,-4.782952776036081,20.33041982931704,21.269049606229583,29.341980577144295,20.68700478929375,33.178043292007864,-1.1445447715003367,99,,0.7862794140932857,77.4647385212304,1.056156427261925,18.80507342456939,6.885158070215422
1334,1334,16.564835249634356,16.74428176959884,23.55457436940399,14.709332100738502,17.408928287130042,17.995954642447128,17.485445282024887,19.277971498779,13.044434806846091,-3.881814289322664,16.196174809815005,17.05748833485216,24.178759130845734,16.870522304889917,26.901221341517168,-1.1898939596621614,21,plant,0.7510337946681676,62.875793866135226,-1.9782323744673551,9.797294485671873,-4.282679997642996
1335,1335,18.944907213621693,18.99697106830675,27.560856808626266,17.95191239888449,20.77726739018265,20.937025072891977,20.950453548444752,22.68692618969875,15.3293679993297,-4.866364557311751,19.0518283315169,20.060246561166085,28.26299189261843,19.45991761815719,31.965940267878164,-1.5578843356176917,99,,0.7843519968138872,73.81186748544025,-1.2577634290618178,15.766543576030033,3.305779132566686
1336,1336,13.18017493496812,12.991318789929846,18.98096875945064,12.548582477591884,14.22803116150857,14.009082637626758,14.164262395461051,15.466892458154694,10.72387400915321,-3.298254422834296,12.898460939776342,12.799042000281704,19.63485052113016,13.204555094751283,22.189058723444266,-0.4651237587115702,9,electronic device,0.7520168764389463,50.4020923453719,3.7864567702710534,14.372578172549513,-1.5542696438853199
1337,1337,19.57614913174638,19.42001713402733,27.85585871901557,18.07107456158413,20.57188210245474,21.13460240487573,20.80697046120536,22.702702289163437,16.08720348363212,-4.767617738892524,19.34624633227165,20.067983313089183,28.73696599660013,19.686281479802687,32.39024582624366,-1.0425998073174918,19,office supply,0.7828880656143173,74.60183948853282,3.286857026691335,14.135448688835796,1.7916485822210149
1338,1338,18.015451705269363,18.22934275962111,25.524851473116676,15.99868588872367,18.88272740165012,20.293928906543645,19.323945439790027,21.07652198952774,13.328410838051916,-4.05759093654087,17.777370993293744,18.827447415878236,26.02651877033995,18.53609707433373,29.114760928637857,-1.706298711482192,99,,0.8050328105121073,68.5009122290877,-2.2889656520339834,12.573176415502445,-0.6739353379413142
1339,1339,19.052697881408108,18.795227256518093,27.648921411401737,18.0690819653032,20.61680639924641,20.66725185711021,20.75237759644504,22.565889810874637,16.13410206787406,-4.961080269930866,19.110722266398387,19.726168164336706,28.60034102416552,19.34882309068416,32.25812880388897,-1.0791010326605486,99,,0.6991942653097154,73.86833893102808,-1.2533930616793736,15.791798429035632,3.3393952251582473
1340,1340,16.66896982176995,16.956717401413187,23.899964425947346,15.117637994367293,16.904215379986805,17.729225182224496,17.973891392135386,19.19419754537649,13.300564655328522,-3.7692534660593457,16.056635399181797,16.877877553840964,24.552806282707813,15.893563948681328,27.12824334872263,-0.7865570599373674,13,home decor,0.7947967229386889,63.19274397955695,0.2324750433841043,9.790525169516076,-4.2425212458605355
1341,1341,16.576105295372013,16.27175684168818,23.86714751537217,15.797579961927145,17.518755874925752,18.15279476831033,18.056444881601344,19.383419540059755,13.723116044413894,-4.140343217068812,16.578417885226873,16.861629083905203,24.69577267119587,16.55569386201141,27.98819678884022,-0.8222239478839295,23,tool,0.7936604753332315,63.807762376356635,-3.0755729307865938,9.789639703052222,-4.152346246067697
1342,1342,16.611565225719435,16.677109797140204,24.172724052071565,16.133493830139372,17.870491676752827,17.782135090487706,18.439284154255805,19.42566877982112,13.981876062469317,-4.296546780656779,16.418740841469084,17.42984290042532,24.908459637153022,16.33685806794301,28.23955445149141,-1.1851206019353426,99,,0.7251829611283157,64.4931152823465,-1.921477520908227,10.751217633764234,-3.0892940253270194
1343,1343,19.493466566088365,19.204499440666464,28.034347383876927,18.30506401869752,21.13392748711142,21.083823789229005,20.82689484454934,23.025725970279687,16.708706568356053,-5.018394141905245,19.68168493314109,20.380036891177088,28.896590180996046,20.03762186680044,32.73672212808282,-1.0238935722581244,22,sports equipment,0.7927116473181448,75.27957801396657,-0.46244835456506017,14.933380517750763,2.6899273055496487
1344,1344,17.72404299738186,17.86943161636646,25.492768363025675,16.560134551545648,19.00418256971004,19.239394207982038,19.227812481814688,20.84870237946917,14.46532111661949,-4.373278844145383,17.648942837551107,18.682531859536056,26.108489105386447,17.84612428137338,29.498603791984728,-1.2599657067251473,99,,0.8037270629747195,68.29212587264442,-2.6766843725565526,12.181720263805706,-1.0963046835598824
1345,1345,18.07175405529731,18.234775861350933,25.78103015870453,16.490805844981086,18.93710297988617,19.332055300783416,19.405718632870013,20.856662772958177,14.671750286599105,-4.480500691180331,17.55569033560425,18.91689949164992,26.530208975370822,17.988043918228428,29.75072239238396,-1.446552007379314,10,food,0.8098432606420529,68.88299172252745,10.138247766567215,9.490334811432826,-3.7002057288557015
1346,1346,19.266776024130284,19.046338859016053,28.326799877215976,18.115000276443528,20.927935913693048,20.74543835956149,21.198475414335995,22.98698639158627,16.69043953386605,-5.211980201917254,19.1882202522724,20.117206323275568,29.43080413342677,19.599024052251306,32.71305567007664,-1.2124384418660628,99,,0.6846525223241796,75.20278355416738,-0.4352698327068083,16.909504468627414,4.654680963518587
1347,1347,18.172736526377346,17.888192315531327,26.90262575655491,17.159482333644476,20.110909046112347,19.634639051677247,20.12287020597813,21.894309772229576,15.856761252490791,-5.125924130642073,18.15668589239458,19.036737716205213,28.02336025977799,18.814567233792676,31.142889992638853,-1.3141099753927457,26,vehicle,0.6855126402623194,71.39871584378588,4.428671666567478,12.134054008498433,-0.6840049724626649
1348,1348,11.295022158720126,11.04873637035394,16.007064987537465,10.566469281267288,12.228978010585942,11.95713295080857,11.85590396030845,13.088636499078005,9.560337317761968,-2.9897793055288124,11.146728709661152,11.503390056266497,16.599585089549148,11.599448820424758,18.95778131243188,-0.6672858338263705,10,food,0.7193780832289725,43.0625927926579,-1.6063624265617396,21.282549134431832,4.269004960881993
1349,1349,14.440352068448686,14.335866993528072,20.65987862232581,13.427419261635183,15.537101076156636,15.661040645583329,15.477716159090376,16.934665977891605,11.780986569203126,-3.627873595701174,14.313831863799878,14.890670665054357,21.248754571968256,14.751372979868933,24.048002039768907,-0.988512594843754,10,food,0.8592781790310674,55.35575736977507,-0.7564257438219784,11.889519802011396,-3.303881585586698
1350,1350,16.88327727152891,16.542605512867876,23.884913452004582,15.627525673488222,17.933227052816324,18.37019548377535,17.837883179244322,19.564807787655184,13.74058190687752,-4.181962793104679,16.739026384875054,17.155132370388152,24.64637521598748,17.27838376002629,28.024391984538155,-1.043885773028044,6,container,0.8148595133471578,64.20029422658486,-1.4220176978545087,9.850283378241297,-4.033583767460085
1351,1351,18.70511124194767,18.75427851969244,26.97455650259957,17.189119620519538,19.14855310542701,19.99234013483292,20.37476631019881,21.525166117985137,15.44716105967688,-4.621411958369253,18.08410938048184,19.19909763020861,28.00266903118799,18.130378119949224,31.02106498443123,-1.1504331337800884,99,,0.7936224575276475,71.47925138087906,-2.1456735282975146,14.138309881980328,1.332175102955464
1352,1352,16.36549507636845,16.135535570948647,23.3406269681987,14.570790153420006,17.329240273393374,17.420780037084437,16.831250344290318,19.20281539486399,14.222468908079827,-4.036146039930811,16.333584086919554,16.8361237258261,24.110559715199937,16.907494479040004,26.757336024944493,-0.4556779257964806,4,clothing,0.7751206240363478,62.379741909753335,-2.4487073472237446,10.00214318263956,-4.151277432808479
1353,1353,19.44521225537456,19.346043670177945,27.679037853541377,17.768215595902216,20.00922145507221,20.579028660886543,20.74574069286972,22.171979612238157,15.881679941175744,-4.78357311806697,18.676085967973027,19.569689134947517,28.69327820992817,19.00835457900284,32.05915096588577,-1.1872853522501383,6,container,0.7738984158425772,73.55443951165712,-1.3080163744128823,13.749955423301827,1.251075841426056
1354,1354,19.530114207438228,19.503422173376748,28.29980701165252,17.901110327919273,20.345491870017444,20.93626276567881,21.219741458740963,22.75307201731792,16.43120397756253,-4.962630728545322,19.094371653283808,20.2438423430519,29.350924113380547,19.32114292349265,32.496051632084075,-1.204413153453017,99,,0.8131095548022012,75.0591807374613,-0.5933564488301499,16.767969019824964,4.4918834849734885
1355,1355,19.398813525009015,19.56903945802801,28.67135723663533,18.191088608146345,20.999036685583057,21.052131930776795,21.546561207602203,23.24987061237612,16.49237068498087,-5.028240342229314,19.330133362680225,20.554180978613484,29.56425525167304,19.58143241070479,32.70653846917983,-1.3047465641585496,99,,0.7810525655569617,75.9515725828196,-0.03363764316694251,17.503795000068184,5.359838224201562
1356,1356,18.85676262898111,18.766131226264783,26.72970677136461,17.050221410418203,18.83957138029683,19.912825716677386,20.05177457959945,21.300879904427266,15.2059493375549,-4.453953760693658,17.966282850212917,18.596036401761094,27.77856016527895,17.984844450708138,30.86239101986711,-0.8526544443054697,23,tool,0.7735441451904866,70.79188210599224,-1.22671461233673,11.929778284103902,-0.9781293312904484
1357,1357,10.86027479227199,10.724041503393074,15.660374030252752,10.348195458760134,11.82447294279066,11.549683555995848,11.72124678267666,12.749867846508296,9.430091139195572,-2.9022832759434047,10.822294758009267,11.45136769804489,16.15238916340267,11.03498033282769,18.34677068931176,-0.7022775043610844,10,food,0.7874460384858332,42.01129174865922,-1.0821808330606508,22.215016147378737,5.045814901226162
1358,1358,20.424735382458334,20.23204968318832,29.028019976211382,18.6265184395414,20.957778930211365,22.09670739539279,21.56652846719281,23.509035787994428,16.81035638994635,-4.771676760581859,20.135191186472948,20.598763441982904,29.980021527876787,20.253231986742847,33.556637443178744,-0.7930777664155142,6,container,0.8068716683045952,77.42903411051981,1.0903386366659777,16.741913026820615,4.816711228510426
1359,1359,13.53838912929513,13.298185796371644,20.07345612267704,12.80625128756582,15.211978192114644,14.701471730420806,14.946006572861837,16.411168484930414,11.631979110323156,-3.827166947758153,13.5189753063946,13.937874724496623,20.90019565124264,14.267705313366772,23.258466760715702,-0.990907356443374,1,animal,0.7974470456894256,53.20823171103126,0.42033347167874524,12.821434174540796,-2.689932803681925
1360,1360,15.417339870376216,15.165157474555908,22.853923632348515,15.283544746992476,17.6936168370431,16.67034338535998,17.313906061426472,18.684850619644266,13.517570944127687,-4.520901993957445,15.610559912608933,16.39330711516144,23.68733248906236,16.126862306667803,26.9894870794154,-1.3327096979344966,99,,0.6988164105542155,61.15641785577848,-0.1588459006720182,10.290548225276797,-4.043999425260992
1361,1361,17.588510110970784,17.288278540044086,25.602329231865376,16.936648206092226,19.22951732525314,19.45261358113715,19.479159885466984,20.938365341384184,14.49721782906194,-4.637722119694399,17.691007056657508,18.230123987695748,26.48565777510029,18.060300277640856,30.04081773388819,-1.287495606426402,99,,0.724115518627714,68.5206385870397,-2.610222788142006,12.331120617073717,-0.9130704247913286
1362,1362,14.892429223853608,14.706112300663987,21.08807171489045,13.512568127881067,15.754926411739536,16.051528495900783,15.71174717713704,17.21555000424215,12.115500474875333,-3.764033903373945,14.570679507580072,15.27242242747659,21.777918636234794,15.231007912289488,24.55952243175754,-1.1046924017089443,10,food,0.8039971462190243,56.52642319372346,-0.056745817308900826,11.221601130165741,-3.798469872009367
1363,1363,16.439180513791158,16.001895616259514,23.20064128866944,15.2141825536718,17.22502952325557,18.05697229883724,17.435738601772346,18.99013313078865,12.992758658636092,-3.965414249368732,16.241623260828423,16.300818608872987,24.008251561879437,16.66887241728253,27.265066963429515,-0.9135299542490836,99,,0.7037836277449153,62.240452264650706,-0.9416025479614785,10.267428789195913,-3.906615241899164
1364,1364,11.934933732939331,11.920086085813152,17.139898778280966,11.1281392211866,12.782448744239309,12.468130164216802,12.784623357924282,13.853489134076144,10.269637580707675,-3.158818414065905,11.649712808109468,12.512229544137982,17.7174792730004,11.935965905890136,19.94628116436063,-0.7982659421978175,10,food,0.8526334468691534,45.80369076525972,-2.549232027824419,18.95795423556073,2.350260782475921
1365,1365,14.840625858442795,14.606384246548744,21.238203029377097,13.72206665313756,15.911591796652036,15.92624032654708,15.731036558979046,17.337535301977002,12.62801232475408,-3.845287267511823,14.72205166670855,15.3451843400152,21.95654169865733,15.234308767331326,24.76160553375077,-0.8779911961086839,10,food,0.8728133764160778,56.88921412976932,0.16955047901972087,11.03215427876785,-3.9342014004804255
1366,1366,14.212872839063555,13.79730592929646,20.458907435662784,14.352397697119216,15.667460953049682,15.79501746323713,15.737461317053308,16.736901823046292,11.806952688980967,-3.715643689221131,14.56753243362698,14.665467181307829,21.09632534625206,14.478388511978586,24.680297457523235,-0.9350345131847684,23,tool,0.7818551268302222,55.36449323233633,0.10405853622154915,11.693569652470375,-3.4985382913508793
1367,1367,14.398563385725796,14.117969914883874,20.987846757615145,14.287983344321429,15.570249605729716,15.85976495759646,16.014245168353366,16.99289215004315,12.37058541772717,-3.728964009509562,14.681078842926238,15.051577236685077,21.68261733380153,14.425257173598585,24.82054858861444,-0.7817603171055655,23,tool,0.7284178727776288,56.29926851033516,-0.5329118831571744,11.24536740179341,-3.8083364339511743
1368,1368,15.23069492850614,15.284033303875503,22.100878095161605,14.684541641475157,17.123150429722177,17.03484293555175,16.73066108676596,18.48660053403301,12.188500407290936,-3.752374703018184,15.66911098341353,16.12131712576033,22.452269058998127,15.94264182911962,25.72105980718039,-1.07494822574101,18,musical instrument,0.848866776809018,59.55568856866191,1.00867907715691,10.228380527803953,-4.343173293596486
1369,1369,14.185190386099748,14.017037205774177,20.86133630277333,14.317639308796952,15.8112882560801,15.449020296972344,15.980926222562983,16.92075710117402,12.285279774497017,-3.857119374313743,14.442128815147324,15.044681480224618,21.501183254253185,14.315110748230143,24.716530353941444,-0.9929012919809151,99,,0.7235362330868015,55.95785977131625,3.6003690550107663,10.756693167419579,-4.347560113871587
1370,1370,17.488285433607196,17.38304482945647,25.75048688373628,17.21063315905337,19.336591043757675,18.923334494591117,19.59180893377923,20.91057308558361,15.23247826046886,-4.7691442063759455,17.69635005688291,18.705732640574045,26.56264616354968,17.655058030566494,30.168101874281877,-1.2282529605311487,99,,0.7457053358850536,68.87527691175791,-2.4865313577740906,12.580116557639716,-0.6115662480987751
1371,1371,17.953677166487655,17.627976547572516,25.67130485649273,17.03636312326743,19.418985990805496,19.733981701147865,19.44376316900864,21.085782170431347,14.311255752958598,-4.559563851866283,17.882322996814402,18.18178125537423,26.50124145747821,18.38227517371193,30.27354075933781,-1.23347038182606,99,,0.8024529942597233,68.91881410022106,-2.584831924928161,12.54875777779908,-0.636478852180133
1372,1372,13.183565173232685,13.047954138568413,18.92904501434525,12.580514245333507,14.195151321837844,13.930671234590813,14.188277679355284,15.311617147337945,11.359961090330753,-3.50211460878233,13.036080782896711,13.686326122250914,19.6242527261102,13.214602926867018,22.331562684897637,-0.7883088864800847,10,food,0.8461591818074489,50.750685607668565,-2.683768871123548,15.035660046936535,-0.8395745735941524
1373,1373,10.08852288836538,9.794486893711284,14.528571508994403,9.537844673775693,11.19474835458751,10.772351172431648,10.722607405497293,11.94268239713665,8.799434147547656,-2.7757819940304733,10.107129202837411,10.410152431015412,15.061587074819528,10.589559760745928,17.113049593959595,-0.600751108803156,1,animal,0.83348537435187,39.00307421443634,-2.136539393048764,24.64481621220549,7.030214157405048
1374,1374,15.143641426969292,14.670513569731243,21.39134542588343,14.116464554655106,15.929184301057845,16.584912190687056,15.931328710698171,17.5221331281659,12.649310252678626,-3.761433043811978,15.230384150409796,15.333158454631247,22.18401113203009,15.46588141937781,25.3211122829989,-0.6581087144223907,17,medical equipment,0.8144850146726319,57.65763445825244,7.948175006408444,10.603675469155785,-4.248906843707184
1375,1375,13.847200366029606,13.650041082217928,19.83996864322988,13.14150872371859,14.672698711193831,14.60223890395664,14.911648286632246,16.004090071320483,11.024099928739655,-3.438374469862687,13.301877513268597,13.184532549319355,20.587135861750355,13.562789907677178,23.254989676640943,-0.5624644791536325,9,electronic device,0.7414924506387922,52.52950612828994,1.8354839349117178,13.188029677443113,-2.423830340250264
1376,1376,21.51664830657484,21.556497249702456,30.72729013323855,19.454402895157724,22.56939557847381,23.09465777177715,22.66555335136081,25.06965250325467,18.10428112005712,-5.207757125732391,21.335748362915037,22.46993762657416,31.60824009735149,21.731785218542864,35.28187691070805,-1.058271963323828,13,home decor,0.8269704617088339,82.15426540995497,3.3888079982200683,20.831388350977793,9.605810771286597
1377,1377,18.52539078379508,18.49581391305589,26.24342897402159,16.517847365119962,19.266377685315724,19.709526418831786,19.082867567731224,21.503217735335248,15.53876077769388,-4.242034814145422,18.32585228611616,18.91951154568197,26.928419001715937,18.673699958728907,29.936905853662907,-0.4949175363378376,4,clothing,0.7649147787385915,70.08150615663044,-0.7487620948827285,11.63210041904493,-1.3809864324552574
1378,1378,13.499802538947856,13.431542667005608,19.415728596470377,12.37593896585645,14.678000280006929,14.340474507182243,14.478180586070604,15.9046469469197,11.28870371106801,-3.651355425805781,13.263511812699448,14.096255668430874,20.07791490176458,13.827384550964757,22.58123178167911,-1.070295787054114,26,vehicle,0.796010656358598,51.913089508565825,-0.2558996696793443,13.509625131848198,-2.193502374903291
1379,1379,16.104148946221073,15.928870400128146,22.93079234322493,15.179776489153271,17.042487871918983,17.482079381093477,17.291617906417546,18.7103865208018,13.023024181221553,-3.9178415470177694,15.98576404489621,16.31190473028002,23.638901341114167,16.095323020785436,26.903831752818792,-0.8600039923154994,19,office supply,0.7824798422278368,61.480376292290075,-1.8871913379996998,9.812956337674688,-4.473625583008449
1380,1380,10.565656838617391,10.44457707541463,15.160184065519566,9.866069084495193,11.505990214710922,11.229076795364032,11.26725460983156,12.403918700367786,9.114776332753092,-2.8215805212565463,10.50104738347062,11.170547382273432,15.61572745064063,10.857317512472708,17.69066759690134,-0.7335045264791339,10,food,0.7668558897446667,40.70780674364228,-0.3365671581973082,23.379538937455294,6.017341916000554
1381,1381,17.003792671621138,16.65340141205841,24.333653789766476,16.480233617358838,18.5734723410496,18.68321828839199,18.404648452636124,20.0507144570489,14.090855660754112,-4.33018685709035,17.289164536976127,17.587179841611228,25.03987176572443,17.42503807172251,28.890284124336997,-0.9954679118286262,16,kitchen tool,0.8083642921314954,65.70776453854974,-2.1323083718100744,10.032089883490258,-3.6285791429516863
1382,1382,17.14681369376647,16.947595540224018,25.024200487843338,16.456944397866224,19.39488803079758,18.553177822349927,18.80918611141485,20.68660984350633,14.953356767376093,-4.89689764668285,17.47070858474686,18.600048022941795,25.82294761945128,18.01462031278676,29.458442851480317,-1.437847534623088,24,toy,0.7497670033883632,67.42383699612873,-1.2891546654315702,10.518951321175498,-2.887633666592869
1383,1383,18.21413322796901,18.182478475006647,26.51146473796098,17.148574885458665,19.80899627253103,19.419371710315254,19.93273245370721,21.55359146408765,15.30600492978793,-4.874146881303072,17.922268962907737,18.92193132993771,27.396526501961773,18.393111551091312,30.76340680790597,-1.2894174050502265,22,sports equipment,0.7835502005448339,70.55859964634084,-1.829913461280527,11.861201559831164,-1.0812461760797518
1384,1384,13.317566438815286,13.014973642496129,19.52330725224028,12.34011342795524,14.436466161783018,14.635282665582876,14.457272704570578,15.90462540214128,11.198861853697444,-3.5078794827446584,13.263526414593526,13.330279893958954,20.3865745274174,13.888401717610057,22.56656063143628,-0.7065258464012381,1,animal,0.8131667113374432,51.68856332568545,-0.5104198953165557,13.83307239179494,-1.903298769140413
1385,1385,16.939387715924937,17.16562125099162,24.59982294356276,15.373452291890915,18.01253603205686,18.20529295023331,18.444683967384677,20.010312056789655,13.627548181891513,-4.251013938703986,16.469308789703113,17.474443059236012,25.32488224794202,16.98483984867332,28.00308190811733,-1.2200357065747158,99,,0.8639255561511661,65.12544799381729,-2.1497265766683737,10.922691801575084,-2.8241958101128457
1386,1386,8.498396479730406,8.305099877329575,12.093524948039738,8.064778926585637,9.318809403789722,8.918796315737987,8.98192075069289,9.890250745461511,7.392907576561941,-2.316545703777126,8.423871084025212,8.852594363129105,12.496394863556144,8.730916253996769,14.330723353432644,-0.5535032561231609,10,food,0.8188676838067083,32.60183906048634,6.564955844626098,31.01660444914541,12.454226749306375
1387,1387,14.842966989706024,14.471641291149536,21.265777845194684,14.512647395745748,16.182642261563807,16.30125974049853,16.173730202659566,17.446541148194903,12.388919398029648,-3.8695570559951946,15.076466465211174,15.37052641196701,21.949616194274967,15.137353801817806,25.395647495202383,-0.926503315204859,23,tool,0.8087281589337745,57.44536542579152,-1.2748023992455444,10.806444368905462,-4.077566787660933
1388,1388,14.020523524053017,13.866335957906266,20.14248590988214,13.11806087781026,14.741848535996333,14.868571324519614,15.0875278775678,16.291262884525683,11.228148726338784,-3.4193215986210785,13.539543905173298,13.513078892881955,20.878471883016324,13.7484109421688,23.378515610397688,-0.507765106915662,9,electronic device,0.7298589102687764,53.269926698281914,1.2030021450683783,12.768618664222073,-2.733613669681098
1389,1389,17.848095421765215,18.10847049428277,25.6404579025292,16.08896603554178,17.89361651656415,18.592837376604592,19.209447232060636,20.3390768728758,14.864886391138024,-4.290095082881429,16.989721053314565,18.24267413003045,26.562524073583692,16.831880913074613,29.181667319501948,-0.863031026318251,99,,0.7663884147517009,67.65869033178939,-2.451587891042676,12.053730200887406,-1.318082080310747
1390,1390,14.64991865058042,14.321539905463972,21.10268160418,14.590157577002534,16.009004087746625,16.29659602009926,16.228790209191057,17.275257165037164,12.182047767871284,-3.803959588384566,15.010505362367638,15.34040095314276,21.73642041953113,14.873890744748316,25.27033642612666,-1.0014028422095338,23,tool,0.8123826464570733,57.07526108479672,-1.0386307145229363,10.977942704323985,-3.9608666079235793
1391,1391,14.21545972526216,13.88659854464515,20.35480637011251,14.01197341799292,15.746717108157291,15.705768760523014,15.527202574665642,16.78577430403795,11.607453810704794,-3.7012244704603807,14.47228774655127,14.665717632944196,20.93302307996307,14.654971059745206,24.39139903750785,-1.0139934019425871,23,tool,0.7980864528425504,55.08367139832854,0.2847886311361165,11.776039295427651,-3.4576475137948233
1392,1392,17.528079466134937,17.187761538247685,25.488415578192456,16.560821519153652,19.542804691094943,18.869858026883342,18.873591791945397,20.948511123103355,15.107616787917824,-4.790588528093428,17.59928743132264,18.139394923463275,26.39645764207191,18.39617843519795,29.800251146790647,-1.1135048171559307,22,sports equipment,0.7097574224168799,68.16416626704205,-1.5333604509611423,10.838872834222858,-2.4580979876219455
1393,1393,18.02761398151808,18.30873431573128,26.401314303404718,16.634665032157212,19.111664923935564,19.316874313655934,19.96819560790092,21.21595220763536,14.895944564757771,-4.665851960051727,17.518890555544935,18.91059386128834,27.329342337573014,17.8424407909435,30.168791876271943,-1.4538132709407274,1,animal,0.7562768362083724,69.83024636354796,14.628889249482732,9.826960486146165,-3.2233282344829934
1394,1394,13.15106161963769,12.900464471274343,19.207788656887335,12.252434724354266,14.572219468365189,14.19350866359471,14.173292151393644,15.755620938142696,11.235119300399798,-3.561173970198829,13.106483594443471,13.438810589275596,19.93708775920961,13.817201161935849,22.25572107857143,-0.8111493854230593,10,food,0.7265287017632235,51.08952586741996,-2.5743106621984992,14.782493137948304,-1.0425723295943463
1395,1395,14.782629615539893,14.511608779210835,21.4151614820796,13.359659494934418,15.565272099834084,16.175864045811107,15.913385802576396,17.349876748918835,11.983538644060182,-3.721906415125475,14.438039131743563,14.614008930741411,22.344680255551907,15.107895652148065,24.608948261292845,-0.8792310980016754,1,animal,0.755854951771004,56.59648105162574,2.705543385596224,10.842016724338318,-4.167681415433449
1396,1396,13.809283274886678,13.626390005786376,20.464624492860715,12.798840978134413,15.207984700404769,15.231869318949531,15.209191153281749,16.711360321739598,11.461745161080724,-3.674603255938072,13.737511097035286,13.92402643079255,21.31686455123437,14.490918366915755,23.45465287787542,-0.9029437353638444,1,animal,0.8230134346220861,53.98841028238342,0.884768987649041,12.334044816587873,-3.0618078537044013
1397,1397,10.87581226740038,10.688513170251335,15.951597888462944,9.921675957084004,11.693558473280516,12.081596816108869,11.832646104423594,13.015505955537105,8.848217014067217,-2.75942697683732,10.777936731832868,10.816997749667811,16.614963625464178,11.346099462689468,18.24246572167816,-0.6194404396272838,1,animal,0.82791797754449,42.10313164268066,-2.890785923503322,21.767905601264356,4.612302295619049
1398,1398,15.49590716088289,15.221820436280035,23.12543778121476,15.097722054905844,17.777310389988287,16.687079529881455,17.38195367311864,18.924389537416864,13.874983710686635,-4.657863388514112,15.69898949958361,16.589326612102592,24.070814860568547,16.301781269634915,27.10111168758472,-1.2908533629109913,26,vehicle,0.7915109639733701,61.681352788915774,-1.9931470431994986,10.079934404280856,-4.176890661022663
1399,1399,16.2677049182016,16.131869192441055,23.11414953227211,15.04953970042184,17.785994907903902,17.477966539558622,17.178252005161077,19.10462165036904,13.519759544892588,-4.213989146746955,16.24814066254984,17.098852363634915,23.72447384413464,16.89455529286353,27.063706173565603,-1.210876494106702,20,part of car,0.8084851542493561,62.34815882867781,-2.630118572841816,9.769146937386715,-4.388949912306552
1400,1400,17.81228652963304,18.06723638781733,25.956991951836933,16.257477146559264,19.004090690404336,18.850984361649587,19.336373461932176,20.946512426973687,14.899894457368369,-4.580272935160278,17.287520895025608,18.525123020749145,26.855119753967333,17.82562730412158,29.60909107416811,-1.232622318866058,10,food,0.6957036188743507,68.68159976283044,9.956491451158605,9.472095122970355,-3.7482637867292112
1401,1401,14.608513256098108,14.6612361945802,21.045564969365326,13.42848365523198,15.564822426293045,15.338456950378724,15.68029534762874,16.98860173558815,12.36722876389578,-3.8443929871357687,14.178764208719018,15.200625724420064,21.805427530397463,14.627428700021026,24.3475665360754,-1.0166310785528287,10,food,0.802002022603068,56.02604256760657,-0.3462830543317601,11.541761755531994,-3.552396287546479
1402,1402,20.209916680861355,20.151768308995955,29.53537665956065,19.27138849163407,22.242883642013275,21.935990312084623,22.368463133399477,24.11426187096793,17.42474307505425,-5.57849169525708,20.372204832441497,21.9459646983442,30.474207777511975,20.71893958526459,34.4826847446613,-1.744438078911759,99,,0.8165328261482109,79.22189959871511,2.4902423301246674,20.42775849113017,8.768010812794497
1403,1403,16.521173830758126,16.374376687636257,23.480999311172777,15.17510993457906,17.07296997524824,17.441244235903522,17.580685727753853,18.91343881736585,13.099423988767898,-3.989035665688937,15.774864979684097,15.982793626458903,24.368026830317834,16.109547473157523,27.270624854717028,-0.7449020063604068,99,,0.822505011610939,62.21572769707849,-0.9001603130104137,10.312995484203137,-3.864709300233363
1404,1404,17.568929389154665,18.145462001985525,25.199101145507505,15.276960027069752,18.388719080054397,18.976298266379864,18.88659785447726,20.53534391931801,13.658181977299884,-4.240712943847588,16.90312622388508,18.69996049351385,25.781550008370427,17.724005574732466,28.33018794030912,-1.748467653841346,99,,0.8043349778168741,66.98937372217196,-2.3306623543762752,11.783190828879617,-1.6877213863404492
1405,1405,17.017941764405283,16.8112874358763,24.754900548069728,16.11076226721775,18.314845002182945,18.45138157529111,18.632680628384527,19.938205869671854,14.217589949225696,-4.461730751697697,16.74701262453997,17.377924955708988,25.72013435857529,17.274811885134014,28.84869942084137,-1.2278596881693682,99,,0.8323400400792522,65.81196155423899,-2.354665959506713,11.133629330072289,-2.5116121435019814
1406,1406,20.318952782337583,20.403316621881487,28.93138982016429,18.43529024801395,21.389977323483585,21.90526465940883,21.60116122759064,23.64493837257788,16.337465535347125,-4.898221766149458,19.940113471698464,20.945832577212315,29.70780390452412,20.44909144603386,33.32168355014417,-1.3155689978950635,99,,0.7591489004905133,77.3233498922234,0.8769767429138131,18.656419869542287,6.7155703211093005
1407,1407,17.16322244569462,17.002379787591607,24.34217172293043,15.878018300073736,18.195076639154472,18.517660762320094,18.132927427689427,19.973256768953448,13.72203181748046,-4.058596831870963,16.947796991763713,17.14553878008538,25.016670731786427,17.292498780455137,28.31198287312921,-0.7854900612197484,9,electronic device,0.7951421767746738,65.12914886928253,-1.4521069378671916,9.94515064009801,-3.801189014899231
1408,1408,12.805154163542776,12.49524417587657,18.094216318461264,12.07849020836592,13.82289623816016,14.11864743047579,13.54181765136146,14.968121260651948,10.166935182983202,-3.0688709498172524,12.862363701629942,12.79283835879857,18.59439971092013,13.2325354051533,21.354460400802928,-0.6833548342128808,6,container,0.7558553518706668,48.7735705983425,11.462449013493583,15.066821355062116,-1.1011476219190133
1409,1409,11.624726148080123,11.347087900741888,17.406157123746375,10.79120160017001,12.900223842964069,12.817828312769723,12.877785813402884,14.175654236154362,9.879147861316984,-3.22554276310332,11.569385802689924,11.61437248745427,18.25928387317027,12.315524113936307,19.939376082909185,-0.7181789159632743,1,animal,0.8066603770617213,45.72703259826059,-2.6422667440433987,18.586395825545736,1.967352259251875
1410,1410,18.27832481949494,18.033851726318197,25.29625361956572,15.701354729084343,18.173196703656213,19.73401564836864,18.58439682587548,20.52381740710496,14.448761269874328,-4.155790776112922,17.598003251724283,18.176336332151116,26.20001729256381,18.324726370009465,29.19128440596323,-0.9652164417658384,99,,0.8377174793376246,67.70967743562086,-2.4702007762196594,12.040093671149682,-1.3241693896151752
1411,1411,17.2455506511793,17.58960936504213,24.450984931662997,15.10471914321858,17.83506629509445,18.427148297328053,17.94762908370492,20.03665818310289,13.916593189038032,-3.8356889127433966,16.88189090650637,17.93217989135172,24.931936860701605,17.248109416216042,27.54329492325556,-0.8357581288259096,4,clothing,0.7883753023289629,65.19653281947973,-2.531991229877228,10.166989218927007,-3.569373476104314
1412,1412,16.184200700104324,15.868636800894985,23.32207078637112,15.872344176073346,17.757431892200806,17.591186174532407,17.640229417336723,19.089547672097723,13.822524454294552,-4.271097675124201,16.451384887395434,16.877476380202882,24.089959558464617,16.483284974296332,27.77017196033753,-0.9216906333458592,23,tool,0.8251367330363958,62.88946578823036,-3.0076674357143682,9.825455169211619,-4.252495030590616
1413,1413,16.903538904785137,16.638040683896683,24.097033157237952,16.364746177330804,18.55799355645785,18.60957853608679,18.197550638937795,19.92461984273538,13.92183379768078,-4.223985367058012,17.24647782340015,17.631248955566303,24.66881836744849,17.42912578123395,28.58200947015026,-1.0733355065311798,99,,0.8011883558839257,65.25637791330698,-2.0962039212197743,10.990206933735,-2.7372950147309485
1414,1414,10.67470566545122,10.452650069400892,15.06547366112847,9.45512329137592,10.8841443755745,11.604621533388965,11.067165457417955,12.236971715416036,8.356697459182014,-2.41279139230748,10.32885261151201,10.152839335885185,15.644209651523676,10.759317872489412,17.33429105224274,-0.3633205879451302,1,animal,0.792395697121307,39.938642297310196,-2.468626682753321,23.791537169506412,6.315456606558385
1415,1415,15.946687621582791,15.98053417780558,22.57475137368495,14.254939525704923,16.01796573741964,16.830170922945744,16.756838102486434,18.16322857941246,12.947193820047575,-3.600177023529925,15.351185354956522,15.951555140718058,23.279128263702557,15.340713022775931,25.758356405958423,-0.5609437465004801,99,,0.7506107310232709,59.88022472233501,0.5225994441856976,10.186414119037893,-4.337088434913628
1416,1416,14.9827463022962,14.75611776329282,21.60567805016956,14.252703602145676,15.891163916727397,16.110471174909552,16.368496703490916,17.428041126533152,12.29202921456684,-3.850895460600261,14.695240420509265,15.011928512146088,22.434273924043303,14.818460817147503,25.35236943696016,-0.8836001402578463,12,furniture,0.8025139850877978,57.501646666483786,1.7074991251218936,10.726488542763727,-4.149189536214076
1417,1417,14.8569508515208,14.703156098456516,21.313938250538307,14.483633561466354,16.28335911893354,16.237590929172292,16.345023015266754,17.35159696805055,12.339692513109677,-4.002499389129261,14.90731722658751,15.83105191534478,21.949283463727298,15.171405707294378,25.427589277095137,-1.4449324298363857,99,,0.8114457192969022,57.62747261272887,2.193701246520112,10.37150787057459,-4.485540246451036
1418,1418,20.44076545717419,20.43347185676139,29.69344021346494,18.718836968944096,21.953738898211935,22.486166032757836,22.29459808542129,24.24013462322295,16.508418540302586,-5.181437477705128,20.19080027922722,21.194848793615428,30.683084748117533,21.03253252309406,34.070485660233096,-1.6128765942890442,99,,0.7735865887161619,78.97715718218811,2.197179068695643,20.160614116541346,8.464629540776738
1419,1419,17.135452895169415,17.378133627364605,24.95369895997829,15.746768165672936,18.150752575239714,18.1624264289994,18.691960096640468,20.069828950824466,14.494359290590728,-4.429286474588095,16.67384974643437,18.09062232828697,25.782288165045586,17.01877640036818,28.52217556939773,-1.2344815895709949,99,,0.7851616560523329,66.16268833325516,-2.3804904290198614,11.305145621562527,-2.288166764699705
1420,1420,16.640035369738733,16.60762412916032,23.87525311746253,15.938207457365491,18.13260857424464,18.255486172078577,18.067001987708185,19.66512961612264,13.47585858075059,-4.065750165510932,16.792832380970143,17.34891366212401,24.377332164061865,16.934650648799835,27.92870795083812,-1.0956708749928832,99,,0.7663128956694427,64.2441726103774,-1.832835166467234,10.657186144273545,-3.220184307820734
1421,1421,17.434360696919335,17.37641571920658,26.086732586700943,16.831571361485732,19.61329425750093,18.988413500376915,19.67260420242854,21.27440462128088,15.268985044978852,-4.909897981702695,17.646312964805823,18.698998179969237,27.00102743696468,18.040291319544927,30.122782345430256,-1.3580121878543945,26,vehicle,0.7279449044017838,69.29587544742047,2.697963618870144,11.131601029360445,-1.9978073810695278
1422,1422,17.30440804403279,17.30386771012459,24.56886356849545,15.155611005819688,17.8151870774573,18.448346055882965,17.841414930217976,20.069911138433305,14.43762811903395,-3.977326244820262,16.994678998681955,17.63556428985725,25.278615572392635,17.42901172086344,27.840458860523675,-0.5334594045970477,4,clothing,0.7606358997560076,65.37685092766529,-2.579379598097576,10.161137243607524,-3.548527305333625
1423,1423,16.65321591313648,16.541278157554157,23.69917187335177,14.991450843609648,17.689452004095504,17.64767677067005,17.274672331597074,19.463088171638084,14.415328827421291,-4.163598693137527,16.587457308364232,17.460731457730592,24.412300847977065,17.05896627736681,27.304225057261192,-0.7065351842776817,4,clothing,0.7680353494265936,63.56130676072127,-2.6038141342362557,9.989488031867399,-3.9889884732881082
1424,1424,18.504364016262038,18.289833326418854,26.305426533736387,16.799756780313555,19.646530097015475,20.29614774020389,19.516206503001204,21.645048288682155,14.861988090926202,-4.468097459899568,18.35837410685968,18.81978233166845,27.090978802906616,19.129202852656118,30.4490686333038,-1.0924742081575831,99,,0.7683206445364252,70.45867439620632,-2.4293818094099286,13.416578721205314,0.4593359158860437
1425,1425,17.449880106737332,17.1850613237837,24.8368064857527,16.346420025601113,18.915826929591358,18.958441090149854,18.46516704577563,20.53337715923177,14.537193209134886,-4.37586753999278,17.613523660921622,18.02958400504357,25.53463382749491,18.005246132036383,29.161937114399205,-0.9079292157211462,23,tool,0.7386354922930961,66.9440651893557,-2.841204343553631,10.298278453819053,-3.179342204831526
1426,1426,18.905509712444207,19.131731686604883,26.95975079063773,16.818458761747962,19.85903952704091,20.402833036945985,20.10498199080353,22.02761119125129,15.328670878722876,-4.636645766985095,18.530347296455904,20.055776835197022,27.656698795456865,19.16223763299318,30.8023292077758,-1.5267780467046883,99,,0.8210555162446701,72.1122787996111,-1.9437622340059884,14.550358817352604,1.8379509450397453
1427,1427,18.30310172733492,17.976186703132182,25.96979559449435,16.89422203466494,18.83459260551454,19.28317906422535,19.538761919979198,20.814991305293532,15.156945469598238,-4.701027083409375,17.65537716707995,18.31046605166032,27.08801923753417,17.80451334743271,30.523690240414112,-1.0591638677150732,6,container,0.8260464975403999,69.22557868453227,-2.4907190136408603,11.310484864628645,-1.829331780804127
1428,1428,17.940723478598056,17.763361584090717,25.981506988257436,17.070619974404927,19.354291668685804,19.07218415343267,19.64805181235808,21.03104562053678,15.349539118660582,-4.875271317559845,17.74856562496783,18.804235432694192,26.932349145741224,17.90406185584448,30.481742922014632,-1.2924810926709318,6,container,0.7941107132728306,69.4541423078747,-2.3643085591294435,11.41875416297113,-1.6872210393126483
1429,1429,11.76381120170218,11.563936786999074,16.816922122383374,10.963734200100014,12.655435963706298,12.462244290069778,12.476985230419007,13.71134010997411,10.115272637744429,-3.090931901654116,11.63455766676858,12.199100940400134,17.378770139733472,11.97291748407252,19.66205033895323,-0.6908024778187127,7,dessert,0.8134888111460642,45.08151587395628,-2.7386639446562526,18.220411024738585,1.5057913680423631
1430,1430,13.9760873326839,13.86328109224288,19.829671907956296,12.325656457462632,14.64540528579488,14.789271470059282,14.260782846041652,16.283711999441945,12.236400345599804,-3.400706306026484,13.932828633604904,14.589692929439796,20.43650196356902,14.34182739653598,22.66979546485751,-0.3939614336714775,4,clothing,0.8394098586614762,53.106748047063675,2.8822664264481954,12.824056777174526,-2.7023360113433235
1431,1431,16.371708661383934,16.245615653400414,22.936466524442423,13.883702090310694,16.331910699405476,17.412207977673095,16.417073737993995,18.66523232225645,13.825831144971094,-3.672585352926848,15.996906982034243,16.53764601278571,23.71959749380481,16.47835905701909,25.973686112985813,-0.2947649330686852,3,body part,0.8260791022489832,61.11689306772886,-2.3467890368409057,10.088735105839378,-4.251664638956443
1432,1432,17.26246766429772,16.969379711807687,25.017127215381763,17.024365137375664,18.97579698953408,18.94119803493796,19.03311287909688,20.44626918854542,14.77029994522678,-4.578691876948974,17.62808338661031,18.257875989395306,25.801130101685036,17.612380175334508,29.71727961684394,-1.1241284838422982,23,tool,0.7893212777642727,67.45162205552126,-2.738902578908945,10.521442922716576,-2.88102817109932
1433,1433,15.67225739963126,15.3497118652659,22.273936832423505,14.184711016058792,16.02716994863844,16.822753990565165,16.492900531614403,17.998670540715846,12.956590877473475,-3.779718343939564,15.305880155241717,15.486842525589868,23.177826461172412,15.548416803832923,25.812541828430447,-0.5545021096827777,99,,0.7819431046225754,59.227477986728886,0.9501046593202016,10.172871193933716,-4.447277935796883
1434,1434,20.21847485396976,19.95459145275047,28.200816211649745,17.4313467031869,20.18598695482341,21.671931229533143,20.562609119882165,22.90506845232754,16.31295761366259,-4.525414074685266,19.5562528686612,20.017004459191188,29.205698927250257,20.202484635717145,32.26715116584376,-0.690396445756193,99,,0.8431142545231122,75.18917713209478,-0.38662930859895717,16.937426448357513,4.680588357759108
1435,1435,18.325423545119214,18.32731894876878,26.40379011626608,16.27971797696684,19.04034028027319,19.59036464867621,19.5353342978623,21.36658829187772,14.991910979937073,-4.503977923611014,17.734108547641096,18.49917520621188,27.3653627150812,18.32178580472778,30.027261281396328,-1.0211449224684213,99,,0.7445394932237037,69.77824031943042,-2.5108281538886628,13.055124122390819,-0.002864684366089776
1436,1436,17.118536524674838,16.702300104404593,24.15861769895512,15.565990057032105,17.704740675625224,18.76805891401062,18.014160755120546,19.6769310665168,13.67592377719399,-4.08165510687181,16.84830274312872,16.96397831889576,25.07161357908607,17.337564136821033,28.217928322083097,-0.8875154712172402,99,,0.7992778264948202,64.64718038368704,-1.9868433004483723,10.7705360222224,-3.047164546932425
1437,1437,16.389065258824985,16.003720521744004,23.31980027477662,15.466848615472822,17.24555942144221,17.50767709918848,17.515491192561427,18.870498893854855,13.204973479903456,-4.080437550919706,15.948133365247209,15.85752886085166,24.235599922277803,16.229410744786804,27.50049406318978,-0.7124574748188246,9,electronic device,0.744962357079487,62.118942659596456,-2.4337011696076694,9.931710646033425,-4.260324263624771
1438,1438,12.266127581019486,12.00017692886476,18.164562981444742,11.609073195412948,13.755009650465912,13.272178488286087,13.471382534419106,14.838399507302944,10.665796815389342,-3.466109790764415,12.258063154969213,12.594117703775389,18.932100189336055,12.929208396051967,21.064308706003523,-0.8125471673427309,1,animal,0.8401247491328321,48.15870419740517,-2.0249501213439327,16.52104577635182,0.26203883782957504
1439,1439,20.41790327389244,20.31689813387901,29.473777456343907,19.01755754071195,21.89743840914672,22.13481364271932,22.15385690705944,24.053995752749618,17.004335849984344,-5.258587483714104,20.306905047971824,21.38507898540432,30.39889335394159,20.711111422636854,34.19258733736677,-1.414428444951715,99,,0.7894276688404241,78.80012018178302,2.0329408047578763,19.980749172796106,8.258552256253624
1440,1440,19.340945383215068,19.405541137526416,27.996502122694803,18.063189946355436,19.953705844897137,20.610511867048377,21.17216433148561,22.39642920850357,16.17441639332768,-4.775300462512723,18.87505695915227,19.9148599530866,28.96505267710778,18.61900898448698,32.25090793032293,-1.0110905372684973,99,,0.7746298939605804,74.22798162660912,-1.0332337394401439,16.125577638859546,3.726423625113446
1441,1441,16.083500337767806,15.7004961273264,22.97334220519913,15.795105545024208,17.58175110325123,17.662890247003407,17.429384493268007,18.84889552814621,13.422911067562222,-4.147131184701332,16.37077762681325,16.60828109033876,23.696166892326225,16.453336054531007,27.534407314824872,-0.9623109204950804,23,tool,0.8230403086862104,62.171724023517065,-2.9169091381196495,9.861017779438788,-4.323202249179612
1442,1442,13.438517466261452,13.438292102242416,19.433533014397515,12.401914874613256,15.02683833608988,14.371977542996476,14.562211860948068,16.03867123653112,11.279612578397584,-3.8082024125066782,13.332680994996592,14.492160582062043,20.032826746805632,14.086380616869654,22.65781423348805,-1.403972698421493,99,,0.7591159251851256,52.20284528968314,6.9602199987131605,11.974200006886164,-3.6860258620177184
1443,1443,17.85586713326176,17.560930931823492,25.34798522365492,16.61951722346853,18.832361716195795,19.27478032472119,19.045337306345708,20.61437708880541,14.433369693682096,-4.4434120056634905,17.52168250405273,17.9464692095614,26.24357898621241,17.943556850949,29.753227340726,-1.0825125059582157,16,kitchen tool,0.7472218772689998,67.8651312383268,-1.5659149446991751,10.514075323248871,-2.8271710345532153
1444,1444,20.5826092819965,20.316709845111475,28.916206445120626,17.94041983999138,20.92502070465828,22.698547190963872,21.460715058319323,23.622651448080504,16.028737833751578,-4.737204249921832,20.07087594834061,20.688412428499063,29.918194779157076,20.95942272337635,33.1957944646185,-1.2831608979498104,99,,0.7859769562914622,77.27484093130172,0.9827539706336346,18.696819311864463,6.748787460231862
1445,1445,14.784916186643178,14.7758876258096,21.39084074631075,14.086478825292824,16.100798585090065,15.941880836635942,16.201868803744834,17.46164556475116,12.2935410648182,-3.873023109200068,14.721736792503751,15.550840151378312,22.01460664679571,14.931228413641508,24.99787179468102,-1.1104316221681956,99,,0.7899625234053003,57.29780958193209,2.4060341564120904,10.375077011817169,-4.530781465106889
1446,1446,16.405278886904878,16.50576950934355,23.219773945401755,14.620994352486631,16.86716149857849,17.309652534554495,17.289207695039796,18.777704303594057,12.741985029248884,-3.8788252806306462,15.55176928431824,16.06252798754822,23.976999957982528,16.083093062551743,26.67228076880847,-0.9123353455185196,99,,0.8453780250466407,61.500499169982945,-0.48486489120064036,10.251940845341498,-4.031661654506955
1447,1447,16.115971968357766,15.65183362534569,22.686904042639817,14.42633380773156,16.390398003845505,17.521867667960368,16.817755602577844,18.390686504382675,12.863233067276958,-3.821446199564047,15.672798948382564,15.619893015757066,23.65263896945815,16.16972473900337,26.41692053611902,-0.6828466757870642,99,,0.8027955293808955,60.44307775353467,0.1572940229201567,10.17942666760407,-4.260739095575438
1448,1448,20.02264108687565,19.8959585804836,28.78835402902759,18.56684211174103,21.530312316519613,21.839445934301867,21.659758646284985,23.584070916893097,16.199406746963945,-5.09178146076857,19.83525072888713,20.634400107452148,29.69330051154993,20.44178783444848,33.46177954347976,-1.4583163163433173,99,,0.727307860921893,76.97646602933196,0.6263652576689651,18.34798852425068,6.35577887593095
1449,1449,17.623595296711418,17.376525522447192,25.48793992497627,16.66616272273744,19.466851865744864,18.99074799897613,19.073571882968825,20.949492486906266,15.16304653110129,-4.853465444141676,17.737536689466705,18.686423710428,26.36818433525832,18.28857644896789,29.95825779738534,-1.293140074673178,22,sports equipment,0.7950129671007661,68.51844944135475,-1.6964859282175846,10.954000677684208,-2.2905144920895513
1450,1450,19.215053411978914,19.183072184274987,27.56052076543358,17.60623987350746,20.24570233077424,20.764613238908925,20.43801665792241,22.40110746553708,16.222453165622237,-4.723009095989753,19.09358400830448,20.066473829495767,28.41107973150871,19.465585736289764,31.782023032448347,-1.048285612013213,3,body part,0.8194693919160384,73.66982330093715,5.220499116202541,13.425649965574028,0.9438542655869568
1451,1451,20.265313907774654,20.18316186329412,29.16443834096634,19.044667845829174,21.135973021038232,22.053729839237697,22.177960731068,23.51552509942074,16.74037333425653,-5.057304588865691,20.039512202457622,21.12162065419601,30.133886340713754,19.979886031200795,33.942711700363304,-1.3517085062574008,16,kitchen tool,0.8068172735855663,77.91545077443301,7.068360708320112,16.805496971983153,4.952314691205197
1452,1452,19.959010774216857,19.82064306637408,28.98105545517292,18.704497654421885,21.959755905398904,21.76516595834767,21.727863884502558,23.81696507849901,17.045262245840725,-5.385043005536488,20.143030756740217,21.47978115317592,29.87004838817152,20.781010946898306,33.715426388066966,-1.6286695363199708,22,sports equipment,0.7965630665940799,77.81492892736587,1.1115822918780927,17.020665897180834,5.152600214035488
1453,1453,17.904941264921714,17.811967401824973,25.59376984835824,16.243069817185376,19.48849121153661,19.207136358177085,18.927016055370824,21.11468906797006,15.168258830022443,-4.763625370303316,17.845666518767676,19.104265269730668,26.36078877742433,18.682086824451225,29.720959321772444,-1.408537930607128,4,clothing,0.787118162754098,68.85208084806271,-1.3144428701687154,11.10253928192708,-2.0925779647751224
1454,1454,17.338437399490793,17.15749090027642,25.538804802938323,16.620230353460226,19.502264198156382,18.46492800580745,19.17166269608136,20.905547980584032,15.55244857315444,-5.077827057524908,17.51483420939433,18.878009272746315,26.46818351348029,17.9480748135026,29.876492185121027,-1.4157198467310572,99,,0.7923160961310834,68.41583405516181,-2.3286508393117344,12.440399364558976,-0.8193091798527838
1455,1455,17.539222509617588,17.21650039691528,25.558919271838,17.141346248367928,19.592038448704777,19.34137238996198,19.357701272777405,21.072371288565723,15.331532914524752,-4.834899542779395,18.122602474994384,19.074068512514515,26.335417218271317,18.301118195389467,30.23115148649944,-1.3096574083580297,22,sports equipment,0.7169442141648609,69.08005189449926,-1.69839680332134,11.272502499089518,-1.8888610422120635
1456,1456,17.740562761415287,17.748941808443583,24.9725173504346,15.112290065592726,17.225504228509777,18.608453103681835,18.17434226525064,19.9286023700469,14.80303275964921,-4.013791667955079,16.88700127016765,17.742472201657623,25.963391982604342,17.136409803068403,28.228484458193503,-0.4682756028262869,3,body part,0.8139458530344281,66.04175213981262,-0.626564016838179,10.293797288713682,-3.3174210760030025
1457,1457,15.892604376824432,15.950034260034949,22.720206664565698,13.93487768210007,16.657414248734437,17.00143860388918,16.443425449310933,18.65082377017229,13.487639733582975,-3.729878899960192,15.774384399706944,16.562554078797795,23.32308049274081,16.265976241297746,25.63989116524414,-0.5862224050713818,4,clothing,0.8302517942761847,60.53981179524775,-1.9908988376831056,10.17839284881711,-4.247450339644107
1458,1458,16.699316968179424,16.59319856138147,23.67165184420316,14.77890007002587,17.232421213620967,17.992163521692067,17.21228493794694,19.31667176121464,14.156436207704347,-3.911407134678508,16.571525933269115,17.202650739537283,24.400464331510022,17.010460727050646,27.08498459254657,-0.5784667317114053,3,body part,0.8530490122324408,63.282449221703644,-1.827925370015966,9.803175061332892,-4.216589473016983
1459,1459,11.49785511183748,11.362420632342872,16.483694369205857,10.452618199951804,12.04840885119722,12.574409367252532,12.2445552714678,13.387407410922984,9.09542149147505,-2.746574579792236,11.223779345877272,11.227995561798988,17.100421082504834,11.678968547684462,19.01959255021189,-0.5829102203544767,1,animal,0.8303958603289248,43.69716572299643,-2.931487760683588,20.321395752761955,3.401807316489556
1460,1460,20.721417923028568,20.574249066250523,30.320490558843776,19.71109872331019,22.49437871896969,22.35809402807418,22.8900011515327,24.64017231823633,17.98487083891016,-5.607958419489469,20.80379418314661,22.136649913578577,31.363834017355504,20.926748042277527,35.25405581953769,-1.4507788465954012,22,sports equipment,0.7440971122373562,80.98723427742436,3.845974199051244,19.895204692557602,8.496834884833387
1461,1461,15.251377873906328,14.937028099731576,21.925487521242967,15.133931277482596,16.80654430974996,16.87941763326705,16.781658829967405,17.970441255557056,12.659327705374226,-3.9801500673607983,15.57212979807522,15.952631124459735,22.550415630446555,15.612677828160953,26.250202054736157,-1.118633492517888,23,tool,0.7569110532994211,59.321301415234664,-2.1518222630368964,10.300026666751492,-4.306230837639125
1462,1462,22.81646732281758,22.636105837460924,32.77341303416747,20.794560792645356,24.284703280699432,24.33426398879561,24.260877342967703,26.687806176865923,19.27757961793257,-5.876076144051919,22.450306836229075,23.56472355585014,33.92380413459964,23.19109843358537,37.86772553631544,-1.3605429998431582,99,,0.8190540583555257,87.3986128115382,9.991280338099696,28.351180675193923,17.902088355269335
1463,1463,13.762742380106095,13.450046923108326,19.609915361410952,13.152872233688417,15.089835803426269,14.826504101034924,14.685648590818076,16.15204963227586,11.368980535233742,-3.584150543270776,13.7518952830835,13.936015985457624,20.24366515423051,14.158590177162605,23.280225737191916,-0.792889288216898,9,electronic device,0.7262828634779857,52.79376872935925,1.6007342708901984,12.966629344925801,-2.606103590077373
1464,1464,18.230499244128108,18.194713786171288,26.3758702588216,16.94806874023069,19.86273100062829,19.550426883670465,19.647391220558,21.598889026032527,15.6935235737218,-4.880645607689313,18.246661755723174,19.4735887897561,27.217475845651144,18.73829109339986,30.646567355458696,-1.287540799895345,99,,0.7983802593381437,70.70121103736429,-2.308416696390049,13.59834294478932,0.6770104467764675
1465,1465,19.08948416658094,19.09560575883612,27.04389404873656,16.635018104471303,19.78744594614408,20.25625557720802,19.84208382753801,21.99035767409424,15.82354353397783,-4.757926150675474,18.488475561002915,19.743651430704556,27.997755059283,19.358753609898702,30.9778132601497,-1.2463521166310323,24,toy,0.8650218514547784,72.14445097168837,-2.1453911040528633,12.632892371803974,-0.07475204464302543
1466,1466,18.21785398092927,17.88859360682414,25.55714969465957,16.091954163165408,18.807484201896983,19.432996422591565,18.48375032536481,20.93641372715526,15.600142017831446,-4.357749178237244,18.08242709311883,18.639655631615728,26.41069791582324,18.60423078663728,29.54093009667794,-0.53639867584437,17,medical equipment,0.8412308634966634,68.6268638139345,-1.1070741876071004,10.916963015944852,-2.3115001733232656
1467,1467,21.16046014862044,20.859559375600533,30.235265273961986,20.057540426488604,23.091404829182675,23.02480591918428,22.65577799353385,24.94070289737716,17.68428379527643,-5.410790720492158,21.374447136336133,22.15360391563529,31.056493017636168,21.827912653230676,35.55972132938936,-1.348506513537392,24,toy,0.7546835067292125,81.56105413899255,1.454411152308941,20.254285020050038,8.940875767024105
1468,1468,17.576265182648214,17.35899961403433,24.86124550490749,15.646988270109505,18.25472487826619,18.689218887894604,18.016461409754523,20.37212555700032,14.82958116772479,-4.094969735139854,17.367970890376515,17.70239497826535,25.62389741759038,17.801791731165547,28.485478242444582,-0.3780609521751534,4,clothing,0.8043098117472316,66.35961553713037,-2.361471353109441,10.329002382429625,-3.235152692284178
1469,1469,18.965381938202828,19.01012184933864,27.232406986910537,17.42352719194053,19.347308173186867,19.99943441464948,20.36984944908319,21.734380417045323,15.86107755678144,-4.598979667247363,18.315499373626224,19.19028979504768,28.2420208418516,18.257931928942305,31.34180089478679,-0.8096806862082463,99,,0.7276751062373658,72.12436745122767,-1.9256405859180141,14.585033330717874,1.8744153207218943
1470,1470,16.074745271733345,16.399609122531057,23.240136992644832,14.766652935723007,17.611232004277554,17.30359040223416,17.479509411726834,19.126474341978867,12.746827546806426,-4.0890646872932646,15.763243214661996,16.89644088132102,23.743000956536456,16.437588047380373,26.647815163102575,-1.4353331930270778,9,electronic device,0.8019691270076381,61.994591158239466,-2.300296520046695,9.931060662774078,-4.279385900506529
1471,1471,10.035497722611026,9.916551028531986,14.463456746517458,9.146640741103868,10.566184645134706,10.930947562091236,10.687967334422977,11.75285683462547,8.126130120907634,-2.4223770368945194,9.852328992386994,9.856691699308437,15.012698666279688,10.210454746792394,16.644005212458826,-0.4211920261477047,1,animal,0.8408879061318086,38.30012740382379,-2.0488224530247656,25.32782265259999,7.609141330153051
1472,1472,13.326100936238714,13.069274799778372,19.592116554225345,12.275307804729112,14.503279917569229,14.556645272143326,14.478985530282175,15.949952837275598,11.149808113944012,-3.536944603736075,13.178718593720625,13.265197838072368,20.477326321845958,13.900186955166706,22.56003054193152,-0.7448253790663987,1,animal,0.8174688177828652,51.7204154955146,-0.49197657569957265,13.828207613553776,-1.9034474714868992
1473,1473,16.91455158904447,16.56841527091234,23.756416787232023,15.472044317158076,17.342193066718853,18.530657347941617,17.932431885410015,19.26498784830546,13.074959743298717,-4.011833312021879,16.434372781030252,16.597228579712397,24.64353890633475,16.890475981287043,27.8911030964388,-1.040683320245789,9,electronic device,0.7915772467441274,63.56984127770406,-1.9946196802006444,9.914796433720579,-4.062416439160232
1474,1474,14.418756424681494,14.186626458841747,20.273343900200373,12.85175021724282,15.14072572513268,15.50380393605346,14.98147821848737,16.562390532892238,11.78482081153414,-3.637355826294693,14.071004703238028,14.773629689235408,20.978872935301062,14.846404107963894,23.6061696824396,-1.0577472797375744,8,drink,0.7949248271548991,54.42593702970383,0.7737206561404362,12.071526478880902,-3.259545381897235
1475,1475,12.098987888407205,12.14515353742296,17.437525997810916,11.257248098251717,13.124610586116113,12.84626847768935,13.056537114541694,14.221708672873309,10.23600903482346,-3.192444054494687,11.924716276734266,12.878434604778851,17.927552974637457,12.28375960780743,20.20086175983096,-0.9497259805417848,10,food,0.8208636456458757,46.68097104484386,-2.7316371602261436,18.222404156260087,1.7446020230324173
1476,1476,14.670674422755406,14.388254446421865,21.49627653833525,13.672863995565685,16.052922832702414,16.271839368227152,16.071074237918857,17.58925602896809,11.963992621744849,-3.863989444465412,14.608804889839426,14.740126387689951,22.399133737124995,15.381980798594691,24.903303772979665,-0.9891422060653275,1,animal,0.7961098435829873,57.02539209761603,3.014628138153425,10.620529654287855,-4.325663328510139
1477,1477,15.349473323948516,15.118408088130344,22.30754833509533,14.485680862484733,16.617609386426626,16.88266248192365,16.735699738027165,18.19596525640232,12.656203342772535,-3.921425291304009,15.325738832165117,15.604044939230922,23.10784392785126,15.793186311791995,25.947541929421867,-0.9394279379932754,1,animal,0.8011491042921564,59.429574189340464,4.9041213342427845,9.531006470426783,-5.059220018722202
1478,1478,19.91203722945028,19.677768280583003,28.75413154475359,17.895288939450218,21.39763455119761,21.534639654363332,21.08456366232269,23.602990623930136,17.03213132589861,-5.183258352763747,19.849923166859032,20.75715258799752,29.798334423579732,20.76409441838702,33.03447361958656,-1.1495683460289663,22,sports equipment,0.8126027175953823,76.70582723150673,0.41644083051290703,16.083263323606694,4.0509825241712285
1479,1479,18.75317836525533,18.742682361453767,26.896917620612644,16.92022972177147,19.02713987688256,20.011102873377013,20.205045821227475,21.450044795602235,15.354190720184327,-4.5766575326566965,17.989026387181305,19.054286817316022,27.97403712288529,18.238505649814304,30.83195101084758,-1.168263011322924,99,,0.7923102418316542,71.20005208547519,-2.2005498815925844,13.968636689065352,1.1211632799274494
1480,1480,18.559217651603262,18.3649324777055,26.21715124517193,16.464641452790787,18.719391225132323,19.96363016318053,19.60867099993085,21.056924089118088,14.865085271488988,-4.466975449220634,17.803863024858483,18.64681616618377,27.27273675058853,18.324968493362707,30.25209938646634,-1.2091591220607465,99,,0.8311880362185242,69.75960866679601,-2.507697278837563,13.057344543044998,-0.0034028917218211774
1481,1481,20.71795142007719,20.51275087648151,30.02221560293396,19.23125272550097,22.59238035416601,22.593843783352277,22.50241658569993,24.62942265938241,17.53384990968591,-5.5564079306166425,20.77946133715764,22.07296786505521,31.0241231411644,21.497654192762813,34.87241416144073,-1.6829852720598697,22,sports equipment,0.7415445665445666,80.46647322102703,3.311042519641357,19.38176364985399,7.9062892468028245
1482,1482,18.12643459767444,18.023238132402696,25.614199534010165,16.046612777460304,18.57514403622029,19.7089810280421,19.117100118530495,20.78890780216899,14.440186357231052,-4.32758571659628,17.62723295480519,18.54965228539182,26.483075054733018,18.229560524418773,29.47509643103449,-1.2893541752276136,99,,0.8249722954463304,68.42161239806134,-2.632272472710814,12.297125943872015,-0.9617270511751066
1483,1483,15.130715006310076,15.042716679946434,21.95780682920436,14.263846528589982,17.05706670013187,16.258843305488643,16.514769943083873,18.115806677771765,12.716263956031286,-4.295671088011665,15.08948698482644,16.15092997434984,22.65005687773612,15.878482800310652,25.753214802410877,-1.496868253926798,26,vehicle,0.7636779214041732,58.98105153625039,-2.504722547991814,10.453693036279896,-4.202942331253217
1484,1484,14.849208308202048,14.58296342624795,21.36142789523577,14.05649617765372,16.067743370994215,15.938111770624085,16.11044773393734,17.367321704841725,12.589698849816845,-4.014573003441594,14.733672259690213,15.504450493523755,22.158967787794243,15.078300783124211,25.161817563025625,-1.1321182213935617,26,vehicle,0.7777874564459931,57.3020935022053,-2.4213281712526458,10.93537799618514,-3.9698461976353308
1485,1485,20.12188848485212,19.87558367910972,28.77580728857213,18.13381563712259,21.38653787277771,21.43193757946418,21.039995063007662,23.52877128524991,17.364567316024495,-5.141278266392553,19.957107798578168,20.906479455569347,29.782462943298004,20.673067931724184,33.19706732077016,-0.9865643696310163,4,clothing,0.7909845254895672,76.94238800983148,4.282130231652346,16.16462528286921,4.167369996303588
1486,1486,16.778459073734297,16.779304189735434,23.811439399083344,14.42953857456268,17.50728395383917,17.798281931740313,17.180142625710417,19.553428101430963,14.262897977589956,-4.090070930796904,16.5001453624291,17.541130506802997,24.5312563723273,17.257825467475012,26.974741069958416,-0.7963827579450135,4,clothing,0.8149991870957555,63.56825610799965,-2.5962713951579177,10.064593550607652,-3.9128540246708923
1487,1487,17.404995776472454,17.146430206121025,24.09980675265065,14.816365788435272,17.00511274671535,18.74639630084244,17.71317140133759,19.43804857025649,13.66905120153589,-3.891061913391128,16.598702701889327,17.058991332100295,25.04677856166664,17.227132854165664,27.67684454421252,-0.8151404764504706,99,,0.8130962364194073,64.22853953757142,-1.6451507241286931,10.825943861608984,-3.053741244658479
1488,1488,16.60176337170955,16.563435300166326,24.09141245315937,15.28652156754002,18.27935385633548,18.33246352992932,18.20733571732081,19.884171553210745,13.613692595322805,-4.530936602872645,16.61801924103707,17.94201960554483,24.8505359504921,17.4649723712554,27.93278255795053,-1.7323668215239425,22,sports equipment,0.7445050587751083,64.67323218307037,-0.027452813217475835,9.92434547997571,-3.889497824077754
1489,1489,17.28688087991348,17.138454858933645,24.532860411406546,15.417927882908824,18.00145787364635,18.43066240045443,17.792619137555405,20.095278487662668,14.75051813812144,-4.055917738780755,17.174211259066624,17.69767792159212,25.25406247319217,17.54595241157174,28.06293542664091,-0.4361347991506384,4,clothing,0.8203182675262266,65.54565738992423,-2.5531303390126094,10.183882932260559,-3.5007879006544833
1490,1490,17.328863023381285,17.216286239214202,24.66124374394871,15.529686418122571,18.318151348749584,18.81240634524516,18.323592776614955,20.174483350047822,13.962682036540835,-4.28821287509253,16.97649868446958,17.801905245308458,25.436916527966986,17.797801293311426,28.41989640958555,-1.2799025584036263,8,drink,0.7856353240570485,65.90716623045915,3.378917632923881,9.96803490916503,-3.663110429640689
1491,1491,17.96016490329412,17.75463256611903,25.529431059282096,16.351789935721953,19.044069086463264,19.243744401057683,19.056142683436864,20.78539780223816,14.49887206385652,-4.592256341489702,17.42821562303844,18.16241190417802,26.42637745007309,18.263293985502724,29.73436184901556,-1.315662191806222,99,,0.8422389600451473,68.17895883247232,-2.6918607073027365,12.115018074318396,-1.179762540026564
1492,1492,17.517888364116295,17.148381539247396,24.525390596027272,15.450324314650809,17.3170538215002,18.67314003891396,18.1277599655563,19.71669089769562,14.081145287956032,-3.9963265856945154,16.80773542894364,16.960631689240454,25.530791512865623,17.035680891667468,28.306486055099843,-0.5450411188981996,12,furniture,0.8034443250503932,65.1407276009676,-2.2143250388119906,10.018855358106599,-3.725769934017288
1493,1493,19.01442065554265,18.92845145229657,27.540308065208585,18.033016320760638,20.03530327149969,20.424470280090063,20.897694419008467,22.140604872809675,15.651764338273615,-4.780010797721427,18.60588613081081,19.34830975752865,28.512154202407967,18.642654911334358,31.983974845955817,-1.1286593538926448,99,,0.8426706725487214,73.14567895194993,-1.579555757503976,15.278897168448967,2.7194959381997936
1494,1494,19.11838298464492,18.918175396039484,27.427724203814204,18.157928609635057,20.78468128718756,21.121744495459303,20.835990762653918,22.544982296131867,15.3481856420511,-4.904204364043252,19.165473564981685,19.823254949115714,28.238323108409904,19.65698215199785,32.2972178403864,-1.5178593417585604,23,tool,0.7062868777073462,73.77834294602634,0.3941128032230896,13.65455782341287,1.1888296907233862
1495,1495,17.72764617823936,18.043176466460988,25.444653251549944,15.7712025352054,19.050640435510303,19.189721920540222,18.768027448596968,21.049121472157896,14.484167256497305,-4.276383290141504,17.63760728274389,18.909315999650115,25.9417265881597,18.296689713117694,28.8293279601096,-1.2269914284206178,4,clothing,0.7947897123202002,68.05999351850272,-1.6939560142419632,10.828914924129242,-2.4834798575557784
1496,1496,16.499204241572997,16.47797850503679,23.293277356559976,14.055343616302029,16.730217666969818,17.58985638002555,16.867297726694737,18.96131829461926,13.519325485961144,-3.834871455016151,15.952283838767752,16.612636651622825,24.0934126949394,16.67469668300986,26.36200796983976,-0.6515279029420696,99,,0.8744543292854738,61.85178669429414,-0.6158873010680956,10.320256266067146,-3.9113341217528017
1497,1497,15.711373781962584,15.739801075677075,22.196873187359923,13.98773064765252,16.699731516763887,16.987346602414927,16.559067620222475,18.22158819948951,12.49654946085489,-3.957611375560064,15.32818730469594,16.455898750875193,22.82012404248912,16.20657197125616,25.678175675874137,-1.458998029298098,7,dessert,0.8186552685571256,59.62349196046752,1.0639901892686758,10.084128531559628,-4.477386226775815
1498,1498,10.628892317360942,10.358627570258834,15.08821473851193,9.93852981644035,11.537611638783687,11.462642324413755,11.213570470782493,12.417620794372285,8.930524504567247,-2.7719106613899127,10.608037816091626,10.955466865897804,15.571237153992104,11.037658103505958,17.785264696240855,-0.6735246297498393,7,dessert,0.788913585546493,40.66456860617921,-0.4360521317094772,21.874312055695132,4.505713136381811
1499,1499,12.36949569083346,12.010407123523605,17.550435927708907,11.658111586828207,13.426928959621993,13.57425427276278,13.171680149320755,14.483978037648608,10.19329131333457,-3.1957758814808663,12.43491698176692,12.76922657846654,18.10339456837849,12.887890230587226,20.77219354418045,-0.8645151982813019,10,food,0.7378406622840826,47.418715946117146,-2.7821701931874037,17.613373549495694,1.2448029368827243
1500,1500,15.773320084768226,15.65923558882294,22.478737481116383,14.229762181614737,16.732250392986927,16.973780856264987,16.652724549384644,18.35348792576722,12.81610154253394,-3.935008369085775,15.397410814181743,16.05599348966069,23.20068581064318,16.15682099014729,25.943774635870582,-1.0594104721264237,10,food,0.8076757184275425,59.974277889444856,2.3101978392093265,9.648510851873024,-4.86106606132611
1501,1501,14.4601343000602,14.150177369960154,21.19265839190259,14.212066350362123,16.46475417059617,15.706418852084978,16.062702935869893,17.33438248278241,12.412639867724415,-4.183794725649395,14.564679027398064,15.222558199925691,21.967392488108096,15.184829041918649,25.16297969859136,-1.3476032120667936,26,vehicle,0.7753685410551353,56.874474246368294,-2.367634052068518,11.187212526034589,-3.78132556054012
1502,1502,19.272670247530037,18.95592409993512,27.50454794519148,17.646103620122087,20.54654393540795,20.57576452824122,20.28107758653572,22.43911590359802,16.343193193777914,-4.92578467347467,19.045582589043324,19.7498493848853,28.469831354288925,19.704901815130835,31.985635085523064,-1.0475722620707688,4,clothing,0.8348637518234797,73.57779539000461,1.541061646640168,13.57816153425546,1.0827400557197233
1503,1503,11.621538079207385,11.495885246345004,16.579915107522858,10.897198598961838,12.525333077333409,12.236888993447478,12.368238954015393,13.507524509428746,9.940361700256792,-3.0613329795728723,11.453219070183836,12.144403928465744,17.104110578467626,11.74449507485038,19.434052119512373,-0.7546426881543179,10,food,0.8464959111203552,44.52309450392659,-2.1851857169599302,20.030225916772086,3.2329256271269813
1504,1504,11.265522108611991,11.072653231220096,16.080288714276218,10.451965150837024,12.040391207098088,11.920613246902532,11.966040253209234,13.06476079721122,9.449672632526369,-2.94065938241231,10.99737085256816,11.43845002002003,16.65010256879547,11.397364131401714,18.795884936232245,-0.6943138827345869,10,food,0.8491560511618279,42.95615257195805,-1.5530917171842233,21.3666415732169,4.33733771479287
1505,1505,13.346122411930754,13.095939475917916,19.142671652164044,12.922340247523536,14.671196162698267,14.340848936541812,14.429554521134056,15.604694984339172,11.330391815435885,-3.57112057534782,13.322441592297784,13.906065915110094,19.738487524347413,13.689258952986137,22.708580795224687,-0.9972967492978048,10,food,0.8419606972139806,51.54879779164168,-2.468529683538746,14.452668177129087,-1.3043968602217788
1506,1506,13.315123911046824,13.086193945266803,19.072409002539445,12.970542610763218,14.75675072007696,14.619946710218592,14.5211871913262,15.667775340831872,10.8349176857081,-3.509728797942492,13.409790465656046,13.795704442498415,19.63523266565528,13.764722337763352,22.76139956269464,-1.1241066935530306,20,part of car,0.7328712509051419,51.5148647813526,1.347755908622828,13.640252478965898,-2.121836726368393
1507,1507,19.752980727767703,19.70446921682756,28.329144634062697,18.81456783582189,21.359344474303875,21.764228451196253,21.63247476660836,23.10404643634497,16.053470241024417,-5.040007587756497,19.750865612809108,21.02523112869272,29.07113896675455,20.162003610640195,33.25944226902731,-1.862095274973404,99,,0.7709986488320371,76.33506832748675,0.2516068776614073,17.83253536682569,5.7453594962109555
1508,1508,17.518416251106082,17.14553196321033,24.884161225445904,16.479741488022135,18.6816637594255,19.17439675732539,18.79245642716293,20.389845616043274,14.283061052864053,-4.452019197784756,17.49335230658922,17.970623053024664,25.6967887676152,17.832412099293474,29.40170700283161,-1.172366687347589,16,kitchen tool,0.7722796096525316,67.01002713830252,-1.9179128911258614,10.267876264669987,-3.1999779774676025
1509,1509,18.471120771841697,18.402738496126474,26.879380483726692,17.884267382987595,20.698939100393435,20.299017854090177,20.42072661835957,22.15793532855261,15.028272917497558,-4.882389926463966,18.614011355235963,19.3314654787296,27.588699882998068,19.15595822456116,31.54147899756736,-1.535301215919046,99,,0.731699298750826,72.12265689024233,-1.880824190154188,14.566653318977007,1.8557820409784824
1510,1510,16.596695532904732,16.232287834093256,24.076287996252585,16.66544233368626,18.54033219616267,18.433407468330635,18.459701478550052,19.77184829620891,14.08995621542137,-4.477672220762453,17.118919793105448,17.626262013166016,24.80760649470993,17.139084606624113,28.868415129356805,-1.24121663528069,27,weapon,0.7520376054761598,65.18665014759368,-2.203893988296775,10.014233132867986,-3.7235928040996544
1511,1511,15.882584313755086,15.738901057557328,23.50303475021156,14.845004909526958,17.91009088974986,17.20781789360564,17.504826581263064,19.287386807111663,13.78945284054975,-4.57215077770464,15.92635068028913,16.93718990526584,24.40309458445168,16.82940383661038,27.16740532209414,-1.3988693380077468,26,vehicle,0.7054670191156295,62.570924122906916,-1.6596393352368874,9.895728001587322,-4.22938591350778
1512,1512,13.808602877701386,13.575228860220088,19.82525743148866,13.086974218154092,15.201418205154628,15.067403756146394,14.964581554334696,16.356875768026537,11.042618063809249,-3.633660668456448,13.721236501405976,13.98624114508154,20.48267214075782,14.298109265244042,23.376985764550135,-1.0137585474942814,20,part of car,0.7524422482588514,53.17367741577489,0.08454314347549641,12.700997129455066,-2.8154860050543444
1513,1513,11.992764621527265,11.926954183200785,17.707358369860955,11.12069660544043,12.95120635012045,13.059716993627934,13.22487302363568,14.327164677271089,9.876840283767208,-3.1167218274302866,11.766072779497868,12.005998158775496,18.44812149644212,12.239608986526468,20.271741631184376,-0.7317901975665904,1,animal,0.8217305034859592,46.604050435252184,-2.4986797927105844,17.803574447576853,1.3143833435303982
1514,1514,17.869643530178006,18.168555550318214,26.24585923830322,16.690050669728834,18.67727869636853,19.0452153850033,19.931079959809992,20.92150785397924,15.015164598071838,-4.547147294864213,17.361872003056327,18.790076492971053,27.16769977499701,17.279961051051174,29.943070628400097,-1.2414509063169636,99,,0.8383174643635283,69.29689097327515,-2.494263618756868,12.838119655666333,-0.2911383946145705
1515,1515,11.509508450671996,11.367477663281726,16.36253858408344,10.720987201113337,12.290583801301928,12.001284691795489,12.10227922070912,13.235661519762852,9.805480258725511,-3.021374814208761,11.219294008492524,11.63852542872202,17.02189347488145,11.56490410682276,19.289735997545414,-0.6088384701321645,10,food,0.803079428190173,43.788658233175525,-1.897498997039163,20.658275383673892,3.7522334537812334
1516,1516,18.067645384507298,17.712142631497677,25.96239659509444,16.892872470796405,18.8558167337299,19.73759169577564,19.32389295255017,21.04839718434357,15.634227878180493,-4.481607744736326,18.22307845560509,18.729796060429337,26.91215937485632,18.19313496257835,30.261834986882217,-0.6638722509829201,99,,0.869826206439933,69.51835194779638,-2.5059037431574644,12.89380304584584,-0.20266518919945042
1517,1517,20.50066578865357,20.559644728316005,29.605032589945885,18.52103663679981,21.466349670511768,21.990031045303315,22.06293549971895,23.902741859474947,17.123562053100493,-5.1956303302179565,19.992821989843534,21.34454030692908,30.669749425077114,20.583149282644897,33.88660333539074,-1.3845001011845737,99,,0.817010472106291,78.61990638791804,1.9129485669687512,19.844319569019653,8.095439951308188
1518,1518,17.83179747811545,17.71276977643695,25.372713347235305,16.468056717382982,18.874823806841487,19.559353741860036,19.193652269693736,20.766511636519542,13.87052672970347,-4.351204511672963,17.527925687739394,18.036833841725592,26.147001173657536,18.03412780734038,29.590985968068388,-1.2985933952713995,99,,0.7817107913241801,67.9168903250557,-2.6243106680043216,12.040757188426253,-1.2928256480973133
1519,1519,16.927813210449607,16.60467472662072,24.300264493601443,16.413435018133956,18.584580947790645,18.71955064483628,18.44347173877405,20.04549286697573,13.947439509156728,-4.34063690981322,17.236796362412065,17.65352407465179,24.97157386679505,17.448430053151817,28.788619405627127,-1.1504998550282173,16,kitchen tool,0.7994339681428767,65.61758305476924,-2.12582715987486,10.021797949447011,-3.6522234710103056
1520,1520,18.50641816344396,18.115401508375022,26.531812688502708,17.237791396650252,19.689103526221675,20.14748352938108,19.83922785269788,21.5863847457596,15.279091998212838,-4.715289974532979,18.322603801656733,18.669662566230294,27.56291612179958,18.86948924766605,31.06387906624562,-1.0824158322628823,99,,0.7886656183473809,70.88410080983478,-2.3516035541660782,13.675674943025335,0.7814213552392406
1521,1521,11.285523156393644,11.112694343823968,15.986976461022282,10.406836780751387,12.011969667278896,12.048984845459517,11.895228049486487,13.055020103575613,9.39079633039822,-2.882766561442928,11.098311192404587,11.576428315789148,16.490388757084567,11.47312315415754,18.723287442683624,-0.7263015823208636,10,food,0.8324618685598308,42.91564577153258,-1.5339811422317933,21.40148350027051,4.36618214949096
1522,1522,21.110931006040115,20.86253285117729,30.10022632545543,19.162677994511483,22.14482748327473,22.49374135562733,22.28568264073577,24.499335283725426,17.445484567019356,-5.254829533245036,20.62646749231522,21.25458882387459,31.169706722034647,21.217865750450933,34.82789845234974,-1.0234188851868498,22,sports equipment,0.7677921733956604,80.17541326268169,3.1078925867052716,19.08983939565821,7.5712702564926495
1523,1523,19.092756108143032,18.76657070492375,27.549152745634483,18.40900237257076,21.11776311935499,20.58231062537105,20.768778170109574,22.51753048241719,16.17445521711124,-5.212599018432755,19.120264542575008,19.90408350172227,28.511488518781867,19.65908838603297,32.659196096106754,-1.451251173009527,99,,0.7531264978466221,74.06742655587088,-1.0530804037142278,15.9934137342051,3.5704877167638607
1524,1524,13.821358576430868,13.723623118230025,19.846389267288096,12.987864824353917,14.861690070313056,14.623575651875148,14.815303086768166,16.114062157580303,11.83538909550849,-3.610550090679359,13.64670099678901,14.42047901191151,20.49909179533025,13.917152174210218,23.17565042142177,-0.8526938164052857,10,food,0.8475660990550384,53.134871034554514,-1.9026078613422577,13.335038122467138,-2.1871907380011226
1525,1525,19.318209421625404,19.090953883708515,27.616732523728448,18.19337638608511,20.908797552132484,21.04393649323796,20.55572838457597,22.736652668223616,16.262235336852427,-4.817069160156841,19.55504399104068,20.15879352968768,28.37489645345795,19.887200285058093,32.3300235215404,-1.014069033527864,99,,0.8012052519088168,74.38033961671229,-0.9485545985580277,16.198206678188615,3.821610997150806
1526,1526,12.281361229854046,12.072260135534622,17.557556178404123,11.587109339873043,13.41459586928278,13.037340513304526,13.059492997509867,14.342633609938002,10.421842475977083,-3.281595541757841,12.149735229370274,12.612845710556568,18.17302270135165,12.614295251606274,20.714932263555585,-0.7936073973826607,10,food,0.7832017476635481,47.1341455160359,-2.795334361757228,17.844480540286142,1.4337760400026411
1527,1527,18.13550306830256,17.864563153575865,25.85558643755106,16.472353503005362,18.698968803898627,19.602368169181563,19.213433976252936,20.95386759142769,15.07066997899824,-4.436888854008939,17.86043886167932,18.351884197067317,26.834504261767368,18.123093725503683,29.960913456303494,-0.8091361806299819,23,tool,0.8151893374775275,68.9398460815098,-2.1991580701072735,10.966737421396045,-2.215385184624827
1528,1528,14.001916268078686,13.70316703236131,20.49839887916337,13.059665495509416,15.428060934651942,15.185927753904354,15.174611854740233,16.736688281364994,11.967027865589008,-3.8192637279587296,13.930629675036505,14.27747379299116,21.343689316696004,14.684534304652097,23.778725790011748,-0.9051435508202,1,animal,0.7794539412639542,54.450445516436226,1.2083759576924074,12.012624534739867,-3.3148185659219696
1529,1529,9.294070478324478,9.189879626523146,13.490968335979328,8.613073920804956,9.856405018368552,10.2093215274358,10.088109566157256,10.93404004947265,7.400175553661231,-2.2644554535622574,9.111833438388247,9.098265727842303,13.99967192811449,9.43132349534134,15.549573881990556,-0.4869009489131851,1,animal,0.8132512997368166,35.656867131830516,-0.8228473989657417,27.91363982783329,9.80359376888742
1530,1530,20.897928090454634,20.546423266085327,29.76691615541257,18.9835773091798,22.043866616845225,22.71770970032245,22.07077197653743,24.31747566305728,17.396273227551813,-5.2746516497268265,20.72584629583081,21.48417173810288,30.83473566404539,21.44949903223596,34.62420225206751,-1.2555719658064082,24,toy,0.8565341092619655,79.7381523220149,0.12425020391478192,18.517920741560804,6.934610148578331
1531,1531,16.83085424390738,17.061032356664114,24.1412631757861,15.290860020331865,17.72044653851426,18.396945190403088,18.176188513295727,19.724648713489923,13.20109476504713,-3.951709152856416,16.549094235872417,17.450138196611253,24.71284116037805,16.88178983229184,27.581848370612807,-1.2256306652932127,13,home decor,0.7729344880325794,64.35723852601541,-0.4183528032606194,9.813118447320686,-4.047511310431258
1532,1532,16.743172662672144,16.725421999811413,24.327619885273005,15.71110054119257,17.518915182807515,18.131908601911583,18.43457838444491,19.58473038773087,14.002879339105718,-4.213337449544104,16.550569099188564,17.427301296385068,25.14940956132859,16.4409835731488,28.0940954930726,-1.0173492647290796,99,,0.8156806710282967,64.6666606235329,-2.029045087883331,10.767429321865322,-3.047386976294705
1533,1533,19.519294774281363,19.25385593100559,28.01579482610874,18.64601818217579,21.254330178992223,21.3335390510606,21.145719921144952,22.968141558765325,16.36957204844549,-5.11184083354661,19.696592440741583,20.547294815618947,28.886739109915787,20.059733585698044,33.088799188947256,-1.4034397972141486,99,,0.7761538876659978,75.5281444768196,-0.27637001287130225,17.137541028302717,4.930890907067591
1534,1534,17.21350971332408,17.404099095086053,25.28205788880529,16.253749465232573,18.2733017534432,18.7127223212954,19.16042177391732,20.316361775091263,14.493205687467713,-4.3329252958260325,17.04813320622441,18.25603252273482,26.081648939579416,17.077494941808663,28.949155136411186,-1.1899601329935754,99,,0.7268011257035648,67.078547167668,-2.5782698357191025,11.650401305193379,-1.807307767540479
1535,1535,18.125776415222568,18.291061897743944,26.17749792601489,16.418585761004813,19.31947050152068,19.253492595591982,19.46096664853097,21.315607947703047,14.747740085443468,-4.538606020011131,17.592560577567795,18.50887663918113,26.974062513839478,18.20125234295084,29.89518865553327,-1.1476155308671934,99,,0.8207665848847839,69.37386314438454,-2.5891584847667257,12.794025437424906,-0.32383600776827315
1536,1536,21.516932659842716,21.95685551810859,30.606566063648373,18.724855038470867,22.314086534826696,23.180452479367545,22.63223184880301,25.064584996561287,16.968025208078465,-4.947554162365704,20.91644897398131,22.314214913177786,31.292005458520546,21.64595739020405,34.51859498582547,-1.4200942183489411,23,tool,0.7973352175278842,81.45655869499736,6.670067763709115,20.15542440707306,8.826543415475701
1537,1537,16.07336280409446,16.146790195792146,23.10957951497235,14.78741635300232,16.88780970253382,17.163431033648784,17.439445435456204,18.636704065812516,12.87222100346474,-4.0475408033481335,15.503227928810432,16.298323174340283,23.900784348269685,15.8735047986661,26.717246667429176,-1.1688986963662809,19,office supply,0.8109806150964688,61.337950872447415,-1.8421973272358647,9.862822609735984,-4.444847013697453
1538,1538,16.16745573032001,15.842057271758266,23.107690900514143,15.678884541515806,17.50794959391194,17.529193771158162,17.445891106836385,18.908825987492303,13.30686162911599,-4.062183123111511,16.216144036624605,16.319324604345145,23.81221170351311,16.303007165511747,27.41003409122135,-0.8075368366620518,23,tool,0.7826371415161084,62.11065093777106,-2.8985221894228,9.823757801612949,-4.369504791736368
1539,1539,15.763112227559608,15.689657092698246,22.46146071396793,14.505332299237736,16.84670170695168,17.10423225352254,16.838857023661507,18.4109574411241,12.419985393490672,-3.896087270346188,15.46201095736989,15.885235979237049,23.1356677974686,16.04617514426922,26.145737138249675,-1.0800237470580567,19,office supply,0.7925910876953135,60.037893625930536,-1.1313516911214165,10.050286523565664,-4.4498713565512205
1540,1540,14.235793465768124,14.179849033401798,20.48201333512564,13.018385834595508,15.332141473755428,15.020482996657318,15.157559376999274,16.630024175528746,11.9607632715907,-3.776260346466498,13.85303077005774,14.579698997868446,21.269011717290816,14.511326484286496,23.76720490365904,-0.974268506414178,10,food,0.7859481356667098,54.53330083753395,-1.2013272621509987,12.423460916653687,-2.8917145116746603
1541,1541,17.150400419170886,17.01577471923295,25.26196164065412,15.851411562106318,18.564858453169045,18.791255161917803,18.892726561428177,20.509997151671964,14.195885848931628,-4.514429486559994,16.932877290103878,17.478504053078424,26.30254911094744,17.6607985664332,28.975661389752226,-1.1879864491410008,1,animal,0.8093589925845054,66.74140314621613,11.57008591675513,8.917431896603729,-4.5901951817521045
1542,1542,11.68256384678342,11.502883932258888,17.057398763684773,11.296327171048764,13.21607019698162,12.41128009497918,12.81752476028259,14.010192476330085,10.1929737071715,-3.377503528363277,11.732885878564476,12.382332682700843,17.660513297780238,12.11001645581602,20.139004024618878,-0.9194277594303368,26,vehicle,0.7764565727914915,45.76920430713793,4.48259592696102,17.68369940735454,1.070899842042106
1543,1543,16.151347292803738,16.269859566063307,23.619235804471653,14.985397559223724,17.767432539143893,17.512857150828953,17.455277667437304,19.440983061548984,13.93650967129503,-4.136806402357533,16.35177775833012,17.350222090752304,24.206108283310652,16.772647793242196,26.99135841991793,-0.9652882951857884,13,home decor,0.7554367246619758,63.07702549138505,0.3409927282201046,9.723367288687573,-4.326812564554126
1544,1544,11.97243691614704,11.792665847899528,17.21368480848117,11.30402400743601,13.047737431746953,12.835693511626031,12.798614693182216,14.090973014198822,10.15233677911136,-3.0908533644562857,11.923846044718388,12.340281968338632,17.736695720340943,12.303161496968166,20.092816774865423,-0.6762058251909571,10,food,0.8062635954099371,46.103481546957696,-2.6394363458453274,18.68707530135461,2.1237692820489045
1545,1545,15.745505825847609,15.518530737314707,22.77609180343142,15.336476436193482,17.553206063582614,16.833244108460235,17.188803722897656,18.598657494799543,13.460197033154085,-4.36045515051493,15.765348597550066,16.467388361416553,23.56433443834604,16.151691408930326,27.067687752001437,-1.1939061733502982,26,vehicle,0.724088526265874,61.243213732567945,-2.181169945481023,9.983845219639095,-4.337851314491877
1546,1546,15.902124837960626,15.659323425543684,23.014006263067145,15.29404064651841,17.969492737715953,17.379255605919024,17.389896902854613,19.107836716899183,13.27122055200373,-4.396804314877044,16.14110424397974,16.861690318124957,23.702453618957986,16.737763433056173,27.2174332960301,-1.368222192323869,20,part of car,0.7788181139572309,62.09845906559578,-2.638553237069927,9.831492988636745,-4.363574750006762
1547,1547,16.432938994117023,16.18652434489706,23.783192865917773,15.8165181700164,17.72790052928532,17.944425744546464,17.936002905787838,19.336473455165716,14.004624302969637,-4.279151232058724,16.581111400032686,17.106039881312984,24.648685776638235,16.67549530878782,28.02336430771416,-0.938460260375048,99,,0.7500292221328807,63.790877451244725,-1.685307365008497,10.527017134797617,-3.417468819462636
1548,1548,17.214474585758627,17.04059044136362,24.85710967713315,15.964094150804645,18.18982481025099,18.559928379806163,18.51821004610391,20.212545865006515,14.38760034603848,-4.273683480061318,17.066924096092276,17.47827425325471,25.70757606068441,17.244999789333516,28.712339685038977,-0.7405586956945195,12,furniture,0.8174812715051393,66.0997480574116,-2.378695318074274,10.045599801093044,-3.5570316086235483
1549,1549,14.770108751130667,14.625608685916507,21.2989400920712,14.113867031385722,16.214776563335977,15.876231303874734,15.998834591438415,17.51057461297678,11.962095438835297,-3.7744160736606513,14.646355674969294,14.787021253684474,21.941180432302723,15.00480657648789,24.960324098985645,-0.7833983522654568,9,electronic device,0.7419017116658811,56.8717182738075,-1.3043312135239518,11.115685737483684,-3.853260402163391
1550,1550,16.50934362101566,16.196294393202056,23.01444841406804,14.719639050285425,17.06845974436999,17.782018748957668,16.837384142764744,18.899911968020568,13.642862492330089,-3.8934553204500633,16.351580694523104,16.730829524728822,23.741816823694894,16.845698605697887,26.82067033732868,-0.6599191980201117,17,medical equipment,0.7935165266198644,61.98147368083326,3.85701893297799,9.749066180816403,-4.46332257413674
1551,1551,9.315841748815537,9.126205023378242,13.38402747257877,8.925808225381783,10.364486411060511,9.972456771044577,10.013331510783946,10.990553414846556,8.040144022541101,-2.5678064256757045,9.337135247860358,9.839736745417284,13.800400117530252,9.711234342865833,15.830412925144069,-0.7187250444611777,10,food,0.7893430937248295,36.09012908550529,3.2309072019334106,27.648812472496896,9.602915771876258
1552,1552,18.27506160249758,18.09870573460402,26.6826978796654,17.619829508132323,19.480705453882663,19.97194064937724,20.244919202145223,21.495898884514183,15.569412918257704,-4.702224049706735,18.31673107128304,19.045394962359264,27.663842471488707,18.23065640871637,31.150990259512387,-1.057280063834214,99,,0.7102639978954393,71.149897546265,-2.2414456338294064,13.885630937407235,1.0307315784942759
1553,1553,15.025496814641276,15.43907204839732,21.574198704593183,12.868395833898225,15.665959702867765,15.891912169122872,15.94274846793516,17.552393846966737,12.000422260628042,-3.713633591754213,14.334726461387408,15.714862299814436,22.170540990391142,15.088956132555229,24.176837960608104,-1.2479239404370064,99,,0.7954759664563759,57.071713327340724,2.727441607918303,10.587105428439921,-4.352229169636148
1554,1554,17.65955050861907,17.580723939469653,25.319773945961,16.04223185493787,18.92358502739641,19.162420392540987,18.451335725679577,20.962182246694837,14.90715549005035,-4.144339489835022,17.843843768850096,18.264109446407296,25.91694613919431,18.27216179819088,28.915356575650595,-0.5193577319057896,4,clothing,0.8582947393134874,67.73196010946631,-1.901649716742119,10.676735590047699,-2.684228267505725
1555,1555,17.500017324767786,17.29968078927028,25.528044941941637,16.704821034219172,19.09149152712441,19.200276879777817,19.17494831578678,20.91689693123837,15.422186507854995,-4.673631892635322,17.951526126229425,19.031321433991103,26.316577604401772,18.028063318788,29.768064595916886,-1.1058582388913938,24,toy,0.8576388851994025,68.6388374144001,-1.7020001630314772,10.895614467945256,-2.331075893636987
1556,1556,13.558121109704343,13.33335122182768,20.15052457250897,12.568951009877471,14.898700709077763,14.887473615293796,14.956271762830715,16.388491968932406,11.393185348464012,-3.6690276253563634,13.440189513786208,13.619881644957603,21.06503842734048,14.1952351150796,23.1009798525749,-0.8578045718623929,1,animal,0.8184916091542059,53.05323845558083,0.29903443739102364,12.948258902862431,-2.5860565890655742
1557,1557,9.87719057069996,9.688401789946369,14.034685873479743,9.250277589525412,10.821550932525692,10.380663471471127,10.355397051584944,11.50539082858462,8.507515287748259,-2.661145354261384,9.774051514050424,10.21113907945333,14.506677767552734,10.209964809979278,16.57814010587511,-0.6201408294015334,10,food,0.7484570218203082,37.7907280412823,1.7408152707394144,26.052303652979642,8.258199963160823
1558,1558,15.593678546439849,15.258711836350331,22.49662564788702,15.21288675519886,17.195396230104198,17.018679367241486,16.89433592415186,18.51162055779817,13.430726007694467,-4.074882819447707,15.978132088280416,16.331075794869903,23.167649574576718,16.058633180687618,26.65199279602965,-0.8018422160528963,99,,0.7097973774342181,60.68501270442384,0.012826661329230049,10.157778721777564,-4.246565821180894
1559,1559,16.46054869128501,16.253230902057044,23.260055923954408,14.34012147132213,16.7934927736298,17.724394506039125,16.764342755901975,19.02969753856176,14.210254946140491,-3.839081298030268,16.416484125997577,17.031106558020138,24.024019464762745,16.802827997465275,26.521174740737173,-0.3725186392715462,4,clothing,0.8547035584583723,62.245622687076896,-2.40683449071886,10.086577384158472,-4.086701107109954
1560,1560,12.038247380332605,11.942248026458437,17.03580350857964,10.463709972128973,12.333422201948608,12.812743811540397,12.19644246548549,13.91950668002075,10.508519533109936,-2.8135156981881115,11.96324218458214,12.46507443528352,17.57471987214621,12.2723814092463,19.351381631910467,-0.2245128777145764,3,body part,0.8818364900681974,45.51640334967456,5.511623381620147,17.809843223124265,1.1596136017736036
1561,1561,19.89303209104372,19.778233239912577,28.494536084820066,18.395830714244447,21.411812597902298,21.668196355384985,21.453680887577598,23.374904326929823,16.251768262919366,-5.15112021013591,19.77188130767674,20.89171535488125,29.360144198593584,20.39181317322603,33.224348524549384,-1.6148339404580598,12,furniture,0.7846599237123016,76.49799067644602,2.656269510595223,15.646324301312266,3.583270936848674
1562,1562,18.029397942970725,17.876490925610113,25.85014841480761,16.55123795877889,19.53996040405302,19.42874164279674,19.287423437551904,21.254826806812936,14.81718728387569,-4.750173763369996,17.803604832397728,18.669755787972328,26.7054156377834,18.61131222912488,30.093989971451144,-1.326197314571538,22,sports equipment,0.7871119318019271,69.21474358315423,-1.8311415187239595,11.177369904177901,-1.9640510012063714
1563,1563,18.41613075701941,18.10481982156723,26.135350787806463,17.33373015635644,19.3029252060368,20.06283125620675,19.76340153282744,21.19063066149806,14.783041988957,-4.476474290868297,18.160046876211734,18.49299151137528,27.02146816961924,18.368331485913373,30.76071119301333,-1.1013398496538749,99,,0.7646643970076494,70.04086703077435,-2.4964177325848844,13.176027085201186,0.15692314906096705
1564,1564,18.10564324185731,17.762012452104283,25.735790330810115,17.080075505991367,19.288493231282967,19.546288754109355,19.36647279882615,20.958668042121623,14.74852990699776,-4.576918755840787,17.847195041262754,18.233413593656493,26.617256408521115,18.280014621589444,30.36538542713544,-1.0982675020584096,15,kitchen appliance,0.7188696253578644,69.01969354685693,-1.2983486747290023,10.896235201912516,-2.274065079017335
1565,1565,17.52434664749441,17.225241174401646,24.66357533328864,15.914767662826222,18.244193085045,18.78543716494151,18.06843366589076,20.1799929589408,14.751808165524762,-4.133539499868874,17.435891791556838,17.810979310981047,25.40719304061695,17.72988623563869,28.65357240901033,-0.5658440538973601,4,clothing,0.8033222677933399,66.22911622858956,-2.385088166702171,10.272217726230789,-3.311259254858072
1566,1566,15.367322156162686,15.19980642674724,21.916266271862806,14.4498034502864,16.069806649058243,16.401670010064816,16.590148748180344,17.665107758118484,12.593210489682722,-3.855728267532333,14.98859228789654,15.576918644270252,22.700889791335012,15.07613407392779,25.69488087409029,-0.9368847581903548,16,kitchen tool,0.7875753716300204,58.54002960893243,0.3670704438145229,10.400894355681865,-4.321039322503374
1567,1567,16.178693498247267,15.86596426875807,23.199059766171896,15.47238463157774,17.798718782939616,17.45270553158818,17.14657253114534,19.213296337725534,13.971884567354913,-4.062869540282025,16.533261923244172,16.821743281564608,23.784620893605204,16.73416213478326,27.18962540379063,-0.5791402130277068,99,,0.7321298016589869,62.52491893072744,-1.006287939613049,10.33882511461136,-3.7931003922538284
1568,1568,16.971732675921977,17.15117482623683,24.721858703261734,16.171685046815305,17.87377743388784,18.12571832094631,18.7951386909079,19.755424707270446,14.45731249410658,-4.338414193189412,16.699794240237168,18.001008043427742,25.528550416862565,16.517076801199025,28.62003635228033,-1.1485201209924385,99,,0.7756095800040035,65.79442117701232,-2.290542935753675,11.183242622183625,-2.4645959036689007
1569,1569,18.13436443439741,17.980814675847096,25.73215056362527,16.512426518609903,18.57972026152167,19.702402510644145,19.455338733543257,20.78122475547311,14.551321734412175,-4.429641632310463,17.674105020297702,18.5487194452646,26.637179776038792,17.936321352280686,29.902939641371884,-1.2691542196658596,99,,0.8360983619818477,68.76088907386404,-2.6548604766980315,12.455689050322805,-0.7529301753779389
1570,1570,13.172586802267924,13.112611777357484,18.629829517170347,11.863663292756328,14.056548028050038,13.995717360344726,13.82715710823308,15.203722458261405,10.769310419605716,-3.433795612139997,12.789380496886288,13.610661915147915,19.26975156026028,13.513820994349722,21.738448304981063,-1.09680873029316,10,food,0.8119613998625553,49.96994574847329,-2.832356907052203,15.608757166413241,-0.38207486709477223
1571,1571,18.711624618641878,18.442112366509164,27.52246342937858,18.456181872035224,20.828623071651517,20.67275209915729,20.953802262758877,22.48686571974139,16.20633796757433,-5.099661771565769,19.17552431829173,20.07067925934784,28.40547724535945,19.303358613499384,32.3867233251939,-1.391378608377966,99,,0.7418954323352013,73.89400653202478,-1.0945771197204852,15.888489034060996,3.439886210345591
1572,1572,19.19963778018642,18.847205640717792,27.65576713494344,18.117281301341684,20.91476358720743,20.496855486027,20.672245676552457,22.56930510143891,16.79759532745725,-5.307949811157977,19.23399520754298,20.33950725728416,28.68031168115132,19.670808864236083,32.59587349354599,-1.3422805795543982,17,medical equipment,0.7662015420038527,74.34863972494138,-1.9466732291436015,14.109800449422567,1.7285112389879682
1573,1573,15.338850533765074,15.119722002857184,21.94904219172041,14.269401374745827,16.302475793869103,16.544314537269052,16.45056514221755,17.856800927280275,12.915856273571732,-3.975181901858941,15.20137392413907,15.970834436256148,22.694733033399487,15.547497699959496,25.655648501568265,-1.0245653195408986,10,food,0.8497753634301005,58.83923635553519,1.482294389306082,10.086765963894534,-4.590866753547786
1574,1574,19.142152515762355,19.17102621805117,27.38264428917855,17.014818839808846,20.37597287458324,20.34853309801441,20.25257307244918,22.410675259632796,16.128130766715724,-5.030809245994329,18.80255994072494,20.34391966951866,28.26372456118212,19.575231432930813,31.48883905279189,-1.4885473078523288,26,vehicle,0.7697358061546926,73.25699124790805,6.210214796876789,13.178711991060307,0.6357918118216297
1575,1575,9.075461403852968,8.882193836481308,13.001817413195152,8.66671868990193,10.02802302958372,9.628434871786702,9.682133971889028,10.664575289256211,7.87405615313414,-2.4665221634092007,9.068525086703064,9.500770108644629,13.407208658729536,9.379536625122588,15.357103588063492,-0.5987223761676913,10,food,0.7959823142910435,35.02145114153641,4.228514699493676,28.667785809650084,10.463659188814965
1576,1576,16.018727671112966,15.963314037038373,23.315461181895397,15.290663714547634,16.959920269091445,17.338803241231908,17.6280403606692,18.732381894704552,13.625157380938072,-4.062874442386677,15.917663954859233,16.711718328261522,24.144129195342025,15.876928874601273,27.08512407122837,-0.9230307562840966,99,,0.7891889308581208,62.10080097901351,-0.8962931114346997,10.235729468398587,-3.958991523336435
1577,1577,15.910247865920898,15.575588830910412,23.66576508409236,15.614313435630432,18.16195692479433,17.26298015541564,17.8266803822945,19.31140560956725,13.995693738984189,-4.65514662039378,16.093361611889335,16.71950993542927,24.621694435441164,16.698147195693373,27.823078545865016,-1.2775700276542925,26,vehicle,0.7637758530511721,63.09131659378519,-1.3722742081661767,9.956971502991776,-4.091092390053204
1578,1578,15.78374560999249,15.692021858364283,23.017334346019787,14.705315711470416,17.482374355535523,16.84033605286996,17.163638799847448,18.84845485050553,13.621333978531576,-4.433571622229764,15.696552923383292,16.795849646841532,23.8306255198356,16.37009496765006,26.74380495199078,-1.2895955228641631,26,vehicle,0.8502325231465157,61.49856578023046,-2.1150513602767056,9.942782241930397,-4.341106518253085
1579,1579,17.717791170263723,17.525887893259938,24.943046606421905,15.69001610239159,18.02257962628828,18.92373616217144,18.55957769804596,20.1258349938336,14.278204226800792,-4.297070716662034,17.018016070892074,17.848830102362136,25.882794935802657,17.603662145188434,28.815879869837357,-1.1350587799991572,10,food,0.8462763862154108,66.50024051340716,7.930661458496466,8.960084957662806,-4.583248990441231
1580,1580,13.690210473482477,13.656250107447583,19.50481423534062,12.282322219281983,14.49493195816069,14.690129399310509,14.032166853073203,16.131320294508143,11.702753347376497,-3.0971439077975,13.804951115881083,14.08513205991508,19.93368370390968,14.080868460961875,22.163685277011385,-0.1741189495908138,4,clothing,0.8392468943431717,52.16414961729257,3.6530193313727803,13.285346582207225,-2.380608620954522
1581,1581,18.64105654324361,18.29090118098376,26.33795441327924,16.84635200328562,19.170428603364044,19.822446995482053,19.39060248407467,21.35807094639095,15.145256857220884,-4.384177049803118,18.083021193982734,18.07786328788155,27.31686071546859,18.50723633086187,30.505397327522054,-0.5436859605985408,6,container,0.8144550365632532,70.00533094063792,-2.43551755720516,11.689689949556138,-1.3346755087655335
1582,1582,13.763371091308768,13.590952619830563,19.36996810731745,12.40479675394297,14.564874360951915,14.858354884156496,14.37976484519039,15.900216229852148,11.110361106676764,-3.3869402792280066,13.513433881786703,14.133978116345435,19.93080083439804,14.13736264807788,22.51890328509889,-0.9935092730131128,7,dessert,0.757706052546578,52.06006487718362,-2.7193975304900917,13.353501845996691,-2.3278642863565207
1583,1583,18.46889523032649,18.283660169989943,26.90470479290466,17.95429211030084,20.29949197644071,20.5656622209838,20.50527223358453,22.07858017335016,15.077828379991018,-4.71908434991421,18.72899110514161,19.213509642313287,27.678902944700777,18.963937357628584,31.530753482337243,-1.2872015495504794,99,,0.7904552786551815,72.11257996300942,-1.919305036779198,14.544127119665475,1.831763838017892
1584,1584,18.50338012550982,18.47869001418181,26.741070628685165,17.059494646168382,19.981411635942766,20.10304747922484,19.89939125905732,21.867646243432983,15.332124266145568,-4.674348070945233,18.388675586439398,19.2285877527399,27.58978343136719,19.044310215247545,30.84368145340992,-1.232197630115905,21,plant,0.741488048869307,71.36889393331661,2.3613045008489273,12.038853681990693,-0.7836207718832924
1585,1585,20.582100392584056,20.553117775574343,29.424623406067163,18.38456786986608,21.774760515046164,22.40022272263973,21.551210992832257,24.257984806226176,16.94381807725261,-4.803071014952002,20.52594723693789,21.2359427586009,30.180124755308672,21.213813731902736,33.47028693773394,-0.8971420171732477,99,,0.7793810119419877,78.56176657968946,1.8875223903456888,19.784840383947806,8.027352506592537
1586,1586,18.57674339255558,18.35146465626708,26.850931232397432,17.29905298665665,19.850446872604262,19.923826343972795,20.120798929149814,21.784117306975645,15.495231099686793,-4.831138106469694,18.255090374811868,18.961228019432177,27.866400865504804,18.719488517761903,31.182542423640605,-1.1517593059950704,20,part of car,0.7499428543033195,71.45102992983607,1.919390756360226,12.08573798584885,-0.7245752998740063
1587,1587,20.175191146525226,19.95240551324619,29.32087325945257,18.58009401870849,22.02923515278826,21.752717225980696,21.82198807813666,24.00267074834781,17.278312990332253,-5.536933380967704,20.08398654920538,21.283822424375764,30.41461759502157,20.945949685564624,34.00080388839565,-1.5473208231285502,22,sports equipment,0.7951610762205276,78.30376688308553,1.5069986015131382,17.44627487464219,5.650587208810524
1588,1588,13.09522817415429,12.946649899707868,18.929358870829542,12.134199573663256,14.346873202856807,14.145782355127054,14.031623435571412,15.554856856868213,10.941664956756377,-3.4073092145127317,13.013691903704196,13.484636309125474,19.52494639739272,13.62623508874622,21.91107876769133,-0.8596169434807356,10,food,0.822439273867387,50.52901188040311,-2.74813055056638,15.175415539186034,-0.7326403970429958
1589,1589,19.176458286286984,18.88897560397004,27.30145986567177,17.916573526998114,20.592021163191998,20.744823710987596,20.127111668529267,22.53901051280275,16.385625181135357,-4.651676385453114,19.48045726245358,19.953689991395187,27.994869449591143,19.66206017998437,31.81285609911296,-0.6745373396176302,4,clothing,0.8444481670091427,73.55180089987975,1.539136643972725,13.611456429745614,1.112186171395825
1590,1590,22.174908687501983,22.03786535141189,30.91804970219601,18.96879005056535,21.76247311836832,23.711253457111315,22.721197597412065,24.92754944419813,17.665692499551614,-4.970189081267474,21.202766694496194,21.980176198982317,32.047425116132345,21.76760853489256,35.313715397021184,-0.9448583776188136,17,medical equipment,0.845684287508742,82.2380786801983,2.2120274179529336,20.93215786530104,9.71898979320599
1591,1591,14.065867961552732,13.799379586505369,20.44367121420023,12.74223103685276,14.90670286054122,15.470733216041827,15.201213508279327,16.607645837982563,11.376995035583198,-3.5426269449744754,13.7895813184798,13.924428487727903,21.310098051679983,14.462736470598474,23.44746847417975,-0.8519197474831656,1,animal,0.7723613552746439,54.0108562619191,0.9077262100494448,12.314220480901193,-3.0783088069154623
1592,1592,14.960235095245222,14.961588198729416,21.250529126036515,13.226793510767983,15.73797941694383,15.97194689271326,15.468951851244336,17.4724693594993,12.47405996767546,-3.5417739540730557,14.779973780278766,15.437271322267655,21.810125220845983,15.293748982849888,24.2060495727964,-0.643191503940732,4,clothing,0.8163854038003964,56.76388304726762,0.0432452775454788,11.142047302568223,-3.842865068428541
1593,1593,15.60453247005182,15.529283063219609,22.2426678277722,13.93049561179733,16.614240832340695,16.5851230472434,16.11644613735321,18.324046388092533,13.44155388220478,-3.838448744720844,15.564685492824816,16.296228012782716,22.866924839952237,16.091966975331424,25.459548479974625,-0.5967629539164777,4,clothing,0.8167225753054336,59.54995093463181,-1.6003875608924236,10.3509325406463,-4.221470802707808
1594,1594,17.736125303361078,17.416359787247902,25.27854894520407,16.66817406893011,18.740261357960616,19.17172189718824,18.888193183433565,20.60139369442748,14.860301717653735,-4.403183027887845,17.708614048344984,18.075215124940836,26.12819630919824,17.832111827223862,29.67398297329128,-0.7817072186560219,23,tool,0.8349707936174102,67.80762506055524,-2.6580110431115287,10.536493215837432,-2.8132675854150726
1595,1595,14.871135454452828,14.660381322168098,21.287575557390028,14.104031762246684,15.954167832592978,15.783315579196255,15.950440880501615,17.224563466682817,12.711578275249868,-3.926509135532717,14.672971178169655,15.376660221342684,22.056700431882707,14.967454035212638,25.09408654185801,-0.9442193867117062,10,food,0.8203779621462549,57.08020848788464,0.30769476624578296,10.948682468866005,-3.989394324103614
1596,1596,18.94144867764318,18.680756006652143,27.616289020909857,17.43964625156673,20.270914745404287,20.4758032628257,20.60362898055238,22.36301345424885,16.0963567700163,-5.045943657990139,18.67600394728887,19.55345544089532,28.76938627796646,19.34283861192616,31.86706265432861,-1.2862783650783556,6,container,0.7717103695762233,73.29866836475934,-1.3639761590168042,13.58477862428096,1.0480292160508586
1597,1597,17.071418975012662,17.004671245758026,24.37296913139484,15.105767289785575,18.116538763186984,18.21691099487615,17.721772145083712,20.0421954979992,14.507003943511656,-4.224686264659762,16.924375038598974,17.77149654924263,25.108243428217715,17.607342877239304,27.832949236095835,-0.8219006496628302,4,clothing,0.841278403168647,65.11235855453859,-2.6053039545295062,10.111020965892356,-3.6378046861045448
1598,1598,19.53928953323872,19.41379782876692,28.563974093247698,18.40566416108545,21.440433253772355,21.02590773052873,21.40046516180009,23.3182131098655,17.159928856745488,-5.407595298543675,19.66047946613517,21.117090122875933,29.54328138250104,20.09082116679977,33.19271618360832,-1.4806465149429575,99,,0.7912969668246261,76.45799555843767,0.4185226571585172,17.97986843115428,5.9108933347347286
1599,1599,18.066546992202174,18.0083655230927,26.53460649131187,17.271588223852746,19.962823534129328,19.462386815154883,20.00002862122217,21.66391226289805,15.885159784199358,-5.024998651042319,18.26018010868472,19.635160062867676,27.40028362991761,18.485216233409616,30.88906739414104,-1.3854005957644202,99,,0.7495750405800561,71.04264675494647,-2.1444926177672867,13.870790979649238,1.000011921666001
1600,1600,17.794076167720533,17.80307482341942,25.646670822372972,16.731355963368735,19.22580677735833,19.227842617292467,19.43691086257151,20.861681374625128,14.300556609066708,-4.608858423258934,17.442840041923887,18.32257610434129,26.43878064210139,17.983931497792817,29.919856448879628,-1.477924030331222,99,,0.771423998272778,68.47145046696531,-2.66049093165745,12.289781367220098,-0.9616925350789955
1601,1601,19.034031737751324,18.955399447182003,27.424890564391934,17.980273984851546,20.602863170834635,21.2042036859104,20.80728091221948,22.59634632845344,15.379982134741065,-4.7273844846856825,19.26796051378461,20.08403607480428,28.100560136711387,19.556966419556925,31.94225478997434,-1.4314764274610567,99,,0.760562368903931,73.74148588496863,-1.2817057493312607,15.713426664421343,3.2422414247863873
1602,1602,16.128477789388104,15.985187578614209,23.32156595044681,15.91659588052002,17.97439033239691,17.781782641414896,17.88725391869908,19.182727967323476,13.589397662442131,-4.346262548106573,16.5192139600244,17.494215753238674,23.91128134196841,16.61320360086037,27.75117091617733,-1.4411065749561918,27,weapon,0.7598073814712619,63.200727878222175,-2.441855898043655,9.827923770521872,-4.203940537882355
1603,1603,13.268163987177411,12.919068835700571,19.8295816595536,12.61444422997066,14.911457104533564,14.6500453802408,14.778321948027637,16.20862569967981,11.383570557864624,-3.743912839481524,13.355444779354183,13.468198226199563,20.740370317068933,14.076316652783207,22.96623066960177,-0.8746513936417432,1,animal,0.8044236286554628,52.41090104253824,-0.060244937412427646,13.388140144747911,-2.2412807044021577
1604,1604,17.750080709572792,17.213440245886055,24.63581101075328,15.979298821709888,17.965780890602403,19.478810252333627,18.304361596272336,20.06866977973637,14.255839762335343,-4.146138403637996,17.5043021977244,17.619030510562727,25.560327890608274,17.926434879979627,29.02993826064825,-0.8108552074197933,6,container,0.7911893618815136,66.36417845302648,-2.1407886334136483,10.348642659059283,-3.2148368240768495
1605,1605,16.015854530136586,15.730194717855287,22.69425241727866,14.591978660054584,16.963959605963737,17.527618868370404,16.860212125530907,18.601282122485276,12.845647955838071,-3.889776991954459,15.807720315610458,16.141156927746874,23.418703276087324,16.52717735799127,26.394996760742917,-1.0025787466600746,10,food,0.7828818122068265,60.79611025831505,2.9570881590543614,9.395673844512586,-4.992221442439947
1606,1606,16.77900918853588,16.797205100895546,23.796847827677887,14.719354733577571,17.403736357048093,17.851034460029407,17.357098924804323,19.47686369036328,13.7833713191903,-3.91193843983066,16.392348771178163,17.060259166039152,24.46555772056208,16.931752375792346,27.02848180276284,-0.6804210134276288,4,clothing,0.8066026114806603,63.34356190285268,-2.6144616771859415,9.941524901188666,-4.069191205880683
1607,1607,14.010774975716412,14.074423829811316,20.25960099756131,13.198620241569769,15.1753632066458,15.089116723295607,15.321145312214757,16.487541047814084,11.537060789877778,-3.647901997336074,13.840091210615943,14.70736703966628,20.87457151712091,14.147214301827123,23.580253707339303,-1.1204514667333814,99,,0.8427329896940715,54.1628035876987,5.103408860109695,11.19362362355187,-4.176408135078754
1608,1608,15.9209057537733,15.641759083448177,23.107669791408053,15.28862602281349,16.90418749149478,17.317290056507552,17.412909355343157,18.724658111943327,13.357097162668127,-3.951931483120053,15.924349151858802,16.051319590684678,23.9074638559885,15.81202472425176,26.946328930057323,-0.5950230855228438,12,furniture,0.7855637587759122,61.49906561056831,-1.550079306438537,9.8372730081168,-4.446541746502215
1609,1609,16.319588562260655,16.01248051701584,23.03870262290593,14.89341108732835,16.63138674274158,17.46828736078124,17.168165037845025,18.63936358447294,13.194601921639071,-3.804619615677834,15.88921882262101,16.011578841247562,23.859921838902785,15.981765796631931,26.75644396839789,-0.5651194527000589,99,,0.7355611119731789,61.36730661883532,-0.4679467372178454,10.176062393950911,-4.127260777462055
1610,1610,16.582641116537786,16.50463771099524,23.64282979242691,15.14050749204234,17.344126989198422,17.834365124942632,17.636042858130466,19.265659288491783,12.97071109779476,-3.8732249543196655,16.073255374626186,16.21800190342282,24.383108013486734,16.514763478621113,27.21815315365928,-0.7373400254229935,9,electronic device,0.7864178504422408,62.73623095490028,-2.287253653684256,9.891887689730405,-4.208750669389362
1611,1611,18.392519311399585,18.31855260285433,26.514423795670496,17.27176204056347,19.85743821126288,20.23492377654731,20.050934441446174,21.727117327607427,14.69443170136902,-4.609353488753946,18.30897761347561,18.910576295956503,27.30413648150401,18.771797353535337,30.86932321048892,-1.338666813675523,19,office supply,0.8452661838656221,70.91246046988243,0.6010024493224524,11.850697826724085,-1.0393567909494745
1612,1612,18.71767476372795,18.773935392940786,27.27237044453454,17.017213344679444,20.15153182266236,20.05797950855604,20.29592244307802,22.161752921770653,15.567543734995624,-4.937099002311546,18.29920337245053,19.3645646226277,28.26757235577013,19.091325337528264,31.25383710288888,-1.3906957824320412,99,,0.7901512117346601,72.27226642361717,-1.915961499405613,14.642460293208764,1.9537404076506135
1613,1613,9.84017567011559,9.67797593056763,14.061471346359095,9.25006094314974,10.828486936123102,10.4267984081003,10.412565936610845,11.551013605362831,8.491617478238998,-2.650443995648049,9.803529473079836,10.30415761553685,14.49181352731036,10.200561574587288,16.537587496662237,-0.6527276404090546,10,food,0.8296632870417271,37.8554158958642,1.6864158918268242,25.991108580223408,8.206582662760706
1614,1614,12.799962968441347,12.514903866922293,19.10316354371855,12.018086294431772,14.293696332411931,14.134421095293485,14.175676713399602,15.61681191621926,10.783909598742452,-3.507526597256295,12.80251670999655,12.799371333366302,19.96413686850589,13.557088963576396,21.97840857515721,-0.7805928368969496,1,animal,0.7680521856548813,50.33531480193404,-1.1737039584426707,14.867479378823022,-1.0692556121623138
1615,1615,18.2916576083512,18.41639765243058,25.69803273773552,15.710398088801297,18.63405521039265,19.54398628449909,18.986764559321085,20.89751335058307,14.427908990658578,-4.291898008095873,17.51904650036731,18.72019840098986,26.454312334774546,18.32627800062163,29.229953218006425,-1.3276632799410022,10,food,0.8114762780596807,68.49183197512214,9.8104352573007,9.48752000086985,-3.7609361874138045
1616,1616,16.559439381623392,16.64099846608482,23.265136549560204,14.438476725435816,16.914908404362105,17.62318130942525,16.975762024152772,19.01579026003477,13.404847768253257,-3.679334796478477,16.131984836541925,16.789502734674077,23.853377847805174,16.53993354688761,26.42111635347094,-0.6243195345514782,99,,0.8656836835196666,62.06191176992937,-0.7803773323385865,10.29900281016737,-3.901476171133467
1617,1617,16.772622943465446,16.660378360199772,23.92644912645346,15.33572066590064,18.08740450377145,18.202847743473846,18.00528728715269,19.621373739850004,13.35255852887369,-4.361954621817884,16.432392358387336,17.345484132818015,24.69880008079845,17.285349168404764,27.889615573574677,-1.536618239748346,20,part of car,0.759325837370653,64.12856196954495,-2.366160122237898,9.762541109829352,-4.131946812105211
1618,1618,15.111251698010852,14.98824536164102,21.74261851831126,14.220682125575587,16.285144038365296,16.09701388237598,16.25072568161274,17.646599518262345,12.910673390198957,-3.965149804486984,14.94861338577222,15.792989407350984,22.444353508175222,15.29675932262539,25.38565528879567,-0.9994241879344024,10,food,0.8540308493265102,58.196318443745916,1.0421329733870053,10.392194918440078,-4.3806291056638855
1619,1619,18.947227545613924,18.97027896963381,27.144064649846147,17.446617564043354,20.445519481547827,20.97352636094882,20.35371362223176,22.509426005606898,15.070073547762208,-4.559450447847435,19.055273979645182,19.790534844294456,27.749328640301705,19.5672247090124,31.32089168305847,-1.2763270268960816,18,musical instrument,0.7710394670175719,72.88071966689735,-0.5191400980399363,13.07069932954521,0.47206786462098194
1620,1620,12.504341587264085,12.204098411821258,18.040744591551157,12.36434127633273,14.250938926738336,13.464954905962593,13.695124185280992,14.849800189581744,10.726870824483308,-3.6082632585515535,12.66267078527956,13.254477908678355,18.638605549313183,13.078742086091491,21.71915111057552,-1.1546305402435504,27,weapon,0.7256083707963947,48.863264263909734,3.538613522252696,15.343531389827346,-0.8111574201712575
1621,1621,18.65957623533616,18.47891587627084,26.75044750597928,17.584182022136694,20.00490316760157,20.315389734449585,20.27480919914241,21.69487206235248,15.006423369198885,-4.79912136917582,18.33574556469425,19.0409974087468,27.652119287901964,18.903872511536186,31.421500067498343,-1.5345336341335645,6,container,0.7191804361685249,71.5591346102701,-2.0990639473341846,12.467067550478202,-0.32723960818231035
1622,1622,21.116671328140185,20.801801147533617,29.594156752696733,18.904925110770535,21.500709891866503,23.08234138728768,22.17563984173902,24.07446139567481,16.375074272957686,-4.906489742141881,20.521253377176443,20.95264775144125,30.61535462707519,21.116022878688756,34.402320285364496,-1.2602384852087198,19,office supply,0.7961648380416653,79.17009963305317,7.25177749185138,17.96371741149022,6.296300159285208
1623,1623,18.536575800267705,18.191032603139984,26.628480821228987,17.97657044534183,20.15368250604405,20.27768870610317,20.184880766203563,21.79898655830709,15.238590436853745,-4.736697197958157,18.64612576950713,18.93885798902391,27.45005333584916,18.828154803897817,31.531102777493167,-1.1056340613724005,23,tool,0.8152644393933594,71.56288776209774,-1.048018968673773,12.291616836308135,-0.5021346255518662
1624,1624,14.12281159983013,13.971552691344291,20.327402523429697,13.515179250769302,15.410527030779246,15.12277166687002,15.249606694609898,16.649543495171574,11.345503561909942,-3.5510084827747703,13.90209331376632,13.881773966345897,20.95838660259116,14.253555869737893,23.830591200693547,-0.6556877140108506,9,electronic device,0.7616735158294851,54.157342559185274,0.4635353225398333,12.309365971119991,-3.061474354872619
1625,1625,16.054018018714252,16.379850265294923,23.01833467114964,14.352183236458202,16.982616739995994,17.258112025331155,17.04100729294997,18.91091465072156,13.11382434635521,-3.767613772616208,15.88052041925542,17.00738451651279,23.46149467992182,16.197185161066287,26.039259515809317,-0.9752151228671376,13,home decor,0.7745942014748178,61.43436579364924,1.3011804079633453,9.822046570380364,-4.471347727754795
1626,1626,11.6261475120164,11.49000817988274,17.056736494116187,10.839643762185696,12.486650172917154,12.744721015360511,12.75678003294778,13.803705131006016,9.453574493816191,-2.955601546037804,11.425742461339476,11.480969882650816,17.759850812000305,11.864827636497164,19.639311996983636,-0.6612727838416125,1,animal,0.8542860287444692,44.979084043936204,-2.8020314452937614,19.196475180237908,2.466689326482065
1627,1627,18.487642064900054,18.32373487999895,26.623240561552,17.288813007257946,20.003231421032048,20.371051492223703,20.16921995443279,21.81273975956709,15.021256400781777,-4.823473295119336,18.430513285384087,19.40221108117342,27.46641070869632,19.05932419095966,31.09766195857627,-1.6085506748886038,22,sports equipment,0.8145796966564499,71.43102679052224,-1.8240993284714637,12.307866654003004,-0.5054083239261224
1628,1628,19.079500882039223,18.97049745978269,27.39661076293682,17.792764211052102,19.67923161853936,20.243012653756704,20.596693569370743,21.92454968328837,15.874805514722752,-4.684234475963451,18.5325398267663,19.220985694440923,28.38975782207063,18.46863100962955,31.75485684616105,-0.8940113852676415,99,,0.7866981699735954,72.70389553521606,-1.7501187082658305,14.966739119015813,2.3419268309485375
1629,1629,17.58284955562953,17.778139172793054,24.93152466728588,14.869645959568803,18.01604660679708,18.873568337325853,18.05617382429152,20.406905225243257,14.361080419341093,-4.052737415544757,17.12684833458981,18.158104810606087,25.63611916914088,17.928691997356594,27.97251808909021,-0.8826449079883731,99,,0.8799270376427326,66.28789072615088,-2.22626896591453,11.460941811241913,-2.113832937231166
1630,1630,12.05324130756392,11.993334559522378,17.607827613646844,11.39820782960927,13.558285223366468,12.746613311703864,13.20807379527103,14.44393151296644,10.333920580284596,-3.4686391604173354,11.941788619915496,12.78783090072981,18.21799194701216,12.473803728947232,20.576082103021783,-1.067158235470325,26,vehicle,0.6988007853295175,47.067086082286174,3.3179591816878613,16.719135502908543,0.29850209100884584
1631,1631,15.133928623877384,14.725180878772145,21.246347107557757,13.802680376126828,15.721565196922429,16.61775647452205,15.897662328133745,17.310166003505636,11.994553563383825,-3.646979438050248,14.84885981576861,15.0811263511536,22.018477786126024,15.44127257002777,24.934931639324223,-0.977537740390778,8,drink,0.7696953556936541,57.03854051090176,-0.8641368723405125,10.96583182679456,-3.9784143839222015
1632,1632,20.21800902230253,20.185409808626133,28.89191789009977,18.38068251094153,21.216168663803327,21.499810083917104,21.50728806632596,23.41407884884505,16.634400326601877,-5.037586995960119,19.65236212558528,20.652815100206958,29.84657418868822,20.203820869604247,33.32804399073708,-1.2409500175183483,99,,0.8245809398248424,76.92602874238709,0.5859818119218421,18.310824480115528,6.311147018003847
1633,1633,18.75184998171677,18.72380828598993,26.554119890774885,16.99593554681667,19.721366574226188,20.61308701361332,19.89543912354097,21.82272942896127,14.611829977975322,-4.346167636009402,18.51389265731161,19.18162244223372,27.19454792878022,19.07245420648764,30.612225318312664,-1.2818105854935011,6,container,0.7642730002955145,71.1668792522591,-2.1289318107651427,12.29409433693181,-0.5582906873308318
1634,1634,19.025002485590587,18.563215297770878,26.695026603617716,17.318062123010343,19.674406444619983,20.88136782360869,20.04492724053058,21.77283313047878,14.856630189243011,-4.542447281812875,18.623281002295315,18.8385569250818,27.64855445656385,19.23682854624055,31.309059095094558,-1.1965079353483947,6,container,0.7981165308064846,71.593059987032,-2.0673795872521303,12.540503181108843,-0.2487809397987366
1635,1635,17.978271068381503,18.163153370143124,25.721821929312,15.78804950152418,18.962354241984745,19.56500478087757,18.89271572257261,21.1980004639712,14.491722482501975,-4.217109388312395,17.763883998856613,18.678862593587624,26.330729646082407,18.499661836723728,29.075114642384214,-1.0487133063645122,24,toy,0.8022717529938327,68.5434173441403,-1.7727184030937861,10.834619974353947,-2.406198413533394
1636,1636,19.383453127335915,19.196607609725767,27.65963918367938,17.826415862209814,20.38122184119183,21.047479569137163,20.700986011966556,22.52158769110401,15.98944599125843,-4.833957487519007,19.191835285139057,20.00266686184621,28.597710404915837,19.589978919289845,32.19700096441707,-1.196255495680554,22,sports equipment,0.8088696138448731,74.07091107022974,-1.0844180282390683,13.981079833843019,1.5586697383706944
1637,1637,21.970772285480543,21.69954462201828,31.62905239713306,20.64860353550052,23.160483244271823,23.709834299929216,23.79863926482976,25.557597542298723,18.422192047639804,-5.543560863173492,21.7314522413528,22.54883991787178,32.75105968809722,21.882771654599505,36.8539986426119,-1.2498663656860245,99,,0.7911644585949374,84.39148914729095,7.071889433568945,25.367084220796826,14.472753052111301
1638,1638,16.37369917907576,16.178864391657683,23.69713431675366,16.031635954389742,17.984646605323103,18.010679517459998,17.980224740403045,19.483746588792616,13.412563266045304,-4.108520034937906,16.610593021959666,16.76482980567319,24.3300718774645,16.643159072765727,27.922778458093937,-0.8693484422655174,99,,0.6985935226676075,63.599203326941684,-1.549795895100205,10.529086038077521,-3.443779449574256
1639,1639,16.969850902981175,16.82530688553668,25.2035153213138,16.79233139447665,18.760731402298536,18.44907562246644,19.170459624795296,20.39081305182476,15.016047994274023,-4.680136722956744,17.233605941350145,18.16364820070172,26.084710112437,17.14756698020202,29.461556796680487,-1.1103253005938312,99,,0.7484802543048432,67.22056494370565,-2.4203123820504198,11.800772795006974,-1.6359089312767274
1640,1640,17.964743805200847,17.817066137986206,26.42597762855269,17.402572592193646,20.34101531168023,19.880026208606505,19.902598945386675,21.883708543404403,15.064565775861428,-4.774125976927071,18.37433788525455,18.9488600441654,27.153949254019864,18.91292543251065,30.77650671556022,-1.2687518981131356,99,,0.7907978652794494,70.77492602048596,-2.2381881583374934,13.67196042281405,0.7615422661739011
1641,1641,16.50294263605888,16.375097143818152,23.758102793941745,15.485020500730462,17.769890351540226,17.72531128598664,17.720066205616156,19.4493315910006,13.377530268424453,-4.063249376799377,16.268644584498027,16.412526928935648,24.4845520945974,16.658268414994478,27.563675190786483,-0.7115602058492482,9,electronic device,0.7561559520618756,63.21359489078722,-2.2319485717684717,9.841416105712682,-4.188543095186468
1642,1642,17.36382904182781,17.270907698934934,24.53263759023687,15.310154922655242,18.13100690001589,19.00127240229917,18.32804252804268,20.1176807745118,13.807449668532918,-4.357568132395247,17.005816654007308,18.09053360067297,25.376010299142923,17.865526947092146,28.397747431199804,-1.4773362600469342,22,sports equipment,0.7757536883687778,65.8521003499873,-0.581353185152973,10.124712779340864,-3.5145856891544636
1643,1643,22.67663039828796,22.381016150145943,32.14565269567357,20.662861098987925,23.26393753400032,24.1950703187676,23.97226567428285,25.91295602705208,18.670661006823245,-5.490734776135189,22.06384874549446,22.794609081560797,33.33703739269657,22.333881215675497,37.328158125878645,-1.1145357886031109,6,container,0.8074191914471922,85.70126447536086,8.545496252616982,24.50146323112593,13.801059191590012
1644,1644,19.881829365842872,19.693966219402448,28.41456565681557,18.17855902515447,20.84593084145784,21.682174422847694,21.292539334838715,23.060471426762472,15.9057178222795,-4.8734148936619865,19.4581491837821,20.030638933161818,29.476637944229047,20.105205374960303,32.963104676797336,-1.28846966156423,6,container,0.7232219000511685,75.73819624582902,-0.10247260727800622,15.349917337658688,3.1743677690632417
1645,1645,17.18400173543285,17.079193649598615,24.372996063811943,15.40271155648199,17.919214007942898,18.9030819534581,18.314348745972968,19.845357795104384,13.5130209424289,-4.223108046242896,16.77803533539015,17.659008105736966,25.169523232689365,17.551295324121877,28.21378699364372,-1.479441480347906,6,container,0.8332462766189054,65.21685272308689,-1.8100216453609654,10.051647382737949,-3.68170671953194
1646,1646,20.497241083008014,20.3561359198656,29.832244319477574,19.408892226989003,22.31830102262031,22.335601348667254,22.431131727098396,24.36689207278689,16.933818580115222,-5.28428694501366,20.43168386828612,21.04572583851215,30.807833176568383,20.932255402316752,34.66135381621076,-1.2997668321936593,99,,0.7638215335535246,79.49365116301554,2.6428517011268085,20.640793792989378,9.021282023497978
1647,1647,16.99591017270768,16.533866459979453,24.2960289467588,16.188188898287258,18.52394066668107,18.676526221911057,18.172764959674968,20.008508489192028,14.05685856239025,-4.313472346961549,17.160380761625373,17.26230860429722,25.082265925666302,17.653629519973716,28.70188368035461,-0.9484863025460096,6,container,0.7768600521793522,65.38279849789629,-1.8479521264992753,10.073755027101276,-3.635028916444737
1648,1648,15.93905711687863,15.636099061536791,22.348099348144697,14.39789857684081,16.24347962561785,16.93337328619036,16.642519204405023,18.035914088596694,12.423918940252973,-3.769275340557432,15.171874816584102,15.13574687801799,23.239568464638545,15.66827540141488,26.09258521164567,-0.6894337129552467,99,,0.8563916426961999,59.38056017817171,0.8916277267291548,10.230114899742036,-4.367368671037941
1649,1649,17.395557991560807,17.49816621952164,24.84279166212016,16.062284844183864,18.432585472431704,18.924948147181123,18.758207817524468,20.320968387019523,13.773384434574435,-4.187238915611136,17.154462958824567,17.984078685799513,25.478377766870977,17.444825342452155,28.744869822436723,-1.2344188376194971,99,,0.7775548706492149,66.4888565466705,-2.506719377342229,11.383711297348666,-2.161308176463683
1650,1650,20.47164396878987,20.436422323367232,29.583163357940865,19.03989070059049,22.068661962927923,21.962246055524517,22.093059953409984,24.054016308007768,17.18471145945651,-5.319245153505149,20.22448384669796,21.283439945467578,30.60817750497018,20.81674802480885,34.33821126005874,-1.3943176300355244,99,,0.7785381744284563,78.94913183503992,2.169851875782646,20.127544654631485,8.427410607580164
1651,1651,20.128514218930903,20.49779558847564,28.224716722790895,17.34211767334294,20.40051727524498,21.539620945729528,20.9244687447553,22.998384712735422,15.435780850790367,-4.478595879689181,19.261331638915667,20.42117759513849,28.90277805548819,19.90111254982257,32.002747609155776,-1.32197551616022,99,,0.7936375687498924,75.17520187590779,-0.34939367107649133,16.969674936164285,4.7107676499921105
1652,1652,16.077240687670564,16.212077522764616,23.095444435458585,14.804547087269093,17.286982614694036,17.608618626757348,17.402089433134446,18.98359182510196,12.86642027718053,-3.9537617609157136,16.006633399169466,16.941114447174286,23.619656774117544,16.38318744995537,26.623821818252438,-1.2970158022536389,12,furniture,0.8365858366486058,61.8730542916224,-1.5772195545479324,9.796014389098284,-4.432427089129774
1653,1653,16.867507047300453,16.627884323782958,23.78122339860111,14.8822881385533,17.331802717655307,18.076874963400236,17.242810702214662,19.43603828677917,14.244862812771771,-3.9790914605835663,16.665735643437905,17.070273414182555,24.596236005850017,17.14753324776382,27.35376975437053,-0.4450464842525184,3,body part,0.8732568528087531,63.58563050537734,-1.727476219321975,9.809869515052876,-4.165005583151203
1654,1654,16.488367870043838,16.652779704201798,23.609428771035475,14.730852150419931,17.405214788910282,17.781624334628127,17.703794918547704,19.246051728120563,13.09880723601827,-4.159204412828757,15.990965212210718,17.142788600431825,24.32797470719825,16.688355176258465,27.082878344887707,-1.426061797400129,19,office supply,0.8110450593781937,62.903587031722545,-2.14841752851963,9.784147229483073,-4.291712159665019
1655,1655,17.72658347431957,17.951688056001526,25.0620603058556,15.642550282722697,18.62910601270285,19.44819440223468,18.391979515789764,20.82196942564402,14.10811146167372,-3.844405467077909,17.75852654770137,18.543474526577675,25.434432578352872,18.21388436297836,28.360304875310163,-0.8626005981505853,4,clothing,0.835006377994183,67.2780842854604,-1.9432626559376738,10.664266714107066,-2.7638986196488347
1656,1656,15.61342012282884,15.489161778838316,22.511112306178315,14.077546820162372,16.257238696851143,16.900895842589794,16.64132597691844,18.211890770777863,12.830948209597974,-3.805371578669071,15.258346368891017,15.58517931878136,23.400478204074524,15.75137038069372,25.79204432246047,-0.7166147109405977,1,animal,0.8465485079937493,59.57832425994877,5.035853047806732,9.518849280462291,-5.049353069480789
1657,1657,18.215863111902387,18.314173133997446,26.013290839987803,16.19776800187504,18.586470156195183,19.36229465058633,19.507054100979456,20.93428775627981,14.228292103007371,-4.386766955878663,17.258542092693354,18.03698640186275,26.956549089137614,17.765900878325933,29.714590549841965,-1.1317822122525514,99,,0.8567254400855172,68.68001309363235,-2.5333804301089504,12.517041635354868,-0.703552198759521
1658,1658,16.194278060494153,16.18240759529544,23.09030944402551,14.604716760198617,17.14307603922173,17.397047337807802,16.811137025280544,19.037724237814064,13.602151919041177,-3.722283688786244,16.20620514315513,16.6935655612326,23.6212492143402,16.546974200808588,26.30623907679878,-0.4532325099685185,4,clothing,0.8198371450148877,61.727872530723744,-2.348186803454033,9.974290082003295,-4.275647206607335
1659,1659,9.131577432901404,9.034325701137634,13.204431886606354,8.264764289109383,9.571479936627377,10.042940401197669,9.788138552307649,10.73659041091264,7.216549548270307,-2.1552289134702525,8.936041409848322,8.878041749881595,13.690418879905426,9.286072605457004,15.084452413582907,-0.4031341077389774,1,animal,0.8280873170475225,34.843186379700555,-0.2954183556163894,28.720857097176083,10.490336351523919
1660,1660,18.931291285970733,19.152016962038637,27.45720704281245,17.62109224433484,19.703605169786627,20.19522116829948,20.84873072543648,21.93417725736818,15.478536841336622,-4.723846841054331,18.294305065327475,19.541334750725188,28.350757795196376,18.32950831751644,31.548488613458726,-1.3571253572451063,99,,0.7534087276770205,72.68880267577602,-1.7455620681459587,14.974060645485828,2.3470136879762897
1661,1661,17.858285076787617,17.51496573003797,25.208918675115697,16.312588028631037,18.68225974536239,19.29340081503296,18.83260721136942,20.588104521240805,14.027316068581584,-4.330816570689329,17.364842857703433,17.470768280655097,26.1134438871671,17.995097658460825,29.465223076703893,-0.9461204166097296,16,kitchen tool,0.7653240138994462,67.31478884629115,-1.6668933300531386,10.397115849071907,-3.0256149571310154
1662,1662,16.252259206183403,16.6939793111021,23.283963336092583,14.42997601038428,16.8441020486404,17.241830129261682,17.402075797942302,18.848791936135584,13.049133828299237,-3.8560006310362502,15.667671421503252,17.04247184522849,23.876536625390685,15.971068387674318,26.337670927382334,-1.1819977416881615,99,,0.7719869868363075,61.834174374113445,-0.6558371589162135,10.29147710307436,-3.942720988996161
1663,1663,10.365890321094003,10.171133322443714,14.828132763357658,9.786024564561616,11.266203075211523,11.016977434148137,11.026898883280788,12.126466331887642,8.944016016884019,-2.743423700374118,10.323734855100568,10.804561584540462,15.295696038489549,10.611027462143207,17.415233022861447,-0.6171399749627255,7,dessert,0.8071278615746684,39.853311120147104,0.20012693171360318,22.588724003540726,5.100009189618845
1664,1664,10.81915417037245,10.761036390056988,15.806628275089192,10.023915087547191,11.553133668506964,11.792048728618518,11.803247184290418,12.791137065178642,8.819882968158685,-2.7133857319070223,10.610384458644862,10.803767428665276,16.4172299441872,10.988913000577003,18.15195503687154,-0.6103519002960147,1,animal,0.8029070863016485,41.74469307958993,-2.8489418164981224,22.08170463676487,4.873030426494164
1665,1665,10.198255059384053,9.951964257473538,14.6342341468791,9.673424047715196,10.932104249041238,10.757159373486768,10.904222067073158,11.854095142152456,8.821506301159227,-2.6978936985533424,10.052452043709833,10.38075207369871,15.17459766538436,10.24185176539218,17.193882486286537,-0.5003082863694215,10,food,0.8467469040199436,39.11021319527276,0.7413896354069962,24.82871303152884,7.229974120985542
1666,1666,14.059684566857364,13.699099930685954,20.081594768142512,13.61389522444704,15.388097431561944,15.010695091152924,15.077198479210606,16.431158744863165,11.717925574392222,-3.694236595437702,13.97546136975531,14.071479453943038,20.773233939330694,14.28607033408032,23.92591265944968,-0.7382875713449611,9,electronic device,0.7895540496241945,53.93674562500279,0.6634050066283947,12.403412393651896,-3.0000898165802443
1667,1667,14.688247579734856,14.374623549512403,20.991804786212704,14.304435167502074,15.80518469494929,15.575850134905716,15.935054492081209,16.951796322931944,12.101444521188114,-3.836996356809239,14.380351834062054,14.597783687159325,21.755449387648177,14.525442216916614,25.0188580516856,-0.8693265409195369,9,electronic device,0.7164735075426439,56.17565638025402,-0.8694321708493566,11.413038269395322,-3.6589677476478126
1668,1668,14.796999441260134,14.77711432019123,20.716368222413923,12.365330805426108,14.7985203149336,15.733504739766014,14.82437190156506,16.892633385198014,12.52397416513833,-3.3965512516327685,14.442128912024035,15.264911359194064,21.40176127321337,15.000538581663765,23.395392471153052,-0.475571583221295,3,body part,0.8485971270218473,55.308774524721514,-1.7673647797193146,11.870239737605123,-3.3301179943867396
1669,1669,16.82329372168252,16.673304163035517,23.753107547354823,15.021952710795984,17.53137843238585,18.205080350848075,17.35822906737223,19.52422550695952,13.933775508765777,-3.8744923674742906,16.754056996167296,17.22841603446998,24.387755798216748,17.174580628229986,27.26693718116963,-0.6227327605912897,4,clothing,0.8530864861497083,63.66796927716783,-2.652592929360326,9.948753683112516,-4.01393022375605
1670,1670,17.21855185291594,16.744758427223662,24.143018347070807,15.197382692774688,17.236279051014968,18.574244948824195,17.786862917992554,19.505491207173392,13.887554683284709,-4.038353042680069,16.65155064501009,16.657863044141976,25.20264533186894,17.137595550015565,28.021173332323944,-0.591996145811498,99,,0.8402181663620321,64.25530445915327,-1.7619357280105667,10.741481715988545,-3.1342405393280384
1671,1671,19.03430853983101,18.68707957288161,26.430143315297805,16.453213773223112,18.55426098101547,20.16762766960991,19.374653902400272,21.217242262001747,15.100764865013264,-4.220764026964028,18.052360159337976,18.13779875058625,27.51863560485176,18.47276461803381,30.407300009795165,-0.4937701273093763,99,,0.8163409984333126,70.10924088857858,-2.257280745205425,13.391912253724886,0.3829318446268193
1672,1672,13.08975844532211,12.90945348233098,18.631482195362832,12.104857092800597,14.162203405601344,14.058621501860458,13.933931892634192,15.244389112452293,10.821659164745125,-3.4994881049112725,12.88654126038462,13.57989955863392,19.299300097103757,13.516820525488871,21.928665254954407,-1.0752755686183206,10,food,0.7927523848484788,50.08700916033813,-2.8400426933895675,15.510194879176897,-0.4633045852218345
1673,1673,11.856087303899807,11.619804391560953,16.952408177426015,11.22282531694028,12.981968735097254,12.794596749706184,12.711745437712905,13.907566634786267,10.110408474877344,-3.202555402868388,11.877855014671566,12.545708031646315,17.481231794054228,12.297887344452723,20.017050241391598,-0.9357537897252616,10,food,0.8173055389197881,45.746181554365364,-2.543312979070701,18.999707409238432,2.383499063614888
1674,1674,16.865525939025712,16.469065602645244,24.200281586567037,16.50861690361964,18.54668118688324,18.651577307831246,18.38890082056553,19.963523670167277,14.039506210678743,-4.366581288716188,17.260426812231398,17.586706756232342,24.895790795537724,17.36531563760042,28.840811739137465,-1.0759390138113756,16,kitchen tool,0.7873136767519102,65.46455966548275,-2.096996082684104,10.0249289903003,-3.6717492827798264
1675,1675,14.99342687290728,14.79831814590882,20.921698544669493,12.669907763408704,14.9691468563442,15.899594614939978,14.92058628547906,17.034611962711423,12.83281173875657,-3.448324748051067,14.65912330022072,15.223852445378968,21.674676910112087,15.194511119703073,23.80879365035732,-0.3043355743694793,3,body part,0.8829353569214602,55.89929040224704,-2.028349639415633,11.601861079356425,-3.511064062945005
1676,1676,13.515778134952775,13.365981985293407,19.55815178243133,13.084709900579384,14.80822206759962,14.872043772869423,14.87500546777193,16.036620394368548,11.278011011700082,-3.5541354676981425,13.71330905444878,14.25984349377321,20.144021932654177,13.822104736834346,23.084813425748447,-0.9867138511441896,23,tool,0.8227212833414509,52.63992579869364,2.2035942524037324,12.923633093303131,-2.6718780367420187
1677,1677,18.11287257642245,17.777554535593346,25.85605897150006,17.229372508871702,19.43696569531772,19.56764162049387,19.50332863668489,21.053562262932772,14.719011484837209,-4.626167234144439,17.89608698701351,18.159976310152494,26.75288175483963,18.25486602707633,30.57588413431189,-1.1103801657119865,6,container,0.7596588527170142,69.2650509298243,-2.511578354521374,11.308734263214715,-1.825238067512684
1678,1678,20.727645705051263,20.51592277196553,28.702906275837385,17.444198488527523,20.331613236258825,22.059219231934087,20.774305002908186,23.255209036436185,16.81666266564302,-4.5814203389404735,19.910463340619167,20.618922244440867,29.72366400791684,20.608535865457576,32.68410672560953,-0.6841363349560682,3,body part,0.8707863075449725,76.5500338431515,7.8956277864659175,15.776568792889378,3.721221010974755
1679,1679,16.973449254155476,16.55543242061008,23.668689037465093,15.257475259670995,17.362247890864285,18.533122116935047,17.54366519281603,19.35897800956783,13.75317053240914,-3.99499913412409,16.78962537664343,17.06864678252056,24.475731023933523,17.187278544853253,27.71993150362121,-0.792155589283859,99,,0.8097310622881944,63.718549494410766,-1.6083987788408258,10.545768316933863,-3.409426613687044
1680,1680,18.97854006354607,19.099473903701508,26.82370623711894,16.474539048288683,19.327895207663182,20.360334413476966,19.886004571034785,21.766372202701053,15.20493473750341,-4.53267668076716,18.29201048234566,19.56389501051154,27.675124134928936,18.964566159678714,30.582770885102452,-1.309256460735823,99,,0.8841353108038504,71.47185989156708,-2.1058265361555737,14.151582334768614,1.3443531617116644
1681,1681,19.142287538720584,18.969640392294256,27.500414046404416,18.075400635240108,20.08057637197607,20.880701400613205,20.871409111899407,22.26439315553052,15.84465006883137,-4.777173256222779,19.037500889640867,19.86612467064763,28.399108987550303,18.994009128272623,32.12456266265256,-1.182708411746529,99,,0.8322919155590739,73.60225900033245,-1.4097536027553978,15.58771802153713,3.0959186586557674
1682,1682,20.05287181147777,20.074885984870527,28.5651451996686,17.96988956106295,21.32997050568608,21.82938298748001,20.866279229715747,23.67805726970937,16.40933999010193,-4.572747520858968,20.104327892336173,20.657645749135124,29.16413714369309,20.71585904422648,32.521143483074404,-0.7682524693483478,4,clothing,0.7755731262788726,76.44076436490826,3.8241779464838768,15.743570686689713,3.6720443161536274
1683,1683,19.87918974142409,19.834580118417897,28.349245272169096,18.654532264387672,20.83754588273762,21.422533777597213,21.52761907198948,22.824613633479714,16.137235098021026,-4.948890677848949,19.420797703825468,20.48552891991484,29.258156275608663,19.65606558515428,33.179768920364246,-1.522476277560726,99,,0.7805978511246607,75.86540410376513,-0.11889890976579665,17.41488963648658,5.25817463758117
1684,1684,18.18544533508195,17.869502123234856,26.570418062111656,17.954703615571507,20.554052967657697,20.0205778986598,20.23463204816997,21.85863691279926,15.585016963936006,-5.092642875516878,18.629873826571096,19.492811607860883,27.403493335261462,18.998534491619928,31.565528630339237,-1.5617117627451629,27,weapon,0.7672659098127741,71.66409223636978,0.5625767425001236,12.357762889642569,-0.42100409913104997
1685,1685,12.616136930546372,12.489579617544925,17.98326889163538,11.344985992741274,13.290147311432234,13.475456558539411,13.101479529543193,14.699578520235733,11.032605737376054,-3.161860773529103,12.6080745903792,13.279916389590891,18.563001809085996,12.941441123038253,20.72240329503273,-0.5339112968013744,3,body part,0.8972289476771222,48.2164495799587,3.030472290791092,15.805591534102184,-0.44486554398196887
1686,1686,13.308766479935707,13.162516064461707,19.213720236485464,12.588385190346912,14.578477301854928,14.356617990096147,14.430553827872656,15.721037636879744,11.285688356478246,-3.567711993692338,13.285188825506378,14.058976093749877,19.8262461782249,13.709453080464842,22.484366886072404,-1.0213476377194406,10,food,0.8116653149144399,51.569103047345834,-2.502376426031703,14.421326064542741,-1.3327325488352777
1687,1687,13.007574076349774,12.767524068460686,18.67433399725041,12.273926915304788,14.05022386046094,14.068099392850796,13.995056083679708,15.26860220155996,11.038296482463767,-3.4035371967747565,13.006987534204884,13.592243037144163,19.276794079357405,13.316377252064644,21.882300749406305,-0.8403581557008207,10,food,0.8484211231643839,50.1483035160999,-2.8195914306988348,15.465674483209948,-0.49874965491624224
1688,1688,11.647132332734204,11.370198623023647,16.547081949751764,10.99539156423602,12.695789826948127,12.319502911522694,12.22554289388404,13.568352504993909,10.08520711752841,-3.0853725958022067,11.620615106456862,12.022655440213926,17.097665826768363,11.99020470080464,19.576948792265284,-0.6171881443060747,10,food,0.7831931086917757,44.60160342119628,-2.195823641490568,19.97319930116354,3.187523149347623
1689,1689,18.781417122413657,18.85076056024853,27.362423366751617,17.89850328994795,20.43891014611814,20.66709153860369,20.623870153713032,22.39751153285053,15.710207587012864,-4.677993697907998,19.01989895605536,19.952355019017837,28.023552563873093,19.16114041784294,31.626058647218027,-1.2129827191522786,99,,0.7592273074142454,73.23174497322451,-1.5671832700492407,15.302625650714496,2.7559674734648816
1690,1690,15.16260377053382,15.048979423748618,22.05541753147364,13.832166467788117,16.402103919831866,16.59545264741998,16.348785049355524,18.046912152752903,12.464123276772618,-3.886790361656543,15.021021960550092,15.459912477416124,22.84271413917404,15.771552336859514,25.328685232839536,-0.9982702332529908,1,animal,0.8303930048253702,58.55296381101945,4.179343353046196,9.87984697444584,-4.8401716480616646
1691,1691,14.679103644310809,14.425682723357092,20.97722358979444,13.566621725963074,15.210977457693756,15.422747993992608,15.615405723411152,16.87378467190816,11.90534784674001,-3.6199467656652087,14.054332316023904,13.987794896857894,21.866124031235746,14.321095567156682,24.411727862482334,-0.449205988576566,99,,0.8122320748986943,55.422246448566376,4.045392198597863,10.909562254204602,-4.273994669313685
1692,1692,18.541775703844674,18.482143988158644,26.13865849124852,16.172187358266772,18.901424930877088,19.865112870417214,19.254216942345053,21.252136775831445,14.943667154960467,-4.365658705966323,17.950119149799477,18.77300692501329,26.99453162916925,18.573976834877264,29.891137028462538,-1.0136772727675407,99,,0.811002831010453,69.64287784152293,-2.5156559182464893,12.981931035532996,-0.09609972511676723
1693,1693,17.79907988357135,17.68183904934975,25.247976095458625,15.97332091513457,17.965176951938833,18.970901594100617,18.71956016539027,20.343840744259147,14.66068945703099,-4.134691971940832,17.303438220692154,17.856043406708128,26.122661120877744,17.348853695126483,28.98585027178483,-0.6352321986344577,99,,0.7930764321869381,67.09449017287979,-2.5453765961039974,11.674721568983742,-1.7806269605603973
1694,1694,17.865016982438807,18.126022887371285,25.252603787144675,15.180987844077931,18.55635322121907,19.303947491100477,18.61803573298876,20.737324914525384,14.20748351841398,-4.347503532739766,17.350239224556045,18.91047557821251,25.92596158128516,18.357604763074157,28.612221860103272,-1.5677323798667355,24,toy,0.7503794956815004,67.53563656896337,-1.3816332221601586,10.607757833833258,-2.7822739560428236
1695,1695,14.59530748614549,14.366299321532408,21.113413271847183,14.11420773457117,16.325252245144547,15.45456870356427,15.853367019013614,17.2520590890402,12.606017143022084,-4.129730066042813,14.561865453429007,15.255536281103796,21.89226719991714,15.01393112112526,25.09060390978795,-1.1076523326771472,26,vehicle,0.7369236935955598,56.73392278517733,-2.3595166984641063,11.224118426563292,-3.765229901876875
1696,1696,18.184476675195725,18.11650123331813,26.333185059684887,17.01319569664995,19.87141911463215,19.53191967085839,19.7982201322353,21.491358071494734,15.12067177258217,-4.90521354316895,17.941342644020136,18.970228183320536,27.228625253467268,18.610559465301364,30.705406096428643,-1.4932585402289245,99,,0.7607206110030245,70.34088888446709,-2.4398557432066745,13.346589703099632,0.3719074135745739
1697,1697,18.661019581225855,18.41635665967258,26.92278833410386,17.70766163624565,20.205682472283133,20.14495289743381,20.298878380352864,21.924440582870574,15.651432074205225,-4.923078919405192,18.58107377020676,19.377875013757382,27.831203680459023,18.914726422521035,31.58244273788892,-1.3206010343919357,99,,0.738523202419223,72.09123538504967,-2.0050468890232107,14.483501439374374,1.7679778502771573
1698,1698,12.681003060964372,12.533854337524296,18.50832504398688,12.34446311389535,14.483910795111566,13.544083235793622,13.968513625351935,15.252398850314709,10.910951627803062,-3.660987641589336,12.76469427656164,13.498333775396588,19.10110249764705,13.22263436379859,21.899358526626195,-1.1074031670414544,26,vehicle,0.8022500479604848,49.76219812415929,1.1199107474646972,14.888379357267695,-1.1332120740602747
1699,1699,14.320005050367804,14.202095386838035,20.84741948672308,13.684288931932636,15.851892883868612,15.35477889907098,15.774921310699211,16.990986658037443,12.168223251666472,-4.012729735463295,14.234340453403416,15.162149298538871,21.571827355540517,14.662751445192372,24.48369056207522,-1.26854073734044,26,vehicle,0.7351232002584823,55.81441431964392,-2.1447067935004087,11.56141829001773,-3.5640737213336333
1700,1700,19.07874724147268,19.2270608050296,27.742310239395973,17.92532480528542,21.08216643459836,20.569326529733,20.897966444538376,22.802514490911367,15.810459229796503,-5.058589829265595,19.01473131321517,20.314441987233995,28.45635862129713,19.56430219564478,32.12352420223366,-1.5983002166601827,24,toy,0.7504808081878419,74.21877776314078,-1.985772560917705,13.970193849530691,1.5696770991524005
1701,1701,19.22783009575128,19.080518763507747,27.84595195677857,17.951863910269903,20.849546243658235,20.8643422899336,21.03714897665116,22.783177195443816,16.19437241866207,-5.20844079904711,19.19633954822182,20.524878644690645,28.790250551776666,19.670806549604343,32.452478987603605,-1.6128073799408935,22,sports equipment,0.8178731762912542,74.64003911109616,-0.8294065089424949,14.440007142166717,2.101862923992913
1702,1702,20.335240733134416,20.22231869401607,29.607904360659237,19.50086336759461,21.695933006572027,21.87453918604904,22.497061943702352,23.81304111930005,17.143923305700874,-5.3060724777781685,20.095335790355183,21.057418052103976,30.6778347379162,20.0870509891188,34.56165514201159,-1.332533889883159,99,,0.8293815901990301,78.81750433774609,2.1127818422326587,20.043062563515072,8.323439568916575
1703,1703,14.557176673113643,14.360127079172385,21.339086597800424,14.137550563585323,15.375101800587895,15.764316371450937,16.158810541500493,17.122998058095394,12.588250832348564,-3.694662852391352,14.58135731719772,14.952040264299429,22.12366687408256,14.239870519517735,24.83046754735557,-0.551114608731379,99,,0.7929557621865315,56.659632541018425,2.9732604579488644,10.570013935116599,-4.430333908633413
1704,1704,17.422418812717776,17.07032148832786,24.79185472366765,16.363538344069617,18.196622014394677,18.90030591270903,18.722511555592117,20.00748401788715,14.163600120075982,-4.326186712857267,17.10956844756188,17.475499664385776,25.72629880219,17.340626882513295,29.17210767609278,-1.045742963078654,6,container,0.7627599181514458,66.30086578363174,-2.214995644280302,10.250240592967074,-3.322613050722696
1705,1705,14.632644930607633,14.327614046716642,20.849136734633504,13.72619253483034,15.361302270401804,15.570443055629289,15.617693874466234,16.877308976509923,11.987017774330596,-3.649999275530435,14.280572853445982,14.367253588264262,21.64047242405656,14.45294887204408,24.47462725830077,-0.6231784089984279,99,,0.7768333059312477,55.54572696362761,3.8833736073026213,10.799837313159946,-4.36543691615992
1706,1706,18.705961625877677,18.42540272005441,26.944732839297224,17.45943736322729,20.3725094084053,19.917066824849933,20.038146104693524,22.076539801000827,16.070805125170963,-5.052098135612958,18.626989826136835,19.504724337271345,27.896508748303077,19.179702115583492,31.512304848883787,-1.160982496901277,9,electronic device,0.7662954659034203,72.18238940842191,2.8833970002804357,12.599394415122102,-0.10263278441564339
1707,1707,19.318581039245217,19.60369769641268,27.94870689296369,17.67626917669404,20.656998973929383,20.949059139493137,20.97837223740704,22.815513316242598,15.578250336264842,-4.739044844662146,19.030404239551096,20.24389038651486,28.6589496656267,19.507045186701696,31.916771768184045,-1.45184238140031,99,,0.7559656133187402,74.40265378203688,-0.9941373199984564,16.217607987371515,3.8443161722166774
1708,1708,15.707671336495764,15.628234909023163,23.07678719079999,14.971884939993858,16.97360906535182,16.93826378882916,17.323386814457177,18.608699555863566,13.685401147529443,-4.183131414825343,15.683812102708922,16.507905131252635,23.962701487040853,15.848724777560122,26.76877559597101,-0.9528358068165574,21,plant,0.6870650832434725,61.372245152959586,-1.9942416079382044,9.8770277493902,-4.425564215895731
1709,1709,16.27718116236502,16.195811536709304,23.665102320100807,15.620712957796025,17.20311280589572,17.618816383267273,17.83754827488833,19.033975369613326,13.937075721777545,-4.057474876111424,16.265472270671168,16.88465017526571,24.46781448300412,16.086475090301235,27.52716281585681,-0.7462757503257258,99,,0.7228680871973556,63.064815342582655,-1.3656465673916456,10.394367288345718,-3.657620416252616
1710,1710,18.467161790510044,18.266806699359776,26.598353875544287,17.521442261889085,20.004465130234323,20.37558577395749,19.975993832585296,21.92590996202827,15.409807886448036,-4.605388108997512,18.8090941741179,19.378224001061223,27.312676592188897,18.968366812508247,31.057397161356608,-1.0152552600198934,18,musical instrument,0.7725331937494594,71.5420597124694,-1.2031999653610166,12.235964689231286,-0.5608706021860819
1711,1711,17.097340975990498,17.17044989068474,24.74679665955837,15.642338814688657,18.8976291322309,18.14566458015644,18.510532564083974,20.33445093949639,14.585726795991954,-4.849959951195097,16.918976427401443,18.617666152200822,25.54110268139929,17.727003634326927,28.728189953635905,-1.7299498716078945,26,vehicle,0.7581033687663707,66.39448838025334,0.6279709885011542,10.227156080919436,-3.3318356728742167
1712,1712,17.740574731135787,17.396705825226555,25.701586921466813,17.740357552197892,19.769077393341647,19.763724979692284,19.62826901596685,21.176421778827187,15.04765179896586,-4.6424826624227,18.38567643681883,18.884126229742265,26.37156798462231,18.33930085558364,30.65008110208318,-1.1946295282544368,23,tool,0.795603477948912,69.61238137787291,-1.9824665234392143,11.426045600204526,-1.6565005086260438
1713,1713,13.105566310687658,12.771285873325656,18.67100903122577,12.984303116900705,14.586235657433368,14.28947054491838,14.209096980745468,15.357224227508484,10.908044879515096,-3.5068552799842108,13.294294399281709,13.587697473424203,19.23091074383107,13.531314185498896,22.55658658658825,-0.9873345089006887,99,,0.7845867165386453,50.68752825141232,8.401752114574471,12.681341037177102,-3.203244748031196
1714,1714,17.053657969718817,16.85252386092081,24.91960841275535,16.61440980514701,19.120565173991167,18.65753220225346,18.837296028236143,20.55925877942948,14.49547262754332,-4.608404911098117,17.396403282388103,18.053844505680114,25.648489963761108,17.688267248875587,29.285119057950705,-1.162958999505294,99,,0.7637172786563031,66.93925589260621,-2.464946011420537,11.608698134068947,-1.8696345956459357
1715,1715,13.468964208945511,13.408228882893866,19.531156211057485,12.59519577204187,14.969032364055284,14.283536163841095,14.567115932178329,16.028330185225283,11.462842003333389,-3.744863944997866,13.333060045920664,14.195698250953743,20.17397476863909,13.941550244256344,22.772224320981717,-1.0869060018550596,26,vehicle,0.7979317430536943,52.25128264673133,-0.4843555880617014,13.339208978136142,-2.3138451893357157
1716,1716,13.43505523818366,13.399469746211189,19.57654322083214,13.378366841950436,15.410474440682853,15.148079905445838,14.949804387060103,16.46406164492185,10.97444218134574,-3.4363432605561783,14.098974787308972,14.47078660076058,19.86349730405805,14.165035466407474,23.09988858199489,-0.9680854866986426,18,musical instrument,0.8029161522871515,53.092065162110245,6.630509721586921,12.776200322816145,-2.7523664337599136
1717,1717,17.600826724029332,17.398806058254678,25.273597671345804,16.42511569491126,19.13800372052861,19.5060307070398,19.02559468092054,20.86230488691925,14.187814573788105,-4.426698696153291,17.69931761977303,18.314127079677338,25.98956312494516,18.2943063274646,29.44712164124298,-1.3421789582618553,99,,0.701832156778975,67.89716037525532,-2.6306643291675718,11.998878461544132,-1.3376256183721402
1718,1718,18.61162516761799,18.18688761870276,26.928540221479512,17.624745097158325,19.91292807928073,20.14780171233877,20.197969764160632,21.78124970345744,15.797298753441508,-4.89735520873791,18.482938859330893,18.93259436355925,28.039593491736294,18.8503429889994,31.587658555018653,-1.069878836832801,99,,0.7877685157387588,71.81638063801473,-2.0479512472965773,14.325007278792986,1.5687883193652166
1719,1719,13.60546601324072,13.26418999931178,19.72632243596624,13.6517123974489,15.07791368554284,15.038448836330131,15.062538882622368,16.183179932171107,11.635710247188172,-3.604110564892943,14.028625853889167,14.302346112461777,20.3234845693642,13.926307137523107,23.587647614262163,-0.8103130557252575,23,tool,0.7615502969302432,53.30667072192304,1.666398545424121,12.636032207829727,-2.860759755602709
1720,1720,12.672662498600316,12.555832673842694,18.310354044317243,11.822348535330663,13.985067759009112,13.50730874476235,13.780667640628709,14.966255290778678,10.6126078379488,-3.5772041941006023,12.461820464907865,13.330226718668442,18.97944474638852,13.067423333559027,21.475588354081715,-1.2251829427289294,26,vehicle,0.7493818681318682,49.02899630195365,1.6674284835654323,15.326315539435349,-0.8038347579976453
1721,1721,16.52824290327265,16.494063482844684,23.96563832590116,16.176183041477643,18.611808535996683,18.512727605487083,18.2613502690424,19.98164419594876,13.4812435450913,-4.2069290029115605,17.105033563281925,17.725085447917145,24.400493700777048,17.27589617229705,28.19556879445196,-1.2805510259439017,18,musical instrument,0.7975258267620271,64.84372197783625,-1.6402403283902034,9.996287582364069,-3.7923127691465517
1722,1722,17.032556250818374,16.689075927422028,24.286726022742165,16.24005133785053,18.065004944871895,18.42787366545442,18.359527730124533,19.72119442455748,13.840110457136545,-4.2336030426470606,16.854510888037986,17.006617392143884,25.13886461554974,16.958100686837177,28.685895071079244,-0.9095124069099292,6,container,0.7600154663287715,65.02984233677694,-1.776233115357563,10.003658395311765,-3.7573847209141977
1723,1723,13.162829486860486,13.258042859878126,19.255124895378785,12.911028673700285,15.06535702311828,14.686877107947373,14.633428065930811,16.165270385686284,10.710420566854069,-3.34772113526916,13.668103127876313,14.152560085031425,19.522517100541247,13.799269178652615,22.46341860105864,-0.948647460957963,18,musical instrument,0.7838015073097321,51.94972397693169,7.722446115828858,13.362753735508125,-2.3349496216767474
1724,1724,15.077988451675468,15.214380013773198,21.28301100277456,12.992084727530996,15.650241203167791,16.310397593961813,15.444600209440637,17.558103568581387,12.369070885645112,-3.404589300217624,14.940938450953723,15.84899892529891,21.73746828294907,15.520540604232206,24.000405093389872,-0.7475550979986968,4,clothing,0.8674381466869793,57.007813436121694,-0.08081900412948428,11.154196267844387,-3.794599435652975
1725,1725,13.643552038576631,13.42878882026259,20.363221088309505,13.269896131895768,15.677469190329491,14.724404489273205,15.310192562070396,16.651333868596762,11.964691867916278,-4.047569653328676,13.73267735778317,14.39998108806564,21.178765810715174,14.36960890130265,23.812067801926364,-1.177536552489994,26,vehicle,0.721857991330071,54.18037021954825,-1.4545123671473679,12.404497333233195,-2.9629334858237453
1726,1726,17.73804139802815,17.905058182744796,25.37608427224581,15.962908049475924,18.80202678411932,19.02751726577445,18.89541759902456,20.644386212740404,14.345191124064748,-4.415223366824185,17.2714875566293,18.395135074581884,26.15809887869861,17.987384030174525,29.166246445190964,-1.3806839525421393,21,plant,0.7581372558949842,67.66823139354067,-0.5619602874675698,10.457649884648728,-2.9127497338775825
1727,1727,17.537592099875308,17.649553673636245,25.28996462512256,16.284501792293728,18.365919941114942,18.89770488591493,19.2438371980028,20.31338090742868,14.327669358624131,-4.48304103454424,17.063174870568712,18.374763264017943,26.19488155739418,17.318917131350315,29.30758114711507,-1.4580053372592248,21,plant,0.7766679380656867,67.39113901531216,-0.7401210058256744,10.397130773822786,-3.0142955217736116
1728,1728,15.385621141362158,15.26017694107699,22.41620105735955,15.1892699790527,17.1400225962662,17.212376579432345,17.13488572034293,18.531810421114,12.845233255827983,-3.980052822520788,15.925954610223414,16.486245349148298,22.94689608806377,15.886560555554713,26.442457886940005,-1.093600683265449,23,tool,0.7883871320304204,60.520262000980686,-2.5293801421268647,10.04661786428378,-4.38211989349511
1729,1729,18.265701444225016,18.02901881989296,25.843809174240103,16.363639020562953,18.729684922752163,19.599904863392275,19.30149567236281,20.86810805418101,14.53741794677833,-4.465959779886435,17.56262538485455,18.123797503714137,26.84164447129073,18.1574342144854,29.949556396208703,-1.14500451521996,6,container,0.7945678684691135,68.74597153288823,-2.5507499528012048,11.089649405081692,-2.1211785321693544
1730,1730,19.99389388804941,20.078202326249556,28.392561341482484,17.563405416059172,20.884244637260405,21.560347420417735,20.654866111352703,23.364862128422264,16.687460335753624,-4.639309478762934,19.88281063344348,20.893117900962512,29.082354313644476,20.495987328467315,32.22023206534033,-0.8449070531297624,4,clothing,0.886843543941008,75.9517456925486,3.3859518763515215,15.394081035198226,3.2501498901951997
1731,1731,17.300804750443426,17.17402730930337,25.296730716889357,16.607491567130158,19.123404535737667,19.07388615463794,19.286802264237696,20.741077050345325,14.213094503927254,-4.644766225372823,17.382600700349638,18.20797742918064,26.106368772936413,17.811125704451214,29.564934432622515,-1.4817180108615795,99,,0.7617224220287183,67.67941209376993,-2.5979718855607166,11.917487664312333,-1.4512565244231759
1732,1732,17.901739307325624,17.957561327544845,25.799023544364346,16.941532439046874,19.080787153240465,18.906791873835616,19.411662290704168,20.73102207433693,15.108018337081685,-4.612648917847731,17.49207430723272,18.58150517995994,26.662261045409256,17.70563413974569,30.08291667881812,-1.1913083477037951,99,,0.8404603557716152,68.81375191964041,-2.6045009688278826,12.492643913427852,-0.7081483669179232
1733,1733,10.24132127638994,10.050703531607397,14.933630528080542,9.4660285084595,11.125075899643724,11.21769276108888,11.080841739414604,12.199500819947948,8.443594433840873,-2.6571409940560646,10.142530130260624,10.246396244322405,15.514928783937853,10.66454431806025,17.23787518194132,-0.613541658943984,1,animal,0.7987575754456372,39.5811115538539,-2.415141721255992,24.098791363528807,6.569774308973951
1734,1734,12.079065482355327,11.855068909001291,17.697700456031598,12.010628713332824,13.516896976958606,13.071906423164789,13.41228398351393,14.481084577077878,10.499949547343968,-3.3212762157171185,12.310843142014232,12.6492543577932,18.29371407073665,12.326458140528349,20.975467344962706,-0.7061234338480104,99,,0.783159641990456,47.48244922352789,11.494936271014208,14.428581314200287,-1.9305528620600683
1735,1735,14.157962585618025,13.956832950519384,20.36703155841933,13.511539072986348,15.5099632689156,15.684516509932063,15.454633437478863,16.823513530747682,11.087069901455257,-3.571319787465598,14.155738444332814,14.270237940910595,20.975589033350136,14.612821463919117,23.93665977336412,-0.9631598803622272,9,electronic device,0.7322567642635917,54.59611227258902,0.1907326731727803,12.111040855650264,-3.1948346255673457
1736,1736,11.230502406602122,11.023224924853052,16.337009104857948,10.512776868156188,12.218464471447843,12.361972192705904,12.21489288486545,13.353357337076533,9.067508900458671,-2.886704453503642,11.12866072519195,11.131807105191598,16.974335003620094,11.644515433247529,18.992378572591985,-0.686013748413585,1,animal,0.8020998140221505,43.37190398120228,-2.946465634557433,20.60535249675122,3.637605361458821
1737,1737,15.903915785319889,15.753076571095333,22.31673050303539,13.912364514339544,15.962200143048438,16.936887765145208,16.246370600184243,18.111059456260595,13.14681146230825,-3.537654463907712,15.516053959302551,15.906117907929548,23.03760599295395,15.754724894644978,25.46377515535613,-0.3702894035204708,4,clothing,0.8307736590402097,59.46534113545403,-1.5119738062943489,10.385488791489056,-4.199441994626284
1738,1738,17.249131451154614,17.222516684124955,24.58606428024862,15.596200236391638,18.32519877188328,18.64737595388045,17.93406972985696,20.312818629095,14.40470285277047,-3.972154019953195,17.327122330221627,17.791254446460513,25.13593701227325,17.706320046513596,28.085480911032256,-0.537765762652866,4,clothing,0.7938087853679643,65.81405121578192,-2.50089209819442,10.192871623201421,-3.4520604522224723
1739,1739,17.766196139764713,17.582774889371986,25.457823916723918,16.667802693325758,19.00971939843776,19.53126481619786,19.148357082903928,20.89881078860821,14.588671909549149,-4.4001003738759925,17.883521588955613,18.45117953404315,26.19645944372112,18.105521775768832,29.725396358997543,-1.065075893718726,17,medical equipment,0.8182144796794991,68.37893565241436,-0.9807617773030346,10.669919316074461,-2.5952524563899786
1740,1740,19.336347498471586,19.6592218758376,27.98119673444298,17.963692700608295,20.21510151561963,20.587150497581412,21.152613096947928,22.44943074082472,16.004017663918813,-4.791439140296501,18.81456713024204,20.254467350739443,28.84555097179741,18.850480114535745,32.13896961576788,-1.3213529678602796,99,,0.7653796889853622,74.3323328507924,-0.9974771921340402,16.196334519315794,3.8126308907582214
1741,1741,14.240727964799296,14.219263595139072,20.62473871397186,13.451940395005046,15.39833035848575,15.17978093203779,15.515643391881538,16.792320268358186,11.438362335946282,-3.623930226067063,13.871219564537691,14.143883963406884,21.295038363575514,14.228063240246842,23.952145350802525,-0.7833201243553235,99,,0.753209716178788,54.694421308709316,4.651388661815911,11.068379396999335,-4.222940313670689
1742,1742,16.993564649516593,16.943872477688608,24.590692034853955,16.202008759962517,18.71600085033666,18.725538196915885,18.421374264467104,20.39868150269769,14.0724408376854,-4.203089507920045,17.366114407099175,17.8301227646531,25.129451498143467,17.566734902722594,28.585166593491213,-0.888406665797363,18,musical instrument,0.8075532673036927,66.07688759789448,-1.9913146748089092,10.085158599246752,-3.5208575614192483
1743,1743,20.784186267036173,20.55506978181917,29.9958745965805,19.373769743018183,22.59196112668277,22.704592047652586,22.26507200146513,24.66036936166817,17.456148007286465,-5.235758232159935,20.931901077028108,21.59896850102673,30.905319516318063,21.567207266641205,34.76327724156627,-1.1845065996285504,99,,0.78706899603715,80.31986155492457,3.3519670711058662,21.405823979562417,9.908642052405579
1744,1744,13.585548090279028,13.471105089868091,19.175179329441303,11.91181354735624,14.092064888375443,14.430683060487633,13.805743081423522,15.735228615375023,11.67071226404854,-3.2022896466659003,13.48646857109613,14.032530612456137,19.741601082950115,13.875875136065217,21.894518080891256,-0.3710991918824693,4,clothing,0.8429495958601178,51.338398967400245,4.3585660502116195,13.769132576949557,-2.0190843985140265
1745,1745,16.510128575682256,16.5704410674813,23.238293177908368,14.049372929561049,16.729983864740344,17.4978372249536,16.747796634236376,18.984540887417936,13.631476136244808,-3.697817094389402,16.053073689293477,16.780489771618463,23.889963985668352,16.59551580073019,26.151470561401297,-0.5152175768165781,4,clothing,0.845182465097868,61.81458200755176,-2.3083795543868026,10.099086793298858,-4.138012171401593
1746,1746,15.560826672788284,15.325479476546407,22.65985009264665,14.977776431091582,17.620571009767303,16.966039360671576,17.070209314121048,18.813295878478183,13.400946248365772,-4.379134198496829,15.933168971516128,16.80429625650727,23.346674926478784,16.390035446895894,26.71072434855783,-1.2702532017699022,26,vehicle,0.8028562505351472,61.1437245844479,-2.208783776814391,10.024441142759887,-4.311985890917821
1747,1747,13.8100859260621,13.645133511420273,19.53060580680408,12.944803209106407,14.98920779810956,14.92516377817702,14.404362037542878,16.176144796400543,11.6184932002979,-3.340262234822813,14.004620050366396,14.373943589879838,19.952481781731034,14.283428031913918,22.880825402037683,-0.6312167318695998,4,clothing,0.7954601870373712,52.815705125551766,3.1595422639446475,12.907951286587606,-2.661533715547744
1748,1748,15.943012075417167,15.473193056139015,22.21879179898397,14.089948588007475,15.818149058401197,17.12585091432427,16.46954889025543,17.853556259501627,12.695336259822264,-3.7365509267487385,15.277858185436733,15.322334598296472,23.22454003507928,15.693154722522012,25.92393159996168,-0.6761697311167069,99,,0.8195620202186807,59.17773519016688,1.0554202777912458,10.258486862385768,-4.369027253939409
1749,1749,16.98594362834801,16.857314846073482,24.23937862816073,16.072610238923563,18.28251697627774,18.881249208916504,18.37143270626423,19.967693411685232,13.286618852755366,-4.0268503837052005,17.053571446398237,17.344921790385726,24.810548781229837,17.338098225222502,28.34513186743792,-1.1453026525698964,6,container,0.7067435895248835,65.15766759059622,-1.747163489387856,10.08034581455521,-3.6617713195005717
1750,1750,19.28836637124164,18.88929511645255,27.648030211064427,18.41084017825093,20.95731605218437,20.933575555733174,20.82344515831458,22.68481353592517,15.961524173263244,-5.020904037808816,19.308274770869357,19.691225218780247,28.56749105067353,19.68924442238123,32.67327447695012,-1.159589130034955,9,electronic device,0.8049676667455873,74.25964297270394,4.497844450953739,13.932250891804289,1.5377847003293788
1751,1751,15.018243581175064,14.850721475889484,21.53286039642122,14.418787859618762,16.486663620892525,16.596661004993717,16.430267198348478,17.64481172208362,11.913334456635448,-3.8911541155338014,14.989989364338166,15.51775362936764,22.161601742391863,15.50024773127959,25.4898648583783,-1.3873994454662022,99,,0.762716937811536,57.9647742378943,1.920748033363049,10.31733944930999,-4.489767327071954
1752,1752,15.568216648421116,15.466934662911282,22.52042915125093,14.562317787405611,17.12763251343491,16.569881151732634,16.885410341781338,18.43553595136501,13.132799126381368,-4.287946479073469,15.382853873322253,16.35431874376232,23.28144940444109,15.972237402216605,26.300909002267595,-1.2721778005887032,26,vehicle,0.7625816799951798,60.2553550336604,-2.4220233140021623,10.102012515253485,-4.365947730965354
1753,1753,20.76826224848932,20.694149947024812,29.392672703404344,18.774697794597248,21.53785547686756,22.75997660751844,21.99063654396545,23.99717476689724,16.10784041909373,-4.747642941738103,20.343521918098865,20.770638059236877,30.22401343788472,20.86819412161676,33.91160137813958,-1.2263621983486357,6,container,0.7378114025979882,78.47360833478697,1.9238802819700727,17.686024259638998,5.9154835517879825
1754,1754,12.092509367601412,11.9849194440816,17.25281541687073,11.19802693534906,13.158552369312831,12.813442884348513,12.803318858010837,14.124814884750704,10.233116316565008,-3.226192709892746,11.92510063473166,12.630502799711596,17.818386364139617,12.453926802001927,20.21204474342736,-0.8820642702820022,10,food,0.7770000976523951,46.347030325019965,-2.6904899796109065,18.49439502189984,1.9671491682769862
1755,1755,19.706502241587145,19.834785562707864,27.81630895987665,17.27280407732003,20.166962433552243,21.297069805872567,20.42478881577915,22.796409971471547,15.902661034991477,-4.33423510853855,19.417339547301225,20.27387653089942,28.45284599081372,19.746894383601063,31.513815823947372,-0.8200804491845058,4,clothing,0.8037594131905751,74.29865023849634,2.073111778894223,14.160656055641212,1.7719653333700478
1756,1756,21.64586279723837,21.460959727906506,30.40664553528916,19.055507042807307,21.56288625165871,22.76317795766744,22.431825596482906,24.41324541800087,17.520581318153706,-5.0041909387467625,20.626876787893387,21.2074934988918,31.581179253425592,20.979702138792387,34.9321722469615,-0.7726440655041478,99,,0.7838331758100694,80.64561799598792,3.7011361608810134,21.77672236391893,10.327772381633508
1757,1757,16.069751065850802,15.992969281127552,23.2689176008631,15.038927654146388,17.47149391169975,16.975220946842356,17.404138608656986,18.94069503782141,13.494189936496186,-4.303026453136834,15.722230911631264,16.528099539291745,24.0558245310479,16.241903393494702,27.033921053801265,-1.0788043939894587,9,electronic device,0.8307697314506027,61.93825589859847,-2.385440781386581,9.89414694294601,-4.32464069604273
1758,1758,17.331227123945894,17.319054154856715,24.99715888818596,16.381660902236828,17.919091328805735,18.376038832868748,19.0110553464558,19.926564381291204,14.315434086186526,-4.325791599920767,16.781493101335073,17.573321977904058,25.910466804189824,16.579746524613704,29.059335759403385,-0.9815340794894652,99,,0.7817787903153758,66.30411178505325,-2.4065254814016708,11.381366510078369,-2.1910065261946947
1759,1759,15.343389384049004,15.247828444890688,21.80798046338843,13.75886408334285,16.0174121650754,16.234127378797933,15.821554844388729,17.82367767308018,13.169436666380738,-3.638555644581132,15.20688107127934,15.710144731260876,22.467675921650248,15.48771251577644,24.98009302089251,-0.3664234849337766,4,clothing,0.8063469035533699,58.227546578381826,-0.8996191490126666,10.670374439594628,-4.097825904120148
1760,1760,17.68784669563707,17.279642899501912,24.481555705883626,15.296521896954982,17.46674741605067,19.130919122224267,17.96661506041724,19.814040933086112,14.11194246695084,-4.036909832161192,17.07016182550141,17.299461949334813,25.476959758375838,17.675288732757046,28.413463841210984,-0.7172231649274157,6,container,0.7617513556058799,65.47084684170594,-1.7936100059007583,10.215660525630769,-3.4800868595258407
1761,1761,16.394957171093136,16.417716717369302,23.66590548695104,15.072851028040825,17.363741089569025,17.35962108070891,17.693836932651724,19.163302422440434,13.268894196013855,-4.132664919630328,15.808414597384196,16.368783041980937,24.485689924148065,16.264423461942293,27.23915303767465,-0.918760497443393,99,,0.8381523578205372,62.60428460777945,-1.136711708552598,10.328171194631137,-3.7920033213779387
1762,1762,15.712450977883943,15.660183175619304,22.66291569677304,14.72451530105249,17.275199726178048,16.719243889833542,16.90823220369904,18.641921886258096,12.859381905723051,-4.094562433314976,15.46624303526704,15.968926674286466,23.329370756615905,16.068289065587447,26.35759927241137,-0.9660863217000124,99,,0.7593679865195226,60.45259910394954,0.10810181243043537,10.1134396019097,-4.325316417085434
1763,1763,19.78258640657282,19.66173496772845,28.79582574553297,18.722758010275555,21.89816295435789,21.64659865612412,21.600686977734565,23.707949221559268,16.475927300808234,-5.191239464792957,19.916117633410487,20.74322674200547,29.65024613357507,20.5827548564463,33.47145479391581,-1.420375318374975,99,,0.6760122143225481,77.06434028623228,0.7432546012730299,18.44502664143824,6.4658277759616585
1764,1764,18.20093156682744,18.35448693878089,26.41355745949334,17.365602324818546,20.23087315221652,20.349748106365773,20.054767714240967,22.0140560327831,14.480524886709995,-4.479392043888058,18.598684185579696,19.3785804927612,26.843568283098072,18.89938944571813,30.601449496341797,-1.392441193037756,18,musical instrument,0.7876147807647988,71.05900546470083,-1.3822441228914917,12.080080975947252,-0.7882759890622761
1765,1765,11.403486812963168,11.127934161809929,16.413569452769327,11.447196856051466,12.823853755030852,12.454605255225012,12.515579407729524,13.495096350324465,9.492432289543894,-3.0498111314409417,11.61286412840353,11.7483519211573,16.899466503686092,11.738783249656464,19.76373281864766,-0.7998473233823037,23,tool,0.7559011386455637,44.39055926434208,9.709147905982922,18.51843117126249,1.7015075325032605
1766,1766,20.746680535638685,20.53673789311275,29.31902991168076,18.486222064358756,21.687715273045136,22.07566232951868,21.39749128415684,24.00638067755035,17.24068609631486,-4.9827285214258445,20.371694568928888,20.95635904294717,30.27119338866129,21.08687443788008,33.78362895313513,-0.8098322803329709,4,clothing,0.8149549231520192,78.34518491244998,5.52438507827633,17.318643207381882,5.529087951710606
1767,1767,16.32324862248572,16.25429264582861,23.568806024676192,15.08692844409042,17.893800581029463,18.304106359756428,17.932608370308316,19.53690673741533,13.104219330933368,-4.350159915898248,16.46768060103628,17.67190594194306,24.243575242953785,17.201195868177408,27.428768088233557,-1.7379530266141665,22,sports equipment,0.7501237771187786,63.51478756267996,0.8075846904571078,9.848285862426055,-4.137078338911504
1768,1768,11.270751413492878,11.024115448309065,16.567087356153475,10.505528277845103,12.315114564052289,12.418100783899444,12.333631822451364,13.506034943031764,9.345397171914648,-2.971879543315159,11.19734522440588,11.264056965747946,17.259875372907658,11.767943993008778,19.123044864297423,-0.7021277732398378,1,animal,0.7130890260842656,43.819282604073614,-2.927766066579781,20.20833489202399,3.3068272484344874
1769,1769,11.190421269696234,11.013565699500694,16.061440444581127,10.50623654812748,12.194413039253265,11.859350077104716,11.935727142126169,13.13153556000129,9.660367981715137,-3.0021308035774106,11.106316311544225,11.694864252304535,16.57882058762441,11.471428519199597,18.801148986955827,-0.7145039805510622,10,food,0.8522052559843257,43.08636255523436,-1.617937132336328,21.267835531117985,4.257810741174048
1770,1770,11.056602274153688,10.884506806118631,15.8377027577487,10.456076876320353,12.124209283507955,11.821730074562655,11.777141597100728,13.014928024281602,9.54032609561676,-2.915197270370207,11.100671421702671,11.669529046314128,16.279948969704698,11.41558902345599,18.570021956692827,-0.701780740055607,10,food,0.8492465724975353,42.65768667774356,-1.4089517036193318,21.6470087943088,4.573513666761247
1771,1771,16.44134147026997,16.152246526760507,23.477319757315925,15.510053933817586,17.3532211420732,17.370519422769753,17.647946854531735,18.951107547663497,13.571624391450634,-4.202177893484291,15.98847659453034,16.32214519622505,24.37438790274798,16.189006309473633,27.60288601255337,-0.8371472501593474,9,electronic device,0.8575199725392281,62.56536348996691,-2.352118304162728,9.865071844080225,-4.260865385944699
1772,1772,15.50481596933842,15.315210646574842,22.714468870564183,15.21850631359774,17.297094965652597,16.707148498887356,17.230996126604033,18.534340600381505,13.633345779608003,-4.371934076846531,15.74537256329134,16.676497410851457,23.485558525490724,15.83247286891737,26.84029304201269,-1.1687032366440806,26,vehicle,0.750748920080129,61.02317631134426,-2.2407594268289506,10.052159475235818,-4.3021161008796085
1773,1773,17.490251494816928,17.270451421238295,25.064748387594747,15.836853758181585,18.623938564751708,18.63268443722273,18.357896645167685,20.51750809985518,15.395935483791554,-4.577512025522173,17.50271373101679,18.49106435665053,25.952414212939065,17.958330880318265,29.015437762152924,-0.8590285553818365,17,medical equipment,0.8238807619423795,67.19385508687799,-0.34975332723441177,10.410519777842616,-3.030116646429036
1774,1774,19.075317252206315,19.203954848077945,27.16194093762424,16.606091757589148,20.11686756540736,20.31244534113653,20.0438666282045,22.27312824401301,15.663167002020252,-4.88851327361324,18.572988110114576,20.105141093127436,28.00119727437137,19.50579814116486,31.033220010378347,-1.5223193651126266,99,,0.7562324118909785,72.55203342205401,-1.730733279223232,14.885433575481294,2.23813637492486
1775,1775,15.840821350122896,15.76028801806943,23.01472991795954,14.913306620193293,16.55568526930148,16.811511044767062,17.349762237589797,18.39176479243106,13.460314607517017,-4.0593057272864455,15.45251496242448,16.19822961261085,23.90895462384188,15.416288943445096,26.64412570312578,-0.840080685069911,99,,0.7419141289176294,60.97418053571275,-0.2058444820829166,10.180869229547879,-4.180660728219918
1776,1776,18.03852647671873,17.770991718075404,25.7261468083388,16.464903121098544,18.884819730938982,19.23881377713005,18.917657994090607,20.953129574848223,14.775012901279576,-4.2746261892978525,17.644850636637614,17.62986164873954,26.607485278143372,18.07721022186348,29.67001409647392,-0.4907269293688641,6,container,0.812336803258325,68.29706089671966,-2.5027188540635805,10.917414413790567,-2.359879847150653
1777,1777,17.086733139001648,17.258337956079767,24.577701380281592,15.62223332612379,17.31121012784993,18.153882600805662,18.50029568217956,19.65832171330749,13.824072143917215,-3.950496137460638,16.460676317091306,17.20458173254906,25.355758253077585,16.26104620574877,28.004512816626463,-0.7447908787488183,13,home decor,0.7074842075223174,64.90341766393422,-0.6072762562364034,9.922662379054907,-3.8570993474033894
1778,1778,13.027040421663465,12.87444465167822,18.81317085000022,12.311603414810202,14.07600004387381,14.182180083978944,14.234088328753751,15.306401758167668,10.929727225312869,-3.492258385399575,12.963472862636282,13.74516807455973,19.47746934569465,13.323058523227289,22.05675457074496,-1.0621797395336798,10,food,0.7859252328081341,50.449352719685194,-2.7653867287795855,15.240079848789021,-0.679770531889698
1779,1779,10.792237681944876,10.638429614166796,15.868168694615951,10.134319083996832,11.759926867246108,11.933258983119616,11.873920205033246,12.928114954126691,8.915612646540737,-2.804143631077214,10.761538078232196,10.912424632834847,16.48015280258591,11.19853571183029,18.315177939470683,-0.6758157631818615,1,animal,0.8355345446167013,42.03349839092634,-2.8856911294748224,21.812473779772084,4.64656047949131
1780,1780,16.40464922224371,16.169677311316395,23.91554858422409,16.47494754144015,18.296420124545616,18.485951207508624,18.4225887621715,19.70475582746205,13.749655845575129,-4.298189288679042,17.059911910522423,17.634014029342243,24.503577837094824,16.9286532554175,28.439734057440624,-1.2442146479387406,99,,0.7794992049203248,64.71521258875896,-1.8434369811735776,10.900799641608634,-2.9068279860755677
1781,1781,9.21676550323175,9.066060961275872,13.33894377419218,8.526514561087621,9.817451378637635,10.144188556310118,9.901060238352704,10.868886521761391,7.458979627581844,-2.246217350501451,9.127029938051567,9.06613562449478,13.833089218304828,9.461204722646926,15.4068961664662,-0.41234996839526,1,animal,0.7805003675542829,35.36602066694406,-0.6477316144844583,28.193345683288115,10.04023649836181
1782,1782,18.71208177362737,18.631085408873428,27.126433694488725,17.85073844231913,19.88511518909608,20.06005702103016,20.55355057833984,21.89845872076404,15.78992052339197,-4.800556981722665,18.541629954745105,19.43904848455157,28.017179318825097,18.41025045145056,31.604476680403074,-1.1033244338984796,99,,0.774698987691483,72.32263938105183,-1.9170514493059079,14.667946251578467,1.986684655096866
1783,1783,21.199882785574232,21.216758826741643,29.863966648646574,18.514267883084887,21.490401867964398,22.49923095586744,22.007205338146715,24.201307078243577,17.10875253307316,-4.946746484184306,20.40748819278653,21.38495489883861,30.822760329581303,20.9580829827999,34.1150735536113,-1.07063536123258,99,,0.7969019856108625,79.45626319133562,2.6404613771589815,20.635577133476794,9.010529649685981
1784,1784,17.917775578151918,17.545984397205594,25.46183185210365,16.651025915372827,18.887617077740583,19.50275678405696,19.087581902573252,20.765391385011725,14.284334314013549,-4.372587907200307,17.617910789454367,17.698105603166404,26.362708193386347,18.0934469437153,29.823525310760747,-0.9420713988831962,9,electronic device,0.8007455053612172,68.03583244412576,0.046632255819492485,10.636721469531127,-2.6792506339209776
1785,1785,15.156244621957994,14.873912884264488,22.082467671014488,14.100008206768258,16.518165846157544,16.60124612095591,16.45025305306421,18.01686115882309,12.49319481834336,-3.997245154100399,15.014105368485405,15.2059817124265,22.988895396579487,15.78042994443138,25.657753776055188,-1.0046644568313432,1,animal,0.7757805182658155,58.63661287641104,4.245339654788056,9.871304209684462,-4.836329217622165
1786,1786,19.73193394822878,19.54805620784226,28.14883848878909,18.11031644748636,21.174811842586983,21.507604271146995,20.857671900921968,23.252021069245792,16.186071793157414,-4.836329870058101,19.754372382943664,20.32969094545874,28.93856962165406,20.37324444262564,32.62662239327522,-1.0217123293903376,5,clothing accessory,0.757226838202448,75.5302351946364,-1.418540613328343,14.861822583219165,2.655482016527772
1787,1787,19.79142596871563,19.54808861448677,28.09084032007217,17.72779269853055,20.770727897748056,21.52976324917011,20.814338133790194,22.93793576368889,16.019528907277717,-4.859456776581461,19.414442639823385,20.146885203908862,29.055092406371,20.324773141239294,32.470522663498855,-1.315582266167012,6,container,0.7771391005585486,75.09189872397104,-0.4809842076412636,14.83665091148675,2.56540964653364
1788,1788,18.98548908966257,18.52072100091223,27.0443179771636,17.339403858935132,19.919546267261328,20.498835169470805,20.07905905972177,21.960762105725237,15.577314709310697,-4.7722408430414,18.573724496322864,18.84229868043512,28.148986236670435,19.28339221339928,31.53649320554344,-1.0110387508904657,99,,0.7799394396589668,72.08160735433457,-1.9974907505608135,14.490640437691845,1.7736913091788757
1789,1789,19.16938043453713,18.65324342687925,27.199918904069342,17.914802135409605,20.196805419866266,20.82925448433004,20.39669761954771,22.099884163159764,15.490133443549569,-4.763078998363833,18.84965767618153,18.932020658776757,28.23811175347423,19.369983841984617,32.05590099891688,-1.052577464215945,15,kitchen appliance,0.7466844371516806,72.77455886265079,1.2090201578035487,12.890765129796673,0.2764153507810594
1790,1790,17.809224114200056,17.34750284527819,25.572393722193063,16.44069505145767,18.919915738238597,19.443497772636587,19.04030819892785,20.80078819579771,14.842691647661244,-4.569949317194755,17.643824982547237,18.006336721157965,26.613304881743804,18.3015386853398,29.831881092164156,-1.057939803063087,99,,0.7351601819589626,68.25362764715297,-2.6536969111241238,12.165736529854389,-1.117988517510728
1791,1791,15.652128273811256,15.245669341120005,22.13998272870116,15.00084553268715,16.589786160611602,16.978136582917895,16.820212601141925,17.908723719315553,12.298322377548285,-3.867277246193276,15.28720017310575,15.23547435650168,22.93902702227459,15.628479385674517,26.37141427681538,-0.9972473815647498,6,container,0.8321766464073984,59.312439793829554,1.791169108982297,10.22709277710982,-4.380476791084316
1792,1792,20.31843359993333,19.877496351821677,28.904401064567164,18.679602693239,21.35121459712262,22.09332476092993,21.557129292369478,23.50461356595902,16.586729688504857,-5.0808941543449135,20.012365345449183,20.342527071002117,30.052443808988627,20.649325518396065,33.850153751571845,-1.156785491162273,6,container,0.7706155738432617,77.27812917793294,0.9617250440859753,16.60692401953138,4.659379030199101
1793,1793,13.240797176269144,13.16839580501992,18.850289572451132,11.994882204628093,14.30876758763004,14.237355658741892,14.014777595668724,15.458801558452173,10.865531553873394,-3.479140788067145,12.995023655082804,13.851853316815124,19.4535440616594,13.767314213859605,21.934820946206063,-1.1665619250155734,10,food,0.8426775138465737,50.5975956934316,-2.733230299081894,15.13736638381191,-0.7605349391168783
1794,1794,19.81008806216868,19.64474030176168,29.025249768593767,19.117949482780077,21.723184775430173,21.698818524686374,22.039057370557817,23.639242024816948,16.680918653260417,-5.279025832862396,19.93091327512073,20.80901010328733,30.007089691646826,20.187569753794733,33.90985942041849,-1.4505372282116886,99,,0.7629456377163432,77.52669618033288,1.100956899354749,18.86904480882129,6.95830299034105
1795,1795,14.737129855512215,14.796464190028898,20.92915974772453,13.213557435131293,15.216326340519204,15.638313255218243,15.561705367048337,16.885483401210603,12.188719059496542,-3.5970051046110045,14.25738110159425,15.307085072253509,21.615826427010425,14.658972822209137,24.042893065387315,-0.9643060304066188,99,,0.7724793145028541,55.84310940999877,3.6472500599933113,10.741813500370078,-4.37942987659801
1796,1796,17.399188716400968,17.210219357969056,24.300306474356155,15.168392936425326,17.033828586694643,18.265243632610694,18.007350881608502,19.40110342684432,13.737755084889235,-3.976367132255676,16.3261342654971,16.726367450354314,25.2991451766741,16.658123947273836,27.93392247553712,-0.6964789962721355,99,,0.7362242510460147,64.30275720172818,-1.7113834104491161,10.830327284438068,-3.038369052814085
1797,1797,8.635883934446822,8.524598243999192,12.60139590674886,8.039632940299077,9.25232695564382,9.468780099395262,9.383690483465744,10.217186241043953,6.9800111155681,-2.1459088521242773,8.493854312111962,8.444944082576141,13.10459259209233,8.831930362373283,14.531517194323175,-0.42500826962333,1,animal,0.7797541078797608,33.27017439412847,0.875575121609451,30.273196937119565,11.80977388223743
1798,1798,15.281556604281066,15.209294120326756,22.502536244185613,14.748114737556758,17.09691013425895,16.73408921663521,16.911212085876855,18.47717540676228,12.910085827809414,-4.03407073058837,15.482953091793796,15.979897001655203,23.17059955903908,15.838428212426498,26.133954371101957,-1.0012665671296994,13,home decor,0.7657528872327961,60.02789751597847,2.343717115783404,9.978649001774766,-4.522988916073874
1799,1799,16.176198143212147,16.007992113788607,23.21853118315701,15.0927231524288,17.466196872423396,17.52252846558061,17.286442332815575,19.07837165059361,13.019369434538222,-3.972825655996478,16.002372613990744,16.125239614630782,23.92589788506663,16.541275828975373,26.96472181020365,-0.7721085445823197,9,electronic device,0.7264553243489934,61.91577558586154,-2.4912024430264683,9.889706143069862,-4.332409961815303
1800,1800,15.899258067552266,15.790000912022148,22.28861575125115,14.244693023754438,16.495023105015957,17.2876756676831,16.567746541823723,18.29916717607056,12.453931625920932,-3.59860999533582,15.607277496678956,16.05913490272575,22.84645812038547,16.052295314797068,25.70928832593932,-0.903736428513554,7,dessert,0.7834663237537803,59.77957384890399,1.1821705077172755,10.051004303722188,-4.4874007564168945
1801,1801,16.91199021598351,16.631982636658016,24.485280164435984,16.279454581251493,17.801471968567437,18.528654312648907,18.616941073308343,19.740108265503,14.129526426804642,-4.231325012679013,16.903928903561745,17.29813335760867,25.34875972746753,16.71702736488182,28.68062335517289,-0.870386276546446,23,tool,0.7546146773280921,65.3355119976539,-3.03772746646647,9.979911125959564,-3.7358741215834126
1802,1802,16.02986856134515,15.983660817618285,23.16557643379574,15.05327664874442,17.15763035999626,16.858276245714645,17.257461929482186,18.657231141974485,13.790194374342716,-4.220658454768044,15.702806499959625,16.51989830264422,24.068235085568684,16.014185277826456,27.01065240725978,-0.9082556262639688,21,plant,0.6630476325527376,61.70028948872976,-2.071917361816225,9.848347562586817,-4.405673709003542
1803,1803,17.326935999424155,17.07141575240991,25.152392562491123,15.98669897191435,18.921910227032978,18.679559449882237,18.47247238505617,20.67490370476116,15.131581072681117,-4.565060053725459,17.464088373934935,18.17465094006762,26.00872994427566,18.076786111968865,29.03438370721873,-0.8956019677158894,4,clothing,0.832307199419237,67.20932019853227,-1.9865654468792249,10.536697581870671,-2.9016490567859847
1804,1804,10.514339451177277,10.250209532679271,15.852096241675524,9.911571746206125,11.798257822340508,11.692637222448292,11.806169752811604,12.91899958278618,8.966680397881147,-2.967555998252398,10.53839723372569,10.604177863221976,16.61510151117403,11.19718938703019,18.19503494785241,-0.7228411383202057,1,animal,0.7894415567416134,41.66683255542895,-2.775296721037355,22.195697193968822,4.975494847840746
1805,1805,16.214541284978036,16.248549934688167,23.479380918772563,15.38300393691594,17.363128742996892,17.306187209832235,17.60925658129654,18.990559287048928,13.804389095144591,-4.106757415998176,16.079823829357455,16.926888313128007,24.20598124582398,16.153062563553156,27.254606153449465,-0.9011399261865032,10,food,0.780764949819828,62.649747825256824,4.4781390064117215,8.985186520395926,-5.128256649359832
1806,1806,17.44948406607872,17.359161095981325,25.42078205059522,16.674360069872577,19.073273004466092,19.17703261573806,19.32160158030628,20.79431612787187,14.526842866229924,-4.607517288434955,17.569417100997427,18.51930704642737,26.20122892224295,17.83691170659499,29.66554292724701,-1.383033208540429,20,part of car,0.7665092841119799,68.1011272508903,-0.531092105381358,10.575860027837885,-2.7304444370865593
1807,1807,17.958160996496463,17.592669906256567,25.826537540912263,17.263560564968362,19.597508623029867,19.204648441739295,19.45277603106497,21.012436887209013,15.345410576811217,-4.904556148871783,17.91584700215992,18.58651450595531,26.823624183421497,18.239248940208267,30.70494210844294,-1.2241052466873588,6,container,0.7712350078604892,69.39258762432765,-2.352841237598244,11.404398476464106,-1.7106905965806867
1808,1808,17.306884187756907,17.04032551518933,24.834322981454463,16.086885100827814,18.823058478462947,18.49611311178724,18.490082399379432,20.396513711557205,14.859844593993614,-4.689563024947334,17.305458465086264,18.20258411135135,25.70072621466164,17.79031630809026,29.132396179345616,-1.1621266007922326,17,medical equipment,0.7764102849787763,66.73750313951638,-0.05564872845189672,10.202057839438147,-3.3061466792517162
1809,1809,18.558695142125583,18.18263778628997,26.53273433722324,18.037393650595217,20.36963277127376,20.23137215175509,19.96632368368528,21.900905097546616,15.658654944607964,-4.716936277442333,18.94157400550091,19.35342737178828,27.217444456920244,19.04295930745348,31.462027668130645,-0.9925515705428528,27,weapon,0.781472904655098,71.75285185552562,0.6237450790385832,12.358884263398915,-0.40674085458326736
1810,1810,17.720162274815113,17.516844038667983,24.80061314593425,15.677614895511562,17.959868148019275,18.876490255395968,18.40059406173004,20.03249919909124,14.21888345880048,-4.195633871954287,17.014280754141094,17.72580314262358,25.6871500702141,17.55980981193745,28.686745391737432,-1.0371762963978148,7,dessert,0.7902651643074438,66.20999280587058,6.27253088278435,9.895948394097683,-3.6903600271534156
1811,1811,16.258146329304857,15.974290456493884,23.26163378251144,15.574139569032852,17.739065236920336,17.71038222621953,17.57373744747348,19.13310958511634,13.466919265730692,-4.220130435859867,16.369717546781228,16.879357597424036,23.95573180618628,16.645546717656078,27.524835962138525,-1.0981359312273649,16,kitchen tool,0.8276551208657069,62.70830709552476,-1.5155735180335324,9.749447152850552,-4.355325651137292
1812,1812,18.66041321843764,18.376386448670967,26.726766470202225,17.814125080798227,20.6622612340157,20.450032894926466,20.04313779041011,22.20029622924753,15.542060027869104,-4.826657761627657,19.017187678128284,19.60120985568705,27.41609074252344,19.482985521328988,31.52678214557608,-1.217882117052728,99,,0.7826192881539973,72.24703627312795,-1.8319813354009158,14.640139472438936,1.9476839762401426
1813,1813,16.62945931692497,16.449104452751406,23.554264153363015,14.978907000947098,16.699208857033042,17.56585073132741,17.614615956424164,18.85310033884419,13.10415612406626,-3.9076163819162666,15.749978955372836,15.8943525443148,24.519318389725672,15.95521732560016,27.20290463403139,-0.6488475981389118,19,office supply,0.7637044651056353,62.195637893437954,-2.0585060354696285,9.918014154399414,-4.262665153882278
1814,1814,21.73735225929663,21.688962253798763,30.693267560149565,19.09449923162509,22.450787403729407,23.671232670442205,22.925091528784204,25.0407724763702,17.04705436795491,-5.290934515281909,21.073217620016543,22.28486130695233,31.70214025967269,22.07370607247173,35.331423286344894,-1.7494117348585352,24,toy,0.8461413648068137,82.04195665854577,1.8065334100211423,20.71672715941871,9.474520992158029
1815,1815,22.109891724568783,22.37335314095988,30.96722589676359,19.42941495921616,22.412532199067478,24.23186407472148,23.343763190823253,25.15453810878254,16.627798963001847,-4.960550388341441,21.29883485735159,22.63148440169329,31.731260904222456,22.01267230137379,35.50856272125904,-1.887417856529097,99,,0.7482588106035729,82.86652231940371,5.765013463543125,23.961910024535126,12.8417901784767
1816,1816,17.48380077918075,17.618853388730336,24.355722833288368,14.574621913249972,17.435299211608818,18.6360892417873,17.49633271987012,19.92020095929645,14.136660805368768,-3.733200275491861,16.94507979066246,17.74876767009397,24.97443485529323,17.573665048319572,27.318023677985916,-0.5744520044922552,99,,0.8858876569975964,64.92777919410385,-1.766493837021092,11.083910650425402,-2.692244074506572
1817,1817,19.73942452953265,19.68464502475815,28.956574009930765,19.05286044501993,21.604304376398527,21.78800083148668,21.988478320411105,23.661797112066,16.71329574805611,-5.136770631619145,20.072950690375787,21.08893664558931,29.78795760502392,20.12050428937275,33.661372787980724,-1.3762811648563649,13,home decor,0.7617800646445004,77.48658756908225,-0.49449026719157274,16.59014164410669,4.673461289705582
1818,1818,16.925202970628018,16.787905683056746,24.716839473444683,16.333415348665305,17.997214206809197,18.238788990606388,18.72126519292135,19.89683815197639,14.442913347521806,-4.325116249368596,16.861392794612645,17.440045679680367,25.59167494104657,16.631771175511364,28.781111442475105,-0.8095067548244019,99,,0.6848244885058168,65.72383074923283,-2.296741953903563,11.132988883640653,-2.5253013576407266
1819,1819,17.80814881646013,17.538570919946782,25.70178003675628,16.702404687526975,18.570864050373142,19.24821032292065,19.378074922948663,20.65505358339515,14.715334966766624,-4.445898262731278,17.471767322339105,17.863499977393186,26.758493334732908,17.568139176405914,29.91065601889901,-0.9090147773764096,99,,0.7225151292866313,68.25310554804095,-2.630119032372833,12.208186914379555,-1.0756154356952372
1820,1820,16.091492609965663,15.807434255954371,23.066404559908,14.940633012076828,17.131077682259154,17.14377422125708,17.237633389497603,18.73617108783416,13.434096824888275,-4.1970967131359,15.776614630088892,16.299796132155866,23.963275740007923,16.191638150792183,26.958058806856027,-0.9423492088882838,20,part of car,0.649435628026099,61.53510917315314,-2.656746261574318,9.789825853080806,-4.488652242290929
1821,1821,17.265765138667188,16.836052436368764,24.952084333677327,16.68784154031813,19.015200066528404,18.974414235086705,18.85246421035753,20.514225692597705,14.591757675565471,-4.630039461680546,17.54421731404423,17.997483773416675,25.810465184319792,17.879418866949436,29.56416083466245,-1.1531303783403422,20,part of car,0.7458873722078694,67.1770103598309,-1.0461964356201143,10.331256202730298,-3.111874274901151
1822,1822,20.878256985485827,20.775476381324207,30.188096081819825,19.16939087061416,22.425469372180302,22.57956750002921,22.540885949224663,24.56964268790153,17.50930478607746,-5.483827772737561,20.62407688784652,21.85517556657512,31.23456017078947,21.40496642100215,34.90984111182725,-1.606698763976684,99,,0.8205021648860478,80.53603707641503,3.5277392281972855,21.612186693281643,10.14701200994489
1823,1823,16.264934342508138,16.03151809904264,23.135765502031465,15.093912761218892,17.48848834331431,17.888769564090016,17.185332557302058,19.087655309104203,13.22215980248554,-3.883972825349765,16.33858504559285,16.64487073394431,23.7262212956897,16.864291140083502,26.90698461979189,-0.8928093929931474,8,drink,0.799042241373386,62.18538787894023,0.35266931197563967,9.76197428747072,-4.4202226519975465
1824,1824,20.17739343423532,20.012843986952145,28.871865281360087,18.711004212708296,21.57450668633428,22.11279592470301,21.62855640940999,23.663942323039425,16.240323522160296,-4.920183839804253,20.0523084115932,20.626274093086224,29.69864058413991,20.638196682822173,33.51444385184682,-1.2908349625646238,6,container,0.7672961170907258,77.2725238359212,0.9727098815143229,16.59266524920926,4.64429032526076
1825,1825,17.05530163241538,16.660624980501034,24.062344184390952,15.90083272558257,18.09575147260306,18.60916629772212,17.96667242326979,19.7183833898894,13.78538883075522,-4.142869702753911,16.952447236651786,17.113360963627077,24.829382173125506,17.43109799818964,28.34442322671361,-0.9264869177294408,6,container,0.73539201092145,64.72725086955221,-1.6626006362927521,9.94320427706779,-3.862640946272629
1826,1826,18.051130114272453,17.786453598654052,25.71834515858921,16.708138602845526,19.252834803620686,20.03306123636736,19.315847959130263,21.13588184205614,14.55335547508242,-4.387607893013717,18.09617714013443,18.723718262798783,26.44159928779055,18.64378503820921,29.929470723676943,-1.2827451242665286,6,container,0.766109528588258,69.15835279674945,-2.4827839583447604,11.251787806220443,-1.897982396240666
1827,1827,13.675837959341264,13.391904837578457,20.31841029846564,13.167142883900064,15.596945714035998,14.673722420960958,15.151238521117785,16.654044528528285,12.162277594226683,-4.033582314277356,13.789835942598971,14.373999644123206,21.16365448171728,14.40170959820712,23.74632853004653,-0.9927140066185868,99,,0.8286022195124504,54.101253919908324,5.270041046492166,11.326822189966386,-4.052322696785447
1828,1828,19.813432913169,19.893015189943764,28.52630238476205,18.621341872105432,21.351751503497603,21.34952979793369,21.592739189010608,23.218298873461663,16.193852041919857,-5.089667684359758,19.53188843852489,20.77693942729846,29.313649314893155,19.95306355479042,33.19322247537622,-1.613483420680517,99,,0.7970916792631024,76.33122202826732,0.1888688290773537,17.80320705580299,5.715461696857323
1829,1829,14.14339261543868,13.889557985214251,20.28662944829876,13.687507870654574,15.48470430459395,15.54721834564841,15.384118546783627,16.688538887130044,11.68665396593242,-3.6656966138138256,14.341025381331235,14.7008614124106,20.892907038081727,14.517716552162428,24.08657219947998,-0.957863823372097,23,tool,0.7608429538270559,54.743311860522226,0.525068662348211,11.881957833532377,-3.4021230750679905
1830,1830,15.80705504968803,15.38714467036327,22.520123329592376,15.29183571107191,17.298030956634065,17.428514179373536,17.09179281589844,18.52817292037924,12.83553195339712,-4.083457673054781,15.929458994396391,16.17393262018211,23.22835306419084,16.336744468440966,26.87836047466079,-1.1457977209560408,6,container,0.7608481060125983,60.84691128542803,0.6977868318995117,9.927568324013423,-4.452805293279637
1831,1831,8.427673322253508,8.27743530014273,12.184384857719936,7.720894711287759,8.829683672217302,9.31492670254019,9.07364390343784,9.877375380270488,6.669328319382789,-2.0007049046028573,8.26198439234448,8.149838170100368,12.659371162943426,8.56620365965586,14.00731071223584,-0.3833274582312788,1,animal,0.8379997738346707,32.18167926754506,1.7951416368119304,31.359641348406377,12.735054214107109
1832,1832,14.230131948055789,14.265092431623795,20.043262235811117,12.017109916144474,14.388294510356069,15.208319808100152,14.286836349514957,16.417695185829245,11.965790281875467,-3.123995157156916,13.997597320185042,14.560021593419362,20.596777968644957,14.48745020000294,22.46092657244203,-0.2728573500103198,99,,0.8551180504349819,53.37786931460611,5.9510226051340585,11.644162519326056,-3.842087682948865
1833,1833,15.706561583859354,15.631048759545518,22.73855857861857,14.99451474346635,16.45132821296976,16.956650779914156,17.276164013690924,18.183444376707055,13.319724356949402,-3.995296627523377,15.524280478496133,16.400713209896164,23.546326999918392,15.40595316144537,26.532970656838312,-1.0013856770598757,99,,0.80166909165167,60.64630758958121,-0.02179854691724792,10.146148007654014,-4.263927267624695
1834,1834,18.80801724161148,18.42845491463892,26.93444672675194,17.721748644177445,20.09755685594973,20.58560868250338,20.079610071993965,22.051221160353368,16.30749329452816,-4.802318128230546,19.157726556986717,19.8992805762439,27.795322227480984,19.300622067455315,31.62194748236142,-0.9636784776569608,99,,0.8202534851042554,72.62628187693741,-1.7009322828267157,14.911624318851516,2.2753204462275534
1835,1835,15.709901123504087,15.506957694342027,22.727244697822663,15.4155774631728,17.189944728035318,17.169578183970042,17.30804116972895,18.52338389499565,13.061213712498407,-4.068404765197234,15.841909682532917,16.275045050455574,23.400998622534576,15.880907658715287,26.89479937628693,-1.047203803855706,12,furniture,0.6920670524032128,61.032812621062725,-1.184108762190946,9.89705960642777,-4.4557892044713245
1836,1836,15.437971668157717,15.197050533122484,22.421863277819952,14.619716026480797,16.82164935529731,16.74738032452159,16.717046058420824,18.29051173810468,13.02139428305541,-4.006577996288318,15.419812530290248,15.7364573480137,23.23463238792569,15.87805426467305,26.139196357541767,-0.8496966904959817,1,animal,0.8576510084174952,59.78349834074191,5.210304789294366,9.40784956487511,-5.129974429626845
1837,1837,9.427675636591806,9.26097963113017,13.427481224738814,8.823123389049705,10.399392700948818,9.903102984000036,9.903767212483142,11.033978475045172,8.191733176148649,-2.5753220309042457,9.361247167017352,9.879632410989586,13.855506955905708,9.798365305981957,15.829177613888913,-0.6401956589719813,10,food,0.8284816339623488,36.19109845471219,3.139963637401154,27.558790286198683,9.527843248686445
1838,1838,22.24154488394472,22.43796354545244,31.79902239174648,20.245739063785937,22.729427530624505,24.00446399036079,24.10822251593645,25.635215562302616,17.61288937628075,-5.237899284424939,21.55520393936024,22.800312101342566,32.74433701019216,21.580003230050483,36.461971888010815,-1.4580417669930692,99,,0.7804281672542265,84.52662453604374,7.216908167745277,25.52770150998695,14.653378672062978
1839,1839,19.78768201188218,20.001642101569253,28.3508256681417,18.157366169017465,20.96925592555757,21.453189496223267,21.245280734901304,23.172237460812735,15.966190330014632,-4.729221585741155,19.5699546805892,20.64174156315972,29.06058747128861,19.897495123550083,32.59238803932039,-1.2869448667440857,13,home decor,0.7433390075458769,75.79055363367873,-1.6262298016288863,15.169135538993414,3.0013380769599607
1840,1840,16.684879946232993,16.54651173646639,24.96597480012917,16.166547379111403,18.84677086855663,18.154836417580235,18.81139692803471,20.36168507621954,14.716524641932455,-4.781502793367847,16.905303380518276,17.862900934170188,25.900946359262864,17.351050972430865,28.95318725767977,-1.3013556519363012,99,,0.7213864778123692,66.37217454153131,-2.2797951871831224,11.456929394566702,-2.105366176752698
1841,1841,10.405900474708604,10.097868425944668,15.001763542120282,10.524630607837812,11.716606127231564,11.570417957740672,11.488710553093735,12.41265245274208,8.693035783910037,-2.7824093319560177,10.779467777254624,10.822617805960007,15.446161252974774,10.79161782530782,18.1410166219,-0.6845337227556388,23,tool,0.8316944742249621,40.72479421929257,13.279287363453973,21.530806101729727,4.171124269188503
1842,1842,15.297678826121718,15.156507577722277,21.7416789144566,13.535552377975822,15.89541122179297,16.488345681715213,15.83711734794293,17.79623726169891,13.122868599541697,-3.733620214130537,15.25249733032099,15.973061049134856,22.458221504040143,15.673061799001998,24.946528485891797,-0.6143870474791078,3,body part,0.802362077971834,58.22369908218976,-2.7008766375909783,10.612028800034427,-4.156741209236685
1843,1843,16.771106178173174,17.072029643558274,24.35338003754035,15.37951827797198,18.202868944114265,18.29949273917764,18.38280124352811,20.02461546082709,13.504671064560355,-4.289944973851585,16.63809743447913,17.935870271885854,24.92564385359105,17.138590020779617,27.88612029486363,-1.4968470878421396,18,musical instrument,0.7992990324102066,65.02352341370123,-1.6299906686864567,9.921975270031073,-3.8400034346008773
1844,1844,15.583332865642875,15.27696526003383,22.933823293167823,14.708663166088758,17.27663947722905,16.987649773233233,17.226692916617328,18.740309226155805,13.32383792867942,-4.372512626289874,15.596041123722204,16.287536032711316,23.875749009637083,16.24410137085458,26.67910542871098,-1.25045193844032,26,vehicle,0.7078021197561754,61.06362953715275,-2.231138396547146,9.988187588507415,-4.360098427583665
1845,1845,9.560706265582244,9.414931324654985,13.822712073891845,8.867775833681463,10.259647377864772,10.521763480202246,10.292523912860563,11.299194453529084,7.675109132301083,-2.3410039323129186,9.471202787329542,9.45514665222314,14.299666031019653,9.841420941336285,15.979091440243415,-0.4992880456413982,1,animal,0.7610259035471744,36.705586726846725,-1.3874069197841497,26.874951288861702,8.920180089646266
1846,1846,21.03371098512347,21.33418988458468,29.758973539824204,18.647131094051502,21.591632461207706,22.416584007323223,22.06152497612687,24.20463538145996,16.82038628523768,-4.766852918675733,20.40131236398095,21.59222412170496,30.47643914395233,20.76115778774268,33.84608924064515,-1.138505368599763,99,,0.8392366699286723,79.30355012394752,2.510060273350579,20.492495486412608,8.844837096684326
1847,1847,20.13869752570483,20.13023718214816,28.60151582094149,17.958278602200192,21.317584553701007,22.203366703493128,21.437309287701133,23.580613381963595,15.866709902070914,-5.002508283394322,19.88718355959658,21.090183169483616,29.416489908517853,20.820260235725,33.02227798622288,-1.748936398850898,24,toy,0.8031291446876105,76.79046732913305,-1.3345456842368328,15.986175340333562,3.9664264696891234
1848,1848,13.568747672526111,13.25878608362153,19.250436816322075,12.564774383270263,14.609213725995504,14.68689816125099,14.296716067714469,15.82908285198924,11.296954921330268,-3.475900242662007,13.514823920889446,13.945386182147915,19.878376135519424,14.060973047833842,22.599038197032797,-0.8510805958884313,10,food,0.7658811531774898,51.81145070772436,-2.4159740329123203,14.240161092227448,-1.4780151945972158
1849,1849,14.921170007058398,14.633777433809362,21.650874844673474,14.768087911729836,16.49953170513504,16.35127392361348,16.351901469902398,17.763639223745777,12.814988387984569,-3.8609863594632863,15.320796735418035,15.602577752382835,22.26072733065117,15.26852116801742,25.627509988555698,-0.7558918397456482,99,,0.7226549088779289,58.3010651146751,1.6854516103821382,10.280408684579527,-4.4769064039490445
1850,1850,13.01823203375664,12.812386596221664,18.52926611866848,11.963673743947316,13.994430796816186,14.18344202970997,13.884427430738818,15.20582705045997,10.567923864746431,-3.3741879806300763,12.852427527786462,13.45619626231127,19.13884097262361,13.485203452494932,21.670620445945055,-1.05876254536518,10,food,0.84315811785324,49.766644801018245,-2.851035215506788,15.752074338638169,-0.26885871162319397
1851,1851,11.92528137463335,11.88139765294395,17.304028514097848,10.89338907535116,12.537720936970969,12.957829395986174,12.941221289356037,14.01601828604216,9.54783154174098,-2.9093832721508965,11.621120299122971,11.852559705401196,17.925066858532002,11.951698245111077,19.79034787355033,-0.6580162325616582,1,animal,0.8001629173143788,45.6833259412251,-2.680476128827067,18.57683261485328,1.9513177810511912
1852,1852,15.527318819832791,15.295517910773754,22.05500956842205,14.387151350736254,16.56353124011053,16.658019576378564,16.289212098674668,18.114058853284437,12.91533814744982,-3.7970609331515512,15.46871864701983,15.699404958834377,22.73037897750162,15.7892250626659,25.745594831083853,-0.6082686394233972,99,,0.7974675868500317,59.13888858885263,0.9911471802276317,10.128700141590194,-4.504565655736023
1853,1853,12.018895576778592,11.78532050619925,17.209610519099872,11.344064381085476,13.076351957026098,12.635946185663096,12.722162858161266,13.991415305478307,10.419878548006034,-3.2435817575797645,11.87416415776735,12.261135187357604,17.900974202080583,12.282942702484286,20.33978862271165,-0.646542802501847,10,food,0.8232370288350045,46.12318448737835,-2.6183203583003607,18.691527017652277,2.131138242693517
