,Unnamed: 0,0,1,2,bigcat,cat_name,cr,radius,within_cat_distance_raw,within_cat_distance,between_cat_distance,between_cat_distance_eu,between_cat_distance_resid
0,0,-3.7614872671200015,19.30509292759825,13.653060604596003,1,animal,0.7797390820360361,23.942461512481987,-13.343422024345763,-13.343422024345763,70.84948407349778,30.497747143020497,0.9698450957777567
1,1,-8.105233799099627,52.75588978289798,39.952770835378914,13,home decor,0.7984847327250593,66.67160279420055,11.155165603598292,11.155165603598292,110.02304248231309,14.79994402153661,0.6358793669824649
2,2,-7.722493316785251,52.2884646433165,38.62474039337661,18,musical instrument,0.7528452093783106,65.46442551675598,4.460485201607057,4.460485201607057,108.51511268070341,13.942604114539025,0.24411019946028034
3,3,-7.315391716032814,47.24941997167918,35.072683067455394,99,other,0.7618513406522875,59.29684427665008,2.193398428080272,2.193398428080272,101.13210064036375,10.999105527086876,-1.4363331159981954
4,4,-7.045226212338438,39.68312652477723,30.1585120202684,9,electronic device,0.7944662057985066,50.33807297107401,-4.971031756466928,-4.971031756466928,94.30856161859593,9.100504071527451,0.023441380397528633
5,5,-7.228932793116333,47.85707167850383,36.18326003879558,12,furniture,0.805999844651182,60.43000153900335,4.952625082784877,4.952625082784877,103.71909972895388,10.642444385923511,0.10294452181510394
6,6,-7.631427348086754,54.28936417648001,40.28250842992659,23,tool,0.7251907697869563,68.03127392209193,7.685588061637361,7.685588061637361,110.96525004435986,16.194495251437154,0.32092990941548294
7,7,-7.384575455161058,49.53595839582522,36.4930473014163,20,part of car,0.7951560114950681,61.96842446108584,3.214444028127417,3.214444028127417,105.10813828635155,11.51308913151709,0.06955148089672036
8,8,-8.780066344989084,59.2045983127448,45.40459938534869,26,vehicle,0.7435045885816449,75.12557268826562,13.224978031392098,13.224978031392098,118.54120186865521,22.7750698494317,1.3374665117638358
9,9,-7.945866505103795,49.63072389891146,38.05222632258571,26,vehicle,0.7626539564322118,63.042188075543486,2.2003706478077163,2.2003706478077163,106.51281242199502,12.400246092237461,0.48141975515903823
10,10,-7.094196435319582,49.59916217883884,37.79701101018456,26,vehicle,0.7905644443789653,62.761600945240964,0.9261491052555186,0.9261491052555186,106.06060461341717,12.185478116474735,0.2886438586348987
11,11,-7.037340951915434,41.26880829138535,31.490232396466,13,home decor,0.6915167869055066,52.38581336438386,-2.0771823148717488,-2.0771823148717488,96.2840799508529,8.814717889629998,0.105611271999976
12,12,-6.309511762394743,34.7632321350597,26.15983513521215,1,animal,0.8363870150806295,43.96167901089908,5.922494741255363,5.922494741255363,89.8490294919098,11.74790725058928,1.459547002001628
13,13,-5.770339279649992,39.205363089002326,30.29520522419371,10,food,0.820347729377413,49.881427103870955,3.9556094520611254,3.9556094520611254,94.83280433252574,9.56306199490146,0.969900574221441
14,14,-7.130349350010558,42.23792239164347,31.610133118328275,21,plant,0.7518986941243039,53.23612012134362,-0.07256887871470497,-0.07256887871470497,96.87425692221163,8.76036139825759,-0.09040857027429183
15,15,-4.798689644791032,27.395823278711337,19.956946038813197,1,animal,0.8132426873349942,34.232123080836054,-4.064800763007675,-4.064800763007675,80.00506035913939,20.26668412884655,0.611561739369435
16,16,-8.081916852565772,49.73751345505755,37.36902180061186,99,other,0.7450487333383564,62.734212476434436,5.788314615888595,5.788314615888595,104.82438540173936,13.081070268581831,-0.9222518721582276
17,17,-6.519720962865867,37.91848605924088,27.97339866447383,99,other,0.7671410703118021,47.56920620842925,-8.839514845221743,-8.839514845221743,89.90767452606111,9.46469631764228,-1.8173411282939753
18,18,-6.708316354438912,45.01742143707243,32.9361180901218,99,other,0.7793528366816241,56.18147039728196,-0.6775774633902358,-0.6775774633902358,98.03115433133613,9.697213283116673,-1.6567930626781333
19,19,-6.4029505065064445,46.00056005037322,34.919013932790506,26,vehicle,0.7523692131061679,58.10668493534269,-3.5104739134099106,-3.5104739134099106,101.3840776664982,9.76144069879169,-0.08393030329588669
20,20,-7.085164768564386,45.16144146111558,32.79716576169023,9,electronic device,0.7503827045402132,56.2619714962359,-0.5856881808641248,-0.5856881808641248,99.66977684967136,9.226742788852858,-0.09260216207792382
21,21,-8.098712132087298,52.70025757733177,39.83797100603883,99,other,0.760987919409889,66.55802146092928,9.492633805741306,9.492633805741306,108.5451554549748,15.983323663205763,-0.7369899340174584
22,22,-2.3108409865549744,29.244164414554803,20.84129864816791,3,body part,0.8365940917408214,35.985008930286256,-5.866619964157081,-5.866619964157081,81.82474658010048,17.951455108810702,0.8105231357654361
23,23,-3.739025138400216,40.74514802012722,29.628715561182663,99,other,0.8637443554163707,50.51740474305003,-4.37686795794454,-4.37686795794454,94.11598542464749,9.334242323069661,-0.33494564188632125
24,24,-6.211836016629126,30.716380172802836,22.861956338844376,1,animal,0.7547192904467438,38.79113255960533,1.4733553764977074,1.4733553764977074,85.54300447716965,16.07942061980065,1.9342286104606359
25,25,-4.611486726669054,24.87209716106731,17.758502284131108,1,animal,0.7807796539898186,30.907142061266473,-7.069630506380157,-7.069630506380157,77.38878404089974,23.56991795751251,1.0695753307176545
26,26,-4.724535612794182,25.81578500927189,18.66504019282025,1,animal,0.7213829798072418,32.20496417947245,-6.095863190293862,-6.095863190293862,78.40233146272453,22.276964650815167,0.8831515590355821
27,27,-8.643611631332051,55.159014678166805,41.93250154909663,99,other,0.7427858388224243,69.82523618624222,12.860403745755164,12.860403745755164,111.99183668112714,18.867695720031538,-0.3111876853296991
28,28,-7.456482360494593,46.601804133899975,34.63589397117873,23,tool,0.7379074854388374,58.54034872555406,-2.223223851982951,-2.223223851982951,101.5704772351717,9.940047951521594,-0.2984979000148229
29,29,-4.607608842024531,36.33250604145519,27.31496240872475,10,food,0.7514259463110777,45.68794398836006,-0.7400339100580879,-0.7400339100580879,90.57795316056541,11.4211077199561,0.5923596040833132
30,30,-5.042841523839709,36.46014615641469,26.21491813559499,10,food,0.8265585952093325,45.188432604347206,-0.36845485474557904,-0.36845485474557904,89.9274546356099,11.686282623183569,0.40371117648378174
31,31,-6.314985571284929,37.932878877784766,28.92677026853195,21,plant,0.6634847776082441,48.120062145540196,-5.546856169159881,-5.546856169159881,91.93157704609136,9.592919134026129,-0.30276207180517645
32,32,-4.2723310645359165,32.41170519057128,23.825860281764097,10,food,0.8204776639761957,40.452973490852905,-5.925779458086893,-5.925779458086893,85.07939758393981,14.917190737966742,-0.06592263481363148
33,33,-5.762486659628027,43.65660666675558,31.921142819301945,4,clothing,0.8204058310950777,54.388095361471066,7.589901644293306,7.589901644293306,98.33183627136447,8.743441189402931,0.3020501553396713
34,34,-8.72833140600285,46.90235947713401,35.40405106970972,6,container,0.6884195044638517,59.40927474563153,4.80030190372112,4.80030190372112,103.70409275640168,10.560731495265605,1.031705367136098
35,35,-8.443011036184872,58.7260592962248,44.89057902507317,99,other,0.7091216650057741,74.39891505275591,17.67087400017826,17.67087400017826,116.63023578696368,23.184025377359138,0.09837080269225851
36,36,-4.349902024301672,40.24417469780397,29.44819118214197,3,body part,0.8251103855218805,50.057079505584156,8.13681514833307,8.13681514833307,94.78343865173427,9.159594144487746,0.7581260246263781
37,37,-5.784278124839125,43.107157425665456,31.219412151608125,4,clothing,0.8255687669198581,53.53817880576976,6.931852061934492,6.931852061934492,97.56162673465907,8.716848979748967,0.31767665072159446
38,38,-8.84974959255161,58.99050607187577,43.37612240317424,27,weapon,0.8159023739227937,73.75422611079337,8.754163098329698,8.754163098329698,116.82156387940513,21.276916736554984,0.8857807065585774
39,39,-5.801052931750315,34.927304151789954,25.819040660143266,10,food,0.8075332676084237,43.81999145411537,-1.7220730802051634,-1.7220730802051634,88.30257026243987,12.528907190952607,0.044092618445290555
40,40,-5.563162703916711,33.44802564005465,24.77466441619284,10,food,0.7882286857834038,41.994085243317,-3.567998040681033,-3.567998040681033,86.4792704761569,13.780831117550363,-0.09096744355863962
41,41,-5.776570129474091,41.72327330671536,30.413910616258043,6,container,0.7826210779562147,51.95388586873298,-2.998636177468569,-2.998636177468569,95.2982032624115,8.86009745769468,-0.4809036355056122
42,42,-6.3028556245561935,38.72015240468577,28.8395931057298,10,food,0.8175056245355452,48.68981743414274,2.778348051515664,2.778348051515664,93.07507703037848,9.926044727042358,0.3139400377344117
43,43,-6.238357473512897,42.20975515637735,30.62960583618113,10,food,0.8171612926547138,52.523835427436936,6.685101084958248,6.685101084958248,96.95086394642968,8.859259524305843,0.644779550901319
44,44,-7.861857621333831,53.99701723023638,41.60834201075492,99,other,0.7950330257627584,68.62026522758799,12.060303633316366,12.060303633316366,111.09019399267105,17.81464135603665,-0.09870971031907061
45,45,-8.35451882378379,51.90471036532511,38.89396163591621,23,tool,0.8317437765969407,65.39600289483576,4.892376979487196,4.892376979487196,108.46161926883333,14.058296470335437,0.25388060020110004
46,46,-2.007883535390955,26.436416822996,19.5264957514821,99,other,0.8649896259588173,32.92718887277699,-21.49246787349115,-21.49246787349115,77.0531387474811,19.181910497680203,-1.1338128138544192
47,47,-7.737746154447608,44.351566440566174,33.00731224975323,99,other,0.7595028308803852,55.824876383520404,-0.578799112407836,-0.578799112407836,98.26047991962781,9.697682513670323,-1.0977593130843672
48,48,-8.034073580904,54.613003095232045,40.95781021040708,99,other,0.7759221079108509,68.7362252572465,11.626108017128828,11.626108017128828,110.55657200390165,17.85388694255354,-0.7395487770195786
49,49,-6.79789603665891,53.966085378671146,39.994182269634784,6,container,0.7586346533028325,67.51358661069649,13.143543974989939,13.143543974989939,111.0849522564301,15.661481368103885,0.919287749405882
50,50,-7.855232549239568,53.33172486346122,38.61260446558451,23,tool,0.8030283817999511,66.30920583848247,5.5477314801143365,5.5477314801143365,109.52124809566759,14.794527198241644,0.46915856351601803
51,51,-5.674167894632702,39.30459946228427,29.51949723775688,10,food,0.8386790793308543,49.4817990513382,2.605312202181892,2.605312202181892,93.83023371544716,9.613195550630095,0.33682755194381286
52,52,-5.701903874341024,46.41526454181762,34.74537694593453,99,other,0.8093417621254789,58.259159875458344,2.1468378588103008,2.1468378588103008,100.6844091985364,10.613341310566893,-0.92457767222092
53,53,-4.385622441703329,23.317523291972023,16.565405736337542,1,animal,0.779213680869929,28.937056586361965,-8.787788661558025,-8.787788661558025,75.58113079053696,25.52593613149035,1.0834704924744187
54,54,-5.802942080503487,43.2221633212724,32.165270292636144,6,container,0.7891456960745815,54.1888747987884,-0.44064798298619223,-0.44064798298619223,97.44942429248357,8.91066025160149,-0.396161744794
55,55,-4.833909184747926,36.88599755512045,26.734191010737643,10,food,0.8156871869524309,45.8111390672765,0.0023381830817044147,0.0023381830817044147,90.57471371577107,11.334912067971985,0.4752135277038292
56,56,-6.717024803860682,53.69833273679581,38.82281690580549,18,musical instrument,0.7654029441235759,66.60210562308832,5.344227134833204,5.344227134833204,110.45497211532316,14.95854982801329,1.1320663448127846
57,57,-3.917614114635528,29.17604462058481,21.905562644132765,7,dessert,0.8040352260446132,36.69390896061051,-7.998238106294778,-7.998238106294778,80.36549730060321,17.122208313208496,-1.3041777680585511
58,58,-7.12680686376481,49.79889199794372,38.05541621064368,22,sports equipment,0.7888944969548628,63.078805658173245,-0.5118023645100322,-0.5118023645100322,106.30244007012129,12.378033479977043,0.23719064917766275
59,59,-5.592936190465397,43.32466136193307,32.16430722796035,22,sports equipment,0.7860352151020906,54.24804030388025,-10.13736320980918,-10.13736320980918,97.49438900208415,8.718482660921639,-0.405901682897877
60,60,-5.7744625868081965,46.52086476435191,35.656398951170786,24,toy,0.7961419311674186,58.89748774569778,-0.6808954237748566,-0.6808954237748566,103.03845898205671,10.101686966337411,0.8392717706250039
61,61,-6.384214871980836,35.92685737316346,26.109964301354157,6,container,0.7644093597619754,44.869003956642935,-9.908938430861582,-9.908938430861582,88.93767636946055,11.063521307354351,-0.2907221650808083
62,62,-8.26854828809931,49.204106462982814,36.95603985714856,21,plant,0.7731107416524674,62.08994979492518,8.290337855857118,8.290337855857118,105.72522056532782,11.591783950356525,0.5742709808427549
63,63,-6.475121933351902,44.279202043658486,32.44528638565643,10,food,0.8145355217547103,55.274510819383714,8.985512930129346,8.985512930129346,99.57643325899602,8.733357318228471,0.7270640891358369
64,64,-6.46110254187243,43.10681336332485,32.3395453261404,99,other,0.8331194877109437,54.27512686579924,-2.8565533943506125,-2.8565533943506125,96.11264595352223,9.193984250975433,-1.812689068104973
65,65,-4.193764499167179,34.21049981885181,25.99172762401215,7,dessert,0.7974938719385984,43.16845912713322,-1.0266578653926643,-1.0266578653926643,87.49383735479675,12.16767614938778,-0.16223105834129115
66,66,-5.9759311745572266,39.56524119378117,29.0800316297622,17,medical equipment,0.8533712702813668,49.46481884848153,-7.93153546834489,-7.93153546834489,92.64096137993666,9.065514234074602,-0.836744824379636
67,67,-3.668757264229132,37.12335721758264,28.203693359722,4,clothing,0.8461554760335249,46.76592509613496,0.30294114360832225,0.30294114360832225,92.20882542216516,10.530168346663707,1.226526494177591
68,68,-6.71830485276951,50.68749948377748,36.403871281970986,18,musical instrument,0.7209028178853369,62.76623350438515,1.0376865050708943,1.0376865050708943,106.55093565108082,12.153291736492305,0.7746916147553833
69,69,-6.671855325899097,42.57323897727451,31.569700818811537,6,container,0.7866108178076415,53.41947529033885,-2.0769720343172082,-2.0769720343172082,96.55147118388963,8.829298260504467,-0.5827251848915722
70,70,-6.756208393033179,45.632819566329815,35.056409632550526,99,other,0.8372539503674096,57.939213230319986,1.2603862842462092,1.2603862842462092,100.30288994574815,10.442074047215414,-1.0102730580559012
71,71,-8.058884815898168,48.735077809684405,37.697749679526574,99,other,0.7623180826936125,62.138343754015146,5.685171712202234,5.685171712202234,104.9019481392057,12.791905051372419,-0.29374668118887826
72,72,-7.409568246936049,52.73492395131748,38.16528016675425,22,sports equipment,0.7873816910161584,65.51688725789775,1.7986079098378411,1.7986079098378411,108.70351396728599,14.164356373342063,0.38400516360603376
73,73,-7.206422314925327,41.59901533465911,31.0904686417412,99,other,0.8176916040045575,52.43117240494771,-4.0450719844562,-4.0450719844562,94.83654473232433,9.03140362345822,-1.3838630853968397
74,74,-7.552286037877967,42.57507505440804,33.33191094843544,99,other,0.7701270682030154,54.59569880275217,-1.2626934675882495,-1.2626934675882495,97.88629149987798,9.556360148733592,-0.335445535857275
75,75,-7.00090363195702,44.99498881733265,34.90692796110423,1,animal,0.713455250696459,57.37643497131518,20.83909038439009,20.83909038439009,102.91988736242325,8.368699293055563,2.1270712456573477
76,76,-7.456670337151149,44.1561138684683,32.92938838460216,6,container,0.7818442515473123,55.585150389884355,0.25007954873868243,0.25007954873868243,99.10581721211739,9.155031101720782,-0.030770468611905244
77,77,-3.890401682252021,38.03921115789751,27.752902797550824,99,other,0.8563788023332909,47.24764993578716,-7.9936011781448,-7.9936011781448,90.46866110184159,9.70400487453344,-0.9590424179389032
78,78,-6.323204833495202,48.80749797134479,35.53571516756607,22,sports equipment,0.8062906233477479,60.70372171506083,-3.391359798650001,-3.391359798650001,104.06187839561741,10.964073401372499,0.19264048805075618
79,79,-7.745017496628191,52.70494509660716,38.98024797729851,22,sports equipment,0.8071709625063285,66.00951648081613,1.9443542498994333,1.9443542498994333,108.8074260156897,14.50924453559456,0.032430386589552995
80,80,-6.704770274572292,53.57170012326832,40.12195696121945,22,sports equipment,0.777232731821949,67.26553671034017,2.999336470126451,2.999336470126451,110.71684964615407,15.637729749350747,0.7805330064564515
81,81,-6.043516147629456,33.267301289987195,24.939784435519616,10,food,0.7288439165971375,42.014643521463185,-2.7279423146851656,-2.7279423146851656,87.09645639887965,13.831581562301114,0.5072102181571125
82,82,-7.565530655110977,47.42837239586425,36.32485276987395,6,container,0.750885376093977,60.217793806874234,5.410548275950063,5.410548275950063,103.79789607072858,10.747336408687202,0.3779489278708894
83,83,-5.264186823615293,41.51734115047013,29.572732585168357,22,sports equipment,0.8086267859720019,51.24400249465613,-11.707050260138203,-11.707050260138203,95.08774297666459,8.75462532724164,-0.0350030936075143
84,84,-6.75889338770811,49.07368356464366,37.56483762780541,22,sports equipment,0.7100569791650336,62.169333955195036,-1.4194431603086883,-1.4194431603086883,105.55235670525308,11.815607918286663,0.3280082287255226
85,85,-5.866523853463421,45.453063317855815,34.42958310477893,12,furniture,0.7619022498570481,57.3218392924472,2.8583430772455927,2.8583430772455927,101.0803567011428,9.474818452131267,0.3380199536313597
86,86,-8.089295358143803,57.60666443023937,41.566213535658896,18,musical instrument,0.759348673586241,71.49625580309423,9.299618187548049,9.299618187548049,115.01730540090271,19.171182167518232,1.169250035298532
87,87,-4.265224306161816,22.138869509785675,15.923875814405411,1,animal,0.7979304912634764,27.602382188966896,-10.31229135844707,-10.31229135844707,74.23547268129346,26.849474411264815,0.9718573321636228
88,88,-7.5083304550184735,54.50379960110348,39.937347073952175,22,sports equipment,0.7302228322506259,67.98551969709669,3.6627707383906056,3.6627707383906056,111.03669550166111,16.19550208240857,0.43467989459102796
89,89,-6.149835389845589,36.02159991332781,27.263989496597144,99,other,0.7516862233904059,45.59277638956214,-10.954751490629434,-10.954751490629434,88.03741115251981,10.122466163155199,-1.8601900855153133
90,90,-4.023263551223837,33.27313160376956,23.647511208365508,4,clothing,0.822043802735997,41.018199895584736,-5.818057608422151,-5.818057608422151,85.85642358978039,13.813908497743105,0.1884929192762712
91,91,-5.790328936226672,32.609758817779536,23.933147989319853,6,container,0.7868906994268036,40.86220566761098,-14.01887214066808,-14.01887214066808,84.81342541764693,13.567591048422397,-0.7102724051533755
92,92,-7.6565312673726735,50.72572004212978,36.11404427237832,99,other,0.7830712451861361,62.737112928059446,6.569782910078217,6.569782910078217,105.2206204545797,13.138699354824677,-0.5286985877585408
93,93,-7.813055291127511,52.49660169086908,37.297410761381215,27,weapon,0.807895001392697,64.86936003673205,0.9981841305798298,0.9981841305798298,108.71699866667936,13.561518967513623,0.996195958010702
94,94,-8.185613523263891,55.71865399503584,40.567701877034885,22,sports equipment,0.7707799598043501,69.40685202020578,5.7168045663922555,5.7168045663922555,112.39198128163333,17.446526873990155,0.4757964828031618
95,95,-7.213021247788728,53.73891860095922,39.24622799169686,22,sports equipment,0.7968352583564395,66.93403812334815,2.632927649549913,2.632927649549913,110.10194899735262,15.31770426000185,0.47213719333197446
96,96,-5.458698505802998,39.6642111118902,28.95653568146829,10,food,0.8029628746754534,49.41182035887765,3.1477660843815443,3.1477660843815443,93.92349009678217,9.650409683404035,0.49478649454199797
97,97,-7.610022542003564,45.02857469031081,32.25446229235151,99,other,0.8152164886468304,55.9091702630206,-0.0360654279266015,-0.0360654279266015,98.5715421633459,9.758385245509038,-0.8646355062061559
98,98,-8.075617360700788,58.309539548445215,42.00768311117611,27,weapon,0.8031261076239846,72.31779475673424,8.124869710131037,8.124869710131037,115.85960109570907,19.94731006883536,1.2519477352159356
99,99,-5.478632117094978,43.121587595427286,31.798888475817904,22,sports equipment,0.7530306342716097,53.85773885823724,-10.420352695220245,-10.420352695220245,97.20458478044831,8.689179876060948,-0.33483172541036765
100,100,-5.919648686543517,48.16901451836532,36.211345035229925,99,other,0.8005449834718129,60.552107391097934,4.444215250351064,4.444215250351064,103.02619562508302,11.786979214852465,-0.7028591104400164
101,101,-4.850562041857264,30.7541329960444,21.04896431570373,6,container,0.7610230138772341,37.58195773538231,-16.067783923040054,-16.067783923040054,82.50728564962958,16.22005621799555,0.01651735624432149
102,102,-4.945851409987611,34.65215006963881,26.336572062822388,10,food,0.8158888345123164,43.80465704281546,-2.861263180158275,-2.861263180158275,88.39850616479278,12.536655403428847,0.15420677494499557
103,103,-5.041856531081836,41.95185474889082,30.594436192985707,12,furniture,0.8293577110830803,52.167019850847524,-1.4880886949073329,-1.4880886949073329,96.16454831824947,8.846546957039005,0.18837694184404086
104,104,-2.9785310276214045,35.306572862363815,25.423539642604208,4,clothing,0.8598406892366053,43.60942675989878,-3.082097689899726,-3.082097689899726,89.44940066149877,12.32299670790343,1.3856119227747854
105,105,-4.39023507847987,22.03254369446445,15.926841779933152,1,animal,0.8131854241409895,27.538544529001975,-10.06592106804132,-10.06592106804132,74.3478720240303,26.924133048419225,1.1432812145073825
106,106,-3.146511387644347,32.14827405118961,22.99751173972616,3,body part,0.8892157258547346,39.65220806716581,-2.6475176196991157,-2.6475176196991157,84.90380222277324,14.78770080937464,0.4988727152746719
107,107,-4.145608685419653,20.678422697452056,14.874975741063022,1,animal,0.7771789288680178,25.80790847636322,-11.649052546346404,-11.649052546346404,72.70213134861115,28.645379408547562,1.0976931181501897
108,108,-5.79035400318876,36.75033686390705,26.843880733251225,12,furniture,0.783240404047152,45.87711185235952,-8.739123912740169,-8.739123912740169,89.24655159318607,10.440615601049098,-0.9139472791727314
109,109,-6.209769910978979,42.24167843116944,31.457736279531417,6,container,0.8001298888728533,53.03310108660602,-2.1331422575594985,-2.1331422575594985,96.0682634186255,8.805247957857175,-0.7086899136181017
110,110,-6.75428419135549,40.06588809540111,29.35384194056059,12,furniture,0.739768260551316,50.12528085190358,-4.758932143998464,-4.758932143998464,93.80082667621207,9.041875451007714,-0.28754517125710777
111,111,-6.435245953149063,37.34191237006556,27.545538345119137,1,animal,0.7645790069216878,46.84642454503444,8.476254772566989,8.476254772566989,92.333628407789,9.898523718969184,1.2768993877129446
112,112,-8.57860965184601,52.439120398975504,40.7756222541688,99,other,0.8081771574266886,66.97839399382207,10.59766729483674,10.59766729483674,109.84594218413629,16.458511436905482,0.17511877607147142
113,113,-5.655800542925947,42.59297327215877,30.97601348881741,8,drink,0.7918609982130597,52.96850822520482,4.715042976407801,4.715042976407801,96.67062356862282,8.732077558691461,-0.04660696193610647
114,114,-4.867446905732256,35.91141065874343,26.478017393217453,10,food,0.7826807489965385,44.882144110509685,-1.7249457768406415,-1.7249457768406415,89.38861488215662,11.845561856274331,0.14806691211315126
115,115,-6.2542455950075535,31.365158472821385,23.28944393301426,1,animal,0.8350173384992922,39.56370751960546,2.0351896738731057,2.0351896738731057,86.21676124838905,15.376563410488965,1.893659678781404
116,116,-6.750582741300219,47.616724505521454,34.36869920744938,18,musical instrument,0.7657189580620827,59.111169039311,-2.5704577227182455,-2.5704577227182455,102.61116988261402,10.139718709773012,0.2144121464315134
117,117,-5.248896402281407,36.80945104293816,27.741093886651598,10,food,0.8196554270962855,46.39024562936008,-0.4862267855618825,-0.4862267855618825,90.83239314557535,10.997335975815894,0.197448860260252
118,118,-5.428889398942862,45.38060494825587,33.251174983001,4,clothing,0.8158603591530422,56.52002108391124,8.828339989505835,8.828339989505835,100.99223559504397,9.168121848032419,0.9912629676035039
119,119,-6.123097268653078,47.45869272650807,34.13062771164126,5,clothing accessory,0.8059146087973517,58.77686265411885,5.726668728040252,5.726668728040252,102.7512455873354,9.980440451008569,0.663588787566681
120,120,-8.11733703685236,46.19096461402745,35.982777016392845,12,furniture,0.8130257191994997,59.11223743317149,4.575721988555941,4.575721988555941,103.54112112823434,10.271076202313363,1.1433755510851
121,121,-4.809359297093916,36.53487128015633,27.594314069839868,10,food,0.7951923076923076,46.03664763306618,-0.6723174219220596,-0.6723174219220596,90.81697432356641,11.218076474578764,0.5089680705765574
122,122,-4.118645549590806,38.01165966433611,28.052958728599283,99,other,0.8101352374493253,47.42170394480755,-8.083609043705934,-8.083609043705934,90.39411147139735,9.591033660274878,-1.194523037313715
123,123,-6.456177914105363,50.68566183752314,38.01109937657569,26,vehicle,0.7057918170604446,63.683296279183324,3.0912591731397896,3.0912591731397896,107.12309964909072,12.83860328259282,0.498935934900274
124,124,-3.430351183718996,35.32890290127385,25.68719994005347,4,clothing,0.8874203371154591,43.814734167989215,-3.6534731775847717,-3.6534731775847717,89.22163925569185,12.053382860110194,0.9680225181488566
125,125,-7.60026928127534,44.17792418149123,33.61675292895859,6,container,0.8054367870569964,56.031590693287754,1.113736935564532,1.113736935564532,99.84860882116179,9.299205912878774,0.2992407630683829
126,126,-7.710510678177622,41.13120501150907,30.07302022706218,19,office supply,0.7863576778050464,51.53265514403824,0.7784375929051919,0.7784375929051919,96.05987335703233,9.032009075547018,0.6702379655435635
127,127,-8.542930395802445,57.30874594867023,41.721846075339016,99,other,0.7521085066852226,71.40018530711971,14.620170308579645,14.620170308579645,113.3257205179885,20.30638338808032,-0.43350770705600894
128,128,-6.1455378024677,35.56911046694014,26.754296662382743,1,animal,0.7413489424889212,44.93018633602285,6.948347701820126,6.948347701820126,90.41530382245281,11.036364883280394,1.1303358306829239
129,129,-8.197621756509195,49.29383177983881,36.31608945161987,6,container,0.7515266947711645,61.77330497115963,6.252453194797127,6.252453194797127,105.24162890339254,11.563214892132693,0.3834503094473547
130,130,-8.048945217106299,47.93953889133076,36.27712933313455,6,container,0.7401486350826966,60.65488455907211,5.5110276099604505,5.5110276099604505,104.25081796669352,10.974936790205474,0.4267350765496474
131,131,-10.01210922539557,57.200050140185446,43.57839651405416,13,home decor,0.7606118866584358,72.60278720488014,17.738182613775336,17.738182613775336,116.62463134726681,20.141482640756678,1.7534729013350017
132,132,-4.141488191032538,38.03738546666078,28.25242937244492,7,dessert,0.8029860128223416,47.56253129324371,3.918027715603884,3.918027715603884,92.23765346395015,9.954919369891655,0.5188094611868905
133,133,-4.605580799117715,35.27145380222249,26.07954604803284,10,food,0.8313133606027372,44.10702381583893,-2.3979858634937443,-2.3979858634937443,88.76218848842869,12.336656104357072,0.23831964725783905
134,134,-5.001315786621916,28.449749881283267,20.769603274600986,1,animal,0.8067885690137169,35.577771825810096,-2.766016253880082,-2.766016253880082,81.34882998819602,18.962864865160782,0.7111394966003246
135,135,-5.942094664208912,37.32616310935559,27.791448197157592,10,food,0.8017524031928307,46.91391621214256,0.8288772529552233,0.8288772529552233,91.21181655875431,10.721751716793335,0.09268449037493554
136,136,-4.682999434256959,33.06430754437482,25.90694955380111,99,other,0.783035743674383,42.265221545301856,-13.689158045950833,-13.689158045950833,85.29449663691109,11.822202998642602,-1.5264349235828405
137,137,-3.396415487510424,32.01250511940322,23.51906185400656,4,clothing,0.7325663386544959,39.86831314059079,-7.8289179304772745,-7.8289179304772745,84.91053724663362,14.717212043238305,0.305796178488265
138,138,-6.7177342370294335,42.1222300931765,30.697591770525637,9,electronic device,0.7414925334347757,52.55237731836405,-4.260259375091152,-4.260259375091152,95.94442710463392,8.795284731501015,-0.38804723019373455
139,139,-7.431022351016194,50.85442888854817,38.4264314363656,99,other,0.8223372833128931,64.1715175424067,7.169621189937899,7.169621189937899,106.12231454506781,14.075574813498207,-0.9532603784919331
140,140,-7.587269700474306,40.9783920535757,31.675284965186577,99,other,0.755334955776844,52.34614555466398,-3.4110727721161993,-3.4110727721161993,95.61476792445981,9.216883231914252,-0.5270237488885527
141,141,-5.518967248607788,41.99266835922732,30.90656674311733,99,other,0.7399041521850453,52.43147016121161,-3.9900126304442693,-3.9900126304442693,94.4762759201616,8.963532234914577,-1.7444072041168823
142,142,-4.900699418243459,42.672947040139306,30.513030739245277,99,other,0.8303674909035093,52.688160992509815,-2.833885757334059,-2.833885757334059,95.6738083459006,9.16684394779008,-0.7842120828314307
143,143,-7.210462510406292,39.2821451341965,30.06900954416408,99,other,0.8183656373579353,49.992229705476056,-5.914357933336177,-5.914357933336177,93.05947316569187,9.173158506550315,-0.9058790932401877
144,144,-2.791578978126244,29.912884947742757,21.643828656989985,4,clothing,0.7780958963330706,37.02740766001791,-10.170344907825793,-10.170344907825793,82.57388574293869,17.133146134694577,0.5958565271661627
145,145,-9.238879287935884,58.73598126033428,42.82272855919683,9,electronic device,0.8450875387971435,73.2738593658478,16.235534274781713,16.235534274781713,116.59933310389893,20.816644772566974,1.1076988233906917
146,146,-7.11100097383568,40.42462941279174,30.04232922656417,1,animal,0.8152041865580113,50.86510142886486,12.487499747193297,12.487499747193297,96.48565034305942,8.352939768775805,1.713237617981875
147,147,-7.832563530608003,58.34231489824878,41.9364228818373,27,weapon,0.7949677850982446,72.27612554136891,8.432952443563309,8.432952443563309,115.95366136726498,19.92283265008456,1.3845355194355733
148,148,-7.287449658321917,48.110284455340576,34.34032549376986,23,tool,0.7999178376791617,59.55639636440759,-0.6383476372166399,-0.6383476372166399,103.13425147615767,10.481838990751417,0.32583488689863316
149,149,-6.149434922612882,42.11538232457975,31.603255590942496,10,food,0.8147679402536182,53.01213768713174,6.156221530583167,6.156221530583167,97.32164820778215,8.781305834274061,0.5640777132435062
150,150,-3.999694744579052,36.51651476336676,26.619671279577705,4,clothing,0.812255576401918,45.36584957372418,-2.5023554117061764,-2.5023554117061764,90.29574627350618,11.066378690289659,0.6079624197026021
151,151,-4.09982162214777,21.809937117612428,15.738665487006642,1,animal,0.8168758454140356,27.20638685528699,-10.936058938345113,-10.936058938345113,73.62574457832024,27.232015487662146,0.7282679985279827
152,152,-7.443702881820189,38.05675494398768,29.706396449224425,99,other,0.7480672321634292,48.848698032373825,-6.392312503204437,-6.392312503204437,92.55016440014629,9.510496160207977,-0.35787418895692724
153,153,-5.594561333192496,41.991190678022335,31.9029115059178,99,other,0.755169724296064,53.03164124957198,-3.3913388996591465,-3.3913388996591465,95.29105141592858,9.06560214718833,-1.484552145523267
154,154,-8.44700029441933,54.11408672611501,41.87500587408174,26,vehicle,0.7342169340085573,68.94347186739145,7.997502314467667,7.997502314467667,112.62005616112253,17.045251062218966,1.1323143878964004
155,155,-6.065326254462385,48.22542998001944,36.91724616953567,22,sports equipment,0.7768454820287822,61.03575463671212,-2.3032128377947885,-2.3032128377947885,104.79743823167368,11.224548392989426,0.621201440601908
156,156,-6.051719477488308,36.20591368277688,26.86442146576444,10,food,0.8057252929808244,45.48833515231269,-0.05454139442521466,-0.05454139442521466,89.99831198017685,11.512514092349553,0.1972775014498609
157,157,-4.898849157805167,42.80928532443482,30.54622362347572,4,clothing,0.7637236070162899,52.81766192018712,5.43846855654418,5.43846855654418,97.7948418065147,8.943629506513393,1.2170843348048663
158,158,-4.395073548000814,33.54768178313808,24.538531328266675,10,food,0.8389753467070092,41.795970430932165,-4.366640512488132,-4.366640512488132,86.46909316115612,13.911234579176092,0.08203293931913436
159,159,-7.361450557999327,45.41519021378571,33.645312529350896,99,other,0.7898394830102148,56.99769742428112,0.0970110623960494,0.0970110623960494,99.00462252061375,10.011417373104345,-1.438011441013245
160,160,-9.100410852297925,57.61084854282571,42.47040891746887,27,weapon,0.7936801089368485,72.1495875325843,7.724656155024974,7.724656155024974,115.29215707959918,19.754478593936504,0.8400287488371561
161,161,-6.945992500718233,48.02538508867866,35.00876550696385,3,body part,0.7775878329344312,59.835592142616036,19.333025418629404,19.333025418629404,103.39968475392895,10.167711475410233,0.3331227019758529
162,162,-7.680236818064493,52.3448994234077,37.98426731234318,18,musical instrument,0.758592312812467,65.12894208018248,3.7210878746712552,3.7210878746712552,108.45376224456406,13.723044571390396,0.4929490058523811
163,163,-3.4573920447881163,37.32749557192321,27.69110261863832,4,clothing,0.8359625807796541,46.605714774684756,-0.4026050350539947,-0.4026050350539947,92.15050619498791,10.643114694493251,1.316338330530428
164,164,-8.41079470600967,49.46212211743619,36.58889405506778,13,home decor,0.7880499107954181,62.096619554689006,7.61503081041424,7.61503081041424,105.74201163419727,11.625271472476516,0.5848951648426066
165,165,-6.710091189386793,39.80273491499504,29.99851473379343,99,other,0.7579507690703644,50.29109182267644,-6.378236038180006,-6.378236038180006,92.60858664213204,8.992756092976132,-1.6330946502169041
166,166,-5.801543803853274,39.08596575684268,29.247103888571782,99,other,0.7564864027322036,49.16059108190236,-7.939777585549123,-7.939777585549123,90.96726665750069,9.036136166263596,-2.2291494138776784
167,167,-6.797938536769881,38.027407520307015,29.94842970022665,12,furniture,0.7810911041256298,48.87948580513733,-5.003583316145509,-5.003583316145509,93.61195645694622,9.552085533814514,0.6754513777823234
168,168,-8.91814155208172,62.7388854173105,46.84844716923417,24,toy,0.8494199470443613,78.80658598313917,18.403910987477218,18.403910987477218,121.93259334357641,26.171871607663732,1.3253793012778345
169,169,-5.978793894937557,47.80522933825789,35.19812603404028,4,clothing,0.805784743088177,59.66568532104328,12.38732977273348,12.38732977273348,103.8501335353742,10.138425923904318,0.9406679672978271
170,170,-5.550332026328574,39.65725707809807,29.51389804518306,6,container,0.7810316650496368,49.74509425443185,-5.111706382503755,-5.111706382503755,92.85526588876645,9.113779926353006,-0.8815840060994589
171,171,-6.455282927544221,44.56770892074894,32.30601866727681,16,kitchen tool,0.7876851569052365,55.422289723988186,-5.209699445728603,-5.209699445728603,98.8355122091476,8.933577624466656,-0.15049388964590094
172,172,-7.378333270672826,47.38558110653552,35.65217533960985,99,other,0.7394831901089925,59.75709752910911,2.6651588902171994,2.6651588902171994,101.71070914763578,11.253671429491693,-1.2832764905450063
173,173,-5.744248500032788,38.16602401200296,28.42231092314451,99,other,0.6915540939637447,47.931926081963525,-9.166079994769788,-9.166079994769788,89.7246596654479,9.279182984361077,-2.3357281431090797
174,174,-2.9353736742895675,36.9896739481886,27.59073922634108,4,clothing,0.85021565208208,46.239607356215416,0.02746549266095144,0.02746549266095144,92.206330585993,10.987947046120876,1.7106670124776855
175,175,-8.728799320777764,61.47900934366488,47.21252930740681,27,weapon,0.82885189374931,78.00566294227356,14.946936476891153,14.946936476891153,121.59987396444164,25.474738774309298,1.7331963668318053
176,176,-5.145464536969984,38.13621120911146,28.58935780254862,99,other,0.7645208721605491,47.939522215488566,-8.675038906405533,-8.675038906405533,89.88916072238351,9.299775407660636,-2.17825049969386
177,177,-6.226738937937833,42.52524003109837,31.2437292158261,6,container,0.7545982490623057,53.13510076037899,-2.167017611633071,-2.167017611633071,96.26408977055591,8.815202374994854,-0.6071728422567872
178,178,-4.942030078936849,43.56785890790911,30.34726430124928,4,clothing,0.8143809247398319,53.32483888105496,6.938032361139179,6.938032361139179,98.70262916841635,9.074117626062609,1.655933978267072
179,179,-4.382155626073966,38.2546715297493,28.12800940010189,22,sports equipment,0.8316375781421159,47.684463870241466,-15.727916921496188,-15.727916921496188,91.54271679133413,9.521741179277573,-0.28886652900958154
180,180,-3.2613831553780868,36.60915342632879,26.95681256859431,4,clothing,0.8371528810988743,45.58000086152905,-1.3846873474804937,-1.3846873474804937,91.23395560596765,11.166744767697727,1.3481666690225609
181,181,-8.025603315494157,41.0337049962935,31.30899794832933,6,container,0.781539603686923,52.234362318582995,-1.7404616738598406,-1.7404616738598406,96.98175010601601,9.17705303768082,0.9433136316062871
182,182,-2.210423004579732,27.952339738044024,20.0585841926463,4,clothing,0.8617610124086375,34.475586528784255,-11.78237353280727,-11.78237353280727,80.47679541624903,19.4350706942561,0.8581895802347077
183,183,-3.9412323326863623,41.51532143539201,30.40396468970016,22,sports equipment,0.8304005095056534,51.60868429863976,-10.641597814875354,-10.641597814875354,96.209694995164,9.008371685927097,0.7497627624450729
184,184,-1.9480221325033509,29.818937728637867,21.85765404389105,99,other,0.8683954613091207,37.0232478018276,-17.129020452196983,-17.129020452196983,81.44041788295358,15.834822573693446,-0.5337651123489593
185,185,-3.799078026406531,37.03227496367391,27.28024142534087,4,clothing,0.876400958480324,46.15229089721071,-1.437191529141984,-1.437191529141984,91.33149462853152,10.734342767723176,0.916564180191699
186,186,-5.504951137918809,45.0212148720853,32.5382466652381,17,medical equipment,0.8617534698327383,55.820710956035185,-2.3139524248084626,-2.3139524248084626,99.85121792791593,9.120945288121543,0.4968300650646569
187,187,-4.340256741348224,45.68749591443288,33.24949311785534,4,clothing,0.8214069348376154,56.67198517880284,9.149672966383335,9.149672966383335,102.1460274189972,9.558452776042905,2.0045482200018228
188,188,-3.750414085710153,40.25193228276197,28.980292701676916,5,clothing accessory,0.8307190225033616,49.74073806634976,-1.4349371608146413,-1.4349371608146413,94.8515491254573,9.466994056915548,1.1187269784149692
189,189,-6.978455542970836,39.406262766006506,29.797939264135408,99,other,0.8081004349838873,49.89458458929059,-6.3832959507141425,-6.3832959507141425,92.55316846400075,9.095104466498336,-1.3219007546243802
190,190,-4.393160316923316,40.70872538269039,30.273363860690925,99,other,0.8573075732231777,50.92127982774272,-4.567454594067058,-4.567454594067058,93.94231264671535,9.11195127057915,-0.8820428364683437
191,191,-6.463868182472811,41.83523274090058,31.32162468136765,20,part of car,0.6892734649063574,52.65940051924407,-5.814437834470539,-5.814437834470539,95.82305056352025,8.691438731828484,-0.6083778238631226
192,192,-8.238919049640275,49.16991720277196,37.68103941079716,99,other,0.6750614672304355,62.49336985562568,5.941690299457804,5.941690299457804,105.08824717983957,12.998236099700124,-0.4357061044071884
193,193,-4.897730800197859,41.57732011767212,29.6822719601875,27,weapon,0.8588819342830896,51.31957310692601,-10.605440618921776,-10.605440618921776,95.56912229620173,8.886774672839714,0.3765033546575012
194,194,-5.610683044096289,37.5982753446774,28.255979523598207,10,food,0.793818392775389,47.36570966377984,0.6843237399018847,0.6843237399018847,91.65591196203246,10.495955839087511,0.11904997537340023
195,195,-7.109352288832981,42.260165946878544,31.72917657055984,6,container,0.7806736542799262,53.32171379157098,-1.900639993867344,-1.900639993867344,96.84062226502482,8.883989110411083,-0.20318345567768858
196,196,-4.1685925483848765,33.07016637181768,24.526941206883773,10,food,0.8378911971820013,41.383377250534835,-4.87852432722508,-4.87852432722508,86.19445704801197,14.226218583479506,0.18888202678056132
197,197,-4.966074746640479,35.28817569717184,26.290455164581783,10,food,0.774916219687623,44.284368293841275,-2.672804797263595,-2.672804797263595,88.6385938327878,12.206341087006667,-0.04924837726390763
198,198,-6.978996692631326,49.287452346839,34.87597210043244,99,other,0.7722594478692041,60.78069416869,4.8394017768249995,4.8394017768249995,103.4671487815762,11.930834993154631,-0.47325814503618346
199,199,-6.57510955671922,42.47094506773663,33.66165234485814,99,other,0.8462606463913085,54.59047608526286,-1.202917889108349,-1.202917889108349,97.89502668757503,9.542509795840584,-0.3218814039997966
200,200,-7.213115744207285,42.72398499563904,30.83852598633021,6,container,0.7988687465508009,53.18254053405577,-2.0094371896707486,-2.0094371896707486,97.06023801204262,8.94469704160125,0.14511240672882764
201,201,-5.223936868138888,31.87734330238049,23.614537284556068,10,food,0.8510118784195034,40.013758928446244,-5.696079960634222,-5.696079960634222,84.4261125342529,15.267958891858514,-0.31310825433729406
202,202,-4.9880960068063365,44.10082716720461,32.24459796970658,5,clothing accessory,0.7918821106681215,54.85871085646085,2.126146925528417,2.126146925528417,99.17218372728586,9.018515820010789,0.7072647611703502
203,203,-7.621920089579941,48.47727513992663,35.765204476974226,23,tool,0.8096880418336446,60.723057582139816,-0.4444960382913621,-0.4444960382913621,103.72477854285405,10.969963761713371,-0.16233737986644314
204,204,-4.5259850678206455,33.11570746407886,24.977841237366984,7,dessert,0.8277516712234747,41.72561772532187,-2.874903470576726,-2.874903470576726,85.38549703728307,13.091695941532373,-0.9365148093310296
205,205,-6.029556836212335,46.44098253880182,33.691710841601115,23,tool,0.8289519319538082,57.6910027148469,-1.7517385429428458,-1.7517385429428458,101.12354350584756,9.687501535969854,0.03987687470892354
206,206,-5.115245376940513,33.953190242828775,25.559874856082853,10,food,0.7978136372845227,42.80528081429499,-3.7780998000114323,-3.7780998000114323,87.11183738078473,13.187624198865706,-0.20843500345318944
207,207,-5.699109469484996,42.31999688154407,30.171581470782648,99,other,0.7410484040303502,52.28562243339127,-3.731576061005285,-3.731576061005285,94.84874051501036,9.01365054868929,-1.2370912536256782
208,208,-5.5595268866363226,32.648432772610924,25.07790119103888,99,other,0.8354534678106565,41.54190209726122,-14.857393367818148,-14.857393367818148,84.25865575642685,12.253042055590608,-1.8934919320894181
209,209,-7.578030067809217,43.8416317853654,32.57340369473427,6,container,0.7259559254536417,55.14110849060173,-0.14889058795587573,-0.14889058795587573,98.81906144494012,9.10552650970848,0.09303656813789019
210,210,-5.386800334979077,35.795731966676854,25.82063000035084,5,clothing accessory,0.7741061646343145,44.46410888001827,-6.680715098820642,-6.680715098820642,88.07089855436611,11.190427131191505,-0.7831324751631001
211,211,-4.490389939761473,34.56908606242964,26.2543939456477,10,food,0.7468196220985871,43.64033128261105,-2.7544268543850308,-2.7544268543850308,88.57423210823686,12.668342316062812,0.4818689320120768
212,212,-6.551253814991334,35.74424477847815,27.119836742831307,1,animal,0.7240232123171157,45.34374826026212,7.70062214937623,7.70062214937623,91.35222664886535,10.860981473742001,1.684877752303663
213,213,-7.899657897163162,53.65561048656233,40.88396283263653,26,vehicle,0.7308720228466775,67.9177999384426,5.939800756043823,5.939800756043823,111.16743340996062,16.10303722992139,0.62803174549191
214,214,-4.988744562011893,29.82898324800489,21.609615299313436,1,animal,0.7773634649839982,37.17030114619844,-0.7228953237523541,-0.7228953237523541,82.68379121022002,17.423102260225864,0.5736421416949185
215,215,-7.21848754687599,47.67181616053936,36.56744994173275,26,vehicle,0.7102144806413101,60.51352752690754,-1.0293067255520327,-1.0293067255520327,103.92173460592856,10.88349674230379,0.2283509573969269
216,216,-6.957425087883964,45.88587169750184,32.84160680161531,27,weapon,0.8360331934613559,56.85499206406613,-7.164242555783304,-7.164242555783304,100.50533084322026,9.288263853709704,0.1946427923731875
217,217,-5.45780356419255,32.802813125650395,25.504018138163755,99,other,0.715567956024564,41.907840673237274,-14.392980417655252,-14.392980417655252,84.81607089365185,12.042133607174444,-1.6744249734046264
218,218,-5.432446829013994,43.73805693009932,31.534289822923952,4,clothing,0.8420858323836576,54.19354700706384,6.961851179946208,6.961851179946208,98.65577851520867,8.827801870558309,0.8058725366525863
219,219,-7.9310099060546575,46.45762079473217,35.16415077940164,20,part of car,0.7294280725576812,58.80245699010851,1.5505762447274378,1.5505762447274378,102.51885741945802,10.04262210031016,0.4075360007298059
220,220,-4.590825638629008,34.661184398804096,25.411416461062128,10,food,0.8458441287709583,43.22283505890993,-3.1042720827671673,-3.1042720827671673,87.84175759916941,12.908558142449033,0.13541299576090182
221,221,-6.336813294749824,48.15527895276264,35.953789101915014,22,sports equipment,0.7669761963327434,60.42980261870699,-4.007969446099082,-4.007969446099082,103.57545453399908,10.784040132384803,-0.04051675068831173
222,222,-6.222959191102001,39.2642647981541,30.40176915510122,12,furniture,0.8206655553831421,50.04673095211862,-4.642468673274962,-4.642468673274962,94.00137883146864,9.08895119090196,-0.014365484328408229
223,223,-7.615942891959977,51.10359945708665,38.02269690193947,99,other,0.6955369646399814,64.15065037317002,7.038659354541622,7.038659354541622,105.92250645754872,14.037962080051715,-1.1337746031443174
224,224,-6.934260315375924,43.622607262158105,31.3385771728455,15,kitchen appliance,0.7846575094328627,54.15830730080363,-3.0017697665669516,-3.0017697665669516,97.95979058350098,8.789529991356519,0.14246736939828963
225,225,-4.476307420923044,32.82573921411285,24.569739809790743,10,food,0.8179938867438868,41.24607372102674,-5.724503164470363,-5.724503164470363,85.7538919495012,14.312180543082253,-0.12473171386284321
226,226,-5.902379918000939,41.56357270414024,31.445111284285453,26,vehicle,0.7545929699129986,52.45153656767234,-9.120949487192192,-9.120949487192192,95.60037663167472,8.656077099698152,-0.6388599672073383
227,227,-7.239856284882171,41.14900069562069,31.205956483578053,21,plant,0.6898913755621073,52.148513855419765,-1.4111328024410028,-1.4111328024410028,96.18869394408604,8.852443969744732,0.22963328039612918
228,228,-4.998794732915616,37.69414668718223,27.965688586125943,10,food,0.8320938931717975,47.200809117565036,0.46941444262036214,0.46941444262036214,91.78867025635485,10.593599793239177,0.4042759326177503
229,229,-7.582455918088571,45.34307042467717,34.19667321299518,1,animal,0.7783495294286373,57.29659791055113,19.497568921887577,19.497568921887577,102.56057186091702,8.291775337280226,1.841573389687582
230,230,-4.136760091365848,36.24429363016751,27.024398152579387,5,clothing accessory,0.7854904330193163,45.39911563359417,-6.144413669795199,-6.144413669795199,89.68780663846961,10.769149341975119,-0.030735138939604667
231,231,-6.255928791434327,41.14334631501673,29.375063342547875,99,other,0.8066913100449686,50.939237699631875,-5.2725998256418904,-5.2725998256418904,93.34717568588066,8.965675569854339,-1.4937837129409246
232,232,-5.749866689805735,33.97621894311409,25.02127336689642,10,food,0.8478824550493427,42.585308987042964,-2.6638367353990873,-2.6638367353990873,87.18548016894351,13.372581389841006,0.06859456042981549
233,233,-7.242210764510013,38.19523744764256,28.77944996954231,6,container,0.7050466809613153,48.36923113911126,-5.980116641944534,-5.980116641944534,92.80504852959706,9.706912716191827,0.3403268265942643
234,234,-6.950448069063297,47.61174467381798,35.45566176530017,99,other,0.7954536793483192,59.76864487723432,2.6976938289928825,2.6976938289928825,101.53734935668406,11.236266618303297,-1.4673130028418768
235,235,-8.872952090524599,51.44760629575063,38.9545063798586,21,plant,0.7776301669243576,65.13861404467974,10.974623475013132,10.974623475013132,109.0288937637835,13.680606525386894,1.059137790456262
236,236,-8.58240291681622,48.81472983618176,37.59526693231658,6,container,0.784517944851706,62.208838475879986,7.626024234969336,7.626024234969336,106.34769049954221,11.943651373347873,1.0868159951636613
237,237,-3.490078757808185,31.72052630220175,23.996566641037493,7,dessert,0.7893155489496954,39.927529965953696,-3.4277762398003944,-3.4277762398003944,84.70057394895782,14.526569261399768,0.04108078219310585
238,238,-5.137757384620764,38.04304557458455,27.78448670204078,7,dessert,0.7997533176663025,47.38826404110013,2.793098727466713,2.793098727466713,91.10693867783527,9.860856702979799,-0.45077717060667055
239,239,-4.915192009110176,36.83864087463062,27.689417772556173,10,food,0.7858661353113948,46.3459645552833,-0.5392656577346173,-0.5392656577346173,90.99619690447713,11.038128444041853,0.40219506617714273
240,240,-6.459019735408538,35.24971766068945,25.774824132262776,99,other,0.8074446467716229,44.14298460853994,-11.632214532754901,-11.632214532754901,86.99168037476885,10.849430072403038,-1.5654379500805078
241,241,-4.345500991718594,25.54856317116234,18.261169277642107,1,animal,0.8028208945998226,31.703040270084504,-6.0741084890354955,-6.0741084890354955,77.61202133208813,22.7520235530865,0.5569221557568369
242,242,-3.029496412668718,32.10249563186797,23.14679633286948,3,body part,0.8553948966539754,39.69284891241513,-2.5092838111067692,-2.5092838111067692,84.99541607680727,14.768000181416987,0.5529098915076247
243,243,-4.098142142185272,30.486779997283165,22.794751184104225,10,food,0.7994551597217509,38.286279594203464,-8.66137243931776,-8.66137243931776,82.85030093993512,16.655581200367475,-0.2916859832504315
244,244,-6.976694669949756,44.37161033506428,32.105615035056886,9,electronic device,0.7549220662561038,55.2112723003533,-1.6294679348544605,-1.6294679348544605,98.71704303306218,9.021151135269138,-0.07385556514414304
245,245,-5.76028238631396,34.85818959943724,25.939509708024094,1,animal,0.8345152370752253,43.83072437472451,5.91363009958917,5.91363009958917,88.94642164732394,11.735713022562438,0.678020304717279
246,246,-8.55836791102666,53.364927606584615,39.03936001603076,99,other,0.7822201479745439,66.67182906008931,9.918922952013475,9.918922952013475,108.70796162393194,16.097732290572107,-0.6794106976872456
247,247,-8.287864507751387,53.21462545987666,38.45154035973185,9,electronic device,0.7611819826829752,66.17405848948579,9.255638060770252,9.255638060770252,109.68480317764674,14.540951350771937,0.7576713907823347
248,248,-7.269616717655867,46.975365143030665,33.803733719592294,9,electronic device,0.7715344000865839,58.32859222480672,1.6861585823268541,1.6861585823268541,101.92522709851322,9.888175131880125,0.252042817381394
249,249,-6.4755799774850615,42.081109990772894,31.819352276663228,26,vehicle,0.7625694160353981,53.15283749158388,-7.9819148672860365,-7.9819148672860365,96.22424294010688,8.655071824499945,-0.6634191208384124
250,250,-6.031748047620119,41.63681609873852,29.44051692813993,6,container,0.7860639031130047,51.349298693811136,-3.313279632675034,-3.313279632675034,95.39685635125161,9.013370215814781,0.17675302068991527
251,251,-7.092343174371673,45.498492921366,33.11262983693589,16,kitchen tool,0.7637369918462257,56.71737339243228,-3.900774263956862,-3.900774263956862,100.07873110266056,9.239855875601663,-0.10471420872883641
252,252,-6.78800613835276,45.59859039460051,33.62268452047642,13,home decor,0.7382176127454897,57.059560002442645,2.2485729270714785,2.2485729270714785,100.22927205052848,9.302066708615435,-0.2705602826692797
253,253,-6.069415008777636,39.79237586602664,28.91521379823773,13,home decor,0.7832288631470274,49.56168444080278,-4.851828055016085,-4.851828055016085,92.96087454229124,9.11559801776708,-0.6063939516461971
254,254,-6.376349846164217,42.82446279533141,30.60027186181488,13,home decor,0.7210403805427241,53.01857305781043,-0.818237001420286,-0.818237001420286,96.82189154129821,8.780219651067203,0.05837087891636372
255,255,-3.792276439091349,34.14706216792609,26.798072256036928,10,food,0.8256941965246498,43.57223762822461,-1.015657537051439,-1.015657537051439,89.67968746889231,12.902399430312764,1.6502839406640533
256,256,-5.179386176259292,40.50272551490831,31.06946651796277,10,food,0.872834397986837,51.30895209424609,5.362166251451711,5.362166251451711,96.51014222637225,9.217422563106888,1.3273435129494118
257,257,-4.49102611519184,38.49463907180801,29.953094785485877,10,food,0.8274523477090124,48.9815724539791,4.000489310534377,4.000489310534377,94.80377649135859,10.058663563520206,1.7728817141510973
258,258,-8.302220102112083,61.56790216315511,44.85170572515021,17,medical equipment,0.795322411328509,76.62381445641574,17.147090900499464,17.147090900499464,120.1271713081113,23.987165826495232,1.5381559983908204
259,259,-6.701164167948973,41.0932306070533,29.601675312284744,6,container,0.7975683345323912,51.08638159259465,-4.226655926329471,-4.226655926329471,94.84024873074392,9.002519809339285,-0.13676046286761334
260,260,-7.518649230914549,49.44790025287313,36.961803738321365,27,weapon,0.7954397227641846,62.19163819409978,-1.598889878054436,-1.598889878054436,105.21586908650718,11.607030441178352,-0.0291019728869486
261,261,-7.719380115537572,51.60768950661978,38.54534364850261,27,weapon,0.7786572287896101,64.87438602839329,0.9024013744703296,0.9024013744703296,107.88412406429472,13.434163714115652,0.15867430490339984
262,262,-8.544698217893668,54.96100617247577,41.49690340356048,26,vehicle,0.8096292948613414,69.3953677071476,8.18124731556955,8.18124731556955,112.46035947958502,17.37756918399005,0.55479311964082
263,263,-5.763314242646086,38.85811012161572,28.55139248460376,10,food,0.819222359550196,48.562851296984086,2.2547250453977625,2.2547250453977625,92.81743873747014,9.953236359058186,0.17369511099234103
264,264,-7.514573719902095,40.50559406305005,30.59587473984966,99,other,0.7536085693557818,51.315490056015335,-4.559433030461747,-4.559433030461747,94.29226066453342,9.112750385815126,-0.8965830728393769
265,265,-3.991615081956547,33.412057694875706,25.11699411574908,99,other,0.8147471109161709,41.99002243127264,-13.923826895852699,-13.923826895852699,84.62350408274159,11.936112725709172,-1.9429773457341355
266,266,-3.5848812716486944,36.77835914488,27.98872570891275,4,clothing,0.8148443419367682,46.355882495432546,-0.013079736212404214,-0.013079736212404214,91.85722854421275,10.731929844084718,1.2540565412876816
267,267,-6.276972987256849,43.82491616196321,32.894663679613046,26,vehicle,0.756563173668437,55.15507741886245,-6.0464410246451195,-6.0464410246451195,98.14053127106337,8.876093854090565,-0.5984093291510817
268,268,-6.415127279205521,43.041721887528986,32.04788893435124,20,part of car,0.7641120346062206,54.04452669975297,-4.439863342189838,-4.439863342189838,97.14319897268967,8.739135353503451,-0.5689222713391615
269,269,-6.85052201648461,47.5232080806603,35.615212263284754,20,part of car,0.8032849589047504,59.78150468777869,1.5658768752898453,1.5658768752898453,102.9340856793752,10.371844258207389,-0.08246690916651289
270,270,-4.852830319617848,35.627002600415125,25.998942861257927,7,dessert,0.8455446403016336,44.37091734801009,-0.0380984176443917,-0.0380984176443917,88.07244603003144,11.364462437696822,-0.6954197598089991
271,271,-5.656749174254367,40.59877431038257,30.313199910346672,99,other,0.8234258597976246,50.981853394423084,-5.8448134549374515,-5.8448134549374515,92.80481271772099,8.891665562283892,-2.075549312187988
272,272,-6.942920546108254,37.08152726264739,29.055800063525226,99,other,0.8179271270734686,47.618098735371476,-7.8636224230815515,-7.8636224230815515,91.15992975595829,9.698025247810774,-0.6102921120106686
273,273,-2.4342748309924027,28.34123156337049,21.345886846283506,4,clothing,0.8225730792024576,35.56399844977685,-10.630738816836512,-10.630738816836512,81.37223767599836,18.440077045570735,0.7472820994926366
274,274,-5.092906110999028,30.86789450302751,22.996376155890104,1,animal,0.8114230150109484,38.8277982894817,0.9709725225205688,0.9709725225205688,83.92963147987929,15.856531112090044,0.2869543419379994
275,275,-6.168597160541742,49.9019635389993,38.49162047024112,99,other,0.7708322535534675,63.32347433931389,7.516265793749682,7.516265793749682,106.28230218519224,13.633502131195723,-0.009168815121569196
276,276,-6.274658947553739,48.69395644329091,37.310387087837725,26,vehicle,0.7572996363392706,61.66472025115752,0.9347931671874505,0.9347931671874505,105.45109370036676,11.603450343147133,0.6933129454086782
277,277,-6.404138003402357,43.62079938322691,32.64614619755215,10,food,0.854378794588727,54.85943842175474,8.030474060680305,8.030474060680305,99.1363319450262,8.710127747586078,0.6707402693137396
278,278,-9.070800083463649,60.98940407215537,46.61532669872195,26,vehicle,0.7086570146624034,77.29796573299575,15.21444451680162,15.21444451680162,120.61785228344098,24.903528498613,1.4055141773112894
279,279,-6.793031902913664,38.46323184029664,28.68610437447405,9,electronic device,0.7757643730729007,48.46089217314959,-7.517601223770129,-7.517601223770129,92.28255932812318,9.512337106431492,-0.2669125104105916
280,280,-7.5411418871963,44.23454108905565,32.36199887785834,99,other,0.7360727784909429,55.325061388964436,-1.0235308375444845,-1.0235308375444845,97.68296506845361,9.530775735505598,-1.2131433474567785
281,281,-5.180427495427374,36.905792447310624,28.18788379898011,10,food,0.8324921152569899,46.72719912710535,0.2262550332098101,0.2262550332098101,91.48163907612921,10.856949555244858,0.5351463242148355
282,282,-3.678782426976512,27.723695189091387,20.741971037686284,10,food,0.7749576248051859,34.819047626419895,-12.038231051154341,-12.038231051154341,79.4450217181959,19.62724797672117,-0.4911495356606821
283,283,-6.697597419810512,41.30394606035347,31.151772776209384,99,other,0.8191027956413665,52.166145328699734,-4.744457810855636,-4.744457810855636,94.30530116859995,8.956247149416107,-1.6700616213507544
284,284,-3.808774808215941,21.9341913956216,15.609180315545268,1,animal,0.8403844016488433,27.189373436007436,-10.568063069282907,-10.568063069282907,73.32289252826436,27.23463317547953,0.4411466196882259
285,285,-9.128684742053712,60.269817799636606,46.17019116702807,27,weapon,0.7466059299936215,76.46875424067738,13.285445045921449,13.285445045921449,119.91011405478841,23.944951032955615,1.464468001559112
286,286,-6.521277950633847,36.73743354881642,27.168368913419357,1,animal,0.796544143900837,46.155025287380965,7.696810863342833,7.696810863342833,91.87604914765461,10.319466978860083,1.4585904719174607
287,287,-6.28378530626256,33.89887018354197,25.4922621374888,1,animal,0.8555502371178031,42.87743913041306,4.953327689770532,4.953327689770532,88.93973663210662,12.559783154953285,1.5527463984045937
288,288,-5.650111768119664,38.815627210208895,28.547241400541903,10,food,0.8415133092463806,48.513108231641546,2.097790502470346,2.097790502470346,92.79611007901158,9.973771649080714,0.19835907713959955
289,289,-7.041724492199338,47.27337046933537,34.720044624038295,10,food,0.8255039438520855,59.07485876453942,12.761500100249037,12.761500100249037,103.32502885236569,9.510999090229296,0.9618437322936586
290,290,-6.951317936496994,44.49688938015612,31.77038658643296,9,electronic device,0.7994120979087916,55.1148931724948,-1.287453455230974,-1.287453455230974,98.93020278307712,9.059852578251293,0.2284166876268614
291,291,-5.892247276886423,37.62132949692707,27.61837600865643,10,food,0.8369833080198936,47.04102150723195,1.163890893009949,1.163890893009949,91.32735238678902,10.6557230288565,0.09069828629918675
292,292,-7.1876933808688905,51.912647313992544,37.96863527979848,18,musical instrument,0.7876587623538843,64.71632832828762,3.0553943182523824,3.0553943182523824,108.01939176835475,13.40900880325234,0.44008275073235836
293,293,-7.192482824258007,42.35087741504715,30.7070247013744,9,electronic device,0.803484467588576,52.803882366852676,-3.9931959622071673,-3.9931959622071673,96.63607203451548,8.872844733422625,0.0710551894514424
294,294,-7.889606011867435,50.28342616734649,37.631780620080185,99,other,0.7316954697945907,63.29944504328078,6.185608594336898,6.185608594336898,105.21696012588089,13.44265655997647,-1.052293297281551
295,295,-5.676690991151411,40.68420894319411,30.07517623984397,13,home decor,0.6760376279853916,50.911156967801965,-3.446198815109639,-3.446198815109639,94.17457453265311,8.845275187615751,-0.6404213162984149
296,296,-7.390239039588176,44.52524980294052,32.11276731685604,9,electronic device,0.7264727816913462,55.392628822100924,-1.4218693573592702,-1.4218693573592702,99.19882189495239,9.114503265429228,0.2402403771849606
297,297,-4.959574005645735,36.60199011820075,27.10464604777231,10,food,0.7933877944548677,45.81446160662986,-0.9516948405143211,-0.9516948405143211,90.31279079462395,11.306771393671735,0.21021857422084622
298,298,-6.120324329278742,46.179318762309535,34.203840482515986,23,tool,0.7941334770179519,57.79178622434121,-1.8182396748870104,-1.8182396748870104,100.93366547253761,9.674441425819046,-0.2431859691210434
299,299,-8.263842015757373,52.74466060561637,39.08616861903291,9,electronic device,0.8123836482103641,66.16659946361554,9.787037189697415,9.787037189697415,109.27650436234697,14.481265631456113,0.3562692187515779
300,300,-7.699747540081103,48.07393165257052,36.28190791990958,12,furniture,0.7678123335667296,60.71874388544121,5.13562117350078,5.13562117350078,104.12865580079057,10.80650579964297,0.24552833820126807
301,301,-5.659091950020703,39.31560466478151,28.09671868081181,99,other,0.7059924601464237,48.6535475837565,-7.546745601787109,-7.546745601787109,91.03416705839767,9.190482128402628,-1.6934346946740817
302,302,-6.006066905906104,43.7042191964909,34.28555187320755,99,other,0.8321431082473403,55.871555218228444,0.020316043784461613,0.020316043784461613,98.98316211583266,9.833337819532245,-0.418236542358855
303,303,-7.344560827479691,40.05735336311754,30.039929918590293,99,other,0.7950149274844397,50.605647132706736,-5.366469174749923,-5.366469174749923,93.42429560531724,9.095824186512058,-1.1082247053424368
304,304,-5.559745724562917,39.00947103362095,27.816509994934844,8,drink,0.764668550676253,48.23285012460924,0.13700891136996063,0.13700891136996063,92.2295203848207,9.568058631249961,-0.10910292114608922
305,305,-5.995072652877102,39.96009878037372,30.221822497662007,13,home decor,0.7397963941557398,50.45898280515264,-4.711561724991256,-4.711561724991256,93.76680646364301,8.922746207468858,-0.6301074602005343
306,306,-5.568746183731309,45.68859167218928,33.39188150765992,4,clothing,0.8399150767639384,56.86366233077558,9.260855643950919,9.260855643950919,101.25319055764884,9.229058044894655,0.934485945714215
307,307,-6.876366176951724,46.14502732826653,34.8614407685283,99,other,0.7790643257539548,58.24060449019736,1.1988840992627559,1.1988840992627559,100.18531815932134,10.512281716691614,-1.4065123326955984
308,308,-7.24612793030817,47.29010432701933,34.448265219237214,99,other,0.7788679742980023,58.95373876063903,2.1788681758171577,2.1788681758171577,100.89926099838397,10.844466342301297,-1.3519361122381781
309,309,-6.372771830739643,51.7855733603237,39.21369490676133,26,vehicle,0.7575891694954596,65.26922473344307,4.910293780238717,4.910293780238717,109.03365238207539,14.045760294309321,0.9431332765118583
310,310,-7.008671057401348,40.58952009999974,30.253150961377628,99,other,0.7457653671389232,51.106592089778815,-5.382258920740483,-5.382258920740483,93.47582992201266,8.980610919114604,-1.519865973025233
311,311,-7.527614159696727,53.37010972776724,40.41963512432859,99,other,0.8197012746916471,67.37047195081121,10.556011474924972,10.556011474924972,109.39836434480151,16.67692836201725,-0.634975811433975
312,312,-5.080017327053741,38.31065922272026,29.30445100154735,7,dessert,0.8030823092183812,48.50014468663631,4.194671454152356,4.194671454152356,92.59438775977105,9.504481092088648,0.008622900186054494
313,313,-3.651221487307248,28.206152026003984,20.85569909810616,10,food,0.8439307664355803,35.26866336188783,-11.129675878960867,-11.129675878960867,79.9606760094751,19.231947927053753,-0.39121163813099713
314,314,-4.418167831043429,31.528295417577887,23.489257557330664,7,dessert,0.8085201120374421,39.5638577430961,-4.752078979507331,-4.752078979507331,83.01130846697595,14.714808618064614,-1.3119319998340586
315,315,-4.153018733515123,23.225664991868783,16.596292226803953,1,animal,0.8235210997918796,28.846420828118696,-9.148860959864685,-9.148860959864685,75.08148128381168,25.593979542750457,0.6676231474382348
316,316,-4.751926279742859,35.66162070801421,26.243254701549606,10,food,0.8169013326799845,44.5313419090508,-1.960255033729993,-1.960255033729993,89.10839626808554,12.064487906313705,0.19220132798685086
317,317,-6.569804524302795,45.56588879875796,34.19506555286634,99,other,0.7950737247822407,57.347319568338605,0.34425617362309424,0.34425617362309424,99.18371047205,10.125234163899794,-1.582185434026698
318,318,-7.393400862433001,45.53750000959287,34.93910066324674,99,other,0.7675769462780241,57.87112439371456,1.2074866623850227,1.2074866623850227,100.36550945011659,10.431782276319309,-0.8846983602293079
319,319,-2.853634803367798,31.508315222103047,22.380160111451485,3,body part,0.8746419666280295,38.75291893961804,-3.3708795914856893,-3.3708795914856893,84.28991363944024,15.563988734449175,0.716470228960091
320,320,-6.90610376203647,36.8944494301187,27.428521603817877,6,container,0.6970687385217046,46.48890690578457,-8.009927640973842,-8.009927640973842,90.79171916782816,10.352049604787439,0.06555229664154183
321,321,-4.499321174317236,24.627713213838238,17.505010916347633,1,animal,0.8175600605514105,30.548216909570545,-7.308734092631617,-7.308734092631617,77.0102956297577,23.921555273770874,1.0229504597467383
322,322,-7.835082876857898,46.79793240736175,36.4995175449679,99,other,0.8304843815641426,59.86359312893481,3.6259124773051212,3.6259124773051212,102.86507106726715,11.49894216421018,-0.22738080155757245
323,323,-4.943275116755869,36.893558167316506,27.132782349433867,10,food,0.7952430562399367,46.062549659640574,-0.4349031685476632,-0.4349031685476632,90.62372760913382,11.175114115247146,0.29177224531690626
324,324,-4.81242445357373,26.689039616260317,19.295164083396145,1,animal,0.8078881957641357,33.28314320740828,-4.993081309193784,-4.993081309193784,79.37670803067957,21.21240664534183,0.8606397577627263
325,325,-5.502957662653111,38.41835830671624,29.83244960241343,10,food,0.8510214821417318,48.95128034383496,3.213120175052495,3.213120175052495,94.10599947190082,9.920749139410063,1.1031128932388583
326,326,-3.174393755373227,20.04661016782465,14.045723674285076,1,animal,0.8414892821302352,24.682498019229243,-12.053413384391106,-12.053413384391106,70.78244169742952,29.72692992870385,0.21856219261191256
327,327,-4.793471795431391,33.496534795427294,24.924296078452656,10,food,0.8022253183884397,42.0263697000019,-4.828450956021982,-4.828450956021982,86.32734678990245,13.727856666111075,-0.2727414594356361
328,328,-6.95791725048029,47.86412756748352,35.993622044213275,18,musical instrument,0.7547590695527452,60.29036530095454,-0.004747058121751024,-0.004747058121751024,103.38874102145076,10.634472847942762,-0.09830599676314478
329,329,-7.813844726897135,50.3355961928977,39.08792880422674,99,other,0.7868221638074163,64.20743408449535,7.771514099039862,7.771514099039862,106.92862649157097,14.215775291550715,-0.18015700138526825
330,330,-1.8384150161651365,26.41119717163372,18.700530307707204,3,body part,0.8723126805443879,32.41359189599403,-8.642290257944211,-8.642290257944211,78.52798081404663,21.176960787055112,0.8159029419218484
331,331,-6.318358245728248,44.44564930736529,32.7282642581847,99,other,0.7076806118223261,55.55606784706989,-1.2709805592189554,-1.2709805592189554,97.39051004985646,9.502122819733831,-1.719187802812641
332,332,-4.172780382122292,23.621692941011,16.85557092192142,1,animal,0.8171262001749807,29.31734545658519,-8.60088799693289,-8.60088799693289,75.50119200960263,25.12444696956126,0.6519151971675683
333,333,-7.124616860247807,46.390372435916674,33.98676399445809,99,other,0.8116035711087135,57.94762244444009,1.0545635227173307,1.0545635227173307,99.8215309910905,10.372259189453976,-1.4994072035987926
334,334,-4.19855796323815,21.23320458846042,15.19901363716881,1,animal,0.8110505949442086,26.447814306836975,-11.060868672180732,-11.060868672180732,73.30403137370945,28.007522470946096,1.1079338146287512
335,335,-3.5939335891184765,29.125220648743632,22.255074947244275,10,food,0.8214570098636211,36.830465614603035,-8.921104598047506,-8.921104598047506,82.10430451115008,17.917830393377873,0.30836864852123824
336,336,-6.915971338403383,43.89923573905232,31.97960801686915,23,tool,0.7722275114577039,54.750971561599776,-6.303279860455049,-6.303279860455049,97.92335528702235,8.855825968558992,-0.4419475233593033
337,337,-6.509906442144534,40.066881875713214,29.657806505792703,10,food,0.8345685292813022,50.27245161977751,4.4581450007895285,4.4581450007895285,94.6451921975408,9.366296174628028,0.42074570663810107
338,338,-4.912190014059428,35.70472551558444,27.48104372284717,7,dessert,0.8064310314918045,45.32289486533809,1.542702494800153,1.542702494800153,89.44438881814264,10.885240912052714,-0.20367895133342984
339,339,-9.279607018690168,59.70418800817851,44.47391821030822,23,tool,0.8171752145436356,75.02419991652317,13.953173366136568,13.953173366136568,117.95410028604331,22.683002961277953,0.8440945737545746
340,340,-5.936415433409553,38.50040840544745,28.746100440269853,99,other,0.7614445125052046,48.41343580150405,-8.71625587484803,-8.71625587484803,90.2674714499007,9.178078451728844,-2.238122049587872
341,341,-7.371366977697332,45.49435680031865,34.951377649483604,13,home decor,0.7868938587086856,57.84178724236837,3.1599627390928617,3.1599627390928617,101.65126170114961,9.640942801357673,0.4281791308663685
342,342,-7.826672266453459,50.39742524866819,37.33383923250164,99,other,0.7764477047451872,63.20579737887853,6.119997273377351,6.119997273377351,105.04877695119781,13.36723677537722,-1.1338894905551626
343,343,-6.327931562564906,45.31267151822861,32.65792001243961,99,other,0.839607838113615,56.21228208779906,-0.1454041259051735,-0.1454041259051735,98.39994007244583,9.750485227951755,-1.3164959260737135
344,344,-6.235881086804731,42.12078899340823,29.755844421832133,99,other,0.854164678770482,51.94667800362471,-3.966770761751377,-3.966770761751377,94.65450531888183,9.02081503784787,-1.1179371599478998
345,345,-6.52485564354202,46.58689897294657,34.834717380107875,99,other,0.8204688298742032,58.535206773672385,1.6649300043294915,1.6649300043294915,100.35867426714637,10.638387822560304,-1.5055466000631554
346,346,-8.03695105830704,54.92968496312909,39.04863004947657,99,other,0.7694713448725002,67.872368318802,11.751820840347804,11.751820840347804,110.40028323261322,17.173395727775357,-0.09711218610092942
347,347,-5.494972587574151,30.086461397577413,22.56167043671391,10,food,0.7561731576740959,38.005510864360154,-6.668176810245967,-6.668176810245967,83.12900727970353,16.94771037444295,0.2466201761875766
348,348,-7.419061230250556,52.84600182869175,39.55718892200721,10,food,0.8418518296318921,66.42675345241305,19.34345543318534,19.34345543318534,110.82401360993593,13.71945559592636,1.6632391134865117
349,349,-7.405120849098842,49.19287265364812,37.6555284331725,1,animal,0.7947111210088585,62.391612868151284,25.683978234548476,25.683978234548476,107.494845923582,10.345965021712411,2.064977531243329
350,350,-6.786425404207338,46.453864347618,33.155130187932066,18,musical instrument,0.7866056304710399,57.4741658519068,-3.2437289688740947,-3.2437289688740947,101.22094313984621,9.560882322607194,0.3377646846820994
351,351,-5.1999830485108784,37.9952212841866,28.577817518894463,99,other,0.8100305336703086,47.82643953173117,-8.857045402074888,-8.857045402074888,89.77802840285406,9.32726889144389,-2.1848261460939398
352,352,-6.666367009569961,48.11854820848334,36.31015158747879,99,other,0.7990741027610002,60.6486787910842,3.8985307884051252,3.8985307884051252,102.63140982387023,11.75890434455519,-1.1869351899386658
353,353,-6.98382771828008,51.27693297705525,38.406314552799486,22,sports equipment,0.7635555018018375,64.44488112069578,0.006345314571461813,0.006345314571461813,107.45796550759266,13.320805375896315,0.129637595237881
354,354,-7.424115104429187,47.81520012926209,34.72126513864478,16,kitchen tool,0.792525620589213,59.55650343424527,-1.1425552187939019,-1.1425552187939019,102.95507665522825,10.294817649611327,0.1465610687961032
355,355,-6.726530679375824,37.02897089096077,27.64928110057853,19,office supply,0.7412917064393317,46.699824899061596,-3.847239651258292,-3.847239651258292,90.89825357350219,10.232785443652645,-0.022928864590141984
356,356,-8.314433912577538,50.64458938331357,38.00606530834777,23,tool,0.8147516468169754,63.862862802363104,3.6424381062593625,3.6424381062593625,107.03156963494615,12.940605621768382,0.24137804057765777
357,357,-6.243338316986148,45.34761731420311,31.942443315166116,99,other,0.822088417664141,55.818503691503246,0.04673784664167613,0.04673784664167613,98.66560354903658,9.732177086993717,-0.6867434687576974
358,358,-4.725060406523478,40.27986009813308,29.369786414572967,4,clothing,0.8479060701920745,50.07372244409341,2.286794801146584,2.286794801146584,94.68314758412161,9.205899126721912,0.6424468337060176
359,359,-7.820314631794372,50.891772048325095,37.10155013435087,99,other,0.6987360291281166,63.463807051977994,6.665959288275843,6.665959288275843,105.4008355648794,13.56437839627684,-1.020387587398318
360,360,-5.90257677382426,40.16124977199762,30.29655911151747,6,container,0.7609964711895196,50.65222492465006,-4.199980080878902,-4.199980080878902,93.79490468923156,8.963857206592971,-0.7806816223885704
361,361,-3.890092615925069,35.92609057175859,27.04555767609531,4,clothing,0.7505609378913191,45.136227072515425,-1.8019608765047224,-1.8019608765047224,90.15265623286508,11.203888676246065,0.6771822040877424
362,362,-6.969623163101219,47.611259631520376,36.05934450107188,99,other,0.7751490987771477,60.13055809305832,3.1730476404255654,3.1730476404255654,102.1262543992231,11.46162562232791,-1.2130342757632064
363,363,-7.925233054649751,51.045894716543046,38.1512624554451,99,other,0.843673017738979,64.2184670739435,7.066592017320403,7.066592017320403,106.09706095687712,14.1037657565647,-1.0219236794641375
364,364,-6.632369933565749,41.12976478235802,31.60869144632356,99,other,0.7364997682391777,52.29488748373643,-4.347753520621367,-4.347753520621367,94.80769553556577,9.02185666950719,-1.286702733336071
365,365,-7.364404432331731,45.889608865326345,35.138150675438006,10,food,0.7488879853209123,58.264743090014306,12.490973757330863,12.490973757330863,102.98911137230705,9.337342946741106,1.3749622404506567
366,366,-5.86618683152107,33.85054379552283,25.40829055086927,21,plant,0.7189443158268726,42.72999756508668,-10.176533170003182,-10.176533170003182,86.5648405719289,12.297135395010788,-0.6858246380003834
367,367,-6.565860139308411,42.6508460407395,32.898294650754615,99,other,0.8066408354518112,54.26327467346302,-2.3398419095495626,-2.3398419095495626,96.76909962145874,9.29546257495565,-1.1452768187235733
368,368,-6.818810918423583,44.25370096640994,32.123460287654765,13,home decor,0.8174198762221571,55.10719492423995,0.584454847290317,0.584454847290317,98.54356035764448,8.898706903296084,-0.15110790862357248
369,369,-3.269475103250895,28.85315585569681,20.738494097303587,4,clothing,0.7697615683931623,35.68303809526039,-11.810866489225177,-11.810866489225177,80.60130858334598,18.222679702168993,-0.13371149542217609
370,370,-6.931294614315784,46.16537870816212,33.43477664545462,12,furniture,0.7237649216596586,57.42098332169094,2.8117430759086375,2.8117430759086375,100.87445558217222,9.444163930651104,0.040449893723661035
371,371,-6.185038987271295,34.59804654280862,25.1438852811305,1,animal,0.8585535977836323,43.214517223764844,4.85378509513518,4.85378509513518,89.1701854554775,12.2845370633566,1.4715315536115412
372,372,-5.489854383597061,32.461142296145816,23.937430862574843,1,animal,0.7955357971083262,40.70460485773418,2.4978734347046156,2.4978734347046156,86.04307740818513,14.212388824071782,0.6650978847361557
373,373,-5.5485249171302655,28.66849359772402,21.625284590987068,1,animal,0.8288376907172994,36.33622968278274,-1.1048435658070304,-1.1048435658070304,82.7533111212853,18.298505265975262,1.4143476531477859
374,374,-4.4639175907644,35.635242752472664,25.89079474837527,8,drink,0.7476930810098706,44.27335924669922,-2.83913591702553,-2.83913591702553,88.23692736959423,11.37131548330432,-0.44073583421841533
375,375,-5.616415365586659,40.41837535322314,29.15426615795885,10,food,0.8117311013492016,50.15137508545442,4.432732558534056,4.432732558534056,94.8094380441014,9.427828303705473,0.6969393705145279
376,376,-6.606401814171231,37.82322794975157,28.04006275960301,99,other,0.7824772181774303,47.544571057394435,-8.797136981518719,-8.797136981518719,89.97892591626497,9.488087495386052,-1.7233119851340177
377,377,-5.511313384356712,37.96146171503197,26.750329329725933,8,drink,0.8040064780098216,46.76566336545674,-0.30629040807758656,-0.30629040807758656,91.08057891495874,10.178610752581973,0.09852198413696556
378,378,-5.635325241649867,39.075459661363794,29.985324515285587,10,food,0.8453316838987571,49.57588248950322,3.2885140710615843,3.2885140710615843,94.37899644371575,9.640174757802592,0.7986003807489936
379,379,-6.864793563118988,42.92815293078304,31.237725616591444,99,other,0.8321684644694914,53.53267419446174,-3.080020484966468,-3.080020484966468,95.62727027952086,9.092829014039118,-1.611590220175131
380,380,-6.721971097240647,41.13077800494458,28.840852731019268,6,container,0.7534022509915873,50.682547104269666,-3.7644633735222612,-3.7644633735222612,95.12195158103508,9.191243689555423,0.5183292685197358
381,381,-7.089758553942147,37.82333192043955,27.59249868511432,12,furniture,0.7506114359116121,47.352033721952985,-6.56192637317487,-6.56192637317487,91.81382784541577,10.009398580408808,0.28961068581435256
382,382,-6.751235181640475,39.951671050257424,28.58660473130937,9,electronic device,0.7451633780466534,49.58738918565805,-6.912411988229934,-6.912411988229934,93.65915307951171,9.257694062069637,0.06811788216394632
383,383,-8.382363194007494,52.84845505104737,39.62403721652889,6,container,0.833953792934735,66.5829372987982,11.140865699257787,11.140865699257787,109.7889833858552,14.857085888967804,0.4838007198082721
384,384,-6.062071863212091,39.67235640603809,29.76824324918737,23,tool,0.7494122070341583,49.96791855005818,-10.375464996045523,-10.375464996045523,92.88279035142259,8.872345081888877,-1.060083722114797
385,385,-5.963906438662266,42.51386776900256,31.273935053697965,99,other,0.8173749947034122,53.113615452464444,-3.6293976965043697,-3.6293976965043697,94.97898063822572,9.000167062215287,-1.8724165783825129
386,386,-4.414741334881549,32.44664241208301,25.005095715473622,10,food,0.7858503541815481,41.20108441062556,-4.78584710013358,-4.78584710013358,86.28629714237722,14.393708311444694,0.4492707639876272
387,387,-5.234814316079732,45.55780764472839,32.62652824111056,99,other,0.795378561455561,56.27972515378776,0.7270339598035207,0.7270339598035207,99.23927862281298,9.95076569883303,-0.5395154872327339
388,388,-7.503402247029128,46.24421099963483,34.5242978849609,99,other,0.7481209976831654,58.195835252266846,1.2317994254168525,1.2317994254168525,100.22763694396527,10.505573725422574,-1.3227997429082308
389,389,-6.11415823254992,42.42801081977661,31.361388908399626,99,other,0.7976111142793981,53.11361169492835,-3.825022713009872,-3.825022713009872,94.89798922165892,8.991504548631795,-1.9534045207173705
390,390,-7.104675948196862,44.70358608653935,31.605314486253118,99,other,0.7636276183017309,55.20672905634315,-0.6456672985017065,-0.6456672985017065,97.9804725596845,9.554865031471966,-0.8062253380862501
391,391,-5.9058883529624495,37.02544059783207,27.753942977610844,99,other,0.8020425622890024,46.648088058415894,-10.363627004002026,-10.363627004002026,88.63917383135653,9.674977964554168,-2.234172530013879
392,392,-7.630652562291087,51.06868213371451,37.1943093993754,99,other,0.7022710712335902,63.63689028462372,6.85998695045393,6.85998695045393,105.55678756677614,13.681518704099723,-1.0244689909585816
393,393,-8.358318537027412,49.01640932789724,37.4811162602801,99,other,0.6960579435808095,62.26800099796863,5.7807797748948815,5.7807797748948815,104.89852537552215,12.86122076027614,-0.4170510184649032
394,394,-7.017103016772176,37.63358412520839,27.31925210281054,9,electronic device,0.7935265369681138,47.03049993689253,-8.992533954882873,-8.992533954882873,91.44084297773477,10.131971566629169,0.21391716060571753
395,395,-7.129536328917932,38.27706956835175,28.044249408944903,9,electronic device,0.8187803239231819,47.98379172092288,-7.9991467571239525,-7.9991467571239525,92.30219166962218,9.770474071135196,0.19384869693986673
396,396,-5.93475636926656,42.862433374082,33.62819283730708,99,other,0.7978230052074352,54.80205179930109,-1.0729766563314058,-1.0729766563314058,97.90317576813561,9.538515655810645,-0.5093560214252477
397,397,-3.3645274295448573,33.48043980638299,22.923805622776023,99,other,0.8584613430268919,40.715608293181766,-13.830472557908735,-13.830472557908735,84.71157537628464,13.011772790414062,-0.676577964809681
398,398,-7.765792969949738,46.14935344295021,35.94760817604692,6,container,0.8051929563039054,59.011023523008454,4.735986422187665,4.735986422187665,103.16383141518095,10.325999796828542,0.859668598622747
399,399,-7.689428312820513,44.27294914378625,31.72303520633152,6,container,0.7652923962742285,55.00520244820883,0.2190911291688451,0.2190911291688451,99.18079290098166,9.190911729238726,0.5804272602236153
400,400,-4.557438183171551,34.24520571642183,25.68790934996352,7,dessert,0.8195325940277728,43.050819320024836,-1.8465672382645408,-1.8465672382645408,86.75686109902897,12.18642426433333,-0.7904371076535881
401,401,-6.611418245879504,42.16499857139231,32.195350318202614,99,other,0.8073834839913203,53.4615613114624,-3.3892367533940444,-3.3892367533940444,95.7351549312722,9.112230236384118,-1.437954330338556
402,402,-6.78449537403816,40.3181613098936,30.188528166297267,99,other,0.7448465311615103,50.82254166940364,-5.866779781779428,-5.866779781779428,93.05293081136924,8.956971755266645,-1.6801310006366208
403,403,-7.911297033867627,48.78911378986656,36.55834170659392,99,other,0.7644638872165564,61.477464110800106,4.505860137178843,4.505860137178843,103.53046495340155,12.261212617697367,-1.0541780725226175
404,404,-8.676325272494273,51.20424836650926,39.42091882196889,6,container,0.7825232557921594,65.20093950075835,10.491973492657067,10.491973492657067,109.13773006484465,13.903150037738682,1.1103477412900702
405,405,-8.124481147160248,42.9832349362668,31.73265195709666,9,electronic device,0.7902783683153568,54.041899297925305,-1.7410144731804564,-1.7410144731804564,98.43383587040415,9.09234814958623,0.7241439319502092
406,406,-6.625867532127092,39.92164783947666,30.9908215985874,1,animal,0.7109396866377976,50.97127730524279,14.233657813842058,14.233657813842058,96.69775518647923,8.357916435278051,1.82717184825556
407,407,-7.026035377518214,44.58645698376359,32.14864968569574,99,other,0.7513022639260811,55.4152776416822,-0.9918856201920789,-0.9918856201920789,97.64761351560848,9.516132795001427,-1.3319091856102148
408,408,-3.9955952251618574,31.194294714540376,23.318172273984256,10,food,0.7724683089012357,39.15081049148467,-7.385520883506658,-7.385520883506658,83.9342012159646,15.958187235984013,-0.007134214293813557
409,409,-7.937386420679251,51.14429712488177,37.434282193878126,99,other,0.8216532463048144,63.8753999201592,7.003197318099922,7.003197318099922,105.78355480001386,13.858040593565642,-1.0182286604461979
410,410,-6.852585446673754,34.18879025129534,26.70756438076956,19,office supply,0.7996000476488282,43.92180894844819,-5.170704470873005,-5.170704470873005,89.1786587470185,11.86969129478698,0.8260402662478157
411,411,-7.168157511959894,48.1882264397129,34.46618008916033,16,kitchen tool,0.7892602832910921,59.67751016471569,-0.23639184822798143,-0.23639184822798143,103.40461718254423,10.402749680245504,0.4842183196999912
412,412,-5.018177898925618,34.53435730592163,26.385235392151717,10,food,0.8312369600748368,43.7491095984545,-2.6929738543652775,-2.6929738543652775,88.41798419381323,12.581973370236492,0.22504417916103137
413,413,-4.194199979924019,31.05745395041842,23.58172301098508,10,food,0.8001930759197402,39.220586679966665,-7.393308249283464,-7.393308249283464,83.98506839510598,15.905795220602307,-0.02078236047825044
414,414,-6.664897842266088,46.3622459656081,35.20836616964594,99,other,0.8014486975178978,58.596141191713784,1.7610420627946866,1.7610420627946866,100.66208657480182,10.695753054642783,-1.2584744836535293
415,415,-7.077460615444642,46.06414322165454,34.62676759188933,10,food,0.7615444064462954,58.060389021870925,11.563491353256396,11.563491353256396,102.35916506778759,9.205788226512052,0.9339624730629339
416,416,-5.823705287422395,39.63762512602521,30.156067349618528,13,home decor,0.7567532584494495,50.14424460395017,-4.6398918744621085,-4.6398918744621085,93.57657400219024,8.996025755484958,-0.5293318014794721
417,417,-4.116758172618151,31.57262328178698,23.739373735625488,5,clothing accessory,0.7759747182123814,39.71569090554967,-11.247185744844728,-11.247185744844728,83.347751729108,14.426499627413303,-1.115874248634114
418,418,-3.492717976402448,36.39478329243159,26.44196113350494,4,clothing,0.851196399639917,45.121576195336175,-2.327386621485701,-2.327386621485701,90.56883245983978,11.33109385518753,1.1069046870000392
419,419,-2.328074167525818,33.051994071386346,24.819684749004683,4,clothing,0.8165460975542583,41.39892501580729,-4.253710253901261,-4.253710253901261,87.6183457786199,13.898993400621524,1.5983952353592201
420,420,-8.822892660077924,60.21568188317713,45.83634432315166,12,furniture,0.7861604610245403,76.18885903107987,20.476813937587764,20.476813937587764,119.62709700936269,23.524967258557115,1.4402431157105866
421,421,-4.538943789511018,37.11135678054968,28.144461292825756,10,food,0.8194773348684952,46.7970673683828,0.9049992902976243,0.9049992902976243,91.98013306746527,10.874168152106956,0.9690398778654838
422,422,-6.063847548602049,39.76525905615539,29.978044675356312,12,furniture,0.7857332601410429,50.16701343964472,-5.032604931499407,-5.032604931499407,93.41505577452861,8.966093741878648,-0.7119021799404095
423,423,-3.91803652168816,21.690952446396604,15.413644583562274,1,animal,0.8062897158468404,26.896633015407332,-10.923264350750209,-10.923264350750209,73.29468180666302,27.536243956694143,0.6836047878888252
424,424,-7.0632389556862405,42.70628139315424,31.86202040067116,12,furniture,0.7788555279871887,53.748527040182054,-1.7173263781587025,-1.7173263781587025,97.21804978452732,8.751967543922248,-0.22038906513461143
425,425,-5.477739271546499,44.92939071363064,32.893900501554185,4,clothing,0.8080721100526712,55.95234103798757,8.382193720608441,8.382193720608441,100.32528666845022,9.02941527703291,0.8491931386003415
426,426,-5.223649861056999,31.38505637966511,23.085612756635268,1,animal,0.8226635077766337,39.3097163329246,1.2656432677417513,1.2656432677417513,84.54983441797629,15.427588151109633,0.4615740512932405
427,427,-3.743315997399909,19.762659937531325,14.07822888692394,1,animal,0.7802145706414001,24.551408738716308,-13.206684318112067,-13.206684318112067,71.19975838604326,29.880006423236736,0.7570845211869397
428,428,-5.905785025510234,32.32518292604455,24.256452697042366,1,animal,0.7791464069657993,40.84325214051443,2.7408493433938474,2.7408493433938474,86.7756680765008,14.163283593717788,1.2694947558739216
429,429,-4.90420408364044,34.16547570239827,25.993159894914232,10,food,0.8378458494425597,43.208509682558365,-3.4092105286788694,-3.4092105286788694,87.80759138388487,12.930643953598459,0.11449207712901455
430,430,-5.142540646492981,38.88764470201478,29.509055818533128,10,food,0.7783509954137176,49.086444259818556,2.5152813492495625,2.5152813492495625,93.92404284393665,9.817634824395306,0.7961832020893382
431,431,-8.068195618758372,54.51972146221518,41.85337060852552,99,other,0.7252877803744301,69.20404930460838,12.486238921990093,12.486238921990093,111.54556379114644,18.321574433334398,-0.18310885692901024
432,432,-7.532528786408292,47.75138772551595,35.36761668335047,23,tool,0.7393284744413671,59.89826649821374,-1.203898083830893,-1.203898083830893,102.88453741852999,10.54506981682316,-0.23997357745314218
433,433,-7.406594157837146,40.33957312765892,31.05620347534141,6,container,0.7474236903693273,51.44537463603951,-2.8255797057215517,-2.8255797057215517,95.84473079320455,9.106817385131558,0.5357952864564481
434,434,-6.558665329830143,37.476554012267975,28.03376269892386,1,animal,0.7963402506878043,47.25886205361625,9.066879490548843,9.066879490548843,92.83018766997749,9.699657097413379,1.3921173840397785
435,435,-4.442951544961828,37.55893029205606,28.731674808431624,24,toy,0.849686746220852,47.49654935268319,-11.655630313906869,-11.655630313906869,91.82223194283803,9.803703513650314,0.1643950895551285
436,436,-4.721411885095522,34.678039470232385,24.260369597941928,99,other,0.7999244559404799,42.584312659904015,-12.966104269339354,-12.966104269339354,85.62115697575038,11.637070026387267,-1.4948074249573438
437,437,-5.221935351080479,34.385857956115586,25.428173714960185,10,food,0.8045566647068275,43.084194952061175,-3.2386520235607605,-3.2386520235607605,87.2951780154939,12.987261992568994,-0.282979425629847
438,438,-6.727880461956668,42.44745403530667,30.93510683448905,99,other,0.8555920319675284,52.95310722187228,-3.738573215257901,-3.738573215257901,94.98020031948866,9.007114315853846,-1.722790385680554
439,439,-4.658297748148165,34.55800964203371,24.87964512462424,7,dessert,0.8156504006241925,42.836345664126576,-0.9650331792763467,-0.9650331792763467,86.82269911715245,12.346357159753111,-0.5262959436415287
440,440,-3.919400647498113,31.61288840075852,23.406678209912357,7,dessert,0.7782317562697346,39.52984947222551,-5.250557569224,-5.250557569224,83.56427479684413,14.768767734866008,-0.7275214952879878
441,441,-5.865495974783877,39.594713083119,30.734079692158915,12,furniture,0.7829375762742492,50.46512658944487,-4.1069980897924125,-4.1069980897924125,94.46991737549972,9.015289136858641,0.06732288567846467
442,442,-3.946119191084237,30.868606013425683,23.044835434845734,10,food,0.8344890765876228,38.723470067924765,-7.784312381176676,-7.784312381176676,83.504974998966,16.305497071000698,-0.04123987439994892
443,443,-6.800376770346214,43.97695264308097,33.17477876026994,99,other,0.8114257864172036,55.50480550171587,-1.5644849956485416,-1.5644849956485416,97.47194372097624,9.512574064797738,-1.5903567750955858
444,444,-7.9234548929838144,51.51133464958288,37.58944195217479,27,weapon,0.8054995309568481,64.25857826857349,-0.42570341905768316,-0.42570341905768316,107.46325268033301,13.011132537399746,0.3071810831379338
445,445,-4.087358490635866,31.47551451465936,24.04769370595504,10,food,0.8180871356226613,39.820925227434564,-6.3323268297323665,-6.3323268297323665,84.87307100010241,15.445871236299125,0.3121449740265234
446,446,-6.6667996453137714,36.42484062015127,26.92462163470477,1,animal,0.775565404398157,45.783735997471744,7.436806278995647,7.436806278995647,91.76416090962661,10.58419308871331,1.6899977025817066
447,447,-8.349703411108727,52.86152888066245,39.07263127428437,23,tool,0.7991368726124825,66.26257840856161,4.985855446033426,4.985855446033426,109.2653113675023,14.734542568669918,0.2563337317712069
448,448,-4.208474741015911,37.48593133190701,27.33465081642764,4,clothing,0.7926023777489953,46.584218816271296,-1.3171573927165667,-1.3171573927165667,91.40002921819325,10.447567935940047,0.5857365974314348
449,449,-6.795716388479976,48.69994076060281,36.537473083559256,99,other,0.8510406087638751,61.26053322205656,4.420927815509614,4.420927815509614,103.13779406073847,12.105260179740462,-1.2462738526009645
450,450,-7.133820315154492,47.64707806882239,36.71249318541695,26,vehicle,0.7832904809436293,60.571797040162615,-0.8465404034139112,-0.8465404034139112,104.11331877711457,10.93595774767638,0.3660589182880898
451,451,-7.265809594059391,46.20924457996291,35.51251654685027,10,food,0.7607678856154467,58.730103909309335,12.901221733869463,12.901221733869463,103.51043101641388,9.485078654483988,1.4660075273037165
452,452,-7.462589140794083,54.641674407588006,40.75516168147536,17,medical equipment,0.8131501730350135,68.57394565308572,9.817780029827361,9.817780029827361,111.86804462053479,16.40228962731643,0.7219681696915643
453,453,-5.686379402579829,40.59621170148034,28.078788934980786,13,home decor,0.8015676199123599,49.68707782992167,-3.0821337155164628,-3.0821337155164628,94.40080554455533,9.319818154307562,0.7175978531823688
454,454,-5.035946579420528,33.326525493178366,25.962026598679888,99,other,0.7989905547131568,42.54462227483994,-13.721128367161711,-13.721128367161711,85.34908743409375,11.634353618823377,-1.7301790878616004
455,455,-6.355942306237248,41.33605038219094,30.522648408815275,99,other,0.6875635712525958,51.775468415914865,-5.249989309445411,-5.249989309445411,93.60022531181998,8.892032251405748,-2.0139161406811183
456,456,-7.859018460518298,48.48158223262877,36.51028545860322,13,home decor,0.7498329809305421,61.19827555749105,6.095486078011376,6.095486078011376,104.63365297844747,11.0677972158604,0.3071487350483295
457,457,-6.244440163200286,38.27731927836268,28.497030814330333,10,food,0.8129841195389977,48.127195735076825,2.2414234502644206,2.2414234502644206,92.52022537255156,10.162586349659566,0.2792905110394912
458,458,-6.2064815689256125,49.80191534860829,35.6985254825256,5,clothing accessory,0.8202327571730056,61.58843972274252,8.238945644651679,8.238945644651679,105.7584395418819,11.381399657820335,1.0711880493238226
459,459,-3.7437218847142426,35.452897948919684,25.22254758601759,4,clothing,0.8626840993109967,43.67035989381727,-3.594323820711068,-3.594323820711068,88.96463093739783,12.106257626846784,0.8445031947328658
460,460,-6.305248114429216,35.64524954395119,25.24169143107593,6,container,0.734692367253343,44.13029520790358,-10.121793482486794,-10.121793482486794,88.64296178653363,11.53431901439358,0.09757612906057034
461,461,-4.500779297616642,34.79837469930218,25.90257131282494,7,dessert,0.7910751661663948,43.613382081820596,-1.3246602294613297,-1.3246602294613297,87.41571975258137,11.833293198127942,-0.6517260916123462
462,462,-6.796191229097186,41.59681728813428,32.5859381896667,99,other,0.7520901314586997,53.27594946526681,-2.881689915474368,-2.881689915474368,96.33539851508314,9.238329256139862,-0.6660933380369869
463,463,-7.3952636253069715,50.07605910545377,35.436540559491725,9,electronic device,0.8190761764368037,61.790371632198415,5.998154666650109,5.998154666650109,105.79132656504424,11.609908277847445,0.9173680723528435
464,464,-4.32545650284272,31.341238453423248,23.59708886618797,10,food,0.7205892683308572,39.46904362549329,-7.468208377853614,-7.468208377853614,84.003239533443,15.692736894851917,-0.23233544495752767
465,465,-5.382431333689414,37.399815633243165,28.497334627290005,13,home decor,0.7100570106454963,47.326682297856074,-7.168414052242454,-7.168414052242454,90.82518215802277,9.826914819466134,-0.6755949798654086
466,466,-5.690542638794724,35.347745246983635,25.76977609771497,99,other,0.7644859882664762,44.11265951737615,-12.501801988856712,-12.501801988856712,86.21230554906754,10.732171192576388,-2.316774082861926
467,467,-8.520631959761849,49.70371330041886,36.53238546648717,16,kitchen tool,0.7985004346896831,62.2709841958191,3.05195522022197,3.05195522022197,105.95024373214311,11.806904636787516,0.6319090622452848
468,468,-6.289291311520494,45.11031486657957,32.60708621307062,18,musical instrument,0.7848154994075246,56.01533507772436,-5.782448908776601,-5.782448908776601,99.51337169332136,9.10002902019902,-0.02096636171141597
469,469,-6.648810549859867,43.56152530215652,30.90022184315153,27,weapon,0.800143668915446,53.820413212222086,-9.467062636571683,-9.467062636571683,97.72339744263587,8.771996908101302,0.21849236894414048
470,470,-6.342914256425085,40.279872089296745,30.481587270133254,21,plant,0.7103318361606418,50.909997243186105,-2.273242231622717,-2.273242231622717,94.33676256660353,8.867227714287543,-0.47716099662262934
471,471,-4.500671220228553,29.5318070281586,21.2221006317106,1,animal,0.8273198620328589,36.6437064583189,-0.3461041317806064,-0.3461041317806064,81.91298441117692,17.898871024881892,0.2897267642456143
472,472,-6.5577001012515606,39.40734129035318,29.22105902587921,21,plant,0.7075659485443946,49.495578275096925,-3.143504850898424,-3.143504850898424,93.02932500009003,9.16094929752311,-0.47682148533219504
473,473,-8.660489733695561,57.65550165838482,42.5501517311777,22,sports equipment,0.7969166341371317,72.17808785395819,8.270649225010175,8.270649225010175,114.97727137483005,19.990233642524572,0.49879154013341065
474,474,-7.173767888622187,51.11978868003517,37.86509512805966,22,sports equipment,0.7695936017341666,64.01922499896641,-0.3769026176789225,-0.3769026176789225,106.91741089319568,12.98704217085078,-0.01735377405030647
475,475,-6.604438868716629,44.58847056677873,32.604154381748955,20,part of car,0.7511784574341842,55.63075770833998,-2.902862839465797,-2.902862839465797,98.86288017595072,8.989233909700882,-0.3158762023158772
476,476,-4.8887650558776645,26.12006689121561,19.215615715821475,1,animal,0.7658427952561969,32.793258537560334,-5.436402715343057,-5.436402715343057,78.98638627036654,21.701915816825146,0.9232671988169585
477,477,-6.826065563879113,39.37721802194961,28.3462361660844,9,electronic device,0.7351030937703412,48.99662820045845,-7.509754356994932,-7.509754356994932,93.08292873806978,9.406382106374862,0.038113361252740674
478,478,-2.219489187209626,33.35161700381052,23.90723239609577,99,other,0.8875516332191559,41.095160905658155,-13.044978049316825,-13.044978049316825,85.50766111682631,12.95020592580125,-0.23142799196899944
479,479,-4.231196995266782,33.32638075154398,23.682882032081604,99,other,0.7946752749361939,41.10267124354729,-14.654239669937596,-14.654239669937596,83.89972277875485,12.515871062816837,-1.8463104165944202
480,480,-7.398367446185385,39.14110598092347,29.26038339568035,12,furniture,0.7668299086431949,49.42602608687922,-4.755158033641166,-4.755158033641166,93.88209367763743,9.360464665494758,0.44025540605731805
481,481,-4.448596808440705,35.556087828308016,26.56581998558608,7,dessert,0.7550978493051665,44.60681771573699,-0.22514662959228815,-0.22514662959228815,88.61658287259671,11.260165532192307,-0.36939728117617676
482,482,-7.42939918295345,43.57702813465904,31.52013607157041,99,other,0.740384112132142,54.29247029965434,-1.8290565919944157,-1.8290565919944157,96.81671975195319,9.311125337046873,-1.1246510736032889
483,483,-6.692119850753928,42.703799664178696,30.415335550383528,99,other,0.7935889289146671,52.85349194232664,-3.2500110427703532,-3.2500110427703532,95.3836455116432,9.068451706720175,-1.2272405327939708
484,484,-4.582429400861678,34.47267710729342,24.686714636487707,99,other,0.8138944817347922,42.647368098171896,-13.412277343687265,-13.412277343687265,85.12708457767101,11.528584416826588,-2.0471811175315224
485,485,-2.952851456770599,25.889098043367397,19.142845583397587,4,clothing,0.8759429905665015,32.332851192782954,-15.05955155293583,-15.05955155293583,77.0281167746007,21.229632540032522,-0.609307940795091
486,486,-6.162690922724449,47.0658129688747,35.20144767071841,99,other,0.8124649853833065,59.095781811771054,2.636509722681552,2.636509722681552,101.13895869247817,10.947773282627294,-1.243571955464077
487,487,-4.374663599486157,32.5694420753771,24.32821901139468,10,food,0.8639796273300767,40.88726548665732,-6.055731111864517,-6.055731111864517,85.44699090049694,14.584449983076476,-0.09987732489418022
488,488,-6.643908427178167,51.080451663861815,38.18271017675818,26,vehicle,0.740760780547366,64.11921254830852,3.4061744380444168,3.4061744380444168,107.41115904636659,13.120282879250384,0.3839455163398213
489,489,-5.909495392790206,44.32648507621761,32.790297799953905,99,other,0.7707292861749127,55.45234931740235,-1.0813912847434182,-1.0813912847434182,97.41056379217464,9.504080033207394,-1.603235519324599
490,490,-5.114549587611531,35.00610431756708,26.30582464252638,99,other,0.8169233127117415,44.086079062441854,-12.951100731341725,-12.951100731341725,85.93284179879666,10.70488419656659,-2.5716614449020767
491,491,-6.874938065864213,38.193755678140434,27.7598320334662,9,electronic device,0.7866055642983428,47.71410714597109,-8.643654550728144,-8.643654550728144,91.8754870421541,9.818494863708459,0.01649543799572939
492,492,-5.077969618051041,34.21332081313932,24.51270318704584,99,other,0.7984648165106347,42.39351028212749,-13.88889937920139,-13.88889937920139,84.69462264234495,11.672367279416415,-2.2449251649232025
493,493,-7.087838046314877,36.215487848065685,26.38262677053752,99,other,0.8382478589192996,45.36344347112182,-9.849158764286372,-9.849158764286372,88.73142439373142,10.440303572611716,-0.9541347685902366
494,494,-8.52217293767283,48.717894232576384,37.09761166528401,99,other,0.784004402920965,61.82469928195623,5.46448176587829,5.46448176587829,104.50909861700472,12.5969904313647,-0.3965993492804216
495,495,-4.233893097654541,25.760499146675183,18.427995048912106,1,animal,0.8059431643013756,31.95497095243475,-5.526545523606515,-5.526545523606515,77.64196924778715,22.493357988928167,0.3539340185561599
496,496,-5.195492705110835,38.00669073883457,29.167027510022457,99,other,0.7961179198811272,48.18938865701328,-8.169085600910677,-8.169085600910677,90.64259633465358,9.302423587429933,-1.6558423355213847
497,497,-7.727566049112294,44.68575593932179,34.28246948816567,6,container,0.7698467996776572,56.84909651981319,2.1479388344319403,2.1479388344319403,100.83082711140803,9.536659115892624,0.5255901028681649
498,498,-5.891972742797156,39.99078803600653,30.06601249559936,13,home decor,0.7704501305535816,50.37800688721423,-4.59505133549105,-4.59505133549105,93.58174006814575,8.926116257214721,-0.7403032185505509
499,499,-2.202379588128027,30.514122877071696,22.720486065173457,24,toy,0.8244231435373927,38.10751445377899,-18.83635365367799,-18.83635365367799,83.73631711515301,15.921749977363303,0.7596171106471274
500,500,-7.547533700930942,49.424884689371424,38.10109012895288,24,toy,0.8062239465058588,62.86077919131245,4.158616096201328,4.158616096201328,106.55846353781114,12.0897049225165,0.6948022050846276
501,501,-8.909799914910751,53.67066662427326,40.28673222625256,99,other,0.7225071748938411,67.69745773577763,10.87868770668409,10.87868770668409,109.88398588189892,16.993621152650306,-0.4516865563509356
502,502,-5.453820053075004,31.488502867983183,23.724833966502008,1,animal,0.8176752773786518,39.80122752851218,1.9072637695157226,1.9072637695157226,85.3150030776593,15.014348723132862,0.7722896178154457
503,503,-7.043166489103188,49.854257737827496,37.46157062314363,99,other,0.8428340149621162,62.756852074779346,5.8588879147497295,5.8588879147497295,104.64069956205496,13.06322848826193,-1.1268703693042
504,504,-4.151453853707971,22.37588151435812,16.0812362675225,1,animal,0.782437103730187,27.866122847212548,-10.257858449293671,-10.257858449293671,74.25263925098682,26.57475555980226,0.745168300991736
505,505,-4.068247841164604,32.34224586480868,23.719230550389177,7,dessert,0.8412805436433486,40.31343952057911,-4.343580795825105,-4.343580795825105,84.31549338731686,14.154622680076777,-0.700813199679672
506,506,-6.337642670802482,37.19115718720061,28.697565422074703,99,other,0.716676126751656,47.401457242368586,-8.937979979980284,-8.937979979980284,90.2170721676097,9.568040152690779,-1.3528421641607338
507,507,-7.053641584846794,42.65214694225784,30.824969194526343,99,other,0.7382119597329703,53.09555748115781,-3.1996844518102137,-3.1996844518102137,95.47652105771685,9.081678648424159,-1.3581796909570159
508,508,-6.233269227346694,37.611902329645126,27.006112733191856,99,other,0.7882867725897872,46.72086222527597,-9.379960011275983,-9.379960011275983,89.24705216706577,9.731686086981918,-1.693581461672423
509,509,-6.0316630175838855,39.33603151710098,27.903870720843912,99,other,0.7617261787207231,48.6038098864443,-7.420665490797887,-7.420665490797887,91.20939503720203,9.244751543132407,-1.4722190545648743
510,510,-6.656249973331038,41.950413537685336,30.447944439734314,13,home decor,0.8024929483988718,52.26107710615454,-2.0340785899726512,-2.0340785899726512,95.78103970161796,8.757009781455961,-0.28209736548224384
511,511,-7.765314982307486,45.793613993338376,34.813053291877786,99,other,0.7848173878280587,58.04570508528989,1.4699865749616379,1.4699865749616379,100.53650347463292,10.515244247983983,-0.8751222973073567
512,512,-7.732831310842974,45.07323152223201,33.93878731070209,99,other,0.8432928493308529,56.949400032482835,0.3931068192801206,0.3931068192801206,99.35569421823746,10.06523465934843,-1.0422837939597542
513,513,-4.905769460602087,34.617617892707294,25.274584511553467,10,food,0.814944149575236,43.14221441694576,-3.0655382341092547,-3.0655382341092547,87.56857607839677,12.951552253288142,-0.06322637736151648
514,514,-7.808864389483133,45.32463612866727,33.820576254648806,1,animal,0.8001677565320858,57.08881135078872,18.82605539146617,18.82605539146617,102.5260289355428,8.277331042835176,1.9991506960577965
515,515,-6.937620915241239,42.07560925151207,31.463448246887737,99,other,0.7397494398174004,52.994679482322596,-3.8444409656258074,-3.8444409656258074,95.11445805358673,9.029798720214409,-1.6269705193684842
516,516,-6.845664862530898,37.85765334307896,28.561136510037333,6,container,0.7859478216395369,47.91454437641889,-6.8153073542153635,-6.8153073542153635,91.98044062720368,9.763587894790394,-0.06387599127648969
517,517,-7.770503124983759,54.31185475682686,40.40004258156136,24,toy,0.8100129784759982,68.13458539195796,8.195295761308387,8.195295761308387,111.23792836328509,16.03636746181117,0.4980860561885976
518,518,-3.713641763542205,33.10740754203577,23.60685404778357,4,clothing,0.7935971780604252,40.83105591747203,-6.449509564362387,-6.449509564362387,85.89268367136582,13.985633236870076,0.39778702426387724
519,519,-5.840884286092996,32.97672975762796,25.17421879507392,6,container,0.7556807554088144,41.89656223001365,-12.682857440542634,-12.682857440542634,85.93758859296945,12.84461054405095,-0.5424791832215021
520,520,-7.859185320233281,48.02209921947837,34.99985587346059,9,electronic device,0.7932118371402381,59.940626610890625,2.9623612422137313,2.9623612422137313,103.46962909670111,10.56264065630548,0.30595178181117433
521,521,-5.042903303787225,37.741903278291474,27.586420423531678,8,drink,0.7457865034694303,47.02013109916967,-0.7882858004672357,-0.7882858004672357,90.62843696177848,9.975365762640381,-0.5889017891393991
522,522,-7.51818126883919,50.85741726169137,36.74135089374892,18,musical instrument,0.7437413406639399,63.1896099498841,1.9845485666132845,1.9845485666132845,106.61650098323764,12.364997266875964,0.44880149898813215
523,523,-7.834180816565548,52.485614501150486,38.141428032775465,99,other,0.8028189936769438,65.3519904135246,8.636033671593395,8.636033671593395,107.31113202363672,14.991198105544472,-0.8559125398579255
524,524,-7.131506916445614,39.94363680541393,28.769231169837152,9,electronic device,0.7761312874117753,49.73953331350888,-6.605676586332109,-6.605676586332109,93.98721245281709,9.278441104224912,0.25550422476571555
525,525,-5.793948721988954,31.343228513113985,23.399215858364663,1,animal,0.7647920765255614,39.541005528497415,1.4423385360814933,1.4423385360814933,85.57597512722015,15.301441559237707,1.2738639036566468
526,526,-5.17176911012616,27.67275970940185,20.35356582509546,1,animal,0.7829263496452201,34.73897620050486,-3.5087050851539274,-3.5087050851539274,80.9215744707211,19.805278851620084,1.0594375572977555
527,527,-7.974944770354389,45.07763603709572,33.969350265213485,99,other,0.7524937807548651,57.00447151078443,0.6995667322553203,0.6995667322553203,99.62009263855046,10.132658445011083,-0.8288046688403767
528,528,-7.60547499099777,49.821883057586746,36.25851919988529,99,other,0.782720704208636,62.08658064196314,5.321306296501973,5.321306296501973,104.0418909570971,12.630165730028288,-1.1059434959348522
529,529,-6.671401404681487,50.661440224830834,37.74521909371851,6,container,0.7605720264725894,63.52787330604816,8.952913222414935,8.952913222414935,106.8690470014024,12.61892875339194,0.3885879505514822
530,530,-6.877189744778291,49.65984520837538,35.638792957112166,22,sports equipment,0.8334134799985123,61.51032050270422,-1.870568013569084,-1.870568013569084,104.92398119359959,11.424191653682776,0.3089590246061107
531,531,-7.489451980666526,41.49872017784136,30.83906995268303,99,other,0.7204301606005271,52.2425487789021,-3.840372524787199,-3.840372524787199,94.92227581118141,9.082210419784301,-1.1237298951144936
532,532,-4.640210421308336,35.19125812385582,26.24324838328492,10,food,0.8041092316766257,44.14367776704444,-2.6944103563794215,-2.6944103563794215,88.77141044164563,12.313854863313546,0.21365121984571545
533,533,-7.725610754373979,42.9400462513477,32.25358057754864,6,container,0.8039110860103892,54.25703727322753,-0.6224685550006797,-0.6224685550006797,98.25202994088333,9.0509747310028,0.3434206243306477
534,534,-7.442467149025085,47.96911598888722,35.14115824193386,23,tool,0.8010114208284941,59.92768482599898,-1.2680092645728962,-1.2680092645728962,102.97057100520671,10.568423643538805,-0.1811402868788008
535,535,-8.066838786626134,46.63014148261771,34.497901956673964,6,container,0.7985797480917023,58.56235328357844,3.216667419000018,3.216667419000018,102.26173758469109,10.069775661099076,0.372416952702892
536,536,-6.697912867176446,43.55497639527393,31.847510917821324,27,weapon,0.8611556271807708,54.37059827912422,-9.96015166857012,-9.96015166857012,97.54232630849972,8.705011757751187,-0.4712819396246175
537,537,-5.385741171996332,31.75964138845105,23.92252979111916,1,animal,0.7808778269304587,40.124412278583385,2.29924854229192,2.29924854229192,85.47490065058278,14.71492294106631,0.633369359831363
538,538,-2.5123688621785742,31.950741180964563,22.82695090812651,3,body part,0.8889417528698659,39.347573585605595,-2.5535387663630473,-2.5535387663630473,85.18385137238599,15.170420434821988,1.0605880480208043
539,539,-4.065845830683834,45.69577535400593,32.91490452036709,99,other,0.8301815570754697,56.46260644982259,1.6803238052956289,1.6803238052956289,100.19472160910342,10.338882844476547,0.24683476747725308
540,540,-5.6216997952275625,48.46395909618152,34.95895407972841,5,clothing accessory,0.779563935342578,60.02072400606791,6.8761396716096925,6.8761396716096925,104.35888205565323,10.62876242803734,1.1211463890528535
541,541,-6.6116505595618165,34.06816338719734,25.2241134274967,1,animal,0.7858384368821708,42.90232601971304,5.0471295330820425,5.0471295330820425,89.35524214236224,12.616163951396983,1.9452413975608636
542,542,-9.080784338914151,53.975738871201045,40.79273068272407,99,other,0.7605559525687168,68.26337163849446,11.56348117660211,11.56348117660211,110.61170259295064,17.506411410100384,-0.2472159602629347
543,543,-5.333143844263688,41.57971000837856,31.45106560758654,10,food,0.8174086712430445,52.40691018842055,5.958933197623082,5.958933197623082,97.32993075845138,8.959597005720928,1.13195587704314
544,544,-4.486056051930639,32.87839840002363,24.41187457617099,7,dessert,0.8041024851339422,41.19530799222702,-3.382722309061677,-3.382722309061677,84.75164957653232,13.466075563616586,-1.080035903761427
545,545,-8.216081955989045,47.797774398748246,35.80806619103704,1,animal,0.8346746311082671,60.28556082946274,22.1140425338388,22.1140425338388,105.7120946982749,9.342727657238875,2.229489912404958
546,546,-5.733050984296284,40.25243360309997,29.342453399222443,10,food,0.838140771121486,50.140860144657005,3.9827302550004617,3.9827302550004617,94.57105542196112,9.40010011515476,0.46827890203562106
547,547,-4.232823817299907,32.366091821999355,24.174587968398555,10,food,0.8385834957410397,40.618855236703006,-6.151258856210205,-6.151258856210205,85.29429522744687,14.795783082916405,-0.004399875087955252
548,548,-6.946104658781163,50.04853815365124,36.92861676521952,16,kitchen tool,0.7375879222931374,62.58456101500335,2.9286139065818872,2.9286139065818872,105.81913580641687,11.902916262306055,0.21086683451103738
549,549,-5.301777683170651,37.9892084548198,27.14016376944342,8,drink,0.8108843616465569,46.98805481244917,-1.14550465946148,-1.14550465946148,90.96678201903057,10.031748948791245,-0.22089887699385713
550,550,-7.695434626813382,47.47829563034468,34.80455748291483,10,food,0.8455095479944722,59.369735485678966,13.75812064844476,13.75812064844476,103.79772395991868,9.660352811584099,1.1618947185611006
551,551,-6.291949273286495,41.22160591827204,30.00150474827293,99,other,0.8269864892733038,51.370221989977566,-5.376855639877618,-5.376855639877618,93.32428929078087,8.900265391921799,-1.9151597978170827
552,552,-4.53365853751881,40.96240471520616,29.8328358998152,3,body part,0.8526934882771121,50.87701600538758,8.96432575181207,8.96432575181207,95.51798957191448,8.990661654241805,0.7345605847394268
553,553,-8.418901106094728,56.54565931887841,42.515392653146655,9,electronic device,0.8316364805854537,71.24498646285295,15.466023195369502,15.466023195369502,114.30883176230404,18.87744560629541,0.6931009702075244
554,554,-4.5968257182503605,24.379967649275446,17.663103477351676,1,animal,0.8207385448942529,30.454865846286665,-7.746337098473788,-7.746337098473788,76.84453148388671,24.01366615385528,0.9434990567797712
555,555,-6.595070106071663,42.81739933499593,32.26821382872537,99,other,0.8041238335622909,54.0190916178054,-3.063933419157877,-3.063933419157877,95.96217645560797,9.158771758716918,-1.7264274163454303
556,556,-4.672102378372266,34.51228485183795,25.756498378958693,10,food,0.7871505835947149,43.31655059066565,-3.631180452536441,-3.631180452536441,87.8354955050038,12.842814733813318,0.0425011697765143
557,557,-6.961252783483995,45.753473953243,34.17285476473408,20,part of car,0.7037007701111949,57.52932662457695,-1.1460763783337597,-1.1460763783337597,100.65336756087481,9.47756786457985,-0.28081275139069817
558,558,-5.960123772271443,33.15648739584441,24.438515399134904,19,office supply,0.7870745580756925,41.618706932404066,-8.932966358179527,-8.932966358179527,85.76982612417234,13.129683962504476,-0.4533356027091031
559,559,-6.443310213627604,38.47835347379136,27.59930366867158,19,office supply,0.853934515776621,47.789345000309616,-3.286519900231795,-3.286519900231795,91.89992450535578,9.770480946833942,-0.02863230084452084
560,560,-5.724628170697132,40.839197289692365,29.13512376316629,8,drink,0.7976876670240515,50.492245341776716,2.1434465737394532,2.1434465737394532,94.50180453314442,8.993186818261636,0.0741359433016271
561,561,-7.18352820585872,56.28815686127546,41.95838661095649,22,sports equipment,0.8050185885835348,70.57241590960602,6.032468587935654,6.032468587935654,113.88292302468506,18.541933902191296,0.889053486280929
562,562,-6.615246683675395,51.70674085022721,37.42440400768911,20,part of car,0.7699574805739164,64.17113489232656,6.899515261307954,6.899515261307954,107.94941389470789,13.038270737829377,0.8741927708460508
563,563,-7.28359620669748,49.70785378981859,37.01587203578762,99,other,0.7723499430980699,62.40269453046082,5.317491893272816,5.317491893272816,104.1711822048434,12.80870282448135,-1.268932333990307
564,564,-4.204813511622846,36.436937293457895,25.389625683336444,3,body part,0.8402219146377473,44.60901196322158,3.56905551151074,3.56905551151074,89.75222214938273,11.376866545553021,0.7642131861636017
565,565,-5.221123793066024,49.34387291265029,34.98941368928897,4,clothing,0.8404914921763446,60.71521224538794,13.445977969766886,13.445977969766886,106.04186740020862,10.959148605262445,2.1620053052458275
566,566,-7.454332125500181,53.2494079458149,38.41023296565338,17,medical equipment,0.7905584779541779,66.07883557155684,7.442732207850497,7.442732207850497,109.67735650981393,14.36924650061699,0.8382681896723483
567,567,-6.946136890806213,44.33515736729103,31.36893255232046,99,other,0.8666035104176956,54.752761811257606,-1.160236329131905,-1.160236329131905,97.47268353514569,9.426225016673413,-0.8942745467777655
568,568,-3.9100822590997537,36.63647222303826,25.516434928737688,99,other,0.7656638466940509,44.81749983761795,-10.0881902497498,-10.0881902497498,88.43984320891127,10.64923257603746,-0.7409344241907121
569,569,-2.3266530550638485,28.731769571368613,20.27329800386054,3,body part,0.8797946633312489,35.24109120180868,-6.5831704413120065,-6.5831704413120065,81.09299501488556,18.599119331082594,0.7666006898031128
570,570,-5.161824612172901,46.1987045075436,33.955211393883815,22,sports equipment,0.7494073758027556,57.56666667704064,-5.816760395999239,-5.816760395999239,101.53968149005952,9.706452216485767,0.5709764253707732
571,571,-7.592358972311515,47.8113586125074,35.03501692688808,9,electronic device,0.744014754119284,59.75803157907362,3.015707775723598,3.015707775723598,103.04102795489771,10.43502975622514,0.04617869061979718
572,572,-4.146761376293741,31.427249820355517,23.505000615300137,10,food,0.7336425778498951,39.46330846632372,-7.379556139129221,-7.379556139129221,84.11099270217123,15.69983380604009,-0.11927952657113394
573,573,-6.157079838384908,37.40688263658162,27.151898714783357,99,other,0.8142765975644668,46.63057049341228,-9.768422017570302,-9.768422017570302,88.9149017252133,9.72445579139041,-1.942247829915459
574,574,-7.255772734358255,45.54576859704732,34.008579386056375,99,other,0.7620610723736565,57.30311289036693,0.26200413346232665,0.26200413346232665,99.25758871168821,10.118371408918025,-1.4674335342909188
575,575,-7.807948158683985,44.33979017295522,34.89631941390978,99,other,0.7527912049574438,56.96256802206173,1.1755437341006,1.1755437341006,100.3349074066538,10.285977622884404,-0.0752457780492648
576,576,-7.660187011393016,45.15594617139643,34.73623686217873,99,other,0.734653035698332,57.48342448940347,1.0541443782752395,1.0541443782752395,100.21325987263812,10.320417383451565,-0.6784791534480661
577,577,-7.415580003008664,42.35010503661656,32.81903652562319,21,plant,0.7679033026594003,54.088921063963426,0.44113717091920535,0.44113717091920535,98.45159828322565,8.94962526621639,0.6984298436996141
578,578,-3.654783702845007,18.8354637242857,13.241053883483206,1,animal,0.804157111196031,23.312178052871197,-13.77430022588512,-13.77430022588512,70.27094920244228,31.12670631084622,0.9740726731865408
579,579,-7.656928623197534,58.71157054112994,44.75043414992891,99,other,0.7685726961468073,74.21777703457535,17.926576455917086,17.926576455917086,116.64451012847053,23.02886185721311,0.2801260345433576
580,580,-7.083943220685892,47.71168947861564,36.22284113424162,26,vehicle,0.7367720241436545,60.32148692045191,-1.443796215441509,-1.443796215441509,103.47522531691287,10.743873848066043,-0.04059686730276724
581,581,-5.97683897958405,39.84634392501842,29.34126618569213,10,food,0.7939499682474801,49.84339103390106,3.5267338373160726,3.5267338373160726,94.06874058963022,9.477678992755635,0.24100512414342745
582,582,-5.454754841958486,46.15949106294365,34.38927672307976,13,home decor,0.8164591336847434,57.81933343711599,4.224948519046023,4.224948519046023,101.88069162846772,9.710157975031656,0.6783699306565154
583,583,-7.51423302154717,50.76296323490968,37.61612806391663,23,tool,0.7473909719577243,63.62637208588808,2.7332067067455768,2.7332067067455768,106.5041104214222,12.722371930477154,-0.06742097034926076
584,584,-6.636209901247817,36.31858130180451,27.681405737794844,19,office supply,0.7759086742320315,46.144759759366224,-3.931276621628541,-3.931276621628541,90.5314890848719,10.508658641699789,0.12352195480271178
585,585,-6.3943564861840745,32.61127157745229,23.845573547573785,6,container,0.8616973748858695,40.90225185223306,-12.988749933923373,-12.988749933923373,85.6245089293086,13.664970005259791,0.06378425415138622
586,586,-8.455055996926593,52.07098948883661,38.95264930714768,99,other,0.7753495098680863,65.57579436273213,8.604201578501204,8.604201578501204,107.62467346765872,15.18978970030923,-0.7493010658793793
587,587,-7.464632837976535,44.98186004365561,34.73867019739233,20,part of car,0.7960759074045339,57.32245357166782,0.43698915548233686,0.43698915548233686,101.27749351569466,9.54578916580017,0.5345888033140795
588,588,-2.855412685204899,32.0335891172834,22.3145691339329,3,body part,0.8322343983929352,39.14389108112321,-2.4678918813227853,-2.4678918813227853,84.90294199507338,15.301512681543015,0.968004277562585
589,589,-6.420485895677149,47.29679029443607,34.18606498380426,99,other,0.8244014115965336,58.71027210266819,2.3684739989720924,2.3684739989720924,100.89914579161172,10.759350214857472,-1.1269411347671223
590,590,-5.912230200803514,38.147946716376985,28.32684502372855,99,other,0.7108142563966967,47.88142075608415,-9.20150956215565,-9.20150956215565,89.72140864163589,9.299208410252206,-2.292281753366666
591,591,-6.106007785911159,38.6502213925055,28.824058870156374,99,other,0.7970837529933441,48.59989006696968,-8.451799714970534,-8.451799714970534,90.51539982810213,9.150709053222464,-2.16258998389074
592,592,-6.960259401871561,46.50790869933416,34.96048610652194,99,other,0.7797996773577742,58.59749458237321,1.4740631717180008,1.4740631717180008,100.45744481768428,10.66406278819168,-1.4643675908460096
593,593,-8.529638273190079,54.60719960663472,40.92240773459754,99,other,0.7352588738274665,68.77022926199217,11.633958682669572,11.633958682669572,110.68523879307313,17.896575943912516,-0.642322218050893
594,594,-6.384404017964137,46.626772732122056,35.73384414402045,99,other,0.8158309048724609,59.09081288480217,2.6713056299463034,2.6713056299463034,101.49734547862441,10.990242846570403,-0.8805908808235614
595,595,-7.345250151374066,44.53523860804448,32.882511373659284,13,home decor,0.7293436019197792,55.84442435821636,1.3115985935987737,1.3115985935987737,99.30993586422646,9.047501254153893,-0.06637749913697633
596,596,-5.634965466926341,42.42985233121813,32.10515841252453,26,vehicle,0.7836841380167049,53.505012861934006,-7.558317078446322,-7.558317078446322,96.87637300522573,8.730340436394014,-0.3369117227665157
597,597,-7.53222629051348,46.2983022137563,36.22216623855249,99,other,0.8008774895615511,59.2647664956266,3.0557121410253103,3.0557121410253103,102.28206440666649,11.185500043065474,-0.2567101131638623
598,598,-7.150226909435275,48.65145569759858,36.09230599738325,99,other,0.7867177797623062,60.99790519813411,3.9416863427465927,3.9416863427465927,102.76108798012177,11.925393477915309,-1.3801530782167788
599,599,-4.5257784428669,37.67072578115536,27.49344075853548,17,medical equipment,0.7673022513032443,46.85568840744976,-10.74673265503506,-10.74673265503506,90.84787614197005,10.029916182593283,-0.21741828000743624
600,600,-6.517452681606308,39.180137025040565,29.454341182095725,1,animal,0.7933594071716086,49.44813991677778,11.633170858729898,11.633170858729898,94.64692069573032,8.701371886435348,1.1846358941642308
601,601,-7.2527720279221874,41.74874814230872,30.971860503907443,6,container,0.750053016467217,52.48634885960766,-2.765229555424341,-2.765229555424341,96.2052151399709,8.91537341045459,-0.0662090344781916
602,602,-8.239146675712673,53.983622918938494,40.09471451588102,99,other,0.803292300857568,67.74733362655721,10.628381415719943,10.628381415719943,109.55949459098122,16.983331531727476,-0.8222932827712555
603,603,-9.288711537071537,59.16629143997073,45.86506207059414,99,other,0.7778058731854968,75.43562900591427,18.931208815535612,18.931208815535612,118.12199314713813,24.229749666556287,0.6315785571500783
604,604,-3.987680166091104,38.67028719649553,28.74743001136765,4,clothing,0.8477985176035748,48.3498442316515,0.9730407406073027,0.9730407406073027,93.5172983083382,9.836364881310264,1.0705018126165413
605,605,-8.244002641021572,59.663452222689166,44.72081477762697,22,sports equipment,0.7819154728149779,75.0176138320135,10.459334424231088,10.459334424231088,117.98597147932689,22.735662255788434,0.8820552854542427
606,606,-7.574676677062698,52.26590795785115,39.32697371203799,99,other,0.6973376217278657,65.84612154689093,8.81396326998312,8.81396326998312,107.72136514634333,15.378611572698679,-0.9025549145994063
607,607,-6.4477423027871215,43.09749836385585,31.69115244146128,27,weapon,0.7731890791215134,53.88225022299686,-10.391921836849335,-10.391921836849335,96.94909266715493,8.642825473205532,-0.6129871384059697
608,608,-5.653076748400824,34.274089241195995,25.32272438292216,1,animal,0.8099609201181731,42.987333485693405,5.03867233944473,5.03867233944473,88.11574456583605,12.352051888409997,0.6271455994613859
609,609,-4.06782100548497,31.78686209830287,23.11911893840867,7,dessert,0.8344992219156325,39.51512913147918,-4.849213226989676,-4.849213226989676,83.51544055365717,14.77859657338341,-0.7627452562629315
610,610,-7.743059551600177,46.7842936419836,33.67850476351346,99,other,0.7067501858001756,58.16327695294492,1.9643802721270305,1.9643802721270305,100.6268490113502,10.570476101544699,-0.8934841499724229
611,611,-7.984137878331885,51.87497412122893,36.78598925071192,99,other,0.7949615168701953,64.09343494377468,8.055025122574563,8.055025122574563,106.71441601597056,14.126073011886959,-0.2889634443140636
612,612,-6.649269913131434,42.430422694336045,30.10557441521465,6,container,0.7648809344157862,52.44901496947039,-2.678281899875259,-2.678281899875259,96.46644110362716,8.955270864639424,0.22953598389121055
613,613,-7.813227328553514,49.61156998398039,35.43133819328933,99,other,0.7926541857703605,61.46327459329093,5.281201041228513,5.281201041228513,103.93370331367366,12.318991946585141,-0.6378200311925895
614,614,-4.361668667360999,41.485801557742256,30.81254696514436,4,clothing,0.8600506519855643,51.8604756527689,4.362940241672476,4.362940241672476,96.94396127677382,9.048411333040123,1.2512218145505187
615,615,-6.213745561109215,48.917116001810456,36.68403933710356,22,sports equipment,0.8329379252407807,61.45904013177351,-2.7726729745187555,-2.7726729745187555,104.8364327383864,11.397985551356797,0.26882459250593627
616,616,-6.501741280051464,49.315935606271694,36.73504881427439,99,other,0.8298872198262442,61.836865669128024,5.328704386254216,5.328704386254216,103.82510459026348,12.484632400272059,-1.0918424631888541
617,617,-6.182813721671822,49.32404895541401,36.00851505890887,99,other,0.7738843243326998,61.38161082621274,5.2332216586360545,5.2332216586360545,103.71746833721703,12.248188888100076,-0.7785483826099266
618,618,-6.192808002750968,40.41864505501171,30.92441910499764,10,food,0.7537450107572061,51.26731352454019,5.158826262199852,5.158826262199852,95.90518454217346,9.133678062198209,0.7608850063227948
619,619,-5.982697479461359,37.8547374720144,28.54821307153854,21,plant,0.6642099424561091,47.788851082484165,-5.283723204370972,-5.283723204370972,91.17315256445686,9.651981573858592,-0.7549475634713048
620,620,-6.364622460517319,48.78744149593205,34.798783283061745,18,musical instrument,0.7716947083526181,60.26340668071638,-0.8489642970186395,-0.8489642970186395,104.25348439913854,10.77587803515013,0.791363422212342
621,621,-6.588774729592868,35.674756705116266,26.700979214815685,1,animal,0.76666837466694,45.04489437701657,6.945051294620029,6.945051294620029,91.07084567754877,11.050066415491708,1.6798182012584988
622,622,-9.217868773065405,50.20487713845665,37.93931154371398,99,other,0.769851645183248,63.59945089083686,7.610226099571591,7.610226099571591,106.50301416915057,13.863404983858796,-0.043625784801278655
623,623,-6.685926114258116,41.6902795689108,31.824988759109537,23,tool,0.798069199883355,52.87353712450784,-6.597806049602539,-6.597806049602539,96.18880124842016,8.703760440531683,-0.4406186465721902
624,624,-5.759647289125745,39.798058439790935,31.24986542460836,99,other,0.796721822044239,50.92752773823093,-5.037827335553672,-5.037827335553672,93.9939036159543,9.082932311006832,-0.836228708678064
625,625,-6.235900542155729,36.3484580900695,27.490883099891114,19,office supply,0.7625245292864783,45.99832078140544,-4.35024351743445,-4.35024351743445,89.85814530768795,10.48835475401659,-0.4144237946434828
626,626,-6.029031335737023,43.36629422443478,32.06484876377968,10,food,0.7924019286912979,54.26913689982187,7.501313280635671,7.501313280635671,98.67149588683131,8.716267193435588,0.7516992101915037
627,627,-7.367933639661851,43.748702038836434,31.25568589867251,9,electronic device,0.70936981289998,54.26926641477502,-2.2584699023691286,-2.2584699023691286,98.36165959872534,9.009861677123618,0.4417431720745668
628,628,-3.3810642421423776,34.915185850448886,24.987618964270368,3,body part,0.850340631818451,43.068351487890084,0.6645804449270685,0.6645804449270685,88.34905278673855,12.349443210674192,0.7855442719537677
629,629,-6.298054249681131,48.91315914933307,36.19305828416932,22,sports equipment,0.80228106904563,61.17270709443215,-3.3145570467419105,-3.3145570467419105,104.44087909709947,11.21026519873576,0.1380155504510725
630,630,-5.655462452486558,54.157098824242425,40.51712392194169,22,sports equipment,0.808904458025928,67.87203355960557,4.855685404512073,4.855685404512073,112.18757345690646,16.338471750510035,1.690487557799699
631,631,-6.108401058079492,43.55329893983628,32.19224760380777,6,container,0.8197003927347316,54.50269000530119,-0.5007515165391823,-0.5007515165391823,97.64880807470239,8.9210198956086,-0.4869326784004073
632,632,-5.437771721359555,44.00802254191552,32.90954402935552,99,other,0.8565091855528313,55.22058943513236,-0.9174650874804655,-0.9174650874804655,97.59944866604387,9.51691385784013,-1.2000645898910136
633,633,-6.46969564393414,47.63965166517576,34.544563965588374,12,furniture,0.8157273433807527,59.20067796974162,4.872964469559307,4.872964469559307,102.76813684015656,10.12056132512141,0.288618811502829
634,634,-7.410780470437756,49.56376854087125,35.8364191056049,23,tool,0.7944118193771148,61.60954271431208,0.8645876133773385,0.8645876133773385,104.85779693945976,11.49884887925109,0.15103354182235762
635,635,-7.78176801208024,49.03446355307169,37.25350684321939,26,vehicle,0.7828844799851534,62.07059127678055,1.1462514939158268,1.1462514939158268,105.30995211896,11.745855579617245,0.17690149288894474
636,636,-7.696849299312547,43.46823496011495,32.99997250718729,99,other,0.789064985108101,55.11557969539288,-1.1583495878584529,-1.1583495878584529,97.82777290105673,9.547379820333713,-0.8746479560375349
637,637,-7.501600408743702,46.98113331547389,33.133464895296704,19,office supply,0.7804675885163691,57.97695570023191,7.133979676402419,7.133979676402419,102.34174415715849,9.772909218102825,0.9936843242506797
638,638,-4.331968665592219,22.645604037826303,16.401034709583595,1,animal,0.8286589878381215,28.2945802991077,-9.752524968404003,-9.752524968404003,74.79628600679376,26.156998855563348,0.8926616913218766
639,639,-7.70496324278244,43.94912174542095,33.45978471715944,13,home decor,0.7575586676196434,55.77139906874417,1.3550612504115804,1.3550612504115804,99.79254174463071,9.132594819629418,0.4837478375431772
640,640,-7.917419896808543,43.07254827350823,32.02307180205184,9,electronic device,0.7320711030755961,54.25317576175098,-1.628128159604131,-1.628128159604131,98.39801500029938,9.040747585423528,0.4929760517272257
641,641,-4.504518775001899,34.55222981624728,25.83655001447795,10,food,0.8272889249883458,43.37827326346373,-3.367466560515936,-3.367466560515936,88.0759375746762,12.815554693865487,0.22587422490141762
642,642,-5.659634640705514,43.70266026440724,31.578431129103244,18,musical instrument,0.8360521613146851,54.213940006496394,-7.196841914072451,-7.196841914072451,97.94445260292376,8.8318712490797,0.0756911806786178
643,643,-5.76528036181391,44.57281464400092,32.718715593131925,22,sports equipment,0.8144565303407888,55.59216323370619,-8.70387883389597,-8.70387883389597,98.8786075512421,8.95903815573452,-0.2644642311623926
644,644,-5.812556778043287,29.471488354847697,21.67025801572053,1,animal,0.8016633421475649,37.03990448983097,-0.6957412195121577,-0.6957412195121577,83.64840691105766,17.659519411154683,1.6588230796136543
645,645,-5.012987664862488,35.56707292294232,26.544894079624044,10,food,0.773721767877961,44.66293903598844,-2.303791329822161,-2.303791329822161,89.02122207533823,11.972846708397306,-0.016648061428952587
646,646,-4.33132713896176,33.31105495548811,25.47068442592144,7,dessert,0.807044073355049,42.156168494742644,-1.973374143985211,-1.973374143985211,86.32342961925085,12.82797933983045,-0.396671082068039
647,647,-4.144157543685999,31.30557140773834,24.06211388497273,7,dessert,0.8600748064444707,39.7013622880285,-4.1231593176160715,-4.1231593176160715,83.92618082170112,14.652357331850887,-0.524196862590756
648,648,-8.259081366853467,49.59833677825736,38.65352038888054,99,other,0.8086147895244608,63.4216215075533,7.139783185033636,7.139783185033636,106.39032781305298,13.70491878257374,0.008109573221972255
649,649,-5.33269146930601,38.05997720928763,27.46390706203069,16,kitchen tool,0.7738879915548723,47.23627477469156,-12.22157415869259,-12.22157415869259,90.78646931180604,9.783999742092133,-0.6307166914020712
650,650,-4.153122164258711,34.00901760367508,24.81518759560164,4,clothing,0.8033125911816543,42.30431700764403,-5.136927805958493,-5.136927805958493,86.698231760018,12.841520879568119,-0.15884761145044024
651,651,-8.169574783637009,50.39766694927016,37.25723458902047,99,other,0.7469533515265224,63.20417957141995,6.309747777914751,6.309747777914751,105.21434316160305,13.396643670890862,-0.9668274493117082
652,652,-5.916204198685052,40.7406946441169,29.570099230814048,99,other,0.7916561045158382,50.68724139984246,-5.911934834467473,-5.911934834467473,92.67354702151576,8.911275138093622,-1.9344156542759947
653,653,-6.817383210773632,47.70684340464797,36.056017916521725,99,other,0.8370549515045664,60.186842826939156,3.296395421684153,3.296395421684153,102.15748444282762,11.491506828121373,-1.2338453080070195
654,654,-6.552458566734589,44.87223392309859,34.73880947147134,99,other,0.6790460555704461,57.12474922494838,0.7170669359055779,0.7170669359055779,99.74015675854133,10.153936575295374,-0.819949774052958
655,655,-6.242656546135609,42.712718910016896,34.17376279162651,99,other,0.7812158923842434,55.05627285584705,-0.40351969433976365,-0.40351969433976365,98.59738490626602,9.734691764973093,-0.05020062475806242
656,656,-6.678209764975486,44.89673632488852,34.12036750778458,26,vehicle,0.7518792995622265,56.784812205006546,-4.945284075948649,-4.945284075948649,99.96221916053351,9.29380438953103,-0.2835803296591308
657,657,-8.438641507750951,52.30423692003588,39.32266770302813,99,other,0.7783303713736467,65.97890621680807,8.994175880630095,8.994175880630095,108.04784411717783,15.517861605423505,-0.698849147122047
658,658,-6.665733777986353,43.30033833532411,32.054711781004464,10,food,0.8030209584554004,54.284950530656225,8.001476828364133,8.001476828364133,98.50045005752825,8.694884020615616,0.566032038564444
659,659,-4.001809673641471,38.70875744823991,27.57298653995231,4,clothing,0.8444900514774311,47.69331159170131,0.3943096423572854,0.3943096423572854,93.04036764108999,10.127061064784101,1.2006036843315826
660,660,-8.180664266448733,57.208601173453744,41.74936411647382,99,other,0.8492385885758801,71.29345496042085,14.572420956941599,14.572420956941599,113.21042080257202,20.202539363550887,-0.4501241439900099
661,661,-6.482424351568644,44.01462763219948,32.55972580742016,20,part of car,0.750683809163673,55.131161929795844,-3.382425333306088,-3.382425333306088,98.24569951292727,8.88217826212628,-0.47112873648349307
662,662,-8.781538059354531,54.07627343405586,41.86922874148048,99,other,0.7718650547316175,68.95209260500425,12.449754959086519,12.449754959086519,111.68668892784478,18.1494114478464,0.19097638831945574
663,663,-7.301960647540368,48.32832283776944,34.55107914495851,99,other,0.7018113094332609,59.85584756472071,3.5887160271106637,3.5887160271106637,102.22264022380153,11.366240153263869,-0.8626500673277775
664,664,-5.842802884717914,36.65622437406102,27.31002094667373,17,medical equipment,0.8235122761518783,46.08312462299981,-10.561999276915387,-10.561999276915387,89.32638937465926,10.294097186493179,-1.0245896773751753
665,665,-8.105672886087765,52.01148963116374,37.33209684649496,23,tool,0.8055438971597509,64.53357607900705,4.001487338011714,4.001487338011714,108.01806934907532,13.471239259763683,0.6077337459208678
666,666,-4.714297331138901,24.49770047104581,17.596550518694507,1,animal,0.7967075137775393,30.528683526356478,-7.3876942170570885,-7.3876942170570885,77.1705896339694,23.95596663720707,1.2013051032708546
667,667,-6.407270149703497,41.76490927444401,31.3664678603476,99,other,0.7887047262567832,52.623341432372385,-4.489778640890165,-4.489778640890165,94.51286741605787,8.955110371706118,-1.885220604488481
668,668,-7.593888514949255,47.87628274080211,35.321776148816035,20,part of car,0.8188918172677914,59.97860837133331,1.6376492557162976,1.6376492557162976,103.22220064032004,10.479203818070314,0.02340524740496619
669,669,-5.62481472021086,38.31250972384706,27.20664314012941,99,other,0.7649146479285853,47.325345988496764,-8.729885740527024,-8.729885740527024,89.883695415686,9.527665994806911,-1.6158461655613365
670,670,-4.273019356028082,37.53335695236442,28.26348627405147,99,other,0.7939517630066412,47.17876889972956,-8.503342996570879,-8.503342996570879,90.07375935992577,9.629865709621757,-1.2902564958146883
671,671,-7.943326654058604,51.207031597012055,38.737635576502335,9,electronic device,0.7410465686701246,64.69822975451777,9.045263702592095,9.045263702592095,107.90615826651462,13.368287446556094,0.34358325801623835
672,672,-6.115874549272576,40.99328148396573,30.67119967762196,99,other,0.7877529313504924,51.56137641675836,-5.554738149975705,-5.554738149975705,93.37004831512222,8.885808241011274,-2.046142872743829
673,673,-6.704961008716885,43.99806531105255,33.08039030134044,10,food,0.8341602213374313,55.45357045072101,8.896892036106081,8.896892036106081,99.74871652706493,8.75064305798079,0.7337881511236048
674,674,-4.901959173128059,39.90690044109055,29.49123608052736,10,food,0.8552100826632877,49.863041544891004,3.9071008614357936,3.9071008614357936,94.78979458326046,9.565778087277279,0.9438901816807714
675,675,-5.450122050099784,30.13137282016164,21.65986411070426,1,animal,0.8277390846830834,37.506708355742624,-0.7059061448653097,-0.7059061448653097,83.71342589780176,17.166523111645358,1.2922334627950676
676,676,-2.368180340235182,31.926119581185173,23.35414133719657,99,other,0.8535576872921665,39.62702748420281,-14.758831878251613,-14.758831878251613,83.79902913269683,13.819323631540183,-0.5826183134410599
677,677,-5.960612299012395,37.49002184290314,26.67693010151953,6,container,0.7572302811419375,46.39708219707195,-8.69567391274903,-8.69567391274903,90.37326552709935,10.298388503176417,-0.2679998743391394
678,678,-6.033784003011225,46.58511927931666,32.67768652213257,5,clothing accessory,0.7608900714428164,57.22247009787256,4.946464391402131,4.946464391402131,101.7621485260154,9.565420169197452,1.1116889081497021
679,679,-7.456205146974076,51.614253098359576,37.258473238818745,13,home decor,0.765314137712039,64.09227680604783,9.725558605729418,9.725558605729418,107.64636423769896,12.873737871708235,0.6440555958961909
680,680,-6.522014839991212,52.86001744218972,39.11195499105101,4,clothing,0.8019675676084274,66.07921870591137,18.734111243192146,18.734111243192146,110.32116694538166,14.071518741495954,1.481724377780239
681,681,-5.7431994637055634,41.58338435440641,31.45510160089388,19,office supply,0.8125601113219408,52.455558439204104,2.45954568168888,2.45954568168888,95.95414370677976,8.740979938799619,-0.2888115295907454
682,682,-6.63461231878985,51.436911601724354,39.17507858095456,26,vehicle,0.7798769237049159,64.99585169507519,4.0608317031256576,4.0608317031256576,108.6415386134324,13.813031196257162,0.8037812434882028
683,683,-7.285769757890019,50.92878014089829,39.64487822218982,22,sports equipment,0.7899622022536016,64.9502845017418,2.0019400457250924,2.0019400457250924,108.73180475231287,13.811125427333646,0.936178980067595
684,684,-4.043710356023203,22.467669551505107,15.896282301468275,1,animal,0.8132787507386353,27.81797188018948,-9.818640369588266,-9.818640369588266,74.27169710232258,26.623088426071615,0.8087467168614495
685,685,-5.977122249007095,41.19018049853787,29.52881384782077,6,container,0.7539217637384582,51.03241917782222,-3.9787527690722015,-3.9787527690722015,94.68380657478937,8.979650943356853,-0.2433087679233097
686,686,-4.594912804507989,43.54754779440884,32.22612398040028,22,sports equipment,0.811686659448342,54.36934071135573,-8.564416439956787,-8.564416439956787,98.58679252723202,8.988695781934194,0.5743470309786147
687,687,-7.293078060954842,49.521413581787655,37.90994319877725,99,other,0.840740819110524,62.791107523885586,6.035043112149481,6.035043112149481,105.05084698184255,13.133973387303941,-0.7483956661173607
688,688,-5.94705814653897,35.67505819602667,27.27495670055012,1,animal,0.75688932376994,45.29901258200988,8.091512165534198,8.091512165534198,90.73542172466367,10.793197152075004,1.109435603841149
689,689,-6.876242810435346,49.34660478897477,37.6147601901758,26,vehicle,0.7732968454434185,62.42788081900399,0.7394372475564381,0.7394372475564381,105.79952572189363,11.986258205011865,0.33612384629846304
690,690,-6.844261782155116,51.30322904344346,37.28165868604411,22,sports equipment,0.7760507980055628,63.78704652207514,-0.2640090156515953,-0.2640090156515953,107.04708062985624,12.878575301188816,0.32698905232993525
691,691,-7.464603799541667,55.18920014486983,41.45362989381459,26,vehicle,0.7556833044531569,69.42601496476657,8.172762927099456,8.172762927099456,112.59217999374759,17.416574062819038,0.6582770645718767
692,692,-6.363729864579788,46.046101234166905,32.72808020413426,18,musical instrument,0.7223080586252307,56.84951829615389,-4.033188870209813,-4.033188870209813,100.78875051281287,9.401172086261983,0.483123528287976
693,693,-4.574614180581036,23.75779398674738,17.28600634275453,1,animal,0.7105738138893627,29.734927026977097,-8.260255551655085,-8.260255551655085,76.23813991710193,24.73214676157679,1.0027656199805222
694,694,-4.483270846461261,23.98043413887888,17.392718144057135,1,animal,0.7975147743644271,29.961101171526582,-8.286319573831463,-8.286319573831463,76.27232489771767,24.49729322558405,0.8278291390583519
695,695,-3.6857754884987872,20.227371713665125,14.19446582904655,1,animal,0.8619434268022201,24.984282410474965,-12.28175418803746,-12.28175418803746,71.6446910788962,29.448199821667504,0.8017805951294434
696,696,-5.974525824096355,39.407469531314455,29.872496495367898,13,home decor,0.7816792007609799,49.80973459626179,-5.305336979853607,-5.305336979853607,93.1681052598772,9.054543834552115,-0.6285113372557447
697,697,-5.968393765533182,41.91545577833769,32.993683551062,99,other,0.7634550970313169,53.675975179905734,-2.1852321331725904,-2.1852321331725904,96.82833924954396,9.319907992232688,-0.5430178782505237
698,698,-7.157017480678612,44.96775664444511,35.20682265941895,10,food,0.8182594135869802,57.55729665841292,12.363636963980355,12.363636963980355,102.86514108399413,9.276872188605697,1.90509957363858
699,699,-6.995121243474771,48.023558356561104,34.41233012113418,99,other,0.7968117421837161,59.492876403842345,3.191516925671465,3.191516925671465,101.7875979735226,11.159481795819184,-0.9620878221848983
700,700,-6.326632976785994,37.22271630639294,29.353246697163,99,other,0.7057518818863119,47.82436602521436,-8.047972700065685,-8.047972700065685,91.1360248275164,9.561363009549941,-0.8249125495366201
701,701,-5.530874285905802,36.21480791922336,28.16647578891298,10,food,0.7595822448839137,46.21096451449762,0.6786823262897599,0.6786823262897599,91.31920937621949,11.17900693139178,0.8500290814828162
702,702,-6.09869092031412,37.63990198266784,27.997724667924867,10,food,0.7858128472442069,47.30569562734801,1.3763391343844802,1.3763391343844802,91.66859318381402,10.536109235773534,0.18722040011584795
703,703,-5.203336474960619,39.32446586707788,28.86010618025091,10,food,0.8049596330793156,49.05501049778693,2.6673831382755537,2.6673831382755537,93.6735981461025,9.79403241965886,0.5748022784137419
704,704,-8.019551320458238,46.67461261140091,35.52266198409839,21,plant,0.7097087350839696,59.200440709865646,5.152903976445074,5.152903976445074,103.14416480722033,10.179363170475508,0.6648661499369553
705,705,-7.116131607296151,39.70233826962631,30.8823096380274,21,plant,0.7720608757222485,50.799921670286004,-2.1324327390864823,-2.1324327390864823,95.3529038053498,9.099877306201776,0.6407565292865343
706,706,-7.037658448394593,35.40502540983747,26.244187794799466,1,animal,0.7626091965373095,44.62960736681646,7.014356171424822,7.014356171424822,91.26410540147354,11.458025351844702,2.257053850918439
707,707,-5.577431673910692,28.53511485060487,22.86954766639959,99,other,0.7289902263510963,36.991576528719015,-17.90542776551935,-17.90542776551935,81.03165804944736,15.770281799366494,-0.9132415680649189
708,708,-6.946836043643784,41.234144440770855,30.89461364907345,16,kitchen tool,0.8629256503373961,51.99029093306882,-6.772672699849224,-6.772672699849224,95.50775325070663,8.730501583933423,-0.30501390610726276
709,709,-6.465121637608419,36.520693738775,29.182738424235666,99,other,0.755371877287646,47.193125462166975,-8.192472721580685,-8.192472721580685,90.88361573229989,9.84356250599712,-0.4936742548650557
710,710,-6.909877887075638,42.70081207714201,32.98258196245662,99,other,0.7858260597656144,54.3962910258766,-2.1313513285446533,-2.1313513285446533,97.05673614434288,9.34947580487723,-0.9806277137008976
711,711,-4.8927075910146245,39.10842493637999,29.056697095191694,10,food,0.8341426692107743,48.96630611611786,2.711899923261498,2.711899923261498,93.82265923168383,9.865545144919741,0.8058797676666671
712,712,-5.991796946521036,36.63915726907522,27.25693673494017,10,food,0.8178260845943774,46.05724781409433,0.22092958185525902,0.22092958185525902,90.45846611895468,11.182039764079358,0.13141286139614294
713,713,-6.4930790172991095,44.44096964078605,31.737102201412625,27,weapon,0.8540952874723438,54.99457713157787,-8.73781170535176,-8.73781170535176,98.69938349387303,8.871609955369742,0.10884206068564595
714,714,-7.579355664634594,50.76015193154119,37.17738743365332,99,other,0.7713702055325934,63.3734786231286,6.474145934138605,6.474145934138605,105.21164876053535,13.482666025246777,-1.1260563879624357
715,715,-6.590258790591716,40.68702521884621,31.16712116374851,20,part of car,0.7666659524536724,51.674509903063225,-5.4389305324846475,-5.4389305324846475,95.35450880015505,8.809578793794094,-0.16628603306610046
716,716,-7.729933821129319,50.20752670374987,37.197351053825486,16,kitchen tool,0.7432696030257007,62.96181811231571,2.693743066928178,2.693743066928178,106.07661959237602,12.128907769877648,0.11953729469128405
717,717,-4.338753025910102,30.8457983556365,23.093330805149847,10,food,0.7981495162780056,38.7761522290765,-8.184680400788665,-8.184680400788665,83.1694877750499,16.247289573717023,-0.42543722192000644
718,718,-4.913516295720956,26.48734744458822,19.24303421387979,1,animal,0.7759985570416356,33.10614116437006,-5.1984466238915985,-5.1984466238915985,79.33829612187697,21.396828293459954,0.9858846011900368
719,719,-5.356919483831189,37.356982111175206,27.79104151524617,10,food,0.8051237193689056,46.867714765209655,0.0050610467450269425,0.0050610467450269425,91.16265907134921,10.735046055191377,0.08624503392347549
720,720,-7.710459454968415,49.14070044367532,37.142284226086375,99,other,0.7275102342229001,62.07905365445843,5.053350919110997,5.053350919110997,104.12429563319576,12.635260074052562,-1.0165793389852809
721,721,-8.102513829093857,49.38587745373904,36.71441906835677,99,other,0.7013443742011655,62.06902762049126,5.202244724039403,5.202244724039403,104.13220798635037,12.641487869061237,-0.9993968772565012
722,722,-3.8921707517967055,20.60712242832768,14.765421356204715,1,animal,0.8264693166599095,25.64800490805267,-12.31978063736819,-12.31978063736819,72.1981072040147,28.78561151418436,0.7415164119814932
723,723,-6.474548886860822,47.30151743941775,34.403987285401726,18,musical instrument,0.7721659192151283,58.84715521156461,-2.952762211646302,-2.952762211646302,102.26709156177698,10.017330736837465,0.11444200000367744
724,724,-5.023719208264771,39.2378429478457,30.00035267807538,10,food,0.8494017562454662,49.64742928583712,3.5681924809152292,3.5681924809152292,94.77603515254073,9.666787911669156,1.129486653593716
725,725,-3.470095659416472,31.65229115208772,24.651047921682864,10,food,0.8177841805890588,40.26888703079757,-4.403601509592377,-4.403601509592377,86.29425343481944,15.211641778621878,1.3191402468156355
726,726,-3.837941793449597,34.71881656331115,27.08498144777271,10,food,0.8690017735656727,44.20093031592149,-0.49433100530525564,-0.49433100530525564,90.22835413076582,12.488860208456682,1.6176589877456138
727,727,-6.446355918276828,42.68268432176876,30.714980563873365,27,weapon,0.8816901506487516,52.97902487377421,-11.029040893734617,-11.029040893734617,96.49048342167585,8.658477997397048,-0.23647084155680886
728,728,-6.0206579394996105,45.44148587555993,34.153395525906795,17,medical equipment,0.7912191105936356,57.16319958288027,-0.9002036304262617,-0.9002036304262617,100.64895388213353,9.358693940842029,0.05329600451972283
729,729,-8.746865235350327,54.983939113554925,41.97176438145316,99,other,0.7778564066238015,69.72352699900311,12.871585822384986,12.871585822384986,112.02822494653586,18.79006728476576,-0.18075872428956075
730,730,-3.9407975711354286,30.04239267600072,22.70010531294532,10,food,0.8180241008807747,37.85987353933577,-8.782790319974609,-8.782790319974609,82.66328967826725,17.023126910647505,-0.08444060881977578
731,731,-6.480900477500249,46.48020914333548,33.72824918549579,24,toy,0.7220534157183335,57.7927911259386,-1.2107848797181902,-1.2107848797181902,101.22090385976165,9.542043929657481,0.04312328232062157
732,732,-6.418519623032419,40.26742970563527,30.68870083399064,99,other,0.7899436982476137,51.03390684758231,-5.80678852392154,-5.80678852392154,93.30616664851655,8.944022909614226,-1.6223241992307038
733,733,-3.183196375401786,31.87375252271537,23.822947237432498,3,body part,0.831551859673035,39.91994055758561,-0.9940183695655094,-0.9940183695655094,85.00248666995533,14.542562373694226,0.35001069860568634
734,734,-5.722602928116842,40.29550348319997,28.76734300970288,99,other,0.8089424216474402,49.84010241838769,-6.315012029423002,-6.315012029423002,92.2636301256166,9.025770563098815,-1.561064673643898
735,735,-5.490257569510793,41.92050318545156,30.8634007398318,9,electronic device,0.8163056014018788,52.34521010301205,-2.6886121348218808,-2.6886121348218808,95.74419322411144,8.800481173725252,-0.3967335271343728
736,736,-5.110996995505451,38.825818236848775,28.41734591784548,99,other,0.8828794574682267,48.38503902099671,-7.989360061142946,-7.989360061142946,90.4665379214538,9.206694887928576,-2.012799808373316
737,737,-4.612390745860525,41.01635057328696,30.81243300650672,99,other,0.7824030508914231,51.50748674245077,-4.141086075436846,-4.141086075436846,94.43071899372842,9.082482077965023,-0.9356455993451362
738,738,-2.8377897417058224,29.84129511165385,21.2748975806262,99,other,0.7962061741592371,36.758362472029155,-18.09934400779092,-18.09934400779092,80.37498743157806,15.86278641261208,-1.3542815952523597
739,739,-4.415672381919625,32.763775216999505,24.52787826804572,10,food,0.8037951676954797,41.16527591777551,-5.790860339740306,-5.790860339740306,85.72787201024185,14.375338912383214,-0.07604570148211565
740,740,-3.8141289021805,29.44529765798,21.55488248401569,10,food,0.8074349053291199,36.690408724204985,-9.403088659010962,-9.403088659010962,81.40455083827521,18.000611133404494,-0.26188789869041784
741,741,-6.681460069193762,42.88677415907966,31.04477515737886,23,tool,0.7935994525579041,53.363802066572624,-7.428265935968582,-7.428265935968582,96.64687519537001,8.712688332005788,-0.4358455021061758
742,742,-8.629254318469131,58.25424244029717,44.93218571597659,12,furniture,0.781166011008609,74.07376124918153,18.60672505838916,18.60672505838916,117.87131343534634,21.49315605114926,1.6400868762296739
743,743,-4.024927093359219,23.67535707592385,16.92470339617379,1,animal,0.8369478352784429,29.379723549206705,-8.383648412741898,-8.383648412741898,75.28226712013411,25.05119261050597,0.3753152895269096
744,744,-4.512363136671911,41.79290804144009,29.85715214176593,3,body part,0.8240967350700525,51.56023775792759,9.507789488186845,9.507789488186845,96.50333722957795,8.987297810976465,1.0881988499334625
745,745,-8.317209802013775,56.527745472878856,40.896875191404405,20,part of car,0.8251430325208023,70.26461689612061,11.880352427329,11.880352427329,113.712796631648,17.969190929653394,1.0035192144529788
746,746,-3.992184100332093,38.14190166932987,27.362864430909173,99,other,0.8608448951089711,47.11123588601861,-8.104260080262037,-8.104260080262037,90.37148620927225,9.746290414917144,-0.9300883689410142
747,747,-5.102429557274597,33.951651494968594,24.97800613327529,5,clothing accessory,0.7764967900856403,42.457628490257086,-8.478112118331467,-8.478112118331467,85.67939264196609,12.401443971756219,-1.319439100793275
748,748,-7.794048843578782,52.148752254897154,38.241817192694775,99,other,0.7892414143734009,65.13582839972344,8.206382905237817,8.206382905237817,106.95905692372294,14.802467622079703,-1.008123431839735
749,749,-6.623456644366841,51.28187258937068,38.58313674350649,99,other,0.714093660247234,64.51634734825257,8.154005721053949,8.154005721053949,106.71211836835167,14.37955651592682,-0.6822874857901411
750,750,-6.4622878741694265,50.47648202770687,38.80245999864288,99,other,0.8269917582417583,63.994275559680595,7.948549765562149,7.948549765562149,106.72382227935181,14.067814809883991,-0.18787404284354636
751,751,-7.065608363863353,50.19660735964771,36.455522233612434,99,other,0.8385592683800093,62.43898872736125,5.874912660827775,5.874912660827775,104.45795159315091,12.863028007047738,-1.0157206961333571
752,752,-6.94373131962108,38.648761175289344,28.170961588505115,99,other,0.7804778554956078,48.32747895188275,-7.554425470095694,-7.554425470095694,91.06592562118276,9.368082539259598,-1.3601918530607264
753,753,-7.181717513938486,45.82096306105906,33.55731371505796,18,musical instrument,0.7207412574473334,57.24710495792575,-3.08880896745643,-3.08880896745643,100.45123119834962,9.404178004646907,-0.22200590342947635
754,754,-5.898616365208454,51.20990418202954,38.10896229768977,99,other,0.8213911964405695,64.10570153085676,8.297165881290482,8.297165881290482,106.83497941757027,14.166846112767914,-0.1797417750940582
755,755,-6.89033310430762,46.6607227412074,35.009512399281455,18,musical instrument,0.8067049437155344,58.73981354631277,-1.5548017020836085,-1.5548017020836085,101.79596894045972,9.921441391480787,-0.2574321154063739
756,756,-4.906600027426404,34.52176845719989,26.160869309910787,10,food,0.7452082081712521,43.591493485448446,-3.1636198608536574,-3.1636198608536574,88.13505051824968,12.6705354336878,0.08784295227947325
757,757,-4.715861113503571,40.96221171362627,29.915605787696265,4,clothing,0.7896889466303498,50.94198272700664,3.071828617314921,3.071828617314921,95.6284710828776,9.056346711997449,0.7849736214595424
758,758,-7.29011235362214,49.25264756606507,35.926117456681915,6,container,0.7507347496676765,61.39751579589157,5.929192581243868,5.929192581243868,104.62512662495915,11.302330052148537,0.11440411057033373
759,759,-8.737852100418987,55.18755815218007,41.22878403263539,23,tool,0.7894001831501831,69.4393927604407,8.658470720121258,8.658470720121258,112.4290103321448,17.44070634256128,0.48273824296140333
760,760,-6.391366911676879,35.597741218312,26.699531410173552,1,animal,0.7490875613600828,44.95457405390948,6.803612504123151,6.803612504123151,90.74152906865369,11.066399703050745,1.4340121015436438
761,761,-7.606240866193631,43.64334504112098,34.229493690887146,99,other,0.7456540621390058,55.984414838661806,0.05814713731844279,0.05814713731844279,99.24730413924411,9.918171141390397,-0.2584449468915295
762,762,-4.162305490468778,40.00512430893257,28.882109270693608,4,clothing,0.860218906926224,49.5167748737074,1.9037767565333468,1.9037767565333468,94.72131104335291,9.504294579969784,1.1955661034305791
763,763,-6.675535603583184,53.18552706587912,39.665602353145175,4,clothing,0.8229635524870921,66.68300439323279,19.64380064537218,19.64380064537218,110.82095093015947,14.529730890420353,1.4232458536412054
764,764,-7.458598138625797,58.66972332154615,42.31456992466277,99,other,0.7254619751771549,72.72062945773685,16.639306651038765,16.639306651038765,115.1794699946502,21.602341446610417,0.19935416016542717
765,765,-6.388141224001414,45.924171466282445,33.53782976651927,20,part of car,0.7401249038817042,57.22432960385227,-0.7301004180032891,-0.7301004180032891,100.58407419779826,9.414694263436939,-0.0681047262639396
766,766,-6.221275661940388,46.27799618934666,32.84947657278931,99,other,0.7531521745558134,57.091552030657475,1.1702095157963583,1.1702095157963583,99.77591344489949,10.14198128285596,-0.7534988374616489
767,767,-7.042983527576737,46.36829917454781,34.72807377805971,20,part of car,0.8270263045078701,58.358049090459204,-0.25853656947224124,-0.25853656947224124,101.49266392785081,9.76851924515279,-0.2077562816398455
768,768,-3.3978925984635766,37.288370306261456,27.23593000788181,4,clothing,0.8905258867149114,46.300800399148734,-0.9204705884253315,-0.9204705884253315,91.89384193355258,10.802657651702214,1.3415990432472853
769,769,-6.899965861366508,52.05823147113028,37.507501611837554,99,other,0.8238400049968136,64.53279530557931,8.320259758859791,8.320259758859791,106.86667826707072,14.399715099449272,-0.542935430046839
770,770,-5.510064483568749,46.30214481786594,32.49284888458749,17,medical equipment,0.8515097031346887,56.83339382778714,-0.5565253116536155,-0.5565253116536155,101.49967512755416,9.5359009041979,1.2089568869004665
771,771,-5.76102494550796,41.25099167705326,30.79685803693148,26,vehicle,0.8143180124325825,51.80038791080616,-9.037109854972172,-9.037109854972172,94.78510815358773,8.659544273594488,-0.8520739572646363
772,772,-7.761940614692063,42.54821923371191,31.45871712806178,99,other,0.7494545989800896,53.481301081868104,-2.4744212135912704,-2.4744212135912704,96.24591301091229,9.240732554734556,-0.9454477163816364
773,773,-6.656068464112554,37.27085813549763,28.77256542347244,21,plant,0.7763171685473569,47.55292456414585,-5.581164988147293,-5.581164988147293,91.95662050548967,9.902743923038093,0.2466589204472598
774,774,-4.3738697727124976,20.997374503518827,15.019277913622442,1,animal,0.8268678420821897,26.18394893587095,-10.647293153733166,-10.647293153733166,73.35799824921487,28.292223445526805,1.4058716008479877
775,775,-7.015202328667078,47.66160586559685,36.23358800645985,26,vehicle,0.7315700816682397,60.28030057341704,-1.5767449780643545,-1.5767449780643545,103.47351513276215,10.728247674263999,-0.004226000657467921
776,776,-5.448484285636456,47.72405358644982,34.78249525992629,22,sports equipment,0.776772253895765,59.305086191995,-4.137099567689603,-4.137099567689603,103.20901917268299,10.399572974741071,0.6329649105101964
777,777,-5.986439428196357,47.98514301426104,36.65800543260363,12,furniture,0.7566377673079393,60.681304941665076,6.448999703167885,6.448999703167885,104.77631582343098,10.915716573398736,0.9278045485429658
778,778,-4.90728402684668,36.392824364707145,27.93596134045517,19,office supply,0.8409340962340113,46.140405695832065,-3.2834670439273452,-3.2834670439273452,90.08242926957625,10.406795765469093,-0.3215120770343418
779,779,-6.53578317534293,37.24218076203413,27.91223127886946,99,other,0.82071327196469,46.99775680383288,-9.358247511684567,-9.358247511684567,89.50865984520989,9.652159402463878,-1.6879915484018255
780,780,-3.01522320993946,35.06766925500231,25.507822365965165,3,body part,0.8788328300818224,43.468172262445364,1.6251192296357715,1.6251192296357715,89.0068898993269,12.183075962102867,1.073705598236998
781,781,-4.136279898888216,22.24423564827452,15.83359365640236,1,animal,0.8218433199644205,27.615530396028586,-10.237834553611755,-10.237834553611755,74.16210289766799,26.829940967806603,0.8863306670218236
782,782,-7.434990360638579,54.03069425164595,40.55699800695547,24,toy,0.8349635103420175,67.96664689620803,7.771714771256924,7.771714771256924,111.23740868185416,15.911198146261604,0.6528429372031894
783,783,-7.826164289050879,53.50210513686468,40.18174620984536,22,sports equipment,0.7694392301200375,67.36688229410471,3.303570085307541,3.303570085307541,110.20124815417115,15.642592952215457,0.1712270079771514
784,784,-8.324993318918061,56.30514441228936,41.88176978083296,23,tool,0.7536032965750554,70.665815222238,9.80756336436309,9.80756336436309,113.52782309783262,18.538008154665764,0.4475962049964153
785,785,-7.010735162929271,42.91685139045608,32.62371727402644,99,other,0.8120821157381838,54.362794902128016,-2.42058615119322,-2.42058615119322,96.67866681381796,9.281605570238066,-1.327726402695987
786,786,-7.375326608682117,53.431009237497925,38.55863294958732,99,other,0.8192689168410876,66.30261205762051,9.924434236231477,9.924434236231477,108.48648527684631,15.790014439289724,-0.5595076208130365
787,787,-6.912187861264431,44.61328748362516,34.553749275552825,22,sports equipment,0.7410347007267859,56.85143226097091,-5.876316143330712,-5.876316143330712,100.40608464593495,9.328656923200455,0.09868800236850461
788,788,-5.60202036814657,38.99189909421429,28.95288060541305,10,food,0.8253372266016683,48.88783204980378,2.0775732627560757,2.0775732627560757,93.17451753930212,9.82382381690743,0.23029549104577995
789,789,-6.920559649659351,43.15537630758632,34.21301509705955,99,other,0.8132277339136278,55.505054293690236,-0.29449568268985615,-0.29449568268985615,98.84187212050045,9.786249584727372,-0.22065840956311433
790,790,-7.925538263945627,53.347573113179344,38.9009212898666,6,container,0.7217839017531607,66.49856683447906,10.964347815398796,10.964347815398796,109.73099525655311,14.790377437391186,0.5038218379566217
791,791,-4.887631750420256,43.40758321720492,31.53021971940059,4,clothing,0.8236967205307654,53.87264593873188,5.962031064115337,5.962031064115337,98.70429525686248,8.91448666666847,1.1510956085207766
792,792,-2.489561836126947,29.2283705854316,21.207356885054068,4,clothing,0.8527153986115984,36.19734177070566,-10.543565961833991,-10.543565961833991,81.98663733961159,17.88950168483834,0.7760901554014765
793,793,-6.819259868241869,42.42671737244507,31.35250783590376,99,other,0.8023897744152079,53.19312361341786,-3.713295779560525,-3.713295779560525,95.16601480395569,9.02875572023321,-1.7588959561916937
794,794,-6.893712325935532,48.92772170901875,35.778862682366096,23,tool,0.7520253089382415,61.00469027961333,0.6184864116526256,0.6184864116526256,104.08211482284165,11.128974630281844,-0.06539974725666298
795,795,-7.997981299406581,56.41311318085347,40.10785741771115,99,other,0.7359827166245653,69.67816925164502,13.592418832016662,13.592418832016662,112.22596581237453,18.777145145448625,0.05892008471447241
796,796,-4.584313872209254,40.445694148667975,31.201194515942912,99,other,0.8246516195970627,51.287275693569754,-4.123396332820761,-4.123396332820761,94.56922783928857,9.16220491315456,-0.5935287928462145
797,797,-7.288606280554461,52.05743284356474,38.726035561823416,18,musical instrument,0.7321185479296655,65.2901671472114,4.439448763542359,4.439448763542359,108.40370909909561,13.817702761926187,0.29382655928944246
798,798,-5.570092224911803,31.935377509195707,23.376552387028287,1,animal,0.774335911874436,39.966954669480934,1.6081019597894652,1.6081019597894652,85.64197389873554,14.88116646108871,0.9460285033629106
799,799,-7.2322242680845825,49.094150241897054,35.81715126366768,99,other,0.7952204950908993,61.199746572042955,4.417769779715002,4.417769779715002,103.08588402298732,12.061977572065476,-1.2419803259785027
800,800,-8.783988704452408,57.43163140274386,42.30076940180405,23,tool,0.7909693974927429,71.86727930793808,10.507981542753512,10.507981542753512,114.81870044389734,19.663524187631015,0.6275953554682729
801,801,-5.089714848819511,36.86911813196473,26.50555908898512,8,drink,0.7896379766886829,45.69225023667302,-2.168023648115863,-2.168023648115863,89.52310868988938,10.60119002603753,-0.46646643991863357
802,802,-7.515488245121219,47.31398990198034,35.556847617895144,6,container,0.832388368941829,59.66058679337196,4.334518739767901,4.334518739767901,102.89426017482353,10.435685631516035,-0.0104912754634654
803,803,-6.420682088792503,48.732330920530906,37.265144933416266,26,vehicle,0.802793782317494,61.68270634741956,0.6171824723149086,0.6171824723149086,105.3338182127904,11.585656650405257,0.5594074458335143
804,804,-6.191147914686983,43.483730387397735,31.59325070608139,6,container,0.8122485104546932,54.104515625618,-1.027367513812706,-1.027367513812706,97.45642375529371,8.90087960515802,-0.31116347437185254
805,805,-5.033542332203231,39.99029784021116,29.794005379035536,10,food,0.8591645820304358,50.122282732182875,3.759474364127229,3.759474364127229,94.96324882606999,9.468315349392414,0.8776490513286888
806,806,-7.839118420212122,48.604178743210426,34.92537420721998,9,electronic device,0.7440899236323081,60.362237635979035,3.4583616749799546,3.4583616749799546,104.12805088976675,10.808867489407545,0.5745504412794702
807,807,-7.713576798849246,50.9151126825153,37.32294728787422,13,home decor,0.7862474717348183,63.599138050435975,8.666105094576253,8.666105094576253,106.83909640433897,12.493055243955673,0.29274570379401155
808,808,-8.003599005842736,51.27563276531228,39.228086734715134,26,vehicle,0.6754398028319231,65.0545225283825,3.7832102712630302,3.7832102712630302,108.4248686371943,13.808970491069411,0.5328639949311764
809,809,-5.993189507326174,41.01769521589725,29.879540505354413,20,part of car,0.7457278062434247,51.09947731734719,-7.006784219761698,-7.006784219761698,94.40759274565869,8.80618435781977,-0.5815248041294581
810,810,-5.455074403340851,51.667590689080605,37.626795722908085,24,toy,0.8534991177521666,64.14883881048672,5.083632857593187,5.083632857593187,108.66923712168492,13.192347908255968,1.6146310386368867
811,811,-6.428116969062491,37.80698217584461,28.411234673970384,1,animal,0.7679296448546308,47.72721283201019,9.767386848063595,9.767386848063595,93.08074805251663,9.436198731144769,1.2096388819387442
812,812,-4.897628229344279,35.013264442191364,26.15596086175057,10,food,0.7941612038946481,43.977832345093134,-3.0072713816956878,-3.0072713816956878,88.36861732312856,12.40389754551178,-0.035800600102916746
813,813,-6.248636284674458,41.54630856753657,31.126273170761237,26,vehicle,0.7744849194985589,52.287532859257794,-8.595908877975148,-8.595908877975148,95.19860020412689,8.627810008844373,-0.8889979514238036
814,814,-5.339580068440888,36.84257493474074,28.052276117608887,99,other,0.8167903703550985,46.61348129573511,-10.180955929317122,-10.180955929317122,88.73247597648798,9.693619770401535,-2.108872842434266
815,815,-4.188171567207692,21.56925467060445,15.375360594132689,1,animal,0.7962871605020997,26.817442859477993,-10.767461121269825,-10.767461121269825,73.6088682409612,27.6362543331222,1.0710107370893098
816,816,-7.196235433044019,44.79379677603895,33.954993486469405,7,dessert,0.7165210631742817,56.667553473633,13.391443245585009,13.391443245585009,100.3599012345166,9.111402735723518,0.22251960672710425
817,817,-3.80852159209664,31.167392385953317,23.014660927731757,7,dessert,0.8472377161106004,38.93052533007884,-5.759919397249533,-5.759919397249533,83.04706330391974,15.256192838876178,-0.6905956406817495
818,818,-7.187078047222897,46.7130273114711,35.365540613344315,7,dessert,0.8126606066914156,59.029505116790745,15.282097641980869,15.282097641980869,102.57145974681477,9.860680649321692,0.25020877939387276
819,819,-7.733844535530634,53.783286724985295,39.79075163555738,17,medical equipment,0.8151904590814365,67.34803781821968,8.732192734165082,8.732192734165082,110.50964314508059,15.343605129731321,0.49704567190120486
820,820,-5.28269220797313,43.3948313586007,32.8761823519292,7,dessert,0.8630705168814926,54.697912132392,10.124078087416308,10.124078087416308,99.01872147422696,8.882039431964438,0.7024776109075361
821,821,-8.299942139622237,50.06629783467402,36.64745145054897,9,electronic device,0.7154995430768262,62.59839387885048,5.653895220236137,5.653895220236137,106.12562605285174,12.009633152818324,0.5045671632003206
822,822,-8.157328948173088,54.25024718839049,39.810997136006655,16,kitchen tool,0.789984377888002,67.78308659638702,6.682591651411045,6.682591651411045,110.94977386134094,15.785120730411842,0.5349286577154118
823,823,-5.385454385888133,44.81241920642306,33.07526848500177,22,sports equipment,0.8043075391507448,55.956495775107534,-7.981031579910365,-7.981031579910365,99.58835934580796,9.121718276748435,0.10842433044894051
824,824,-7.132049077254358,45.15310307407324,32.903220757516294,99,other,0.8226143944131751,56.32309275489139,-0.38444224104142677,-0.38444224104142677,98.33775099628897,9.771706993873874,-1.4811409602380365
825,825,-5.521786107778353,28.378288525044955,20.931759492519404,1,animal,0.7933837005274517,35.69251934066057,-2.1506986411202362,-2.1506986411202362,82.18112595398075,18.917985937277916,1.4373394801888253
826,826,-7.461387537865856,50.91637481512922,37.67186455837566,99,other,0.7265252905851319,63.7755353376947,6.753872145075263,6.753872145075263,105.53990544749256,13.759984505260313,-1.1695428458225336
827,827,-9.208057692701352,56.76652709226735,42.19400507667578,9,electronic device,0.7604146370259754,71.32714061982144,14.85615271155649,14.85615271155649,114.58511827707163,18.978221147947917,0.8934274436057308
828,828,-5.7212873377354985,44.550657238701525,32.004732809756014,17,medical equipment,0.8536416344557746,55.15248962127706,-2.9773653302799516,-2.9773653302799516,99.10595742785375,8.966143524351907,0.36940951498337427
829,829,-6.024986789415149,35.622150499788006,24.82915850954962,19,office supply,0.7828623731358995,43.83748606312312,-6.043708985603843,-6.043708985603843,88.66603872742795,11.782303481824183,0.3913855023914863
830,830,-8.193850978222255,51.65958703216327,37.27545585210579,6,container,0.6818172469017002,64.22858970247793,8.658551454240808,8.658551454240808,107.83768061264462,13.140974518144223,0.7093365560303653
831,831,-4.120576348535585,38.28417799276712,27.81061355033685,5,clothing accessory,0.8049111408515581,47.49829112791496,-4.44668878457307,-4.44668878457307,92.06048209705159,9.920120964018281,0.4010347918628696
832,832,-7.712510873219172,46.744159705426426,33.246500329645784,9,electronic device,0.7826940428164595,57.87770792546188,1.4402439078583313,1.4402439078583313,101.99294024961563,9.841200840267405,0.7366452811472755
833,833,-6.918780882590743,45.27884740735734,33.419753350906895,99,other,0.8043799426500864,56.700295109245296,-0.32847686750984906,-0.32847686750984906,98.5110357184149,9.871696002962505,-1.656618948346491
834,834,-7.477283403011665,43.07489567757681,33.36781279561339,21,plant,0.762256317791027,54.997884827383864,1.2336345831019457,1.2336345831019457,99.3112878567181,9.041983424032077,0.7176881155943562
835,835,-9.209917252698498,60.35794740592325,45.21185833821138,23,tool,0.752965779493715,75.9737884092418,15.201387151714087,15.201387151714087,118.87517458477907,23.608167128172155,0.8871757939603526
836,836,-4.283064613851736,38.985504692721946,28.366051137779365,4,clothing,0.7410177775063997,48.40296556807019,0.49122849005262026,0.49122849005262026,93.33200760548918,9.753516046672328,0.8360949230661134
837,837,-6.9816105920844445,49.7425991346198,36.41437003953947,9,electronic device,0.7702674869209876,62.04091714750431,6.282832243602314,6.282832243602314,105.27382256916076,11.614041818722193,0.16820875420916082
838,838,-5.992322197130159,38.05101742264201,28.385384893455708,10,food,0.796965937357465,47.84890727866257,1.654456093775508,1.654456093775508,92.12254103487602,10.2709018140756,0.1389127229273157
839,839,-4.794538320421565,36.47219803279312,27.39759297623304,10,food,0.8242629504152925,45.867602160355005,-0.9196712019498392,-0.9196712019498392,90.57818508984306,11.301872313122201,0.4264789143449974
840,840,-6.4213751035824105,40.28808804715819,29.161937582283954,6,container,0.7675402052999836,50.14760911817735,-5.315405188389832,-5.315405188389832,93.6978430145806,9.100798726567117,-0.4111736315506107
841,841,-6.981416196782344,54.43356583508673,39.85894428344157,22,sports equipment,0.8279244782314087,67.82690248733105,3.4173899365470106,3.4173899365470106,111.17299285521331,16.100703749356402,0.7176353146402761
842,842,-3.1718421546432696,32.368340376495404,23.38846406761472,4,clothing,0.8161903973596945,40.05983390910077,-7.301795130612305,-7.301795130612305,85.46240906382145,14.632708982454707,0.6805871754725104
843,843,-5.308595454163992,37.96068642311168,28.71440408266008,26,vehicle,0.7537355584082159,47.89271240211888,-13.552184262666486,-13.552184262666486,91.07682520580117,9.42892754545153,-0.9473054874355427
844,844,-3.306418049362285,30.02572097882084,23.78170354408204,10,food,0.8164957150416814,38.44536050128487,-5.910112385533367,-5.910112385533367,84.71710567291218,16.694329815352596,1.4280319469539222
845,845,-7.176392979948626,43.39090335617156,32.845226913018685,1,animal,0.8050888394393784,54.891529776778526,17.31385341203608,17.31385341203608,100.12853773558416,7.921538793193969,1.633274272768574
846,846,-4.230440051676089,40.09806231127261,29.62445295080793,4,clothing,0.8167088060990502,50.033583089602516,2.3490110610040205,2.3490110610040205,95.0936056452485,9.334206418184777,1.0900178923996435
847,847,-7.4934085192565565,50.46376467528633,38.02248668345018,26,vehicle,0.7205138575455321,63.62744855824638,2.209439374859471,2.209439374859471,106.6182529441076,12.723128613128667,0.045726241960053926
848,848,-7.72529355398083,51.512469783758064,39.35731432242242,26,vehicle,0.7612848761162684,65.28562548058893,3.4809174476667835,3.4809174476667835,108.59003681173795,13.973659650175083,0.48435351390881465
849,849,-5.531406028782564,41.57351355214556,29.533797004731227,99,other,0.7901132299384382,51.29521076321213,-4.608832237180735,-4.608832237180735,93.98125207717992,8.996945129238979,-1.1888413500793718
850,850,-5.241988275672478,45.085995329448224,33.297249192502974,99,other,0.7387823524589504,56.2932697550689,0.4574856794441331,0.4574856794441331,98.94721938737254,9.89302263385133,-0.8440981117701085
851,851,-5.982987920274314,37.2751162944351,29.287607178358957,99,other,0.8444734104760697,47.78069038274429,-8.281197411988543,-8.281197411988543,90.8884037512959,9.514382610924311,-1.032150963074173
852,852,-6.874945150449601,46.9404558741467,34.17844376822203,9,electronic device,0.8002677895489192,58.470824236638904,2.313668362346462,2.313668362346462,101.72147223501992,9.883002490082283,-0.08322029720341106
853,853,-7.877053101640701,52.214584320919705,37.86317767986211,6,container,0.714413403842907,64.97715756625023,9.359799722043846,9.359799722043846,108.34332986581835,13.636770372012613,0.5228571574336769
854,854,-4.633605236276187,34.09834550791365,25.424152327966727,8,drink,0.7826586248081515,42.784985514294114,-4.186002021575447,-4.186002021575447,86.20937472231162,12.238094009893468,-1.0921325514978548
855,855,-7.187082796381205,49.35237010521549,35.64384392474828,16,kitchen tool,0.8593323895474088,61.30084994399361,0.5451397718862836,0.5451397718862836,104.79352337395319,11.18638197819547,0.3721784684416889
856,856,-7.254875061413266,45.36536911394544,32.7770017755463,9,electronic device,0.7008760387891356,56.435642748137425,-0.4413418950822603,-0.4413418950822603,100.04008780211626,9.30149932506844,0.11713170010270346
857,857,-6.544922366771811,45.02996463988086,33.40408753573443,9,electronic device,0.7810085630442104,56.44791216999083,0.6789982483985142,0.6789982483985142,99.4736222628079,9.219057101513847,-0.46067819262553655
858,858,-7.202211268267888,55.8153571787421,40.78890090433944,22,sports equipment,0.7454790655276627,69.50511046770119,5.114798164978339,5.114798164978339,112.84083052957004,17.57507613042505,0.8337956020055941
859,859,-4.42958142646834,42.2767468145245,31.239770681739856,4,clothing,0.8320317416311089,52.7528936180833,5.06516999555744,5.06516999555744,97.84312635946371,8.99438260945719,1.3252539025695995
860,860,-6.339522439245147,37.90377419140018,28.827666267520364,10,food,0.7816653954358824,48.04081582510729,2.563862156918205,2.563862156918205,92.77873242896617,10.24467502663054,0.6176647558823873
861,861,-5.755835766565783,45.97084010197733,34.09683386934122,24,toy,0.7743403871133595,57.524271963812794,-2.3540672582750375,-2.3540672582750375,101.1976745060087,9.509402435856495,0.2681677520258319
862,862,-4.391635789802427,24.02746204528365,17.335865723067414,1,animal,0.8125395345483712,29.952255968725353,-8.314337041008066,-8.314337041008066,76.17243764086166,24.500037815055844,0.7361201898558392
863,863,-8.084207164018997,55.37631232635969,42.60534428150486,26,vehicle,0.7822064920748844,70.33566473477642,8.704718888809822,8.704718888809822,113.86411160099837,18.265528697828103,1.0891430859618794
864,864,-6.209145074555266,46.86787103765253,34.22506407858219,18,musical instrument,0.8044071772603629,58.365279313492195,-3.033818259079908,-3.033818259079908,101.82878034179805,9.836828537653952,0.12167504099903681
865,865,-5.498557710497666,42.43371751060473,31.57534446678578,10,food,0.7780538059501475,53.177597697354244,6.516818009055356,6.516818009055356,97.87319308420906,8.828328905638566,0.9626376442305826
866,866,-7.167446300080582,45.94863244993897,34.517762761445546,6,container,0.7800773366081454,57.91480861178392,2.6545679423392983,2.6545679423392983,101.07443504796981,9.72655649546162,-0.2161633540902841
867,867,-4.053898466646554,32.92458526495808,24.816550257831427,10,food,0.8127896205316852,41.42853574949092,-4.604039047382614,-4.604039047382614,86.49539050906534,14.215572378115837,0.44806177048766926
868,868,-6.769119812823858,43.62081725741238,31.223266288208947,6,container,0.7673225825664852,54.06929848767538,-1.3313950443319271,-1.3313950443319271,97.8217386373913,8.962029980989138,0.0867133054280913
869,869,-6.688102039105946,44.86944112422169,32.62915465466723,99,other,0.7528491226259134,55.88075866667955,-0.8383004056931895,-0.8383004056931895,97.82686175470097,9.611737808355327,-1.583046446414258
870,870,-8.318062343718754,51.66023708919353,38.09340421637052,18,musical instrument,0.8036200008921448,64.72308476932689,4.522924192826821,4.522924192826821,107.95669425669901,13.418150001644927,0.37113820837494416
871,871,-7.265855373618544,46.44924955263154,34.24939323638241,99,other,0.753546737223344,58.16653999829576,1.174126645397024,1.174126645397024,100.04539164692292,10.468321724287456,-1.4779585383579104
872,872,-4.276211317352862,39.64841820273599,28.74509425771481,4,clothing,0.8640272833950627,49.15855462780219,1.3405870853516433,1.3405870853516433,94.19326521304258,9.54775180722249,0.9987320547559335
873,873,-2.465822783994577,30.866906788267407,22.69144129768997,4,clothing,0.8046676365996008,38.38942204363287,-7.971572492747214,-7.971572492747214,84.3234082429458,16.077832965178246,1.0860554245371787
874,874,-6.387807215960371,49.0678986739605,37.79844152466957,24,toy,0.820577641571686,62.26704540124089,2.810575465561371,2.810575465561371,106.31808768643184,11.790265422445568,1.003394840759924
875,875,-3.7947549987228335,22.33252959747105,15.893480192030484,1,animal,0.8423860734817686,27.672093457790968,-9.934538441856134,-9.934538441856134,73.67809003009272,26.74997500416765,0.3500193805960379
876,876,-5.301265861340219,34.265209970226486,24.902706911700896,10,food,0.8073218330166715,42.68902488422985,-2.915210365781874,-2.915210365781874,87.08706664895097,13.272504697861116,-0.1257150667311322
877,877,-1.4286052411309538,23.33743228448238,16.307236060437333,3,body part,0.8727571819515186,28.506185407707832,-11.772906772223038,-11.772906772223038,74.87509954915012,24.829114387045163,0.7758243573701122
878,878,-5.143321775304123,45.99924549733694,33.40103660700367,22,sports equipment,0.8566659598691853,57.07901183124135,-6.109736125436143,-6.109736125436143,101.09972477196273,9.558003107687776,0.5819072049705767
879,879,-7.274296233749123,47.35431807072603,34.62676114447053,16,kitchen tool,0.8023917148820873,59.11310694758008,-1.766487720334169,-1.766487720334169,102.35700714369116,10.072343014116313,-0.04154238973839597
880,880,-5.308295810074303,41.48904690585298,31.892646221465156,99,other,0.7767517028896781,52.59904847590741,-3.4227528429573795,-3.4227528429573795,95.33037263158903,9.0972874103826,-1.045254030382722
881,881,-7.401877127242538,51.06696023956268,38.12108024249373,99,other,0.7747644086058721,64.15480474579061,7.09847414221052,7.09847414221052,105.93818545421117,14.043032786766352,-1.1219367549735324
882,882,-5.563913191727674,36.72812968664372,25.830037631566565,99,other,0.7713710813398846,45.24492771938249,-10.516350350494804,-10.516350350494804,88.09325902364,10.300173451844884,-1.482720030538161
883,883,-6.459398402880954,50.02483310501084,37.24335942347451,99,other,0.7919102070016705,62.69988497642908,6.309891602361702,6.309891602361702,104.7877966605473,13.063661103506304,-0.9271012782182453
884,884,-4.2765758711939394,22.38504053621282,16.13249026361652,1,animal,0.8072622848943806,27.92196954184377,-10.096004576502594,-10.096004576502594,74.47324273866465,26.52831175115739,0.9141357255527822
885,885,-4.495919980570168,36.57638302520922,26.44533557377295,4,clothing,0.8050503888544609,45.35858094438101,-1.9312446737168756,-1.9312446737168756,89.82483163709192,10.986138625061825,0.14376838521498314
886,886,-6.922437248802564,45.32839358408868,35.10078394947446,23,tool,0.75815256559159,57.746414921147654,-1.2697758461869029,-1.2697758461869029,101.344942842269,9.718603346614794,0.210041877551987
887,887,-7.324518314590361,48.783817029972056,35.41928882110992,16,kitchen tool,0.7753377240713076,60.729197204868136,-0.428251188451199,-0.428251188451199,104.08984624874934,10.860998419946188,0.19705360784872994
888,888,-5.717227865099424,33.72074257858874,25.20576060882127,1,animal,0.7984412170225597,42.48653365929166,4.443561929749507,4.443561929749507,87.79833990645885,12.755057459194122,0.7727823361008035
889,889,-4.244028717032217,24.45100640075264,17.39236029691771,1,animal,0.8119793478967902,30.30441701235053,-7.452653345535374,-7.452653345535374,76.44514039245924,24.144135172408415,0.6832135209500336
890,890,-4.613475758671974,33.24106049557382,24.73247382301897,10,food,0.8033331643087741,41.688697783123075,-5.242563938397481,-5.242563938397481,86.09617567035112,13.977090588480015,-0.1916998593648458
891,891,-7.44763936134012,46.30261838882991,33.17691613457325,9,electronic device,0.7351849213950529,57.446562698900436,0.7041697031087182,0.7041697031087182,101.27227392829349,9.632179347928796,0.41461745182965615
892,892,-8.665680772448109,52.71721170090495,38.940525246983775,99,other,0.6716846502639876,66.11023324175302,9.314618428005133,9.314618428005133,108.18766529375583,15.637163523227203,-0.6804534298980229
893,893,-5.950858732460677,34.835279881743475,24.92333159546131,13,home decor,0.7265416431114106,43.24444359580113,-9.959552688375098,-9.959552688375098,87.41828830694494,11.996505143453664,-0.3080356306415837
894,894,-8.240751411877405,50.49743064804043,36.82737037327318,27,weapon,0.7428476516840775,63.04090493081656,-0.6110101680929034,-0.6110101680929034,106.46983686199674,12.216119025132228,0.43963059558329576
895,895,-8.084846251613698,51.41686149617219,37.43904634005575,99,other,0.7130253184493649,64.11505732572986,7.402873224830813,7.402873224830813,106.1283327061207,14.052832388232664,-0.8950388895399755
896,896,-5.897056919973097,49.39012322418871,36.28008559905185,5,clothing accessory,0.8167227851093342,61.56625831973612,8.351854869624717,8.351854869624717,105.61435035106949,11.350534635492576,0.9476078668461128
897,897,-7.132729714560492,38.3029963607423,27.69991067964733,9,electronic device,0.7901874643485834,47.80460663003569,-8.16605152529759,-8.16605152529759,92.25366534030351,9.862777625476223,0.3109975740722746
898,898,-4.274605715417152,31.239238599844203,23.682859549698527,10,food,0.7804802604802605,39.4339969920755,-7.289425387178099,-7.289425387178099,84.11800702892427,15.729931108408673,-0.08516370089643033
899,899,-7.505017722684656,46.39753464297255,32.645324245434665,99,other,0.8286877079560008,57.2256385464873,1.563249269524718,1.563249269524718,100.17246440687263,10.2693652235731,-0.4809247704545925
900,900,-6.876436425638318,40.179858319135576,29.685699509823785,99,other,0.75173707228005,50.42764269573986,-6.043398559373372,-6.043398559373372,92.73428923533739,8.995021511600472,-1.6336475059099342
901,901,-5.229255299105956,36.30306307098895,26.533392995172463,8,drink,0.8617754653921423,45.268956727051886,-2.0998452255671225,-2.0998452255671225,88.6790091679668,10.776887684407535,-0.9191871967405518
902,902,-5.046862418399659,33.62701826362034,25.25496314201579,99,other,0.7939450282481003,42.35634947533471,-14.749312195802176,-14.749312195802176,84.20845417176645,11.65611639025236,-2.6967346142974264
903,903,-6.299509491056755,41.11236352535719,31.44840205047777,99,other,0.7930013779901457,52.143189833357226,-4.677458926477399,-4.677458926477399,94.40482074416427,8.972068482509524,-1.5493173087771908
904,904,-7.713178020642887,45.75311462202428,35.7294550430457,21,plant,0.7865708309305871,58.56137439018354,5.445563400796502,5.445563400796502,102.92394837168048,10.01068499905886,1.0355328281931833
905,905,-8.85284496184937,58.86538086343381,44.04698808929496,99,other,0.7546162144600532,74.05162447815817,16.884141078853418,16.884141078853418,115.86816482755468,22.822255064375767,-0.34259399012604774
906,906,-7.874601132854647,48.4577709801308,37.61802673447027,99,other,0.7732232979751414,61.848854854068904,5.426144129297654,5.426144129297654,104.6559529333609,12.611312101466071,-0.27207936541192623
907,907,-6.467274722369677,50.11045460427082,36.76861996021069,99,other,0.7710782411009299,62.488516679144276,6.160607271151974,6.160607271151974,104.63550465023177,12.923979683324339,-0.8839613688551538
908,908,-7.881664787896529,46.06904053854855,34.36164751373971,12,furniture,0.7513346961838621,58.010343524493045,2.6116538398242994,2.6116538398242994,101.68708740409355,9.686775123965688,0.3081570637678226
909,909,-6.438772019646375,45.02467496303227,32.562775943126184,1,animal,0.8152934518395492,55.93758591296127,19.225094252520577,19.225094252520577,101.00314084758001,8.004481709089019,1.5406899616177583
910,910,-6.645981198464484,40.99459337798926,30.742510140018044,10,food,0.826016779590234,51.67037528435551,5.714378907412041,5.714378907412041,96.07026285162884,9.012997031737152,0.5532909023574888
911,911,-3.2187555590719428,34.55111870690292,24.92614972430095,3,body part,0.8554621683905651,42.72532189844591,0.4595315284184949,0.4595315284184949,88.06325108001538,12.588815908569044,0.8169090089821367
912,912,-4.31764016576357,40.64786196863958,29.847258314035763,4,clothing,0.893170716990201,50.61372865228729,2.8099112028126996,2.8099112028126996,95.6520350439464,9.209780624438725,1.1120425300006218
913,913,-4.757542083661856,38.63699238615151,30.754652560624105,24,toy,0.8641975254144312,49.61149102224248,-8.240288582051335,-8.240288582051335,94.58631671918384,9.366450077981368,0.9729968734191488
914,914,-5.13721290357205,37.97252956512967,27.771300420208995,10,food,0.7653446800568185,47.32387436612491,1.0079575632152427,1.0079575632152427,91.8766119445703,10.528805032551347,0.3784310308822256
915,915,-6.519857031035766,44.42678075010232,32.89392869576126,8,drink,0.7930503537042464,55.6619971665106,8.168874728366362,8.168874728366362,98.89825900863993,8.91311475369565,-0.3093814897072633
916,916,-7.257409253923976,47.11816746054786,33.150443153548,99,other,0.747248966138531,58.066716587006965,2.2864044504756436,2.2864044504756436,100.91859544401792,10.585839510760382,-0.5124576411412676
917,917,-4.485010279190325,22.37903353379244,16.24812236110194,1,animal,0.8247440020892179,28.01674391096136,-9.534035459922109,-9.534035459922109,74.82825360132705,26.45112801351173,1.181517851404081
918,918,-3.253373585377756,34.57705606128836,25.59216319659237,4,clothing,0.8696742758903321,43.14065440663283,-3.961277244247242,-3.961277244247242,88.63160585423509,12.486917614357893,1.0012457898575917
919,919,-7.681826452236202,49.92324750082221,35.75371190263579,23,tool,0.7666840157774047,61.88431960914903,1.46800836230085,1.46800836230085,105.39772392582987,11.711470127185933,0.43690078162148893
920,920,-6.016706059294756,35.48068732573273,26.553712428712178,10,food,0.8165022426366727,44.723367143553816,-0.711439173962404,-0.711439173962404,89.33039135679788,11.976377170304245,0.23664916534816882
921,921,-7.212137320217174,45.69700501959031,34.15876720345083,20,part of car,0.8014329992301902,57.506978440409114,-0.956435780882515,-0.956435780882515,100.72089628264044,9.483078193574524,-0.1926208148035613
922,922,-3.282377854277364,29.642947098793385,23.513137506495514,10,food,0.7989401590369875,37.97822998086509,-6.360927654177516,-6.360927654177516,84.25976223918201,17.076241262504627,1.4025991427686222
923,923,-5.53898179222969,38.83729521513131,29.062153151861075,99,other,0.7833918817185977,48.82237770473845,-8.120810684244901,-8.120810684244901,90.63483887192115,9.094122885551778,-2.248863843626623
924,924,-7.7047314350472575,50.52567346429807,38.43443963217653,4,clothing,0.762020842140144,63.948516130919735,18.49206066755461,18.49206066755461,107.66424580748763,12.435434528170214,0.794858824587763
925,925,-7.403715992044714,54.71820107634738,40.56511909652068,99,other,0.7325105155533713,68.51587718797263,11.864923162206424,11.864923162206424,110.41349564038656,17.665815406544162,-0.678890490027257
926,926,-6.467256031706733,35.01592581482516,25.584816438527582,99,other,0.8154707803881391,43.84658816193271,-11.854898252699044,-11.854898252699044,86.75415650502194,11.008151137485662,-1.5289125546799482
927,927,-6.995123888786413,43.415904163930335,30.79281437710628,99,other,0.7198429754527316,53.68491324249278,-2.2084244135195235,-2.2084244135195235,96.4116562568704,9.220935144574684,-0.967965037083502
928,928,-7.183731780052529,44.184290410169965,31.869926866718945,23,tool,0.8084400152692837,54.95043002404975,-5.274415067974957,-5.274415067974957,98.45255563891405,8.946391239996403,-0.09716721323110278
929,929,-7.508176168796383,41.35691864073236,30.471919092534154,1,animal,0.7431581122129903,51.91632962777497,13.476804360743827,13.476804360743827,97.85132491128,8.20808159345247,2.1069426544780328
930,930,-5.240549788080801,33.89200429403934,25.55316869812946,10,food,0.7928540858075594,42.767928961589874,-3.589904435133434,-3.589904435133434,87.11204448495901,13.21868314991522,-0.17369223630824138
931,931,-6.116247944159976,40.85935954895049,30.311602751046333,26,vehicle,0.831296749824827,51.241477467009986,-9.147786381107366,-9.147786381107366,94.11608362911551,8.682046043684915,-1.004327791133548
932,932,-1.6663097094633093,23.18861214519726,16.59086128829761,4,clothing,0.8553577831117612,28.561249964869777,-17.240279663706573,-17.240279663706573,74.76272443129619,24.873518352392257,0.6125363436342042
933,933,-3.724524989863553,20.466816076180777,14.550088139973562,1,animal,0.8273298161004226,25.386368617376714,-12.453212321233458,-12.453212321233458,71.82181576950016,29.039889310530175,0.6071348721920629
934,934,-5.996941018478973,47.61451161461241,34.727297381469,99,other,0.8388465345942882,59.23757423543067,3.078993064158837,3.078993064158837,101.56165379358914,11.05038421830822,-0.9519786605731042
935,935,-4.913562511855683,39.88263370514412,28.40984252617532,99,other,0.7904607886598812,49.21266828956434,-6.493683618503226,-6.493683618503226,92.04392515591283,9.174378971259078,-1.2006416968060876
936,936,-3.629416167101333,31.520809856942236,22.995377019511228,99,other,0.8329408260204302,39.18573056638077,-16.52384187455378,-16.52384187455378,81.90247637610705,13.855883878518055,-2.0711462862478243
937,937,-5.459659204810005,31.816339288166997,22.957663284215467,1,animal,0.781574421513446,39.61239235143265,1.5725957081541395,1.5725957081541395,85.385092746938,15.199474779072565,1.0169769993980822
938,938,-4.228934034535009,23.02559807550129,16.748595083404066,1,animal,0.7770983637709936,28.78502192236101,-9.514099929875705,-9.514099929875705,74.92782107670648,25.654059528261307,0.5707325986617917
939,939,-6.7803328040641535,40.4556324544424,30.412820371145564,1,animal,0.8209571084293074,51.064378515266085,13.1817800551175,13.1817800551175,96.31489599232965,8.243560978390283,1.3582309264628947
940,940,-6.43843826280009,36.55999150529288,26.754873127453465,99,other,0.7652541780140893,45.759258103657096,-10.330456761746419,-10.330456761746419,88.32497416151821,10.09313822978186,-1.7265566931855858
941,941,-5.742678659871085,41.022033309744046,31.745998066938117,6,container,0.8090967638533731,52.188063465914574,-1.7909297797159383,-1.7909297797159383,96.07912132677855,8.93310598142637,0.08349294503049975
942,942,-4.68714287940922,40.34276142692982,29.17567201533636,99,other,0.7779370512105909,50.00727492544114,-5.697211129115217,-5.697211129115217,92.78494293082981,9.090116268057274,-1.1943201948572408
943,943,-9.240093829438855,52.9037326230182,40.05083361616107,99,other,0.747629576777523,66.9944291174576,10.576559696701736,10.576559696701736,109.5829670119118,16.454552734917783,-0.10268253155095408
944,944,-3.7128039060697193,37.00145347477432,26.42907833550159,4,clothing,0.9011730683024008,45.62223858772052,-1.6084134667184031,-1.6084134667184031,91.03010375841203,11.06104318760096,1.1052616615631337
945,945,-5.139033669026573,42.46991006146425,30.90246614549941,10,food,0.8096221415031682,52.77371828433153,7.288911185009312,7.288911185009312,97.82252666222297,8.9520960805674,1.2853996408845347
946,946,-7.630484388920907,48.27102660625853,37.07926321255453,99,other,0.7439397176962762,61.34482913838447,4.637809669552368,4.637809669552368,103.7892353604589,12.231111118501367,-0.6727728729789391
947,947,-6.250829427913014,38.02456396793176,28.570380724945704,12,furniture,0.7998311261569446,47.970897305101005,-7.276509873266335,-7.276509873266335,91.4484152901873,9.592271771805269,-0.648005457309992
948,948,-7.269280937940709,49.88380622301767,37.027160925898535,6,container,0.7967367503785431,62.54795931829169,7.273397885587983,7.273397885587983,105.59095967569525,11.944213419486276,0.016532769717656493
949,949,-7.531198841873686,43.07744963887318,33.557084414713714,99,other,0.7840581852536282,55.122259911960406,-0.926461518379881,-0.926461518379881,98.24587412683279,9.636310849872709,-0.4627232835309627
950,950,-7.259771100764783,51.098609856835296,38.74770099548076,6,container,0.7755076870575159,64.53802397170017,9.854241556929281,9.854241556929281,107.82715935110484,13.304152189165691,0.4127112096998218
951,951,-5.167968135141661,37.10912895175901,28.006507330077493,10,food,0.7817945607271173,46.77777035124486,-0.12954181529651976,-0.12954181529651976,91.31654562530491,10.805133397649213,0.3232945300578791
952,952,-4.057314975970363,31.142972844213844,24.014870967473254,10,food,0.8682468209297478,39.53556108080501,-6.258750334503063,-6.258750334503063,84.78643941668719,15.688697664150965,0.4893621498607388
953,953,-8.530914961895192,55.37099344543732,40.16517994969741,27,weapon,0.8008751057035233,68.93449866078178,4.13910064711645,4.13910064711645,112.26678524866806,16.82643556178328,0.7873401358963434
954,954,-6.65432151818026,46.70831733475593,34.00234779005567,27,weapon,0.801437328787482,58.15588154561396,-5.84902445125158,-5.84902445125158,101.42963726135706,9.650106931938591,-0.08385807863633943
955,955,-6.924141929534348,40.35839062956176,31.305795994123763,1,animal,0.8648679252270619,51.54411992161987,14.702065882061007,14.702065882061007,97.3967403698145,8.267303589500779,1.9965046020145678
956,956,-5.746036181101782,38.973587150207216,28.563072778557515,23,tool,0.842098549100109,48.66011255332751,-12.15424043415841,-12.15424043415841,91.64271066187635,9.173838109809486,-1.090961086660073
957,957,-6.818735445758628,41.87357963381029,29.94049919514188,23,tool,0.702941824435727,51.92615252916962,-7.867199162530653,-7.867199162530653,95.63586580919979,8.777709010686205,-0.11759873903864104
958,958,-6.885219849851519,44.32919687740196,31.204930755960717,23,tool,0.7550673933659725,54.646423960407105,-4.730238992298183,-4.730238992298183,98.6472436804527,8.99534676564334,0.3786059738796297
959,959,-6.195848199054204,32.02552758668413,23.91443336265298,99,other,0.7628354200000542,40.446545899099455,-15.026901760217129,-15.026901760217129,83.68764044059874,13.08044259180428,-1.4517368027349136
960,960,-8.730829155057531,48.748456011197725,36.230605314828246,6,container,0.7916580207937272,61.36200862658704,6.311406421304113,6.311406421304113,105.30835709502506,11.440510031505301,0.8304646424225837
961,961,-4.825454238234448,38.15510898596792,28.172355514874354,99,other,0.7671543128459046,47.67367161854492,-8.563012425507935,-8.563012425507935,89.87945201633926,9.39059637820232,-1.9421527476466451
962,962,-7.962273734012758,52.25138866896281,38.13743429049742,23,tool,0.7915065351582522,65.1772146928079,3.9536247762446948,3.9536247762446948,108.24111354268017,13.885674196092966,0.23566726545480776
963,963,-3.864397468780329,34.70456293108642,24.932607068779877,99,other,0.860795011709646,42.90658633916973,-12.534505703026994,-12.534505703026994,85.9316536036579,11.461742926587586,-1.4822862484767967
964,964,-4.961522264241719,28.08589349803696,20.830845508618665,1,animal,0.8185877941413886,35.31795919027003,-3.0287440785802247,-3.0287440785802247,80.9824790126683,19.2098545720756,0.5850122574257455
965,965,-7.665530537402555,55.13167417026259,40.00853090323786,18,musical instrument,0.7562815947891478,68.54884681941185,6.415017498138411,6.415017498138411,111.96921884713899,16.513300309639508,0.8463488719573888
966,966,-5.051549141656689,35.98173257564545,26.202919533457905,10,food,0.7628390163033094,44.79727915792105,-1.3279060167996306,-1.3279060167996306,89.27799891988603,11.895747204066927,0.1159174029998411
967,967,-6.104703607052782,37.05009943204288,27.344633600172937,99,other,0.7828048721710468,46.45111689488138,-10.276642510272339,-10.276642510272339,88.54232956884034,9.760841988740829,-2.1488965166638536
968,968,-4.961461221384073,40.67702567260985,29.803244804054007,99,other,0.8416285806827757,50.67020737940423,-5.346437872350364,-5.346437872350364,93.10002153245364,8.98541618929616,-1.4921914242134733
969,969,-7.326604693786212,38.61187315777072,28.710982101798862,99,other,0.7115078665489898,48.6711041413753,-6.96612848011921,-6.96612848011921,91.74731370632713,9.380898989375996,-0.9965209057043865
970,970,-7.447089173180324,51.45661101582825,39.23811119501048,99,other,0.7407831647864872,65.13732666098267,8.344764481416561,8.344764481416561,107.29369249876858,14.843692642269101,-0.6748731547684486
971,971,-7.233896782344725,48.46376608164365,35.77609217131199,10,food,0.7842111434778315,60.671201212141014,14.208385356043834,14.208385356043834,104.89079325659804,10.134033983705502,1.0516239278872206
972,972,-5.531555833297861,43.37202216212685,31.45535173935501,24,toy,0.7848414168091475,53.862506156095804,-5.24550062842458,-5.24550062842458,97.61197672354044,8.768203278428402,0.06815235621839122
973,973,-5.044947824375988,38.50324311405084,27.895984368793005,8,drink,0.7934387497583237,47.813566827358976,-0.01511142860989878,-0.01511142860989878,91.63164537005748,9.691901796747691,-0.3193070281932364
974,974,-6.946092637363389,38.6386166665605,29.427231760639955,21,plant,0.7961078344920823,49.062744215205264,-4.029266387380844,-4.029266387380844,93.30191345657754,9.393064520923422,0.19596696478510012
975,975,-5.375369476454686,39.25400845494568,29.502538039980543,23,tool,0.8557308994952665,49.39809234767924,-10.107588260980663,-10.107588260980663,92.4520465678014,9.006741520337096,-0.9639640638450828
976,976,-5.053501821059049,37.57215578151905,27.244048503559704,10,food,0.7967666625458741,46.68450438411547,0.7593546625996765,0.7593546625996765,91.34973358655249,10.859186184786223,0.4427165539861875
977,977,-4.0752377193883085,28.0845652452324,20.378995260114284,10,food,0.8200895705431702,34.93785647825295,-10.897688072873237,-10.897688072873237,79.39268074477854,19.51396690712856,-0.6533416186664454
978,978,-3.752908935386575,37.93549578134659,27.07675476038228,99,other,0.8229557425275379,46.758280699869125,-8.237970872368706,-8.237970872368706,90.24596541412855,9.920927885268165,-0.7292654764276421
979,979,-4.767249038123121,35.328982618554086,25.732889561095536,10,food,0.8034477463593318,43.96641083164649,-2.1679609538319227,-2.1679609538319227,88.55898858027967,12.421076894021613,0.16513103117803496
980,980,-4.139324098723457,40.72100469119511,29.22147262493516,99,other,0.8223018380848933,50.291437535871275,-4.839111715339683,-4.839111715339683,93.64395891404966,9.239438454723533,-0.5980420260146389
981,981,-7.94731079177133,53.53585369476558,41.33456153665743,99,other,0.7137632278234955,68.10134622073245,11.538472445321077,11.538472445321077,110.61884036096413,17.365008263106574,-0.0902688838681911
982,982,-7.339629872218339,42.67364096352132,33.43976978844226,99,other,0.7695886337112737,54.70948732394319,-1.3006190466681176,-1.3006190466681176,97.90775434205389,9.55073960522702,-0.41919198674668223
983,983,-7.042218795481394,44.83506734055559,32.27720205076803,23,tool,0.8288955901081902,55.69195526484673,-4.826436529003814,-4.826436529003814,99.12565107653666,9.08372930622891,-0.109688791786823
984,984,-7.611994157050575,47.543103843360136,35.068830922626084,6,container,0.8151151638743811,59.566031262685556,3.987008810947671,3.987008810947671,102.8214620977902,10.399616175256025,0.004137045480831603
985,985,-6.738497223889524,37.07581957396328,26.89681936706361,12,furniture,0.7971430641612194,46.29754457832395,-7.694119528065244,-7.694119528065244,90.59638984443367,10.402096246070757,0.047157298262732184
986,986,-7.185408371368975,45.62757728139424,32.69556707777669,6,container,0.7825384001457607,56.59068835568567,1.174859237768544,1.174859237768544,100.34966282117975,9.420757191052521,0.28335096946233307
987,987,-4.68627541357095,33.89192399650329,24.97685882444743,10,food,0.7986619293941305,42.36115161528275,-4.231433431813784,-4.231433431813784,86.79795957590619,13.490564213318779,-0.11166928674754217
988,988,-7.131736131478275,51.37096624836547,37.24856053311383,99,other,0.791839538830874,63.85368505676695,7.364058026163207,7.364058026163207,105.92541786799579,13.854571455405345,-0.8562879484049546
989,989,-4.650951081653932,35.42341609962706,26.42381106679317,10,food,0.8181336999685939,44.43723152295648,-2.3740347734009646,-2.3740347734009646,89.08633635589884,12.132205105874238,0.25715623141995536
990,990,-4.649365089867057,32.05543065579258,24.51401224299231,10,food,0.8112023005048874,40.62147248090322,-5.777060831990752,-5.777060831990752,85.31888829964807,14.806916616594753,0.01777328331876049
991,991,-5.758567985365942,44.41824429053801,31.77248778889189,99,other,0.7656136278523039,54.91477498261536,-1.060784834766892,-1.060784834766892,97.49619753423315,9.441495491591889,-1.0205585330002975
992,992,-3.462938224823189,19.476018252213677,13.891174349066697,1,animal,0.8303868541846225,24.17171803793993,-13.729213175380401,-13.729213175380401,70.40518098698858,30.242625949046793,0.31357056679284767
993,993,-7.789580921129844,58.579557038829975,42.70117665160011,99,other,0.7812754211983995,72.9083847113864,16.4879570739797,16.4879570739797,114.99600988465815,21.74724409857475,-0.157705160880667
994,994,-5.611577735705467,38.52748234430278,27.687224635383338,10,food,0.7568612540995143,47.77487947116775,2.2973542102342606,2.2973542102342606,92.43147654282892,10.334623735262173,0.5162946190763336
995,995,-6.399740349933736,33.73586136336322,24.38384125260731,99,other,0.8293585774530897,42.1145667519801,-13.221662610241907,-13.221662610241907,85.30848293102102,12.022689233579928,-1.373152643055505
996,996,-9.249678456176705,63.11381780737329,46.27191217918974,9,electronic device,0.8280118464864487,78.80355579847661,22.43303514581362,22.43303514581362,121.93756891855168,26.212222875505738,1.3331565963463845
997,997,-8.48908411342902,54.00912429633951,39.5809419646227,99,other,0.733162725329705,67.49593338230945,10.612173766566542,10.612173766566542,109.42977877608358,16.78675645924184,-0.7195634898263279
998,998,-7.638030576704207,52.805331824189786,37.861732205936825,9,electronic device,0.7530886543980255,65.4236451582112,9.394311883879539,9.394311883879539,109.05519060499243,13.970637206371027,0.821893796066135
999,999,-8.013206118508041,49.04610506353352,35.15663438934214,99,other,0.8026879044300648,60.87463212034005,4.730579687058636,4.730579687058636,103.3783841575018,11.978972514235346,-0.6488781511970814
1000,1000,-7.446811516160786,41.69008636887846,30.61497776867101,9,electronic device,0.7736059136867418,52.25701069691981,-4.1164834177674265,-4.1164834177674265,96.24705837818627,8.924105446567841,0.1876811283015627
1001,1001,-4.90417353249521,34.05451079384796,24.25457226851836,8,drink,0.7434205662245275,42.09566366472814,-5.454429462376339,-5.454429462376339,86.11408981478843,12.750509683665854,-0.5500678939839929
1002,1002,-4.780630972460847,36.29763949819582,25.84425628505688,7,dessert,0.7930380134580276,44.81404521535117,1.4599352501238343,1.4599352501238343,89.13285577896862,11.17632412327536,-0.044727697440833936
1003,1003,-5.41285439260218,39.7024743171952,29.981213056707677,26,vehicle,0.7291710334967548,50.04456609797667,-11.172871744211264,-11.172871744211264,93.2696448814878,8.888241549240592,-0.7440978020577518
1004,1004,-6.109476254092192,33.91332260969842,25.43624122122454,10,food,0.7605786951682553,42.83038078272386,-1.9874309109773378,-1.9874309109773378,87.85108671431432,13.252677557917345,0.5076068052160423
1005,1005,-6.648662863372781,42.627724178481145,31.176501997253283,13,home decor,0.7505048959608325,53.22876913185384,-1.376858335689633,-1.376858335689633,96.5529673185614,8.71512004882324,-0.4049014214976836
1006,1006,-8.791929274042332,58.112478887356026,42.56563242889716,27,weapon,0.7809239397550204,72.56852821206411,7.60117556241822,7.60117556241822,115.6945550910351,20.147603567590597,0.8550726382313911
1007,1007,-5.577130022823441,39.56671984540185,29.57946286294467,99,other,0.7108601350433368,49.714930572980975,-7.1726165537960185,-7.1726165537960185,91.52543625928938,8.96642381606132,-2.183524182682021
1008,1008,-4.906094879274896,41.139838327457646,30.24138153592411,4,clothing,0.8145273087346259,51.294222109075136,3.71164672532349,3.71164672532349,95.7641471317371,8.953892278585094,0.5949678177974249
1009,1009,-7.579521115868274,49.21079181957256,35.63213802854474,9,electronic device,0.8092256504709487,61.22744835725613,4.457536928488096,4.457536928488096,104.6546821865889,11.191357102343988,0.3012046632148042
1010,1010,-5.116555967878911,45.433420966021295,33.86131907868328,4,clothing,0.7685048871999598,56.894321468812166,9.5283363947525,9.5283363947525,101.66620812246387,9.336523450658957,1.3191559566190847
1011,1011,-7.728066202851911,42.00266974448953,30.581321889155664,9,electronic device,0.755186078023571,52.52775001262161,-3.741535519797978,-3.741535519797978,96.81493751679687,8.998769266585072,0.5052336811386056
1012,1012,-6.68574085141688,46.4437045881414,34.962748184775286,6,container,0.7911341629168829,58.51590029414962,3.6346824356773197,3.6346824356773197,101.65562975143608,9.942576835792252,-0.1907402724642253
1013,1013,-6.226200300365456,39.61354144485325,30.21722217968493,99,other,0.7996396657982024,50.210345071905444,-6.651955849357776,-6.651955849357776,92.46637383382664,8.973787582180055,-1.7006487101967593
1014,1014,-4.00720642096157,19.66831025830677,14.020770647537748,1,animal,0.7920199245944837,24.48432439884889,-12.547751122161785,-12.547751122161785,71.56038170384998,29.970229878782295,1.1797342710039374
1015,1015,-5.723352063631035,36.512199673164446,27.131683672044687,99,other,0.8682627064847862,45.847854286729664,-11.204394645995535,-11.204394645995535,87.720004426978,9.944497310748147,-2.413442790569661
1016,1016,-4.12434876224624,20.64494222052628,14.827556478793069,1,animal,0.7768909289090202,25.750346077932793,-11.71889863214443,-11.71889863214443,72.63707751929968,28.70191781095656,1.0858616981170854
1017,1017,-3.718394931751333,21.690686806540388,15.063017028472457,1,animal,0.8195261841282382,26.668461466832884,-10.161601938703022,-10.161601938703022,73.24816871370632,27.767912557701578,0.8480599637158832
1018,1018,-5.356922787596345,29.08516971263448,21.46756679494309,1,animal,0.8144801595138568,36.544495386588146,-1.7404192921815849,-1.7404192921815849,82.5861734525125,18.062699059302506,1.0546467342530121
1019,1019,-7.912276495128863,52.48137037292954,39.12293003625663,23,tool,0.8050165061063284,65.93558985993684,5.111258564822023,5.111258564822023,108.8111842410476,14.450521045491959,0.10454144261971976
1020,1020,-6.2607762348659,33.36864647495964,24.55724988447658,1,animal,0.8297823873984269,41.901341369012556,3.652670724616968,3.652670724616968,88.11196129476491,13.33673466827942,1.6274747087478687
1021,1021,-6.562665488938992,46.31061692652624,35.12291158084302,99,other,0.8279697281263438,58.492398962180424,1.6953410611721438,1.6953410611721438,100.54305923459526,10.64775992914495,-1.281581369705492
1022,1022,-7.05605715978052,40.50332384851982,31.26966184350796,21,plant,0.718366416713657,51.65364398788823,-2.045458982197971,-2.045458982197971,95.92287544931669,8.929914222201267,0.4213733194521154
1023,1023,-6.24115838213133,33.2919558808242,25.56946799687756,1,animal,0.7492460211101326,42.43941656013828,5.344674745190815,5.344674745190815,88.71920605469172,12.930632698073618,1.7372131307613614
1024,1024,-7.2973308147008575,40.548056538387385,30.06219939538977,99,other,0.7828310966703957,51.00129173410822,-5.087624798192124,-5.087624798192124,93.65871380555686,9.04820640104304,-1.239620986061567
1025,1025,-6.218355308574673,48.150669833202166,35.95338775862356,26,vehicle,0.7540429218478,60.41358323631919,-0.14271019008249652,-0.14271019008249652,103.73734369250622,10.833766330363886,0.13636890954953174
1026,1026,-4.086647869888428,20.42538222882361,14.712188325605112,1,animal,0.8100026601744492,25.501870820276665,-11.999454056712047,-11.999454056712047,72.3710255182142,28.947807027187398,1.0495508513114515
1027,1027,-7.973718936050656,49.28261662268654,34.85512906888151,9,electronic device,0.8111503345266818,60.88708005199643,4.673733504267119,4.673733504267119,105.07147888218276,11.168415842355225,1.032707169231287
1028,1028,-6.032210746041854,37.95312276125329,27.84783143951743,99,other,0.7781958883165708,47.45870636352408,-9.361551179964835,-9.361551179964835,89.42570489499501,9.429458722310928,-2.1971421887115383
1029,1029,-10.55612832691091,60.40027492858202,45.02603207407744,99,other,0.8233737219833648,76.07212775411475,19.633611921474525,19.633611921474525,118.52614989889332,24.859729058984612,0.4472261813219376
1030,1030,-4.68581192482646,37.32469785143044,27.071745520992323,7,dessert,0.7870781579623043,46.346189796452414,2.03857190607539,2.03857190607539,90.46543045827354,10.36679998980342,-0.12877963885540566
1031,1031,-2.81786580022213,33.46250110241993,24.242610979926265,3,body part,0.8349041171219277,41.417188881206776,-0.43736982150944925,-0.43736982150944925,87.02436875878503,13.556306032403477,0.9875313771402432
1032,1032,-5.546403895254616,48.3185276936782,36.68892835184565,22,sports equipment,0.8197861189940439,60.92224698959245,-2.236630027437755,-2.236630027437755,104.98052024518361,11.24330687726129,0.909233049958317
1033,1033,-6.88369489576594,41.2204764087312,32.67684049675505,99,other,0.7709444609253838,53.04987121220117,-2.720446239789652,-2.720446239789652,96.4444639162212,9.303646348621827,-0.3479951369862988
1034,1034,-5.640523240761084,41.5457142938065,30.13262530847472,4,clothing,0.842297544431691,51.6317439817124,5.138814265581672,5.138814265581672,95.58070022475877,8.812088788501313,0.0994469226649386
1035,1035,-4.228837916408478,33.29426659873408,24.59557341178792,7,dessert,0.7828881439513372,41.60929571532643,-3.290149452029098,-3.290149452029098,85.52098707984152,13.185695962444205,-0.6934730004655876
1036,1036,-6.290310243941259,40.02897688594975,28.533457259295435,6,container,0.7949379021922299,49.558502566854976,-5.692154210071749,-5.692154210071749,93.45235720241958,9.265391091068592,-0.11196931894305351
1037,1037,-6.111217793760846,39.1872597652432,29.38670957401477,10,food,0.8263016280538746,49.36159448821441,3.0524245023094636,3.0524245023094636,93.64880330041163,9.65571020045914,0.26653872638588894
1038,1038,-7.394801702955799,44.03764583637973,34.5336741046365,99,other,0.7551666490690881,56.44972976198994,0.36693488834733046,0.36693488834733046,99.59546553203828,10.030475634563787,-0.3405154757681572
1039,1039,-2.874555732179332,30.689238176159822,21.7991397351246,99,other,0.8812077193156096,37.75307806897285,-17.033883297822243,-17.033883297822243,81.44939537931897,15.086390093114938,-1.1995914157017609
1040,1040,-8.058415254056518,50.25218978986686,37.43840961629144,10,food,0.8291089998467355,63.181129696142925,17.08268025654378,17.08268025654378,107.5066024939846,11.474479476908996,1.3467438841201869
1041,1041,-7.325457794831975,43.68933589596341,32.71991387172142,9,electronic device,0.7045220682415805,55.072798791300315,-0.9387601800745813,-0.9387601800745813,98.53277919561256,9.000081472247972,-0.1300862772552307
1042,1042,-7.186244258038599,43.56565824173167,32.8439339766883,1,animal,0.828849638502582,55.030288783874425,17.33519934341099,17.33519934341099,100.1993354979819,7.919898739489786,1.575774937267525
1043,1043,-4.38283176874037,39.39573045228215,27.755346860048427,3,body part,0.9100840481856232,48.38999970555436,6.775816797277571,6.775816797277571,93.44588437618435,9.680366801112186,0.9619599788272524
1044,1044,-5.460830806236014,38.88203316343062,28.97296518776629,10,food,0.7919231151097065,48.796166732520824,1.809862396409315,1.809862396409315,93.15800106818398,9.867592381443567,0.29853311576263764
1045,1045,-4.577571997233947,33.59279025444619,25.503909509828578,10,food,0.7818441531997972,42.424982295277395,-4.243596522173618,-4.243596522173618,87.15338732379315,13.473643560820943,0.18474037523917275
1046,1046,-7.553906753242165,48.570514218082046,35.48158168146908,99,other,0.8032491140065642,60.62259477508654,3.8055328979659606,3.8055328979659606,102.55826738049059,11.733801015592347,-1.2359602543885586
1047,1047,-5.49986824291096,38.76399807921175,27.2453062401444,23,tool,0.8398510478692173,47.69908604883079,-11.41744786654148,-11.41744786654148,91.71895727838196,9.615971979544389,-0.12614576307558423
1048,1048,-6.922519716123504,48.61399931997767,34.87521828031804,23,tool,0.828927276877392,60.22892211556453,0.06412960633846865,0.06412960633846865,103.68921929234263,10.783119053924034,0.258982873571469
1049,1049,-3.889496055902408,34.23748319339864,24.96539696194841,99,other,0.8483479049222676,42.55119834334631,-13.102916650572851,-13.102916650572851,85.32885967730691,11.627876053157234,-1.7564871022303379
1050,1050,-6.008409887017726,33.27719952003143,24.36248571755637,99,other,0.7548974387253247,41.67737644819466,-14.22297431562545,-14.22297431562545,84.41427688468902,12.200220191412784,-1.8631308963304463
1051,1051,-6.383066133229933,47.32696730201308,34.753497916927394,99,other,0.7697599937124653,59.062602251584536,2.5238038581088063,2.5238038581088063,101.03246922383781,10.9037635946495,-1.3193834784302823
1052,1052,-2.8768100764783338,30.902041421044714,21.58579405979837,3,body part,0.8735675559236252,37.804215444790245,-3.8248510254084636,-3.8248510254084636,83.43924983010677,16.358190158175077,0.7429812257906008
1053,1053,-2.60759526240456,30.731651813833015,21.67097543697871,3,body part,0.8761149022038057,37.69436499862168,-4.335768765484872,-4.335768765484872,83.45124344088084,16.480772286622695,0.8565429707080199
1054,1054,-3.932413132996612,42.86344128772326,31.656680464915805,99,other,0.7319436220173601,53.43111350264418,-1.490353065188586,-1.490353065188586,97.03864032140343,9.50841927379974,-0.1063167820843205
1055,1055,-6.729756024333168,47.1444522060352,33.83105468162761,23,tool,0.775964512868191,58.41600166756933,-1.755136882924134,-1.755136882924134,101.86604251480712,9.953705059371927,0.11203913536881771
1056,1056,-7.177446572599067,43.14980888116447,33.52020464565001,99,other,0.8347180827033788,55.10921760712804,-1.2354901550532276,-1.2354901550532276,97.99505156159141,9.566295750838275,-0.7014868848540772
1057,1057,-7.32441305459886,42.43091739468389,33.83158222213452,99,other,0.7599754672925406,54.75952641506238,-0.7765753819202814,-0.7765753819202814,98.34780879031831,9.68719221518783,-0.025403869630395093
1058,1058,-3.82159159865122,34.96357286728232,25.402757452950556,4,clothing,0.8313305543408239,43.38612769314724,-4.455856010412646,-4.455856010412646,88.34849600322534,12.211768766838484,0.4911704183341783
1059,1059,-7.302337906503676,38.36697926613791,28.45374040146552,6,container,0.7808060952903348,48.32147120838735,-6.02526822120312,-6.02526822120312,92.7606623619376,9.730452415289966,0.34009966984132234
1060,1060,-5.452623207148643,42.39567604913955,31.98127113403021,24,toy,0.8008894577319509,53.38469959502512,-6.286850599190146,-6.286850599190146,97.03896873997341,8.7288722171487,-0.06307389061419144
1061,1061,-4.630083545817008,35.5041917204357,26.74310549333102,10,food,0.8339457903357202,44.689808623333036,-1.9858449439632722,-1.9858449439632722,89.47324990831117,11.99203071841573,0.41053605040329444
1062,1062,-5.64638955161979,44.80396786453361,33.078157615035025,99,other,0.8208109979451443,55.97715393426055,-0.25638335023501213,-0.25638335023501213,98.20176011420088,9.705559829925678,-1.2972755125183255
1063,1063,-2.2572906300153264,28.2413203152885,19.74135996418398,3,body part,0.8532418757123152,34.53098358539137,-6.922038004338958,-6.922038004338958,80.4775746222411,19.24248472294295,0.8077484601118954
1064,1064,-7.27747466211181,38.65132998592655,28.069170825034263,19,office supply,0.7368384051999808,48.31940912245946,-2.274066972591214,-2.274066972591214,92.93894257866182,9.72750806833277,0.5202864989412177
1065,1065,-6.546893911627331,34.723715336285544,25.267790813117063,19,office supply,0.7626552093050959,43.44029787214791,-7.012296581629698,-7.012296581629698,88.05255622922442,12.012773828015042,0.145144693850483
1066,1066,-5.604245164478562,40.20297112527608,30.68126093069448,10,food,0.7788538110751668,50.88247462005679,4.335199914212495,4.335199914212495,95.64060337356692,9.239530671785342,0.8521273308149659
1067,1067,-6.608859078457184,45.498729477213686,32.75330546956416,16,kitchen tool,0.8220176220176221,56.44989301621537,-3.829692087154868,-3.829692087154868,100.02216117430785,9.194000221081291,0.08602922103287369
1068,1068,-9.02307636155492,58.60245053332012,44.21687563098857,22,sports equipment,0.781360277549948,73.96482411324314,10.334972892681492,10.334972892681492,116.86868532361594,21.707962642629063,0.7381824485815827
1069,1069,-4.560288253867949,33.73767165302189,25.92302716355818,10,food,0.7509391810318481,42.7905369777952,-3.319175179789525,-3.319175179789525,87.81929895758994,13.24861567593977,0.5126587798257134
1070,1070,-6.439321888177826,34.78778027424426,26.58652343973554,1,animal,0.8193536931468687,44.25491782164183,6.932047430033904,6.932047430033904,90.39562359578262,11.5928427939224,1.7350114026791204
1071,1071,-7.418106787178382,44.47204086778525,32.458717283189955,20,part of car,0.7291432039154784,55.555009269389906,-1.7215453894663426,-1.7215453894663426,99.17411008023849,9.040456125895995,0.06539099245885893
1072,1072,-5.891566119023769,39.23864760688296,28.088883459292106,99,other,0.7823526910114998,48.61447717852846,-7.663475825481385,-7.663475825481385,90.94369940246492,9.1968491348983,-1.7477777075339418
1073,1073,-7.461805245315675,48.04022160408132,35.49717857277381,6,container,0.6719191208520477,60.196271611418375,4.625394255102506,4.625394255102506,103.32296667683175,10.671195886641858,-0.07708096346256355
1074,1074,-5.177871692139132,31.73755827351791,23.956119210411156,10,food,0.7591551267161024,40.09960857724962,-5.6906952370413535,-5.6906952370413535,84.60934280508255,15.208109256317963,-0.2092548904747673
1075,1075,-4.898028324238073,34.75450555125597,26.35674465994215,10,food,0.8145459274075271,43.892417644129715,-2.854834913184362,-2.854834913184362,88.47714165898974,12.477864165345018,0.15169848832280763
1076,1076,-5.276174947777684,37.455379073726974,27.783069239383103,10,food,0.8071705227394544,46.932317010738956,0.08849757853903384,0.08849757853903384,91.28322417012787,10.704758570482683,0.1470786544174274
1077,1077,-5.614800578587929,38.86000657080904,28.8715095144954,10,food,0.7959273232829075,48.73592266353672,1.9448894594213897,1.9448894594213897,93.00384433936686,9.88296288762479,0.20007827886620078
1078,1078,-4.9953158071411305,36.32963470087682,27.005213131802144,10,food,0.8123692038111469,45.54203633794042,-1.365846302846208,-1.365846302846208,89.98549948974568,11.456731523444404,0.1348126935658911
1079,1079,-6.568632297938588,43.70761110158723,32.79729977011936,99,other,0.8044173049488359,55.037851254243066,-2.097159033856073,-2.097159033856073,96.88000677057875,9.36913963837136,-1.7505460785754963
1080,1080,-3.746049644166444,22.18201221446456,15.699661953891042,1,animal,0.8372790585708908,27.432716585961156,-9.95503009540463,-9.95503009540463,73.53432045433478,26.99037730291613,0.42757855749074736
1081,1081,-6.36951131305509,39.31073308821342,28.94930170513444,21,plant,0.6593486463304482,49.233794080029966,-2.9839186502679667,-2.9839186502679667,92.65840591317631,9.2093315165582,-0.6056939245666655
1082,1082,-7.699987853233281,50.75474640750189,39.05898011968839,18,musical instrument,0.7368016217610959,64.50533329748772,5.069458446949525,5.069458446949525,108.09644127026856,13.296423943806579,0.712219048734184
1083,1083,-6.638295506999791,44.45608209273962,33.98424329151831,99,other,0.8130722734437905,56.35014635625861,-0.4642189733128532,-0.4642189733128532,98.56515293997332,9.814195675375915,-1.278752877749227
1084,1084,-5.238712515008379,30.18554773118288,22.27374903220361,1,animal,0.7913472421261808,37.877847042777084,-0.47932871558410284,-0.47932871558410284,83.42086351058869,16.76663796419922,0.6565148548720714
1085,1085,-4.483332835897832,23.81386118025809,17.259898636241637,1,animal,0.8379294660860388,29.750703496949093,-8.460250292812418,-8.460250292812418,76.12391698079556,24.708578672055634,0.8739557004226981
1086,1086,-6.7006794161022505,39.73912839098532,29.292807975663305,12,furniture,0.774644110106241,49.821341100091594,-5.268214797686014,-5.268214797686014,93.43575389902367,9.095446473708556,-0.3715941150405371
1087,1087,-2.914187188589668,33.200166010583786,23.716636350028853,4,clothing,0.7466878480597994,40.90504064122138,-5.786095059735274,-5.786095059735274,86.68628091339221,14.097635393482767,1.1229777134866339
1088,1088,-7.2649644408385505,38.81614246442875,28.428654445542367,99,other,0.8247239501848124,48.65861709635338,-6.972899994382715,-6.972899994382715,91.64655537708072,9.371367428504827,-1.0857336663338657
1089,1089,-7.476653675294267,43.20831672180007,31.83104352676941,15,kitchen appliance,0.7358932744619524,54.18555449669928,-2.184311455082579,-2.184311455082579,97.99554510788847,8.808638297944821,0.15302903436385407
1090,1090,-4.558120323517458,39.98399074972035,29.270881091468976,4,clothing,0.8169146194717515,49.76223926862919,1.9196722327159534,1.9196722327159534,94.48308160971949,9.306614765974432,0.7303793704833623
1091,1091,-4.287330071987661,27.418231351406103,20.04092777318447,1,animal,0.8252828097179831,34.23126342388482,-3.0973477562457745,-3.0973477562457745,79.16555606546268,20.228920431991515,-0.22714771226898733
1092,1092,-7.293406293891068,48.15541612341563,36.22318700060716,1,animal,0.7765371356540256,60.69808196201955,23.63931624867149,23.63931624867149,105.44296682126215,9.421410409844542,1.5789434504899162
1093,1093,-2.9791448861713525,34.62440958235039,25.08063676648419,99,other,0.8237424255075091,42.857477571498265,-11.837770527814826,-11.837770527814826,86.6617305959126,11.690854151151726,-0.7068031056196986
1094,1094,-8.618964180304529,59.61935989340817,44.47187704675296,22,sports equipment,0.78854988079956,74.87658155727071,10.458407311877664,10.458407311877664,117.68511678443598,22.587865163065988,0.7115995602464977
1095,1095,-5.87521603159098,35.64437185638322,26.38010177311576,99,other,0.7907130611032134,44.731970424003606,-12.026539120176096,-12.026539120176096,86.81872702289361,10.441522972991947,-2.282969793896953
1096,1096,-4.801070427383282,38.79065356544445,29.49236655374073,99,other,0.8054977985930472,48.96493404696087,-7.032977075261542,-7.032977075261542,91.58368637211044,9.182753591434286,-1.4318244716229458
1097,1097,-6.6246503307379,45.7925675527274,33.995996795071314,23,tool,0.806776444899836,57.41579079979781,-3.115359343179435,-3.115359343179435,100.28844439904896,9.496765667778805,-0.5407602642005429
1098,1098,-7.185681794099248,48.9651734459368,36.859562470784574,99,other,0.744775285749291,61.707775676768605,4.629994241722869,4.629994241722869,103.58355480419867,12.375883939576857,-1.2140351586105709
1099,1099,-2.7258257597235698,29.350252687239472,21.35039393466525,4,clothing,0.8178504165847464,36.3965215376768,-10.843108319287268,-10.843108319287268,81.94063560595625,17.674543470137714,0.5459260628666556
1100,1100,-6.076377066943147,45.94928020222882,34.77158806397764,99,other,0.7808822399964891,57.94240283120439,1.5069338818077682,1.5069338818077682,100.13402465762542,10.434798959071678,-1.1820874631079619
1101,1101,-7.521957205643476,40.47808537960487,31.302933120515995,99,other,0.8059252806813784,51.71971440514352,-4.002972558630873,-4.002972558630873,95.01618597454282,9.18891359388178,-0.546405110685626
1102,1102,-8.383879667952332,51.33432616227153,39.3258464837112,21,plant,0.718945794814343,65.20755080879515,11.158854917151857,11.158854917151857,109.02380242793765,13.704258748005667,0.9903072641993163
1103,1103,-6.488048678388173,41.68221079975283,29.711700119867327,6,container,0.8016121567087502,51.59735067637766,-3.6948027189842634,-3.6948027189842634,95.46951041970202,8.968538431018484,0.020057296594373497
1104,1104,-4.076736384887761,31.400969761154972,23.398217872014232,10,food,0.8411493385046988,39.371528813078655,-7.282922371581719,-7.282922371581719,84.06636564344036,15.774938842432285,-0.07904677400800608
1105,1105,-4.935018159607979,26.64388919158309,19.327040888751355,1,animal,0.8169805125879551,33.28341546483001,-5.026784867768953,-5.026784867768953,79.52285812865966,21.223643092947913,1.0065381255105308
1106,1106,-4.147525929843576,21.534310006306843,15.235228665716296,1,animal,0.8605984621395917,26.702821410538537,-10.71402986011745,-10.71402986011745,73.54049655047825,27.751927462352164,1.1086184677889008
1107,1107,-1.3893304036778855,22.98007314030724,16.449299767163094,4,clothing,0.8938838529178709,28.294760351246058,-16.9892935861334,-16.9892935861334,74.76555119408667,25.16959382552616,0.8617604017329796
1108,1108,-2.8412598026956486,27.671134554361725,19.70464458631739,4,clothing,0.8077469903454895,34.08867059691669,-13.052294041258435,-13.052294041258435,79.45979671187173,19.683467709199302,0.19893479625825705
1109,1109,-4.256816808705898,33.25483162126552,24.05461632202273,4,clothing,0.8024771201199314,41.26292381668226,-5.6274302969026735,-5.6274302969026735,85.52044319967816,13.57374287505055,-0.37376012526725333
1110,1110,-3.0661014245186275,33.52298745967006,23.332139716227218,4,clothing,0.847468342526109,40.95827645182569,-5.14776800039094,-5.14776800039094,86.85733673458154,14.091194689158268,1.2448115047135957
1111,1111,-5.262975371724466,33.902493495929626,25.638190840140396,10,food,0.7894457845677358,42.82983544867278,-3.460483096289167,-3.460483096289167,87.22846437367093,13.180732210529985,-0.11451131752031074
1112,1112,-5.986165360775864,30.973769228079384,23.25675750674253,19,office supply,0.7307764603817236,39.19292443347773,-10.666760641273498,-10.666760641273498,83.91541348233736,15.0202250160465,-0.06486065649119155
1113,1113,-7.375647393463109,39.3776381689237,30.17121294226168,6,container,0.760232786453365,50.15277313013384,-4.079617236585307,-4.079617236585307,94.62952746337116,9.294550082830531,0.5157361524351387
1114,1114,-5.74566702299956,33.07711008508393,23.89306658469076,99,other,0.7657988257357231,41.20663213537855,-14.73085449682246,-14.73085449682246,83.85567616685539,12.481499688636287,-1.986479658628454
1115,1115,-6.137279889124782,36.57552439303815,26.43643704617684,99,other,0.7798382985069213,45.544707626239685,-10.649195161402531,-10.649195161402531,87.99331435436004,10.147253753111157,-1.859842324990737
1116,1116,-6.879223802252869,44.22453019779776,31.763898601153976,19,office supply,0.8371024255689014,54.88240196713151,3.857149548440944,3.857149548440944,98.67916123444999,8.895542978191365,0.19233737863646638
1117,1117,-7.214757039676321,42.02397707132316,30.146940822440733,19,office supply,0.73713541807345,52.21977986342337,1.1747551866659336,1.1747551866659336,96.45365833945877,8.88530766134228,0.4287048577309349
1118,1118,-6.564412337505401,51.56334157406695,39.4924653996414,99,other,0.7794772626953925,65.28035329992147,9.207705321769595,9.207705321769595,107.93400617373372,15.035073767406024,-0.16680244609511874
1119,1119,-4.37031897067413,33.49016630843895,25.15013827991767,7,dessert,0.8297678608654219,42.109623398592795,-2.7044131368850515,-2.7044131368850515,85.92892601604755,12.829443756194625,-0.7481389149640449
1120,1120,-7.364574791127821,46.50049084417461,34.374864437835136,99,other,0.7621634392266837,58.29377252951489,1.3048396981977106,1.3048396981977106,100.20072721034202,10.530581978506907,-1.4402626500515794
1121,1121,-4.947828202600477,32.53756803609644,24.636427982510146,1,animal,0.7914725797003902,41.111165409940185,4.235380001214892,4.235380001214892,85.97444596308722,13.819815833033275,0.22055902966295093
1122,1122,-5.2806736005428965,31.09718233606304,23.386998270514745,10,food,0.7798157159567254,39.266677361636816,-6.130841070538466,-6.130841070538466,83.91937284291183,15.880281834986052,-0.12909352964905452
1123,1123,-4.122513417877914,32.32314296048206,24.59556325464716,10,food,0.8362706273369916,40.825511871104496,-5.348568782849981,-5.348568782849981,85.87963256033827,14.668295209085505,0.3898619592816175
1124,1124,-4.193174058202804,34.23977404514146,25.279667078492768,7,dessert,0.7719544263708381,42.766884419421515,-2.047812189377595,-2.047812189377595,86.87208035545346,12.40321840522802,-0.412690578210956
1125,1125,-5.239111710330034,38.30315230343331,29.48172450522666,5,clothing accessory,0.8209170765355436,48.61843115214032,-2.2782444127495296,-2.2782444127495296,92.56619543145523,9.4119771049652,-0.12893753736092606
1126,1126,-4.074607483377139,31.14100411858904,22.39746913902832,10,food,0.844998750555735,38.57474805480003,-6.872121589292888,-6.872121589292888,83.47965361366008,16.430573573917357,0.07094767089913034
1127,1127,-8.489350677406874,53.58063694924022,39.77868193822793,99,other,0.7534269289647736,67.27032977140053,10.224521562011844,10.224521562011844,109.1797861204038,16.58702399300837,-0.7609622015100967
1128,1128,-5.379373875513756,35.45846697090866,26.81296262312472,10,food,0.8087395185483395,44.77918610078418,-1.6972474393186445,-1.6972474393186445,89.16255282573651,11.913903551412472,0.01720021727480514
1129,1129,-5.035003136486545,37.142339360431,27.01957886291136,10,food,0.8216193583695579,46.20565194517807,0.11385972317690118,0.11385972317690118,90.80143336482347,11.10255225166468,0.3371650915861437
1130,1130,-5.648376902911132,35.53655358052683,27.05686377251443,1,animal,0.8075595005264082,45.0202696484972,7.91344255603309,7.91344255603309,90.13850325723335,10.928906582397566,0.7702438972023486
1131,1131,-6.095888881440193,41.84799394580285,31.68079015931752,10,food,0.8247722392375006,52.840201775367284,6.117353980112057,6.117353980112057,97.30169876866552,8.82184271432356,0.7031008623979744
1132,1132,-4.339162937021994,31.224786848485184,23.26708435773555,10,food,0.828893311356035,39.18128205198677,-7.766791949343158,-7.766791949343158,83.58658812435172,15.916185631511555,-0.38292142492561254
1133,1133,-6.071070508817888,38.63294441495497,28.643941841181533,10,food,0.769681799474766,48.475124502088995,2.353084210514666,2.353084210514666,92.71931309397237,9.996283528538582,0.1566819907718866
1134,1134,-7.620293869742017,52.5198375803374,38.48748255880359,99,other,0.794519248402432,65.55675809434493,8.717272588070983,8.717272588070983,107.40308076620065,15.137811670475774,-0.9532927622566802
1135,1135,-5.561392730563879,39.04429710151078,29.94579286517638,10,food,0.7730348364530157,49.519054267813516,3.1979784204407338,3.1979784204407338,94.33744042701882,9.661566257358936,0.8095879507649641
1136,1136,-6.235108788613591,38.66535523503612,28.551354721642383,20,part of car,0.7107637488940293,48.467165519539435,-9.32149600084476,-9.32149600084476,91.77422596727946,9.371940937109388,-0.7810462308329562
1137,1137,-6.750527668094496,40.98080993051619,29.525345141857848,99,other,0.7489723860150691,50.95824184667906,-5.2704959056082,-5.2704959056082,93.38113443328784,8.983241424622362,-1.4773962711031885
1138,1138,-8.287640707796585,55.91956168081402,40.71143599705481,16,kitchen tool,0.7998688085624688,69.66421885026904,8.114821443411358,8.114821443411358,112.96487781969105,17.433212571130294,0.8107306854161749
1139,1139,-7.462467205151633,48.9785071021852,37.54939473966353,99,other,0.8086712061673573,62.16542141787379,5.376712942735324,5.376712942735324,104.47873971160688,12.72748552086348,-0.7419912182529487
1140,1140,-6.08519891138452,35.21869768571238,26.16087875106416,1,animal,0.7370041769888716,44.29196190615853,6.012230404449255,6.012230404449255,89.7599712339138,11.457207470841384,1.065107941459857
1141,1141,-7.490423104046511,46.42601684781389,32.58108653742546,19,office supply,0.7257566112749041,57.21021480986013,6.5298079867724965,6.5298079867724965,101.73495932181481,9.569703737014928,1.0958309891666715
1142,1142,-7.334578483487264,43.87254499895226,31.558743216077204,19,office supply,0.8093545626869507,54.53944003740618,3.1462077422405486,3.1462077422405486,98.57735917682798,8.906065861338874,0.4076392063364409
1143,1143,-7.220132286923334,43.07039532588567,31.569137439865965,19,office supply,0.8016444429554186,53.88691587450421,2.676471978156698,2.676471978156698,97.59325361096941,8.7906900290297,0.02685992654234326
1144,1144,-9.590029289482269,60.995086878276766,44.69265078316087,99,other,0.7977103327143861,76.22205926821466,19.326625714428488,19.326625714428488,118.15870182904659,24.958425315897603,-0.058849128263517514
1145,1145,-5.705439951767031,31.706683791728373,23.26609456424816,1,animal,0.7873366087984189,39.73886005391206,1.354442236601443,1.354442236601443,85.63526337139538,15.107750199507272,1.150215112261293
1146,1146,-7.399529709104462,50.54225315418387,37.31151819389039,19,office supply,0.6723666537369143,63.25679239220514,12.318144712109174,12.318144712109174,106.49044836302221,12.198795065048952,0.26063174086621643
1147,1147,-8.339573799668148,52.61768767331679,37.02334899084487,17,medical equipment,0.7791740285544553,64.87601958924976,7.703058670376322,7.703058670376322,109.1810226316504,13.595709427490771,1.4540624757701295
1148,1148,-6.679956992905558,49.1176457288552,36.70238456690719,99,other,0.7602974981626428,61.67844015755864,4.976142694271431,4.976142694271431,103.57356426889594,12.368885217358304,-1.1969019629298856
1149,1149,-7.884893474748461,50.84939304596873,37.129727331997685,16,kitchen tool,0.7737146245682832,63.454306158053924,2.467099127968609,2.467099127968609,106.74039975255465,12.47890213319722,0.327961162399518
1150,1150,-6.181647519892297,38.79503111084329,30.135211073250925,10,food,0.8256912356398878,49.511596130410446,4.120729946326989,4.120729946326989,94.59933998216992,9.71742008412743,1.078383327704998
1151,1151,-5.51767840352629,37.67348910461866,28.68809938579477,10,food,0.8047571674611836,47.67330073164433,1.142010557251112,1.142010557251112,92.24079070258125,10.379508882872567,0.41952886201336526
1152,1152,-4.086834475122259,39.06531055013886,30.00884214641257,10,food,0.8630245014230894,49.43006485302387,4.754094673086385,4.754094673086385,95.40371804901085,9.961521454018552,1.9581455191199097
1153,1153,-4.675412807360253,36.419382694928295,27.364739110051605,10,food,0.8292318115488849,45.79366623628271,-0.767864272816027,-0.767864272816027,90.6181506470183,11.354870888336988,0.534805903959608
1154,1154,-5.845673714273687,44.03827334727037,31.76373149586625,99,other,0.7344095299770436,54.61205049367895,-1.606730882168904,-1.606730882168904,96.91348804337302,9.325483131707786,-1.3233678270638478
1155,1155,-8.070501419487108,55.91406023256707,41.33543908540376,99,other,0.7817490740036044,70.00095463089204,13.022369924081843,13.022369924081843,111.78287061811413,18.993046998907285,-0.6826236806929842
1156,1156,-6.294376301539163,40.56170081464485,30.200446539729285,10,food,0.8308068747357429,50.960158135559055,4.651981009098023,4.651981009098023,95.19460229157724,9.152891377602277,0.33429977930731525
1157,1157,-6.119350807759706,41.82004563943503,31.07563576881296,99,other,0.8134062753570587,52.46005918819369,-4.585925839409256,-4.585925839409256,94.22268876597079,8.923987273829896,-2.024427879780049
1158,1158,-6.485468997031632,42.72454526317964,31.962368564624114,99,other,0.7951316298877275,53.74980074677316,-3.3812437464788303,-3.3812437464788303,95.5775119036303,9.093077139803425,-1.8621046199184264
1159,1159,-6.507683600851935,41.68254460087859,29.57363790649344,6,container,0.7910801905049957,51.52071941731225,-3.605698441313251,-3.605698441313251,95.53088698134408,9.000006750735475,0.15228740751001624
1160,1160,-5.202603929931346,31.026226589855867,23.072769181538565,1,animal,0.7423778037713615,39.01341438225283,0.9895271973666127,0.9895271973666127,84.24392831602128,15.696289142094752,0.42962984318970143
1161,1161,-7.663893915351911,45.35466894390584,32.928187977081926,99,other,0.7763412174540841,56.56895640199762,0.30107436662622433,0.30107436662622433,98.98235413575736,9.930896900375316,-1.063864270149196
1162,1162,-6.927109290200615,45.51488930765511,34.71358459789986,99,other,0.8120393042063,57.65954342033963,0.7634339255653231,0.7634339255653231,99.83870537371622,10.293862108113169,-1.2158738758412255
1163,1163,-7.022241614530649,50.09399203243376,37.93369432473841,99,other,0.7738051009039457,63.227249506530605,6.452513371639228,6.452513371639228,105.26315904534226,13.407994560104639,-0.9393421140201639
1164,1164,-5.853241752077743,46.293495333715605,34.94084900149432,99,other,0.7661410405312844,58.29417705196842,2.082912008321287,2.082912008321287,100.66543154350883,10.619437318742776,-0.9759323398610746
1165,1165,-7.830735497200675,51.24696739741397,37.76683784998168,18,musical instrument,0.7583633429318234,64.13973906281143,3.3759924714734666,3.3759924714734666,107.22034447237333,12.96771852351466,0.1741520501231406
1166,1166,-7.795168815011106,51.40698870378684,38.00119054898173,23,tool,0.8066998361347483,64.40134802615398,3.2191507050124244,3.2191507050124244,107.30951776596606,13.279708819518348,0.021440715945630018
1167,1167,-6.402014666247261,42.020631177928806,30.799240744362848,10,food,0.825537649101,52.491070353038026,6.438642839378204,6.438642839378204,96.75524107451504,8.844444360803891,0.4794513895485153
1168,1168,-4.8376737180157,36.57028986755103,26.62899212752659,7,dessert,0.8270549837717284,45.49607026685446,0.9486443232935926,0.9486443232935926,89.3300139763551,10.75316206779509,-0.4781724182611242
1169,1169,-5.747159383700143,39.570519208252776,29.31105782567133,10,food,0.8329005990841379,49.578159932093115,2.9076202517279057,2.9076202517279057,93.83327095012541,9.566969117385643,0.2507691552063278
1170,1170,-4.790030774995727,27.576894984135823,20.31501838818445,1,animal,0.8539656497676993,34.585105231930896,-3.7599981425679516,-3.7599981425679516,80.15145978954422,19.91399078552956,0.43159255022767695
1171,1171,-5.275635618899996,30.78712795013844,22.94010017645172,1,animal,0.7627127739611694,38.75471293542557,0.596788865278242,0.596788865278242,84.1496547104146,15.945809201945474,0.5745525646885881
1172,1172,-7.295549103279641,45.89977293868483,33.527782365691415,6,container,0.8148931777528018,57.307297815394826,1.7565356525831533,1.7565356525831533,100.64867616871489,9.560058241930737,-0.08021547462620049
1173,1173,-4.186658697035851,24.73142809214072,18.031110681919507,1,animal,0.8320831099794516,30.891626680151127,-7.185100520013094,-7.185100520013094,76.38680544714067,23.541240240115968,0.0819423164748656
1174,1174,-3.657274369857247,33.36193625512507,24.598889199744555,99,other,0.8157640476769803,41.61129409629978,-13.932548151337357,-13.932548151337357,84.5335243209091,12.212667312788112,-1.6827834699340087
1175,1175,-4.218951116122952,33.93974590955653,24.95866210334013,6,container,0.8267429047916856,42.339588034299545,-11.732734371152432,-11.732734371152432,86.01347817165411,12.468186804766422,-0.8762129232225817
1176,1176,-5.195493562581762,36.49472046838687,27.284297308821703,13,home decor,0.7237279880413824,45.86164688561347,-8.654955325440696,-8.654955325440696,89.06054025400663,10.427591629533035,-1.0856596521506532
1177,1177,-7.069629930190322,49.966733609079846,37.346478595832814,23,tool,0.849513384916775,62.78067854379714,2.6346580799884407,2.6346580799884407,105.6911088803393,12.167745485139038,-0.0984910935528518
1178,1178,-5.376947905973919,41.53180722376266,31.579829442297587,9,electronic device,0.8054118250885406,52.45081703519924,-2.108498224590136,-2.108498224590136,96.13191992451746,8.844849769676092,-0.1066513919438421
1179,1179,-6.110098215048231,49.12265908334427,35.6396049216028,99,other,0.7977901552092899,60.99631443443067,4.946137825186085,4.946137825186085,103.4410062167398,12.034745948855372,-0.6987640155178667
1180,1180,-7.540513243544708,42.55676390662421,32.483022857380035,99,other,0.7472184348928537,54.06555528368594,-2.1680313411486907,-2.1680313411486907,96.86572720348983,9.32807787610876,-0.8658371480387359
1181,1181,-8.092297022042485,48.04000029033698,36.680060103313146,21,plant,0.7260133391616809,60.98158499228435,6.7971192053037015,6.7971192053037015,104.87550904525904,11.012025820093656,0.749357710401938
1182,1182,-6.157691300490265,38.51123752602496,28.140160237681417,10,food,0.7953147364331575,48.09263141210338,2.5136097377246216,2.5136097377246216,92.49676631954603,10.178082296976148,0.2877897605696944
1183,1183,-7.391611430563461,44.323005838901935,34.61210680822887,13,home decor,0.7624152205254618,56.72003793933864,2.618031374131178,2.618031374131178,101.00982404263769,9.40812538198608,0.8239150811944711
1184,1184,-7.095904824150613,44.97097537581015,33.9248246074108,22,sports equipment,0.7660719632454185,56.77705712846266,-6.3442907695474275,-6.3442907695474275,99.74079414190447,9.213180308680721,-0.49783497545698197
1185,1185,-5.6536783790093335,43.67259505882928,33.665623604642896,13,home decor,0.7830486773602949,55.43134357992098,1.6821017572344203,1.6821017572344203,99.58148365841357,9.094886958895964,0.58710633049931
1186,1186,-7.273209967053511,57.01417234660119,40.55145676370317,99,other,0.8295554619596432,70.34156720781304,14.496823208926813,14.496823208926813,113.10506617370743,19.411865435768103,0.3246402099843664
1187,1187,-8.152490512653632,51.68516652295447,38.10086064362218,99,other,0.7867486802801906,64.72630934827937,7.751879245649135,7.751879245649135,106.63030642305945,14.498248247204248,-0.9582310830467549
1188,1188,-5.81655819452901,39.186778174898414,29.931593324314854,10,food,0.8165357597401885,49.65215213755801,3.2841114338237105,3.2841114338237105,94.26863268057734,9.591605591865601,0.6177174152323914
1189,1189,-4.434916174664718,32.938194355884015,24.618096215945272,10,food,0.8039254640666709,41.35992976541222,-5.604580211710427,-5.604580211710427,85.91361744770829,14.228645386791818,-0.07027794091966655
1190,1190,-5.934925094087785,39.76305542976066,28.61202978456245,6,container,0.7581539135518599,49.34543708769171,-5.889397827333482,-5.889397827333482,92.90607320626854,9.25400610944587,-0.4612521746912108
1191,1191,-9.257254437767171,57.498548222938005,43.158589652212406,23,tool,0.7894980904280712,72.48754146913208,11.97265198350101,11.97265198350101,115.56567026025753,20.260364697824883,0.8010684534307302
1192,1192,-4.007020642754028,31.51255273786559,23.038368708170896,10,food,0.8399780009059945,39.241096152144436,-6.677801135670762,-6.677801135670762,84.04363723165874,15.883600054115114,0.01882334124876195
1193,1193,-6.6468756785463965,38.72441048391073,30.03594262985809,13,home decor,0.7602955554245968,49.456230884253536,-4.584728600953682,-4.584728600953682,93.69283284598568,9.285387761286554,0.22306710557417375
1194,1194,-6.713530556287571,37.89926095769194,28.67033874575656,21,plant,0.7044869694379353,47.99389333515119,-5.226205565953478,-5.226205565953478,92.05065628447342,9.68494739092547,-0.06702667857571498
1195,1195,-3.9526602951267744,40.73025560586111,29.350013732257512,17,medical equipment,0.8465381045500162,50.35871872090429,-6.409025686483417,-6.409025686483417,95.27983890350767,9.281727465698692,0.9756295276553857
1196,1196,-6.668501146953205,43.59934459726544,32.01147756302984,99,other,0.7848045528840135,54.49868303570627,-2.4327632233853933,-2.4327632233853933,96.3454138633759,9.23346162451801,-1.7866220306251108
1197,1197,-6.69782624914523,44.30085356367675,31.516144519214983,99,other,0.7568846709065925,54.77858950621232,-1.3522717410543805,-1.3522717410543805,97.28726561151483,9.388455230772376,-1.1035728539415999
1198,1198,-6.749548786385879,37.140189282746654,27.8738064373592,1,animal,0.8121584644501163,46.9243982815488,8.768577093262934,8.768577093262934,92.81309847986871,9.930413374977881,1.684274650839427
1199,1199,-4.975417255796152,36.42442441388091,27.18719891429649,99,other,0.8538887396217905,45.723486913809644,-10.972492711569842,-10.972492711569842,87.5989691194899,9.983118386108316,-2.4194875590442706
1200,1200,-4.555937233571718,38.118244316152186,29.569536236001746,99,other,0.8023429739245441,48.45734812218198,-7.077147790700593,-7.077147790700593,91.66374601219624,9.387477651952263,-0.8824489835331235
1201,1201,-7.182624652482381,45.5435030687549,33.18133878125148,23,tool,0.8332091059272599,56.80494707319353,-4.273834595479457,-4.273834595479457,99.97814935786083,9.34409374095417,-0.2862669069040038
1202,1202,-7.453700447017912,43.09279491835357,30.748258918397912,99,other,0.7963240186430668,53.4602847985492,-2.2518483067073305,-2.2518483067073305,96.3159080867269,9.239993925413323,-0.8560209062611506
1203,1203,-5.269444320934551,37.68225550454194,27.489717191215867,10,food,0.808905442914344,46.94043006422118,0.7249564276015548,0.7249564276015548,91.4114348034946,10.70937082635604,0.26778792813442465
1204,1204,-7.622125410334706,49.91167477937887,35.53795804105687,23,tool,0.801122867206914,61.743165911550676,1.6420983443617985,1.6420983443617985,105.3977345766092,11.65575332752591,0.5674226701112275
1205,1205,-3.4924251701436275,33.14372090253378,24.445943111353937,6,container,0.8081932034856457,41.331675545973944,-11.890095448572595,-11.890095448572595,85.76288555715595,13.250325682533378,-0.19488587430919324
1206,1206,-6.417580444789693,48.05127593767431,33.87305262785741,99,other,0.7848184817050033,59.13961576078647,3.400392246678493,3.400392246678493,102.01695875746324,11.083749802016959,-0.40610092398696906
1207,1207,-8.337356983929718,52.51841985603157,38.083789540141424,23,tool,0.8090530047021888,65.4069642422707,4.440575189127372,4.440575189127372,108.70457361459535,14.103079492937976,0.4867000430519681
1208,1208,-8.108744172420918,59.26965132585559,43.86382517312007,24,toy,0.771753957743748,74.18004084091831,13.796539347189977,13.796539347189977,117.44263418996279,21.62479911306138,1.113141122090596
1209,1209,-5.424137719445164,34.4646903891991,26.59552592998147,21,plant,0.7151463724806647,43.86978633541742,-8.65453279001666,-8.65453279001666,87.75614294854005,11.581728511175049,-0.5483752292906985
1210,1210,-8.57562516340302,55.752650861121765,40.86775691629505,23,tool,0.717137118091868,69.65682292751167,8.311899572124318,8.311899572124318,112.67400908763648,17.640468236718906,0.5267002512560026
1211,1211,-3.799076675481031,18.601085981159382,13.07944604424462,1,animal,0.8128356485144034,23.054398541037116,-13.606414666323772,-13.606414666323772,70.27545703246173,31.398944120273004,1.2169244057623274
1212,1212,-7.225367512495604,38.99893983068147,28.763038656412316,99,other,0.716518737672584,48.99424084887947,-6.796051443014946,-6.796051443014946,91.88368590546959,9.283700139122638,-1.1589221171319934
1213,1213,-8.789303701233111,54.893153498764434,40.96094150219815,99,other,0.7360733717258184,69.05294265516802,12.014281369954247,12.014281369954247,111.02169677196497,18.158512663911857,-0.5672621018326822
1214,1214,-6.091150983202001,43.75990480718469,32.77734160186748,26,vehicle,0.8351519819736377,55.01259411734318,-6.05389779472965,-6.05389779472965,98.0446599245751,8.860300382822906,-0.562540081161572
1215,1215,-7.811049371893777,54.0281521902793,38.97723525876116,23,tool,0.7593751970402439,67.07666203533803,6.564837549432923,6.564837549432923,110.38231129177784,15.43545604062406,0.6206288843113867
1216,1216,-2.48832873802526,28.113489741584686,20.37645850848767,4,clothing,0.8360027065642495,34.81034539769448,-12.1340489311917,-12.1340489311917,80.50284280952374,19.085757697570667,0.5747176689544204
1217,1217,-7.591720066122794,43.44853844797025,31.931504441527064,9,electronic device,0.7622818116892213,54.452095301525205,-2.0727905220136904,-2.0727905220136904,98.27020949845998,8.983584561107463,0.18124879804969396
1218,1218,-3.9581446350626575,34.02576228311558,25.480611039000664,99,other,0.7899021089569871,42.692867634067504,-13.108928731868417,-13.108928731868417,85.42188919367013,11.531808740160868,-1.7944455429108643
1219,1219,-5.678845234183171,41.61113798439533,30.805265248255026,10,food,0.8366151238102458,52.083591029858354,5.2825719454598925,5.2825719454598925,96.55446918221888,8.931366338353275,0.655436406312603
1220,1220,-4.328715344248175,23.58445545924197,17.012104926578218,1,animal,0.8062470467996452,29.400272615630705,-8.852923191198911,-8.852923191198911,75.65466408863207,25.048069879060915,0.7287125142107271
1221,1221,-3.354039962349422,19.22514196186511,13.399059515570212,1,animal,0.8251091201267711,23.672567740418366,-13.299143304513926,-13.299143304513926,70.25276536375857,30.74928160155299,0.622671178995958
1222,1222,-7.876662309766284,52.59705117224118,39.33289166000864,22,sports equipment,0.7872129902617709,66.1480760679812,2.2529580402200935,2.2529580402200935,108.9359708673969,14.621724813430086,0.032862524813268124
1223,1223,-5.215545320127414,39.86879742023802,30.708249562476432,10,food,0.795885346140593,50.59367067048619,4.683816737563603,4.683816737563603,95.80240108104779,9.393787953718153,1.2809542522337125
1224,1224,-5.164943513473078,34.44526899787603,26.45460358433768,10,food,0.6858006289849441,43.73784686787702,-2.3382896916854463,-2.3382896916854463,88.48131774297278,12.601140478723833,0.2987912912146271
1225,1225,-4.952011140141383,40.99343448288164,30.86096058099657,7,dessert,0.8476455985725472,51.54981060116727,6.944141195451451,6.944141195451451,95.83068967713147,8.866001809642974,0.4251922856987136
1226,1226,-5.454185868675735,29.08268510683217,21.315100974833395,1,animal,0.7947790184070672,36.467578012264035,-1.7561631844286438,-1.7561631844286438,82.69969840048576,18.153387201983495,1.2392897747401435
1227,1227,-7.408412067614566,47.32076909547351,34.796405345683304,99,other,0.7721203571360647,59.20244574451123,2.26392616796943,2.26392616796943,101.09963558961451,10.96116847082427,-1.381516930215156
1228,1228,-4.428239460782186,22.390601790390843,15.913364872075984,1,animal,0.8297486708725029,27.824153802221982,-9.492365524477137,-9.492365524477137,74.75885340063284,26.648266965585016,1.2901871868964463
1229,1229,-6.016219770358172,36.53215984732399,27.72894643481417,13,home decor,0.7201744430268628,46.25676246583274,-8.311420182352265,-8.311420182352265,89.8902498811779,10.300897444888143,-0.6212753709707783
1230,1230,-6.831132960659826,42.431623662857184,30.48892220584501,6,container,0.6949563137261933,52.69422588355031,-2.650458947919148,-2.650458947919148,96.4537873629799,8.908623064751923,-0.00984068673365357
1231,1231,-6.047367959347939,40.25786754445019,30.49184908506142,10,food,0.855930325834507,50.86275080143036,4.329964212634465,4.329964212634465,95.28314146521532,9.200597882098725,0.5129021390716559
1232,1232,-4.71395500602153,37.80002043161133,28.477743362914964,99,other,0.7928198644088981,47.560958605489404,-8.574881409778442,-8.574881409778442,89.98095795292915,9.450696236821264,-1.7364319368435304
1233,1233,-6.878079916168185,45.90520539149286,35.25141884620138,99,other,0.8219680774123284,58.28600514736504,1.5748876787045276,1.5748876787045276,100.6309373947814,10.592274017296765,-1.0028707149716354
1234,1234,-4.532729018624391,33.33259489161652,25.114327521831925,10,food,0.779908099693805,41.98019725345206,-4.937065223753365,-4.937065223753365,86.58058003169843,13.779270385255028,0.02318299945112301
1235,1235,-6.34243573512473,41.67763128889285,32.054290834126164,13,home decor,0.721732920481316,52.95969223650976,-1.5774546648777914,-1.5774546648777914,96.66960693957452,8.771544738386911,-0.039472294802934016
1236,1236,-6.710208317342554,40.89419524755821,30.830846116229875,99,other,0.7924112760614193,51.651748981522324,-5.190090456309392,-5.190090456309392,93.83804412068395,8.941705392505595,-1.6617058791940167
1237,1237,-7.674269275156422,48.06398625220679,37.55311306760986,99,other,0.7251555347993089,61.47582845662694,5.2203888728242305,5.2203888728242305,104.42155919288258,12.404480065022483,-0.16157150106418783
1238,1238,-6.779964866506935,35.09524105359172,25.71951605356402,1,animal,0.8113850380125827,44.03563754767627,6.022410903392014,6.022410903392014,90.5047484628662,11.809720732248515,2.046883632726974
1239,1239,-4.209089228446888,36.20415035987209,27.06462885273625,10,food,0.8369752314108985,45.39769895434809,-0.13401843881440811,-0.13401843881440811,90.64705845455566,11.633056921072876,0.9298265440857563
1240,1240,-7.0151006124826445,36.12708250527992,26.17401506805985,9,electronic device,0.7265480142121794,45.16034534555267,-10.195274471457168,-10.195274471457168,89.88735122862174,11.035518961165252,0.38957735422160056
1241,1241,-7.805842932620321,49.83514595575611,36.86004019758148,99,other,0.7546082064456846,62.4750791891261,5.419153168708021,5.419153168708021,104.34081600478324,12.873621520200434,-1.1662256606818318
1242,1242,-7.507187655913442,41.72311641113178,30.01154030375062,9,electronic device,0.7645126678922244,51.94101328393201,-4.323520882541871,-4.323520882541871,96.25443571081158,9.015878040065672,0.4872308530357543
1243,1243,-8.038453697850063,54.02941836420962,40.64206282443956,99,other,0.7213695994351726,68.08503548690389,10.963454874610264,10.963454874610264,109.95013347737797,17.282356607660137,-0.743894801839204
1244,1244,-6.329230820546284,43.806811418089545,32.7190572191249,10,food,0.8040880346740114,55.04209838576453,8.149354198900909,8.149354198900909,99.33518976820557,8.719644062215453,0.7007100053323398
1245,1245,-6.181200352414562,43.30223367278319,30.97259095507157,22,sports equipment,0.7772922484939607,53.59656770091896,-9.406800464133312,-9.406800464133312,97.03985390485585,8.66490035201989,-0.25808277032311366
1246,1246,-4.913678304628829,38.73844594463426,28.332499237117087,7,dessert,0.788640981436232,48.244605311972144,3.423664762306956,3.423664762306956,92.22566496818904,9.569457973466658,-0.123827228060847
1247,1247,-7.204942035094878,43.51462850474032,33.04790537330696,99,other,0.7640636679554877,55.11440948787973,-1.6065940919191064,-1.6065940919191064,97.47065216865539,9.465100277545957,-1.2306867101873848
1248,1248,-5.813153152284566,34.55142618739379,25.41015417580085,1,animal,0.802248352152075,43.28128621463099,5.104479058880813,5.104479058880813,88.60524650370122,12.153262548884404,0.8448577426932076
1249,1249,-3.838084933573967,24.913044311252783,17.486119334060934,1,animal,0.8528724013480112,30.67825031152839,-5.980573263782915,-5.980573263782915,76.66266794938686,23.761067030071693,0.5550934086830779
1250,1250,-6.525691094105699,42.903491908119896,31.714968992717612,23,tool,0.6925981688016349,53.75066065058958,-7.314819494157746,-7.314819494157746,96.66303793522748,8.69143096930104,-0.7773736586120066
1251,1251,-6.950914576266834,43.30674442382977,32.89563344344405,99,other,0.7101076496453695,54.826198351544534,-2.0499348724849256,-2.0499348724849256,97.05170927196934,9.370913020715685,-1.3831485102743102
1252,1252,-7.914971652135124,48.138958320305925,35.84018210322612,99,other,0.7352156639976332,60.5353181011768,3.677327665543885,3.677327665543885,102.61147267887222,11.708410231305727,-1.102058616279308
1253,1253,-6.696496533115139,48.031938827508746,35.74953288265577,10,food,0.8029696994211941,60.24897770647774,13.230501453994862,13.230501453994862,104.63776614221534,9.968021325521882,1.1889862489363878
1254,1254,-5.089536968583093,38.74482957182626,28.754414313083423,8,drink,0.7784589522333628,48.516817162638496,1.093190950070749,1.093190950070749,92.09472348807208,9.424693774092383,-0.5064568052972618
1255,1255,-6.870208240150557,41.66078884797949,30.02359343965042,19,office supply,0.8066298149555073,51.80962508770339,0.5280116094476455,0.5280116094476455,95.735713976639,8.846279040778736,0.08999113741523956
1256,1256,-7.009521245212365,49.48168285531345,36.995963823200384,22,sports equipment,0.8263322791263726,62.17935079661459,-2.15538639251929,-2.15538639251929,105.04429676308288,11.746210029303974,-0.18931332255486666
1257,1257,-3.059656351824206,34.21150607067707,25.379299639145664,24,toy,0.781972620378192,42.70711292968387,-15.130889466941582,-15.130889466941582,87.80657702704448,12.422573768074045,0.5770710367586673
1258,1258,-3.6169690864342,25.77001222388985,18.431809701275306,1,animal,0.8261954041136825,31.88898876188581,-4.494362388495276,-4.494362388495276,77.27136797203393,22.539059918530967,0.04434012342352389
1259,1259,-5.508450134288252,36.90553830886952,26.07553924252127,5,clothing accessory,0.7894967445192093,45.522472774857505,-5.476155604675654,-5.476155604675654,89.6981836328663,10.694110386937979,-0.1344146195812499
1260,1260,-5.831203093630834,41.60515687482573,31.40610519390412,26,vehicle,0.7607480755587304,52.45317389394659,-8.994674095425935,-8.994674095425935,95.5904890380354,8.656008283268774,-0.650261438854983
1261,1261,-3.933230202770412,31.35309214028876,23.463301007534582,10,food,0.8161111546473484,39.35750475774087,-6.932717793711731,-6.932717793711731,84.24958060704613,15.798405103144054,0.11713488371201208
1262,1262,-3.7032725753639455,29.405711509985533,21.869345540138124,10,food,0.8010871553301119,36.83311514832675,-9.461023810399169,-9.461023810399169,81.66198589786276,17.886502089324203,-0.1363997335749616
1263,1263,-8.858099185273925,54.801062188377145,40.380630340815486,23,tool,0.7846570773400042,68.64559450446997,7.734147000045667,7.734147000045667,111.76502820268911,16.76113401131289,0.5527049553836747
1264,1264,-4.94077317344356,35.362129293524426,27.760374236807227,99,other,0.7676316549057737,45.22753371001948,-10.641914769743934,-10.641914769743934,88.33079643386932,10.338979603284882,-1.2291000540754595
1265,1265,-4.435521509523524,22.41902969847323,16.247678803067373,1,animal,0.8172249848978456,28.040574355210975,-9.669240090773876,-9.669240090773876,74.77764792010973,26.422470607245344,1.1088784521395354
1266,1266,-4.275460799205666,21.42358102796765,15.534684636777884,1,animal,0.8188888306950053,26.80626448932381,-10.79805583288141,-10.79805583288141,73.59903225487855,27.64929197911491,1.0715103139372104
1267,1267,-5.624587555213871,41.97961512465154,31.299062119935357,1,animal,0.7095712909048807,52.66455507044288,16.384967988776737,16.384967988776737,97.53353778845837,7.934609248499743,1.0973434837221845
1268,1268,-7.746098467987123,50.606394022099416,39.42436679682788,12,furniture,0.7936324099082074,64.61648284088632,9.661342777946814,9.661342777946814,108.71860957527204,13.329057942282326,1.2316180694276397
1269,1269,-6.466691812829968,36.02946210461143,27.62162300074116,12,furniture,0.7641595852697995,45.85732547526978,-8.467242208280993,-8.467242208280993,90.13151465076751,10.585723623450912,-0.010689663193431898
1270,1270,-7.371983072098498,55.05644086802723,41.009529984661214,22,sports equipment,0.7731748379194421,69.0459221462985,4.427139225204769,4.427139225204769,112.10852892188642,17.129910500103254,0.5260612368957851
1271,1271,-8.122704796181216,49.11008081511605,35.74814380668803,99,other,0.7552557617464551,61.28383274972921,4.821374047679598,4.821374047679598,103.54393886743556,12.183749203112392,-0.8616718764946825
1272,1272,-7.748393242310954,42.23632922701818,32.13603598452178,99,other,0.7904342965318576,53.634596234231495,-2.320044681480013,-2.320044681480013,96.61446100222771,9.302620485882613,-0.7186369973470903
1273,1273,-8.213868885634591,48.98464176521568,35.91734149243763,9,electronic device,0.7403355243149853,61.294520071710245,4.461990341922132,4.461990341922132,104.85615101937118,11.26185705013601,0.44065873749126183
1274,1274,-5.828949254373617,39.18094439258452,29.555719272306224,10,food,0.7975370022930999,49.42331023523452,2.754832611852194,2.754832611852194,93.77879272901144,9.637896774882687,0.3394655440384753
1275,1275,-7.034151075992724,54.71389960075015,41.371487882258464,26,vehicle,0.7939746420079332,68.95426093050898,8.02336881244733,8.02336881244733,112.46914983335407,17.040431692797615,0.9714324519422348
1276,1276,-6.1178619830294965,40.222497315081725,30.352051527235552,99,other,0.7445218737901667,50.75947751323999,-6.305346893803929,-6.305346893803929,92.69785085211508,8.905108588128797,-1.976901604796879
1277,1277,-6.763354021217051,43.13571765325052,31.881921128758453,99,other,0.7769316945849977,54.06375856280838,-2.9634057054265526,-2.9634057054265526,95.93634935037916,9.151247007885145,-1.7935537462935969
1278,1278,-8.63558996473629,50.99549325298023,37.49000886420879,99,other,0.7117785106901672,63.879687779389315,7.379738174324558,7.379738174324558,106.14334675531919,13.933921660572963,-0.6624012758518916
1279,1279,-4.490772846476169,39.45878690723256,29.00997645485301,4,clothing,0.7645179099580872,49.18070392806676,1.4495034169411696,1.4495034169411696,93.8903004338679,9.459474868804952,0.6752879495619482
1280,1280,-5.360690437627903,37.21737097065653,28.434551215334874,10,food,0.8184348006880624,47.14226773027624,0.663303388933727,0.663303388933727,91.82970179525901,10.644290612873634,0.4994350575670694
1281,1281,-8.487354957964278,56.39673766337173,43.41878230860461,23,tool,0.7911366846944768,71.67857330064298,12.287023486473743,12.287023486473743,115.09625337368277,19.523035656772063,1.0796265666909335
1282,1282,-4.2627411660909145,24.41723342635473,17.438821792908456,1,animal,0.8160949920349484,30.30651342485638,-7.581042183882431,-7.581042183882431,76.39786667264174,24.14069626602413,0.6340014502742548
1283,1283,-7.574797996956963,51.10608876462712,39.42172754424535,99,other,0.8039954335886622,64.98678693461743,8.406226678095365,8.406226678095365,107.47251890851925,14.769352773081021,-0.356857149939529
1284,1284,-4.454717600026995,32.49026530536936,24.898317485581448,10,food,0.82084238071472,41.17509031103744,-5.08960587325663,-5.08960587325663,86.0833674163111,14.398795797711161,0.2703752798020673
1285,1285,-3.734093186714769,19.464363689906182,13.769485734535303,1,animal,0.803736152059323,24.133040487546925,-13.290602129020456,-13.290602129020456,70.94975676151488,30.303503523361194,0.8939077493395047
1286,1286,-6.107102577421059,39.271884609454986,28.064438929094333,23,tool,0.779475867951587,48.65378048080494,-11.449620496473457,-11.449620496473457,92.24074080621092,9.262567610206196,-0.48707628434449646
1287,1287,-4.404294887032132,45.63253712478621,33.66249724996499,24,toy,0.8041919968409655,56.876093211478846,-1.7335128794098154,-1.7335128794098154,101.71647831171697,9.674667173566538,1.3862800609048946
1288,1288,-5.450546483470627,33.1303028715045,24.18491264138542,1,animal,0.8522403455245203,41.379166555134205,3.513079251215686,3.513079251215686,86.6410315058157,13.63456012168213,0.6393497093294513
1289,1289,-4.001857839838261,31.708984839063884,24.040996640894225,10,food,0.8255144569744737,39.99305071111412,-6.182636419661165,-6.182636419661165,85.0324356759638,15.307125494909306,0.312361782713765
1290,1290,-6.581430244034206,47.34100656300798,34.07096867824296,23,tool,0.8205272691472949,58.696823024160906,-1.2892646754714292,-1.2892646754714292,102.1037736700202,10.063818032542393,0.09012181202366776
1291,1291,-6.332218224956646,43.403932974692594,31.18956278141966,27,weapon,0.8045783081233444,53.821809815503215,-10.069423089571316,-10.069423089571316,97.3614830607739,8.703179095459413,-0.14471331754472772
1292,1292,-4.327584157539491,32.73184958653637,24.42480963653543,10,food,0.8413940364167253,41.069128159448695,-5.786086995873717,-5.786086995873717,85.6895095362276,14.449843598582857,-0.025509597876251178
1293,1293,-5.428602252734543,47.73513092295671,34.688174680630354,20,part of car,0.6884963444414663,59.25691444316129,2.8385617844545408,2.8385617844545408,103.48422040924058,10.368737605915939,0.9527059265417392
1294,1294,-7.023119924704188,46.7205273397535,34.50340026492843,12,furniture,0.7618304791269909,58.503132550516426,3.3963555889015424,3.3963555889015424,101.65694753448938,9.775124844177315,-0.1776173858062009
1295,1295,-6.353294087288688,42.42679792783549,30.10129014606504,99,other,0.7720378279187652,52.40691935829233,-3.638837958559975,-3.638837958559975,94.99227658728812,9.028914070930776,-1.205706772617944
1296,1296,-7.536490117175992,51.58512529326306,36.92539148684273,9,electronic device,0.7330505849520613,63.88511854308902,7.814674928213378,7.814674928213378,107.55867320789848,12.860982473252163,0.7479038722612756
1297,1297,-6.641318228270062,51.58569708190533,37.19021601504106,18,musical instrument,0.7597018405001211,63.939842183732864,2.3367518853451656,2.3367518853451656,107.73769083064313,12.940628802674087,0.876323811814018
1298,1298,-6.491841173331637,47.41540346114446,36.27873559895203,99,other,0.798105234009782,60.054235020201055,3.6002133076615053,3.6002133076615053,102.4158968635901,11.481018164747693,-0.8528232122454682
1299,1299,-6.610886451253175,45.63484713658946,34.447123915055826,99,other,0.7260128690616497,57.55734044299181,0.586731024651499,0.586731024651499,99.49422239067826,10.221418285208136,-1.4658596030629951
1300,1300,-7.351478722708996,41.98075800630137,31.085948072109503,9,electronic device,0.8193330865426502,52.75191418077612,-3.5727446905898574,-3.5727446905898574,96.52099891523984,8.870396859956992,0.004032049749966404
1301,1301,-4.970802296384655,29.19180450718632,21.24285898546111,1,animal,0.7325105511194564,36.4435094870364,-1.6799679710750297,-1.6799679710750297,82.01318673148842,18.118417318285143,0.5750319543544151
1302,1302,-7.921464689427305,44.662676076216925,31.953105747857663,9,electronic device,0.798864391645433,55.4842788909498,-0.7494732954026233,-0.7494732954026233,99.81102497755879,9.27003847457903,0.7677034627156445
1303,1303,-5.2392522173510665,47.14225197417464,35.41977993198082,99,other,0.8173635895555024,59.19799401519904,3.5917291535007934,3.5917291535007934,102.17381465452112,11.180579243571634,-0.30322177970560915
1304,1304,-6.798341263276584,44.55103430044127,31.890832560986983,27,weapon,0.8568289237390204,55.20903279902639,-8.708033065860306,-8.708033065860306,98.86089605385122,8.901028630223696,0.07206810696330024
1305,1305,-6.947595132202084,46.78967570267471,35.53192730104627,99,other,0.77997013969769,59.16131073775583,2.2123535079158074,2.2123535079158074,101.20936394912317,10.963751283934256,-1.2337549893252344
1306,1306,-4.245116996558115,22.273707976740344,15.98792578324582,1,animal,0.8554656556180947,27.744420271437452,-10.23333912053036,-10.23333912053036,74.33061830220966,26.705653014485794,0.9356740098027245
1307,1307,-7.961187166530101,51.34034975803715,38.84919575827266,10,food,0.7880571970660407,64.87273715084557,18.490295378901834,18.490295378901834,109.28086351825904,12.584087440183339,1.5569383172267806
1308,1308,-5.762195709968346,43.88843898238908,34.092190480733194,99,other,0.7900271002710028,55.87195564400321,-0.03803888706217151,-0.03803888706217151,98.81225676997495,9.799393853388287,-0.5895121233883174
1309,1309,-5.071408378577365,34.43162395529444,26.14617655724081,10,food,0.8286313620970458,43.53020169610428,-3.029010752124421,-3.029010752124421,88.0271159915053,12.711526973223163,0.036579043626545626
1310,1310,-6.703823496552589,51.23382906330412,38.967903239083135,26,vehicle,0.7717167461687761,64.71741630203837,3.600866379632194,3.600866379632194,108.26760570476513,13.589447508110485,0.6872907425360921
1311,1311,-7.937997652270305,51.6358719614441,37.47328905202,27,weapon,0.8277584363886868,64.29247601642311,-0.3694503476163362,-0.3694503476163362,107.60949764830175,13.051979938100871,0.4220840664281269
1312,1312,-6.792024476589215,47.33214451491651,34.78902750443401,20,part of car,0.7357918671333076,59.133238838878036,0.6907622910385243,0.6907622910385243,102.34866238109359,10.08657474136781,-0.06850117446541049
1313,1313,-4.628927911805802,40.234267824815454,28.150779094571117,99,other,0.7720713959356601,49.3223037240052,-5.851021953079496,-5.851021953079496,92.68840380950392,9.297425562307144,-0.6575323767092414
1314,1314,-7.45266829845091,50.66401044972796,38.08525611889234,99,other,0.8151506328902813,63.81904851420542,6.723696217071037,6.723696217071037,105.66920960891187,13.804497595679068,-1.0804711304513859
1315,1315,-8.632770242506156,55.34517470251701,42.1710177264564,99,other,0.7681021855765117,70.11424834509124,13.179882560634667,13.179882560634667,112.32448668111434,19.13446159592994,-0.24575941035938342
1316,1316,-7.0581594017884575,48.27581480122757,36.67604629489617,26,vehicle,0.7561816331195221,61.0369091672313,-0.8110795214596322,-0.8110795214596322,104.22428100418324,11.133645845187797,0.04697672986733892
1317,1317,-3.120553949106687,28.616466472906545,20.417584165475574,4,clothing,0.8191010592968233,35.29189359468472,-11.974397756109141,-11.974397756109141,80.44471984044029,18.588295056279808,0.07135343254518034
1318,1318,-5.296740189900457,44.562629941124726,34.05891611573979,24,toy,0.8137344781096785,56.337316326640305,-3.1870812712155328,-3.1870812712155328,100.62599128324207,9.29774253327055,0.7939481589794894
1319,1319,-7.171429786564633,44.77864281240628,33.81778631713239,99,other,0.7544438607711784,56.57030076547161,-0.38534036392749726,-0.38534036392749726,98.67776621419154,9.868881523824907,-1.369695195220487
1320,1320,-7.702652285906638,51.05395494047568,37.8648821784565,26,vehicle,0.7500686046005871,64.0280131636934,3.4986268855050184,3.4986268855050184,106.90752166204544,12.988189172359304,-0.03536857523688752
1321,1321,-6.339253276520734,41.6886733197963,31.81457401071242,12,furniture,0.7887351423754226,52.823278341576575,-2.3063300993363924,-2.3063300993363924,96.32299750614523,8.732056544655691,-0.25995292982634055
1322,1322,-6.474479920234753,43.52031802954777,32.46693049120499,24,toy,0.7703711348209364,54.681244930517444,-4.342365652514502,-4.342365652514502,97.74620945177955,8.74234515737968,-0.5546238542337107
1323,1323,-4.699821255525795,36.77032991462415,26.6174917963248,10,food,0.8106287655997333,45.63591076544451,0.005812460614336601,0.005812460614336601,90.51103984429375,11.445532579600311,0.5735564006908191
1324,1324,-9.23403211938143,56.88981462967278,42.470176450846495,99,other,0.750302413921946,71.59213815459303,14.605113351952383,14.605113351952383,113.62526322174794,20.49827857841537,-0.31144532532867686
1325,1325,-7.621966383270722,60.40744812621627,46.83666262869285,99,other,0.8005844956724667,76.81684142727565,20.99346895760121,20.99346895760121,119.83058115813346,25.615763383612656,1.0630923878728282
1326,1326,-6.040522233669841,49.836770142160525,36.83860192234507,22,sports equipment,0.7856556478022582,62.267761792527985,-1.84431426356997,-1.84431426356997,105.85366816690814,11.931377236009242,0.53831294316781
1327,1327,-5.62495401429573,53.615305143245806,40.496101466719736,22,sports equipment,0.819986711400868,67.42533119880956,4.527879922011408,4.527879922011408,111.79645251066779,15.969561657787045,1.7123892881722895
1328,1328,-7.389464481515223,49.54788494042655,36.86717035833375,16,kitchen tool,0.7665868176538909,62.1995605902785,2.2743131185054892,2.2743131185054892,105.26950750896441,11.64674695465857,0.017211372377758494
1329,1329,-7.833197678190436,48.88574181704404,36.45572473774261,20,part of car,0.7056277471114994,61.483287200851215,3.085398582285549,3.085398582285549,104.74263347870091,11.257318893377025,0.15260640189605112
1330,1330,-4.803432465916845,28.149488935572037,20.5801467787469,1,animal,0.826774787754449,35.19956153453169,-2.9992489044860946,-2.9992489044860946,80.71462014357887,19.312701117623806,0.42662430447477107
1331,1331,-8.189831812928261,48.50561051771158,37.74195572160624,99,other,0.8057412406997675,62.00260332043865,5.744504026440694,5.744504026440694,104.97337456515764,12.752785621714002,-0.0968141417249484
1332,1332,-7.000592359477894,49.77425825260589,38.06028294172254,23,tool,0.7778407432282222,63.04815790794099,3.7644404803262574,3.7644404803262574,106.37303399466602,12.397241852249634,0.3361215984260042
1333,1333,-5.628807374854117,49.37230190803777,36.26693549547844,99,other,0.7862794140932857,61.519088731830514,5.774363705570266,5.774363705570266,104.25713884468483,12.425674272803835,-0.3659904618138796
1334,1334,-5.290874829441917,35.24401818756684,26.444616136414773,21,plant,0.7510337946681676,44.37850715232197,-7.783490304991986,-7.783490304991986,87.5763119673948,11.218876856724126,-1.198571383951844
1335,1335,-7.470501093643312,52.47949535182517,39.16090316129941,99,other,0.7843519968138872,65.90509961589494,8.940888848615757,8.940888848615757,107.69285744870503,15.418708519740381,-0.9855939558330107
1336,1336,-6.93566594973222,37.62953708825704,27.329205483555352,9,electronic device,0.7520168764389463,47.02096336747237,-9.18240077614233,-9.18240077614233,91.34689484631612,10.113358220044832,0.12878657700700558
1337,1337,-6.605007694216463,47.09261634979234,34.76957185568813,19,office supply,0.7828880656143173,58.9089447226586,8.381391315735826,8.381391315735826,102.23071484811001,9.914563499577445,0.020934472850370867
1338,1338,-4.316171227214044,34.60521057696668,24.52055693701089,99,other,0.8050328105121073,42.63106432685008,-13.007003599968911,-13.007003599968911,85.5412811242423,11.589254716823682,-1.6179100429049385
1339,1339,-8.651314959324617,54.99102874064104,41.44447611877879,99,other,0.6991942653097154,69.40103092346301,12.335252079538591,12.335252079538591,111.41009015617763,18.470705963116053,-0.5007124347921916
1340,1340,-5.530840724766954,32.055724931582034,25.017302961406685,13,home decor,0.7947967229386889,41.036875459454734,-12.593267574009843,-12.593267574009843,85.42608060070609,13.512376041739554,-0.25911756613064085
1341,1341,-7.686978716674597,45.88223648570205,33.78717923668141,23,tool,0.7936604753332315,57.49645856478582,-2.709661774125564,-2.709661774125564,100.80001882215427,9.59868219784325,-0.10377155886985179
1342,1342,-7.692165436604522,46.495987915278725,36.32844408985082,99,other,0.7251829611283157,59.50463974608413,3.283550779972373,3.283550779972373,102.52239783116832,11.311012469362387,-0.23816439485383967
1343,1343,-7.5124319687657,55.7826625952781,41.225451098325244,22,sports equipment,0.7927116473181448,69.76876019082164,5.15146621264762,5.15146621264762,112.83156198782584,17.777445719535255,0.5807555383536567
1344,1344,-6.34268344642782,46.02408645898938,34.5742268516607,99,other,0.8037270629747195,57.912203636852,1.1580014551061026,1.1580014551061026,99.83034640656565,10.376726642012319,-1.4578434259114061
1345,1345,-6.161802381111231,42.79903357523108,32.99549785690526,10,food,0.8098432606420529,54.39143280317834,8.300588164140208,8.300588164140208,99.32806852568123,8.811029775756653,1.2951965985483014
1346,1346,-8.33709314600245,54.45415233188167,42.09416278891349,99,other,0.6846525223241796,69.33022695194676,12.761234445398998,12.761234445398998,111.89564234386361,18.460786972304028,0.05030537026424042
1347,1347,-8.648454388064318,55.73434049440589,42.743286104773055,26,vehicle,0.6855126402623194,70.76793751893075,9.354914604460902,9.354914604460902,114.19081348446265,18.652287281182016,1.0161639334462507
1348,1348,-5.2816645015847055,34.72344721941612,25.64370957329292,10,food,0.7193780832289725,43.48808580963609,-2.7911567819785716,-2.7911567819785716,87.70251388246234,12.716718144178996,-0.24908255897729248
1349,1349,-5.926596736179939,40.254952387781614,30.16541823431916,10,food,0.8592781790310674,50.651142118093034,3.849291930867139,3.849291930867139,94.93239001480458,9.237885221597113,0.35780487018442386
1350,1350,-6.464205379846718,45.418006719260354,32.862370830676426,6,container,0.8148595133471578,56.43152223851941,1.3254084900561622,1.3254084900561622,99.87147383312644,9.320213364748543,-0.04767243025450796
1351,1351,-7.510626113719893,42.59466343542911,33.114355460670204,99,other,0.7936224575276475,54.47270321338195,-1.5581496775104426,-1.5581496775104426,97.59166002740824,9.482044462300415,-0.5163548255238197
1352,1352,-4.494051979187343,40.658808975509736,29.407607571149462,4,clothing,0.7751206240363478,50.37998246880755,2.5846577412328884,2.5846577412328884,95.33415486001063,9.22664186479198,1.0102849431705323
1353,1353,-7.299917824981695,45.41083125133554,35.126282974500185,6,container,0.7738984158425772,57.87303474670582,3.389072561092121,3.389072561092121,101.72700636914449,9.819849813268304,0.47503223926466376
1354,1354,-7.743867104541017,47.59363714389333,37.372030872449386,99,other,0.8131095548022012,61.00647888420282,4.902542230473841,4.902542230473841,104.11982479102733,12.162529544936897,-0.029343529576436822
1355,1355,-8.026429286527227,52.15519735855385,40.8260360779659,99,other,0.7810525655569617,66.71846371463224,10.530905647616237,10.530905647616237,109.67722655184326,16.247546232006314,0.24673565389096552
1356,1356,-7.069860154917006,39.193358069901045,29.8354689106746,23,tool,0.7735441451904866,49.76200804354051,-9.043994547383434,-9.043994547383434,93.66228978441363,9.083948343137651,-0.09019866323909298
1357,1357,-4.733861756805852,33.949723345788286,25.88019256839808,10,food,0.7874460384858332,42.950873445897216,-3.608542518753481,-3.608542518753481,87.68075696127215,13.113071979910075,0.2258690843109008
1358,1358,-6.932739938578228,46.27860593479135,34.19512818159067,6,container,0.8068716683045952,57.957562420093886,2.5534027987319377,2.5534027987319377,101.02447773952915,9.727412968181282,-0.3056509938953127
1359,1359,-6.9770664237785205,43.54410800519729,33.112967521889644,1,animal,0.7974470456894256,55.14741531527858,17.892098307470604,17.892098307470604,100.27795510630725,7.928043213651434,1.5460989157767813
1360,1360,-8.474318624050309,54.608781354379296,41.569100387136245,99,other,0.6988164105542155,69.15145106321444,12.196969615887937,12.196969615887937,111.324964815273,18.259026800949265,-0.3550753017210013
1361,1361,-7.967636950736145,50.840016826760696,37.59006970810705,99,other,0.724115518627714,63.72757558690268,6.673170967352476,6.673170967352476,105.59662353849805,13.744706270103409,-1.0684809895268046
1362,1362,-5.06453573090929,38.255493548883805,28.410697682066612,10,food,0.8039971462190243,47.919725078720276,1.165180603354699,1.165180603354699,92.51698284939424,10.259001866382857,0.46787613415382623
1363,1363,-6.241267113339708,40.47345499844049,28.762881966449573,99,other,0.7037836277449153,50.04355456706441,-6.025887407152439,-6.025887407152439,92.6029577544422,9.041293009699714,-1.4098496638316362
1364,1364,-4.975682927183418,34.46663683038916,26.69758593334222,10,food,0.8526334468691534,43.88015006421463,-1.9493057787743737,-1.9493057787743737,88.9470469163286,12.536675037138309,0.6329463960184825
1365,1365,-5.547461764256062,42.05237805703553,31.4069157187016,10,food,0.8728133764160778,52.77851065764695,5.877431213561593,5.877431213561593,97.41461775601526,8.858493022148263,0.873059688352086
1366,1366,-7.922215303185259,47.16951408249162,34.56052937677447,23,tool,0.7818551268302222,59.0097851622194,-1.155787228080726,-1.155787228080726,102.38216872165991,10.209409838530012,0.07915089812748022
1367,1367,-7.403012363513596,43.990700780443845,33.325462110209024,23,tool,0.7284178727776288,55.68278703574252,-3.8831703469031993,-3.8831703469031993,99.08782912393704,9.083446391473064,-0.13903376540281442
1368,1368,-6.270418879130565,45.19131081109205,32.38960758988425,18,musical instrument,0.848866776809018,55.95229580250635,-5.447272182068303,-5.447272182068303,99.66669615187593,9.120605418416027,0.19064444692148186
1369,1369,-7.599333083314341,46.8519765283764,35.87763822412186,99,other,0.7235362330868015,59.49842428558641,2.7927788666418394,2.7927788666418394,101.94089775918883,11.193360146430882,-0.8139176287674559
1370,1370,-8.17964119230697,54.34296942557747,42.04022274363357,99,other,0.7457053358850536,69.1913664004293,12.662113139706108,12.662113139706108,111.77239903549605,18.336970274152346,0.055453048148137896
1371,1371,-8.001253851165751,50.84035745553665,36.4422624891433,99,other,0.8024529942597233,63.06187837929629,6.785298751530036,6.785298751530036,105.43214042234621,13.35080882525114,-0.6174579731203096
1372,1372,-6.561782974590841,40.20472532691628,30.24881211217772,10,food,0.8461591818074489,50.73921135193415,4.873736501367944,4.873736501367944,95.20424170560659,9.244133009722551,0.5482274173764807
1373,1373,-4.748193217901297,33.761470129531496,25.147869752411665,1,animal,0.83348537435187,42.365051129746476,5.849031813771191,5.849031813771191,87.06332169762074,12.775089771016374,0.15008732928214386
1374,1374,-5.687892194244652,41.43592404037078,29.45510651901377,17,medical equipment,0.8144850146726319,51.15555902088427,-6.361892571697297,-6.361892571697297,95.178385243444,8.874788423676533,0.13741434042411527
1375,1375,-7.367263058784718,37.52288136192095,27.4578749465406,9,electronic device,0.7414924506387922,47.07630069640127,-8.225518351080524,-8.225518351080524,91.80750187424331,10.203559949671865,0.5382285032544019
1376,1376,-6.568571733688067,51.59247168719326,38.83749305177923,13,home decor,0.8269704617088339,64.9097845933989,10.670613070100146,10.670613070100146,108.64238522783192,13.495655170732949,0.8842058225959732
1377,1377,-4.455351100972008,39.58821710759325,28.844275446930038,4,clothing,0.7649147787385915,49.184035146063835,1.2601006592844897,1.2601006592844897,93.9937004960108,9.481369586239381,0.7756079550624833
1378,1378,-5.4765858231855225,39.53595631303155,30.24023272632672,26,vehicle,0.796010656358598,50.07550807737309,-11.308525350350024,-11.308525350350024,93.55691933418333,8.913895365852692,-0.4854324194535309
1379,1379,-6.930567139677615,42.72326268958685,31.04967347296573,19,office supply,0.7824798422278368,53.26717712155221,1.9669334528520892,1.9669334528520892,96.94473139034419,8.75362186315992,-0.04864952090694885
1380,1380,-4.127464627021893,32.58296323827792,24.872298349852997,10,food,0.7668558897446667,41.19850340532272,-4.820610563081843,-4.820610563081843,86.34194318137226,14.396099826676153,0.5073032101568486
1381,1381,-7.923776234908055,52.72011375813504,38.41621783767682,16,kitchen tool,0.8083642921314954,65.71150901815778,4.330734842709262,4.330734842709262,108.99796680712069,14.114809642830934,0.49850999464544543
1382,1382,-7.968052949031831,58.86695449436569,44.274921699198906,24,toy,0.7497670033883632,74.08830468238891,13.63770652846047,13.63770652846047,117.44738526474356,21.542890008538826,1.2027117927882784
1383,1383,-8.210234552532992,52.97023523330554,40.64957904942803,22,sports equipment,0.7835502005448339,67.27289237854299,4.1522409079401115,4.1522409079401115,110.56302188908381,15.612334254322311,0.6199041710037534
1384,1384,-6.296761339482932,36.715086707588895,26.9592264412706,1,animal,0.8131667113374432,45.983113048421174,7.652250036392914,7.652250036392914,91.48073143162591,10.381898472556436,1.2222234561959766
1385,1385,-6.313911674461653,41.46845581868479,31.798731364531324,99,other,0.8639255561511661,52.6370366283356,-4.127410598388167,-4.127410598388167,94.95493117744923,9.019895956351206,-1.455819472601405
1386,1386,-3.894387837500143,28.478638154374075,21.48773535211018,10,food,0.8188676838067083,35.88762820693178,-10.977467367201768,-10.977467367201768,80.48553007803501,18.693601654676986,-0.43865478459535723
1387,1387,-7.131321138383132,46.80599400037265,34.11952665026084,23,tool,0.8087281589337745,58.359223044687035,-2.739606905120482,-2.739606905120482,101.44362682276301,9.874370048064751,-0.2578788292055805
1388,1388,-6.872592365356182,35.439130605353014,26.07718311073583,9,electronic device,0.7298589102687764,44.53295389792223,-10.867327146898248,-10.867327146898248,89.14134942090197,11.323560555726294,0.22366402985254297
1389,1389,-5.575070890343111,35.46840297658849,27.687101933147048,99,other,0.7663884147517009,45.33943800488155,-10.909569486139944,-10.909569486139944,88.23632209005666,10.26873067859795,-1.4270415282293811
1390,1390,-7.440639254750556,46.85064018016536,34.011774740697774,23,tool,0.8123826464570733,58.37076681715452,-2.590531172278858,-2.590531172278858,101.64502497685723,9.912948596807595,-0.06715409038997677
1391,1391,-7.060198070215313,45.814530159987136,33.14505702064135,23,tool,0.7980864528425504,56.98607176734162,-3.8265179113199395,-3.8265179113199395,100.25723936041838,9.412239121053497,-0.17464547524035368
1392,1392,-7.752100556137816,54.5340236385496,40.575560243521245,22,sports equipment,0.7097574224168799,68.41367470263515,3.949035800726449,3.949035800726449,111.26076036969178,16.546306696093065,0.26287104017956153
1393,1393,-7.395722374895359,43.57449806791956,34.111618366758975,1,animal,0.7562768362083724,55.83042270050498,19.262198987390292,19.262198987390292,101.83794203926945,8.19378267538714,2.474574661090955
1394,1394,-6.161482591925162,40.19942834595503,30.29328550058928,10,food,0.7265287017632235,50.71135034183553,4.233957734704319,4.233957734704319,95.04050627998618,9.230369534800854,0.41025238609005044
1395,1395,-6.353938122024408,35.44409173121825,26.212986382018688,1,animal,0.755854951771004,44.539609600595135,6.133587707031666,6.133587707031666,90.34481120843125,11.33763973131631,1.4209719297511612
1396,1396,-6.916561768423967,38.33782662988491,28.765047943205385,1,animal,0.8230134346220861,48.42577578701699,10.254950693300486,10.254950693300486,94.25221370076622,9.205085427354064,1.735210604433746
1397,1397,-4.818864849128741,27.68209783577583,20.01573505809241,1,animal,0.82791797754449,34.49854560614669,-3.640738784877769,-3.640738784877769,80.33706162632126,20.009516390877042,0.6972277413486552
1398,1398,-8.35558296796817,55.41493332530601,42.697768658808926,26,vehicle,0.7915109639733701,70.45374404972299,8.913784457301489,8.913784457301489,113.99149537614535,18.37574162974918,1.1073502840593221
1399,1399,-5.066978587522497,44.32281828532864,33.17256821712635,20,part of car,0.8084851542493561,55.59321698625269,-0.6927040307587475,-0.6927040307587475,99.79800441580421,9.188846141822701,0.6539583298467591
1400,1400,-7.328289568139974,44.25726110779205,34.81402618322864,10,food,0.6957036188743507,56.78402423080211,11.903902757454233,11.903902757454233,102.25714637287957,9.171794423533598,2.0120754465889377
1401,1401,-6.082024471441804,40.039388784662506,31.001886659135103,10,food,0.802002022603068,51.00255535114328,5.26177570242298,5.26177570242298,95.97764118608912,9.249704701957093,1.0781380494252346
1402,1402,-8.8194170077159,62.08318686233522,47.58773998267405,99,other,0.8165328261482109,78.71910317069305,22.100376600436263,22.100376600436263,121.05250170565114,27.442040922214602,0.5261745995433529
1403,1403,-7.336294291506375,40.11627301766831,29.61043522478194,99,other,0.822505011610939,50.39756391891079,-5.516235743017305,-5.516235743017305,93.18373419048491,9.105330169324608,-1.156391600999342
1404,1404,-3.982393225697879,34.734707672060374,27.33545636093333,99,other,0.8043349778168741,44.38002419251329,-10.759728441644896,-10.759728441644896,87.98762263134645,10.826933571371093,-0.7886633810455237
1405,1405,-7.926495374485279,46.35251744977289,35.384703487998614,99,other,0.8323400400792522,58.85118897513301,2.3687082577848884,2.3687082577848884,101.46138609352036,10.908872648612833,-0.6949931011630213
1406,1406,-6.458497074784761,47.404204777431794,35.47553181933763,99,other,0.7591489004905133,59.55992086051263,2.852940086300819,2.852940086300819,101.45981593052657,11.156977441637546,-1.3518594210376733
1407,1407,-6.553274118491607,42.643592610894856,30.982125187030952,9,electronic device,0.7951421767746738,53.11603781854325,-3.513251313196548,-3.513251313196548,96.4514195009925,8.787293967670252,-0.4022174443689437
1408,1408,-5.24309424293723,35.090645248155816,24.649138112421053,6,container,0.7558553518706668,43.20212299016624,-11.300674203891617,-11.300674203891617,87.44087942892726,11.993622132998656,-0.2463147181115204
1409,1409,-6.165338720145935,33.72484711759317,25.39874466405028,1,animal,0.8066603770617213,42.66700065798844,4.688852697891079,4.688852697891079,88.61737379299487,12.700443332118553,1.4249557594216213
1410,1410,-4.048882660023088,34.24308481639559,24.549882858477737,99,other,0.8377174793376246,42.32823002326552,-13.317107221177139,-13.317107221177139,85.17298371965592,11.760982166469688,-1.7062057156595927
1411,1411,-3.5333587688832053,33.055428544908125,24.90241836681375,4,clothing,0.7883753023289629,41.53644689899455,-5.334048766276439,-5.334048766276439,86.61491481316497,13.473156080001852,0.4678110214070159
1412,1412,-8.196856435027517,51.88075709251745,38.34996725591965,23,tool,0.8251367330363958,65.03477070336575,3.777148026655226,3.777148026655226,108.03798980161675,13.771592797919645,0.16424777077534713
1413,1413,-7.256961206230975,50.27256090951831,36.669707677805135,99,other,0.8011883558839257,62.64711747180113,5.9225940129528,5.9225940129528,104.55815723563363,12.987892391354583,-1.1079516706300438
1414,1414,-4.100516070025291,22.474106541811047,15.880140152597416,1,animal,0.792395697121307,27.82226712831552,-9.759567397652965,-9.759567397652965,74.37504553082199,26.6239071549448,0.9081237428489857
1415,1415,-4.673601637744728,30.267661911013427,23.09470391951773,99,other,0.7506107310232709,38.35804034303539,-18.492728453446034,-18.492728453446034,80.57705528833353,14.46152341823869,-2.6312818921136483
1416,1416,-7.206589849065495,40.53066166441457,30.411192780748603,12,furniture,0.8025139850877978,51.181150031586384,-3.693097911534167,-3.693097911534167,95.16011384552291,8.9305367892343,0.09548139811687406
1417,1417,-6.522554783077664,45.13983903914546,33.67284571270121,99,other,0.8114457192969022,56.69223339902556,-0.33531961162465507,-0.33531961162465507,98.46907006577183,9.870765050938397,-1.691130713512706
1418,1418,-7.907291059869857,51.42245889646311,38.41647269077552,99,other,0.7735865887161619,64.67317763080023,7.514942243798231,7.514942243798231,106.52247766364941,14.444371910492018,-1.0169340573879992
1419,1419,-6.649306852297395,44.00279109322864,34.850111104033644,99,other,0.7851616560523329,56.52423506403089,0.7303892605464455,0.7303892605464455,99.80574604048515,10.086245712462096,-0.19912284876396313
1420,1420,-6.614176539896001,45.626506975133154,33.50403560553129,99,other,0.7663128956694427,56.99162984078884,0.1326684653441248,0.1326684653441248,98.8185703404136,9.978211630767907,-1.6184535107808529
1421,1421,-8.457816132006776,55.150916325315954,43.0156196999405,26,vehicle,0.7279449044017838,70.45212390989178,9.81105541686513,9.81105541686513,114.35181338357586,18.420653098644404,1.469166278848519
1422,1422,-3.931625323880741,35.56575796733154,26.07784534482837,4,clothing,0.7606358997560076,44.27679793421125,-3.4994275028522566,-3.4994275028522566,89.13920040515156,11.655115311096276,0.45835777798033916
1423,1423,-4.623895720992722,42.61616272404536,31.50096994147253,4,clothing,0.7680353494265936,53.19613561354325,5.514560340086774,5.514560340086774,98.13188073656293,8.9352744299011,1.2041850698134766
1424,1424,-6.148483290997548,44.28223488804129,31.29360340884242,99,other,0.7683206445364252,54.571144277623965,-1.2968429690415348,-1.2968429690415348,97.31781486674107,9.379100961417938,-0.8812189630534277
1425,1425,-6.740013730257251,50.1547756618624,36.175612175583815,23,tool,0.7386354922930961,62.20614296879408,2.4549571783970094,2.4549571783970094,105.63940051585506,11.889748284948602,0.381018287428347
1426,1426,-4.423599394863706,41.04949519821517,31.34561773966877,99,other,0.8210555162446701,51.83798837836945,-3.4900174602439336,-3.4900174602439336,95.1407240923711,9.195034221088484,-0.5312235516813786
1427,1427,-7.750536281486324,44.86007906400688,33.964979266075794,6,container,0.8260464975403999,56.798920085020484,1.7848185063385102,1.7848185063385102,100.57341037957146,9.487080818300392,0.3145666906548996
1428,1428,-7.87322519751079,51.86511237638459,39.82778779933309,6,container,0.7941107132728306,65.86524301795619,11.236227553592627,11.236227553592627,109.41030141941864,14.331015731252075,0.7687015746797243
1429,1429,-4.7635575783209125,35.104208352588884,26.574751450528563,7,dessert,0.8134888111460642,44.28559968569151,-0.28385370053131,-0.28385370053131,88.04184583376342,11.425986872251562,-0.6471349258071228
1430,1430,-3.0400666069621445,33.42783296389548,24.318136464204112,4,clothing,0.8394098586614762,41.44917107408202,-5.734432443919218,-5.734432443919218,87.05494425512576,13.65588197882947,0.9885360181094285
1431,1431,-2.636802671981055,30.52251632397815,21.53058255929068,3,body part,0.8260791022489832,37.445196172819166,-4.593110573307584,-4.593110573307584,83.1588996041603,16.678228204492047,0.7945815639743046
1432,1432,-8.683696127624527,55.95110070067783,41.60913511908724,23,tool,0.7893212777642727,70.26558455896294,9.176833184242426,9.176833184242426,113.19319716790815,18.17982419676147,0.48302504602322927
1433,1433,-5.797746037755058,35.632838502123235,26.33024419897164,99,other,0.7819431046225754,44.68327202000968,-12.14618342431065,-12.14618342431065,86.71240319024585,10.454799737331442,-2.344266899736226
1434,1434,-4.537735583526555,36.85502802173945,26.55173970384588,99,other,0.8431142545231122,45.64952372161169,-10.242443977110625,-10.242443977110625,88.24950289769258,10.086123798950858,-1.7005671361910544
1435,1435,-6.106831799651567,39.34887107528418,30.203370068422466,99,other,0.7445394932237037,49.9787015939655,-6.7445853410935115,-6.7445853410935115,92.35706885462491,9.010778995936757,-1.595775261713868
1436,1436,-6.293212204507278,39.85778382583806,28.393319691809477,99,other,0.7992778264948202,49.3399235354038,-6.741245291119284,-6.741245291119284,91.88646821841957,9.121126274764944,-1.4757593114351835
1437,1437,-8.03198986590149,43.56730047247893,31.60182459237538,9,electronic device,0.744962357079487,54.41780819945313,-1.868603941903558,-1.868603941903558,98.76005429665389,9.12098257207225,0.7027955792951843
1438,1438,-6.3472706664928085,39.79423636586897,30.245330839276605,1,animal,0.8401247491328321,50.385008985150186,13.170111329835208,13.170111329835208,95.48433423395645,8.393648824905343,1.155816781271298
1439,1439,-8.020509776288431,54.83098704322325,41.28352595094872,99,other,0.7894276688404241,69.10206387763183,12.02296960045895,12.02296960045895,110.98370632512798,18.186042216240686,-0.6506702150197299
1440,1440,-7.795959371585978,45.429234708977006,35.506614733261884,99,other,0.7746298939605804,58.18343440003374,2.0918343090442164,2.0918343090442164,101.31294521284812,10.710860538669278,-0.22602559958393442
1441,1441,-8.20452557536091,51.25386201867649,37.34231307165789,23,tool,0.8230403086862104,63.94310719137749,2.974753748056287,2.974753748056287,107.1755860201491,13.006515963719146,0.31120016301758824
1442,1442,-5.056759715884789,41.19937512230916,31.630442081683174,99,other,0.7591159251851256,52.18662851320878,-3.642720396245622,-3.642720396245622,95.0611428130041,9.094217215178473,-0.9331588060953351
1443,1443,-7.53956569330692,46.75152221140932,34.31162222006401,16,kitchen tool,0.7472218772689998,58.47937499067496,-1.5120643336575057,-1.5120643336575057,101.83207464934785,9.831676151524125,0.01947605790260809
1444,1444,-5.014075668887502,39.53164468008018,27.7879738563374,99,other,0.7859769562914622,48.58048349868424,-6.945909246381021,-6.945909246381021,91.62991122812966,9.317523703177518,-1.0301351981089795
1445,1445,-6.36669646428384,43.75774451507471,32.94404507253597,99,other,0.7899625234053003,55.14150101925189,-1.8863339566292865,-1.8863339566292865,97.02496524066905,9.40494766876753,-1.7014225695939444
1446,1446,-6.193772061934904,36.30811020254996,27.064457273836112,99,other,0.8453780250466407,45.70696365285074,-10.858752504185333,-10.858752504185333,87.99685530026898,10.062621312523753,-2.0063239092689713
1447,1447,-5.763605305861163,34.829288682091054,24.893108760638288,99,other,0.8027955293808955,43.19682117923903,-12.7771225722514,-12.7771225722514,85.82213961280773,11.27238913645952,-1.8601524599815633
1448,1448,-7.73986866643945,53.3453865129511,39.77138838859064,99,other,0.727307860921893,66.98805239403515,9.922313130966003,9.922313130966003,108.76367085910167,16.322834037509963,-0.9160827419907491
1449,1449,-7.929478807728723,56.24349181503543,41.94258576717845,22,sports equipment,0.7950129671007661,70.6072765835597,6.071157688339909,6.071157688339909,113.47255636087256,18.525393464368804,0.44645451270594094
1450,1450,-6.2176492532336125,46.86036865602893,35.11895691561711,3,body part,0.8194693919160384,58.88883126413825,18.144581582415455,18.144581582415455,102.57602082921105,9.79497785793515,0.3848374330656128
1451,1451,-8.165362763842452,51.275508142337216,38.83519117632666,16,kitchen tool,0.8068172735855663,64.83843735024676,5.715142687531653,5.715142687531653,108.20589998694749,13.46383872855328,0.5136885100721997
1452,1452,-7.668484263717921,59.88781945180114,45.07736905906095,22,sports equipment,0.7965630665940799,75.34803096883957,11.01162563402275,11.01162563402275,118.71935655678527,23.090292062097085,1.3099354401113459
1453,1453,-5.51052037645056,49.736682509545886,37.32518047335473,4,clothing,0.787118162754098,62.428138841736626,15.241424562403694,15.241424562403694,107.31441247116715,11.71771507211901,1.8507720267865437
1454,1454,-7.720391191671045,56.89194776710099,44.10130837126261,99,other,0.7923160961310834,72.3962952155991,16.262848500900773,16.262848500900773,115.18667153905055,21.318303340381867,0.5064363601452726
1455,1455,-7.807703767791506,58.625668066257326,43.399932100003554,22,sports equipment,0.7169442141648609,73.35859391118049,8.64802078953872,8.64802078953872,116.4600903338044,21.139619943706524,0.8901101751763747
1456,1456,-3.806634278525056,30.563532816451985,22.94737218890076,3,body part,0.8139458530344281,38.40835707406288,-1.9307850446504062,-1.9307850446504062,82.47153667868761,15.662480273936987,-0.7833235398072418
1457,1457,-3.415476384671132,33.5318440166603,24.795707699344486,4,clothing,0.8302517942761847,41.843484109275785,-5.597407741828405,-5.597407741828405,87.05192705327572,13.28155264288192,0.6209355064057576
1458,1458,-3.968056388863832,36.351395826934166,26.52971518525785,3,body part,0.8530490122324408,45.17737528766529,3.3598895433934075,3.3598895433934075,89.86968391333623,10.980593566942392,0.35616409064660104
1459,1459,-5.15075388966169,27.10554620906879,19.460296103634708,1,animal,0.8303958603289248,33.7630571092869,-4.27487717222111,-4.27487717222111,80.32669159334922,20.779975967007427,1.3668931284906023
1460,1460,-8.858990147959462,60.103669895488224,46.54498640716788,22,sports equipment,0.7440971122373562,76.5334475964,13.27625793434973,13.27625793434973,120.10074907839973,24.25917665654134,1.5952873060596033
1461,1461,-7.52461705827588,48.74753133915082,36.01815995496864,23,tool,0.7569110532994211,61.07576868183399,-0.10765069636508429,-0.10765069636508429,104.01787657440866,11.15063065673584,-0.19535735271770704
1462,1462,-8.298280880679778,59.0203335730756,44.8236385540792,99,other,0.8190540583555257,74.57492751507377,17.813162252195283,17.813162252195283,116.67432305301676,23.345825510859285,-0.020283713442495355
1463,1463,-6.538797401179073,43.58830599519767,31.59977991357808,9,electronic device,0.7262828634779857,54.233222120497544,-2.134162910865328,-2.134162910865328,97.584407389018,8.860652674170582,-0.3021823480837895
1464,1464,-7.343714913849578,53.12925107133303,40.41332420116948,99,other,0.7983802593381437,67.15567169737392,10.53031524863853,10.53031524863853,109.33031218300596,16.50973727371255,-0.5044228540325832
1465,1465,-5.20831533974723,42.59202033573671,32.49926405344091,24,toy,0.8650218514547784,53.82758501895968,-5.6737909894725505,-5.6737909894725505,97.95049254324405,8.845434135230397,0.4389563901695652
1466,1466,-3.973516524023616,41.92508652808821,29.934725719088767,17,medical equipment,0.8412308634966634,51.66807058359589,-5.022810149547567,-5.022810149547567,96.7296295580095,9.193784302959292,1.2147885436963435
1467,1467,-7.891081274111551,59.76153393643937,44.10044000448509,24,toy,0.7546835067292125,74.68975104189342,14.167398328917017,14.167398328917017,118.11555428208818,22.13260105733771,1.3147812524811684
1468,1468,-4.819935622277699,39.04160993658095,28.071730773085463,4,clothing,0.8043098117472316,48.327023024800845,1.177844543304147,1.177844543304147,92.86636430848247,9.687220336175358,0.4406683861272995
1469,1469,-7.619422201335647,43.57661177331861,33.800566377382445,99,other,0.7276751062373658,55.6727489509596,-0.448698310621765,-0.448698310621765,98.70453498456068,9.765876661984082,-0.5130466539756071
1470,1470,-5.845278587640387,42.87001107422863,32.39787119412535,9,electronic device,0.8019691270076381,54.0520784908661,-0.9133874491050449,-0.9133874491050449,97.37788467051428,8.852553294178577,-0.341218987874754
1471,1471,-4.501422339749912,24.675637242237556,17.747582712315168,1,animal,0.8408879061318086,30.72664264969033,-7.472305917178744,-7.472305917178744,76.98404333694492,23.73579166274601,0.8317250590477556
1472,1472,-6.53929447341342,36.16713047039816,27.044250642656834,1,animal,0.8174688177828652,45.631296184698314,7.416725016232789,7.416725016232789,91.4731431563436,10.652678839785011,1.5399263713897113
1473,1473,-6.287711701581943,37.51014710711664,26.4663844309017,9,electronic device,0.7915772467441274,46.33590356606869,-9.509425437938333,-9.509425437938333,90.70538778838696,10.368784190406622,0.12068837841390234
1474,1474,-4.439845416590255,35.6285451369225,26.403147541177496,8,drink,0.7949248271548991,44.56715893994286,-2.180972502834564,-2.180972502834564,88.41401515180439,11.194466236531268,-0.5352963492655505
1475,1475,-4.705891691590093,35.33258437569572,27.33488515418253,10,food,0.8208636456458757,44.91918166742335,-0.8394982693754969,-0.8394982693754969,90.17821239534733,11.913662277410241,0.9034193613996564
1476,1476,-7.108215605531758,40.30313570975698,29.38429519422192,1,animal,0.7961098435829873,50.38160657616018,11.959801730972913,11.959801730972913,96.19513906580642,8.513568052906361,1.8697674932224402
1477,1477,-6.76551412996186,41.07182629792827,30.2249920927173,1,animal,0.8011491042921564,51.44139620864435,13.444956314412153,13.444956314412153,96.60343314841248,8.147633734927833,1.2981761105413483
1478,1478,-6.531076949476923,52.62931082253037,39.25633271917386,22,sports equipment,0.8126027175953823,65.98150485047292,1.7151737086746834,1.7151737086746834,109.45590880632248,14.58364539821162,0.7068128355988534
1479,1479,-6.936441989231085,40.26065715254202,31.481256741373617,99,other,0.7923102418316542,51.57619865636457,-4.476013784231469,-4.476013784231469,94.72989780251125,9.126810106263273,-0.699998083634469
1480,1480,-6.13979102931972,39.26693658260381,29.770566531489155,99,other,0.8311880362185242,49.657587275981975,-7.312117277892554,-7.312117277892554,91.7520304542622,9.006152754604969,-1.9039101604353164
1481,1481,-7.957590753677532,59.53067231344326,44.95834310221663,22,sports equipment,0.7415445665445666,75.02317516068088,10.691248864013971,10.691248864013971,118.22615088450728,22.757664843638462,1.117092665310139
1482,1482,-5.390745392236505,38.70697805664007,28.874983211613948,99,other,0.8249722954463304,48.59068780776953,-8.224895818513986,-8.224895818513986,90.40849670116563,9.139666276634124,-2.260984667489396
1483,1483,-6.693583334966611,49.433297798653314,37.615899179553935,26,vehicle,0.7636779214041732,62.477282753004324,1.0453351251573366,1.0453351251573366,105.90330444798518,12.02898041839719,0.3942253591014122
1484,1484,-6.651559412746327,44.83939352459768,34.28217298958376,26,vehicle,0.7777874564459931,56.83380894470098,-4.940489223178432,-4.940489223178432,100.16490607563567,9.330886754418298,-0.12619598367203366
1485,1485,-6.434105383330454,52.8970866135039,39.496318126888205,4,clothing,0.7909845254895672,66.32841495061294,19.186697823255926,19.186697823255926,110.67583207674285,14.282666481217774,1.6059817275378094
1486,1486,-3.2202389438826797,36.50909205154922,27.21383013329534,4,clothing,0.8149991870957555,45.64949388337231,-1.0072722604098203,-1.0072722604098203,91.35053144507337,11.146267108567377,1.4004889997376893
1487,1487,-4.024854924989334,29.90537205776436,21.412244170735164,99,other,0.8130962364194073,37.00020183063474,-19.081005870193167,-19.081005870193167,79.45162897720583,15.543373561540209,-2.5012456267772194
1488,1488,-5.863097025661163,46.98293286939442,34.74595862826459,22,sports equipment,0.7445050587751083,58.72864317127898,-5.537835741271877,-5.537835741271877,102.1559948833592,10.015962445916106,0.11292199810537795
1489,1489,-4.652978472793989,39.07797816007308,28.49197338173554,4,clothing,0.8203182675262266,48.5852974976274,0.8731279619336192,0.8731279619336192,93.1191906494399,9.60242452281667,0.4546931817400832
1490,1490,-5.585601093539236,41.5227077896391,30.86751716693232,8,drink,0.7856353240570485,52.039771500370406,4.3454733972118476,4.3454733972118476,95.50691272418065,8.735526180484246,-0.3516043505668023
1491,1491,-6.778175676654198,46.47212263469562,34.64475622915252,99,other,0.8422389600451473,58.35975481318593,1.290563788239254,1.290563788239254,100.13453036046064,10.543146731869637,-1.5674669666545924
1492,1492,-5.706761343271084,33.51000487383352,24.66441458106947,12,furniture,0.8034443250503932,41.99786778278478,-12.77491944615167,-12.77491944615167,85.68989019842802,12.752517128862864,-0.8838450714528108
1493,1493,-8.632232393650595,48.72090416488995,37.15935388649904,99,other,0.8426706725487214,61.879394955061194,5.622153948065844,5.622153948065844,104.66839311741775,12.655459190073978,-0.2878766731680429
1494,1494,-8.230250884482622,55.12664161097544,40.2550920929024,23,tool,0.7062868777073462,68.7543168414501,7.585238591223174,7.585238591223174,111.79147809855378,16.83900599023579,0.47862977108771076
1495,1495,-4.131775202067474,40.926842059975314,30.82267596538905,4,clothing,0.7947897123202002,51.40151088236566,4.545190807619036,4.545190807619036,96.70866661663355,9.173756646549181,1.4402877008922843
1496,1496,-3.798277936525667,32.64194363126997,23.604567961286563,99,other,0.8744543292854738,40.461080410057015,-15.230968241816257,-15.230968241816257,83.23368053987123,12.947524861952958,-1.9191353667554125
1497,1497,-4.633336904311959,38.27152733267817,28.62886284923374,7,dessert,0.8186552685571256,48.01863599983893,3.3635910964278253,3.3635910964278253,92.22733856799702,9.687760538454327,0.08677844446543759
1498,1498,-4.170862149160879,32.15687927222592,23.54649018051932,7,dessert,0.788913585546493,40.07365937142637,-4.564715354591883,-4.564715354591883,83.93542889304557,14.331222771841938,-0.8591760695744171
1499,1499,-4.889073831296082,36.79713243400033,26.67835000068385,10,food,0.7378406622840826,45.71286861543707,-0.16778976887754027,-0.16778976887754027,90.42315922109131,11.383513402099044,0.41452026101981687
1500,1500,-5.568501885297312,39.504180358720646,29.28448258014649,10,food,0.8076757184275425,49.48908363515931,2.657582804444033,2.657582804444033,93.83861353530746,9.605291872614444,0.33847201830734264
1501,1501,-7.626431681944689,49.8081227952078,37.20722735278861,26,vehicle,0.7753685410551353,62.63696451668112,1.886258304028388,1.886258304028388,105.54324165413814,12.054175648382465,-0.11347979177787693
1502,1502,-6.469042216120498,50.365244151530185,37.413069910585,4,clothing,0.8348637518234797,63.07332340832783,16.146491224722652,16.146491224722652,107.0608270207869,11.910519016692051,1.0006465085926521
1503,1503,-4.45186060280528,33.75814425299527,25.685873435485924,10,food,0.8464959111203552,42.652027623275416,-3.7679684662331994,-3.7679684662331994,87.55190833525829,13.329029195742267,0.37333442568551334
1504,1504,-4.797956007072634,32.628490033142086,24.55038837647464,10,food,0.8491560511618279,41.113991695338925,-5.6265140590941485,-5.6265140590941485,85.44039720691231,14.409058588691744,-0.3161029205818835
1505,1505,-6.450166848000586,42.81846840694124,31.98700872725889,10,food,0.8419606972139806,53.83488289576757,7.232812144248129,7.232812144248129,98.06669865756298,8.708431910625691,0.5484148602463534
1506,1506,-6.285972960959333,41.39381741087962,30.03223316471975,20,part of car,0.7328712509051419,51.52568878502495,-6.3253111778272455,-6.3253111778272455,94.91411418818478,8.775873618490287,-0.4690800816569549
1507,1507,-7.574205499643381,52.721196666194864,38.898817900288336,99,other,0.7709986488320371,65.95461470516082,9.032650715260843,9.032650715260843,107.7565225459588,15.456323181083496,-0.9677106956503394
1508,1508,-7.279691903634449,49.73484403002141,36.33317080046018,16,kitchen tool,0.7722796096525316,62.02135056025312,0.9635618572537936,0.9635618572537936,105.26973707811838,11.563132776114767,0.18221460305636583
1509,1509,-8.439528561673802,57.12530034927211,42.14269703192233,99,other,0.731699298750826,71.48798846982794,14.474150639899435,14.474150639899435,113.26501157004468,20.37409875996888,-0.5753997882433168
1510,1510,-8.926376005823762,56.88154182488188,41.7856845512525,27,weapon,0.7520376054761598,71.14234619683214,6.554508384221307,6.554508384221307,114.30116993259725,18.81198081240857,0.7803407150625077
1511,1511,-7.007550942682502,50.0112263477704,38.3909297839424,26,vehicle,0.7054670191156295,63.43573141927041,1.919029455203102,1.919029455203102,106.98716816238094,12.671240613733223,0.5919038453056515
1512,1512,-6.402443112935355,41.78313214548012,30.14678833590274,20,part of car,0.7524422482588514,51.91965193133279,-5.602867392699039,-5.602867392699039,95.45752877547457,8.766445722725122,-0.2899252956458156
1513,1513,-5.867368900025314,30.600155964677107,23.23544257511503,1,animal,0.8217305034859592,38.867484540847464,1.530083680359695,1.530083680359695,85.23713070382661,15.946966373431264,1.5577595091658765
1514,1514,-7.119338721488813,41.061431649422616,32.86249826300698,99,other,0.8383174643635283,53.07230864601267,-2.3522586293777152,-2.3522586293777152,96.74507922934988,9.410779983662072,-0.06812555923407615
1515,1515,-5.716383820163155,33.385009787891896,25.08315338975279,10,food,0.803079428190173,42.147366542773796,-3.1759308987151655,-3.1759308987151655,86.84098083598333,13.691998691096233,0.12901845243625587
1516,1516,-6.6399711610670185,47.46397138004863,34.82880792262704,99,other,0.869826206439933,59.24494626123924,2.5403158342969334,2.5403158342969334,101.13722494055146,10.977685784919865,-1.383223716296797
1517,1517,-7.151991394763207,49.30214149856805,37.94741844509206,99,other,0.817010472106291,62.62474514041958,6.058470709835376,6.058470709835376,105.06246373776314,13.047272660514677,-0.582959627074743
1518,1518,-6.755249022970909,43.6907430394471,31.760443801497026,99,other,0.7817107913241801,54.43565198626168,-2.2476685259156852,-2.2476685259156852,96.43085580732955,9.240050028162372,-1.6429013421740422
1519,1519,-7.584137320692847,52.07513365632473,37.8355498630434,16,kitchen tool,0.7994339681428767,64.81409968256949,3.6676648015901634,3.6676648015901634,108.17135861463377,13.439193076437618,0.5016498364875162
1520,1520,-8.125985333064525,50.11327745620832,37.024807581057466,99,other,0.7886656183473809,62.83477215245097,5.951308196723062,5.951308196723062,104.84787192342655,13.14184534285597,-0.9917432037187695
1521,1521,-4.406308817884696,31.97796785867102,24.05374352409384,10,food,0.8324618685598308,40.25653441730487,-6.694131037802109,-6.694131037802109,84.78232404222443,15.070700138911993,-0.1813678730580648
1522,1522,-8.166999517900999,52.78372488961115,39.177056713268136,22,sports equipment,0.7677921733956604,66.23943890962678,2.716911929751376,2.716911929751376,109.04329728471248,14.701136378123596,0.055714516401536684
1523,1523,-9.424129101488766,60.96017814452339,45.70164612133022,99,other,0.7531264978466221,76.76977261222578,19.60583204210505,19.60583204210505,118.66096220480455,25.488077369434013,-0.06300656269144156
1524,1524,-5.928063270240391,40.01995538024778,30.51720326740052,10,food,0.8475660990550384,50.67581729027009,4.233728538690187,4.233728538690187,95.25765252542755,9.271795004571374,0.6602526241532019
1525,1525,-7.112289453227056,53.81282478581842,39.1754740312862,99,other,0.8012052519088168,66.94118715911496,10.574495558130508,10.574495558130508,109.06966388244187,16.322961740745015,-0.5667579468366313
1526,1526,-5.885622377232951,38.51328681294866,28.787914596213263,10,food,0.7832017476635481,48.442314547332465,1.9728608851470284,1.9728608851470284,92.67847925329772,10.006650919901062,0.14618435720589673
1527,1527,-6.298302123677674,43.23896728693369,31.889936037507457,23,tool,0.8151893374775275,54.09477721701016,-6.5981588901628925,-6.5981588901628925,97.01398025007043,8.729090907714092,-0.7446028105059668
1528,1528,-6.563213087385642,41.78722057559699,31.28788802444164,1,animal,0.7794539412639542,52.61349167745879,15.235733901684327,15.235733901684327,97.43615387614933,7.920810706292181,1.0471729759036776
1529,1529,-4.592949969513507,23.31006870329338,17.00109348881415,1,animal,0.8132512997368166,29.21457978801185,-8.53359255775721,-8.53359255775721,75.86696500741779,25.25619214010195,1.1127057172144674
1530,1530,-7.129814214383494,53.53256590334992,39.39626975770665,24,toy,0.8565341092619655,66.84785661298437,6.703771760795618,6.703771760795618,110.24911998736289,14.98990511886942,0.6989919307516175
1531,1531,-5.551342836498419,36.7069838316717,27.740091814823742,13,home decor,0.7729344880325794,46.34363778558823,-8.783180298117841,-8.783180298117841,89.63885052972357,10.219346792775742,-0.9529999685978083
1532,1532,-6.8836124410342725,40.98104619406518,32.16640294809584,99,other,0.8156806710282967,52.55004991451231,-3.499519748440477,-3.499519748440477,95.7195095121024,9.185354171372973,-0.6108128964030186
1533,1533,-8.51801752773214,58.39608941876997,43.32244052131509,99,other,0.7761538876659978,73.20856326093698,16.149050025345375,16.149050025345375,114.96796835180112,22.00669720504493,-0.463292905438351
1534,1534,-7.17649769852637,43.372805973711216,34.22388903483023,99,other,0.7268011257035648,55.7133466767033,-0.21556855683792264,-0.21556855683792264,98.9796154105196,9.828211589232565,-0.2755030373613039
1535,1535,-6.749589650887778,44.92785723274869,34.14535927190113,99,other,0.8207665848847839,56.83286791803511,-0.1204556712951046,-0.1204556712951046,98.9129531053302,9.95968398737805,-1.3772788771961615
1536,1536,-5.309521346124535,43.28057306040194,32.8779021475353,23,tool,0.7973352175278842,54.61094643919522,-3.9832065818882683,-3.9832065818882683,98.36543313047214,8.96158695514105,0.1295980729478714
1537,1537,-6.560001545313216,39.570299712533,30.179760769015903,19,office supply,0.8109806150964688,50.19621698583701,-0.0505820810480202,-0.0505820810480202,94.00195952702923,9.045195464362564,-0.1520001356765448
1538,1538,-7.614542117054708,47.81944255143962,34.81354650561868,23,tool,0.7826371415161084,59.637767881449996,-1.3528292137410318,-1.3528292137410318,102.86335481838667,10.461018085177914,-0.020298180433499624
1539,1539,-6.375072916193344,40.59755541193274,29.79563435557176,19,office supply,0.7925910876953135,50.76005207604361,-0.19578440124362828,-0.19578440124362828,94.12816803384622,8.886598773841635,-0.5471156659868797
1540,1540,-6.358403465416073,39.6875184415323,30.276897797014588,10,food,0.7859481356667098,50.3211581234658,4.484388993806732,4.484388993806732,94.95890444360779,9.384927844715506,0.6894237368888554
1541,1541,-7.966838968614544,45.04145226750366,34.11681667290806,1,animal,0.8093589925845054,57.06277355168134,19.264658918775737,19.264658918775737,102.77164732708356,8.331158722102469,2.2688437342183505
1542,1542,-5.943758286468155,41.093963001373005,31.354167091440665,26,vehicle,0.7764565727914915,52.030047585257435,-9.65749125449365,-9.65749125449365,95.3367898975915,8.686823778165872,-0.5127364088064326
1543,1543,-5.631911668384876,45.43255684677851,34.447163197555135,13,home decor,0.7554367246619758,57.292606006667626,3.444776467257185,3.444776467257185,101.28398870328749,9.52033240271132,0.5686811613466318
1544,1544,-5.356346265087719,36.17070553153707,26.900594747784435,10,food,0.8062635954099371,45.39440914633886,-1.2287380245194441,-1.2287380245194441,89.61691679305433,11.53052218547435,-0.09727334860313874
1545,1545,-8.250506872950082,52.51100652836085,39.65553779651024,26,vehicle,0.724088526265874,66.31770765197335,5.301070330731221,5.301070330731221,109.41287943216909,14.763246555749028,0.35292909140706286
1546,1546,-6.996082103249123,51.60358375509401,38.0590309068149,20,part of car,0.7788181139572309,64.50089034060147,6.4580976195424,6.4580976195424,107.83580100136012,13.192556133120991,0.45568675441080586
1547,1547,-8.13704139753567,48.97165703409842,36.000897752629555,99,other,0.7500292221328807,61.32290986544799,4.695759447953975,4.695759447953975,103.4813549925905,12.19298150993428,-0.9603865989575127
1548,1548,-7.149678088289571,42.811972024421934,31.93492311818144,12,furniture,0.8174812715051393,53.88712425014174,-1.5632397175067752,-1.5632397175067752,97.41594434410717,8.77052460478466,-0.15064200521514692
1549,1549,-7.2955324137977104,44.002963319020736,32.13821983269093,9,electronic device,0.7419017116658811,54.97591061610736,-1.91011634035236,-1.91011634035236,98.54018247567552,8.998506577458244,-0.03309982736334405
1550,1550,-4.1255477731548895,38.02786900094738,26.94102550698343,17,medical equipment,0.7935165266198644,46.78629949621716,-10.066969936569834,-10.066969936569834,91.54647084073983,10.220839138496535,0.5453336660922048
1551,1551,-4.220182341412011,31.442938973712295,23.608081020121624,10,food,0.7893430937248295,39.545035589211295,-7.355443043664309,-7.355443043664309,84.15185172044443,15.633994367433251,-0.1539857123559898
1552,1552,-9.032364009026502,51.18947002691532,39.00152444988545,99,other,0.7102639978954393,64.98510868378257,8.68329514249794,8.68329514249794,107.73233105955028,14.84504403673513,-0.09549328189808648
1553,1553,-3.74868920485365,31.21111354070541,24.676159683148672,99,other,0.7954759664563759,39.96372274843327,-15.232770118817015,-15.232770118817015,83.547942865464,13.405501493019969,-1.1450142835977601
1554,1554,-5.321966769931716,43.463447993639015,30.74155134574491,4,clothing,0.8582947393134874,53.501753437986416,6.7976359950984175,6.7976359950984175,98.3869466692918,8.900299312307766,1.176675616894741
1555,1555,-6.738937049140461,52.93936680903733,39.424578336125926,24,toy,0.8576388851994025,66.34973404374287,6.095228063247831,6.095228063247831,109.93949305039965,14.615841382952008,0.849930987802793
1556,1556,-6.887137817756968,37.7600271375055,28.482845080088925,1,animal,0.8184916091542059,47.79670261223337,9.85648914769753,9.85648914769753,93.73402972015026,9.507491056186577,1.798670038395855
1557,1557,-4.455280081154935,31.853321845667416,23.884684574471976,10,food,0.7484570218203082,40.06197437005856,-6.895708146906003,-6.895708146906003,84.49412650345691,15.217812049547357,-0.2896744631140251
1558,1558,-7.261448187029218,49.79989348550125,36.65197474442914,99,other,0.7097973774342181,62.258535748975426,5.331503759394678,5.331503759394678,104.05833352368526,12.715910689881175,-1.2484912656158542
1559,1559,-2.815351205320117,34.82208562046857,24.32588133195207,4,clothing,0.8547035584583723,42.57055733655311,-3.336002370327847,-3.336002370327847,88.68251778461652,13.078377214906508,1.5792716074210205
1560,1560,-2.1887071728658345,26.417932990383328,18.900381457214213,3,body part,0.8818364900681974,32.55644393666398,-9.263167364089753,-9.263167364089753,78.2663333749391,20.97844863878119,0.42217397073612517
1561,1561,-6.955041749054493,52.29501899579916,38.99910885021725,12,furniture,0.7846599237123016,65.60542743259263,10.760407054420554,10.760407054420554,109.01780702178446,13.965341996965604,0.6164336408165241
1562,1562,-7.010556898192385,51.590269192694535,37.83556137702836,22,sports equipment,0.7871119318019271,64.36018558171162,0.0002291522284565417,0.0002291522284565417,107.44833195060404,13.26240579066816,0.1983138509530562
1563,1563,-7.780012331896788,46.44632308390183,34.05410888662373,99,other,0.7646643970076494,58.11602061360261,1.5967322310928438,1.5967322310928438,100.33619780951013,10.511973017399347,-1.14044196338439
1564,1564,-7.843327477982776,49.83000004715945,36.35283940433354,15,kitchen appliance,0.7188696253578644,62.17777435212727,2.4603902663685915,2.4603902663685915,105.59074897928377,11.591303977542777,0.35859648012603884
1565,1565,-4.91328877219349,41.07205875104081,29.72833106011895,4,clothing,0.8033222677933399,50.939455083735865,3.3603054655174276,3.3603054655174276,95.52965230435505,9.030307992903264,0.6884919113763743
1566,1566,-6.45347721519209,39.19298112686133,29.22311829205428,16,kitchen tool,0.7875753716300204,49.312551956767656,-9.712806948273013,-9.712806948273013,92.68048698402737,9.114814548003364,-0.6564326816575345
1567,1567,-5.975924742758347,46.36365477139805,33.68851094779504,99,other,0.7321298016589869,57.621314894509304,1.4059315659207527,1.4059315659207527,99.88868492307037,10.298899134022538,-1.1305480882598857
1568,1568,-7.559687284400897,44.43475952070831,35.11870568179334,99,other,0.7756095800040035,57.139480346477896,1.3146431760108328,1.3146431760108328,100.50467123338252,10.342947499631766,-0.06905574937631798
1569,1569,-6.36453486624159,42.74699167835461,31.63025000807341,99,other,0.8360983619818477,53.556375131128426,-3.4746410680703974,-3.4746410680703974,95.32728843379152,9.051011890130924,-1.9334860407552412
1570,1570,-4.962109496926151,35.15214015368588,26.538009297225567,10,food,0.8119613998625553,44.32337335428668,-2.5431352369180047,-2.5431352369180047,88.82424389526426,12.196233412459012,0.10033746017053602
1571,1571,-9.066101278832296,60.09201867276806,45.23564439411426,99,other,0.7418954323352013,75.75954345372674,18.61167665753989,18.61167665753989,117.64617062363746,24.49103842391947,-0.1437364785239339
1572,1572,-7.678285848346572,57.74129320475276,43.704173443783226,17,medical equipment,0.7662015420038527,72.82216551936939,14.297293308778904,14.297293308778904,116.40091425473393,20.30642234656748,1.3269177972022845
1573,1573,-5.86981684270331,43.32865764193663,32.21865532215515,10,food,0.8497753634301005,54.31269716730033,7.396076773146248,7.396076773146248,98.81510504064559,8.73503750877757,0.855032377472412
1574,1574,-5.165838604441196,46.533755683998095,35.75057041289663,26,vehicle,0.7697358061546926,58.908230251745294,-0.3711902792894506,-0.3711902792894506,103.35381607762523,10.382030179898004,1.144696304849191
1575,1575,-4.1312561720066325,30.357466920957524,22.866135352047205,10,food,0.7959823142910435,38.22961183891247,-8.680391742707442,-8.680391742707442,82.82272989934029,16.706057242204935,-0.26686180496588463
1576,1576,-7.628618062029939,43.0589899028294,33.42285567197519,99,other,0.7891889308581208,55.03961942326617,-0.9847836686571156,-0.9847836686571156,98.14970183317675,9.614014784243619,-0.4824858716816749
1577,1577,-8.79149524112422,54.99887132187013,42.1877457568764,26,vehicle,0.7637758530511721,69.87111082057578,8.90477463601924,8.90477463601924,113.34992681418201,17.846760567510604,1.004486588925488
1578,1578,-6.508744255547215,48.66912642095548,37.34289930197511,26,vehicle,0.8502325231465157,61.689056944003596,0.5784185875214973,0.5784185875214973,105.37096164996689,11.592149588892948,0.5906790976123375
1579,1579,-5.585199457378138,39.40510733459392,29.691842642899942,10,food,0.8462763862154108,49.654430381994075,2.7394730786272277,2.7394730786272277,94.11317524866095,9.564143400881825,0.46015350997370774
1580,1580,-3.2603976702382687,31.572139313633752,22.24119302287135,4,clothing,0.8392468943431717,38.756945711552326,-7.981340885636598,-7.981340885636598,84.2338412718287,15.673458998518031,0.6566746929295562
1581,1581,-6.940275969076526,41.462739699946674,29.97195758494649,6,container,0.8144550365632532,51.6298794829729,-3.622886725630522,-3.622886725630522,95.43022401674557,8.965011572012065,-0.049305362827340105
1582,1582,-4.40653354446965,34.767750538664394,25.75629174234491,7,dessert,0.757706052546578,43.49253475844009,-1.4862098039454992,-1.4862098039454992,87.40824716123387,11.917167221676976,-0.547462794940401
1583,1583,-8.686184804019055,54.16746951667393,39.541448239394576,99,other,0.7904552786551815,67.62463078759167,10.914587417339163,10.914587417339163,109.68591760826833,16.916586768656078,-0.5824187608020566
1584,1584,-7.613685891904328,48.77522915616315,36.63031036096814,21,plant,0.741488048869307,61.47170755101619,8.153227578234805,8.153227578234805,104.75848053723512,11.17774653629932,0.17916004805731234
1585,1585,-5.678403250483851,46.052801968055896,33.1879895627716,99,other,0.7793810119419877,57.04864138437229,1.1247237536653927,1.1247237536653927,99.63780907992113,10.131300709125188,-0.8519278580960901
1586,1586,-7.93519107499277,49.72794933908392,37.547989526225045,20,part of car,0.7499428543033195,62.81470942644444,4.664326627263478,4.664326627263478,106.1688816711548,12.058461085095914,0.34781661565128275
1587,1587,-8.154149057068674,59.15585550476165,45.00779331544797,22,sports equipment,0.7951610762205276,74.77704759129779,10.737450750125703,10.737450750125703,118.00782409205648,22.51663483081688,1.1263363457650257
1588,1588,-5.635288861793831,38.35982485293068,28.791423431651644,10,food,0.822439273867387,48.29263615215093,1.4873697242813222,1.4873697242813222,92.59150890673067,10.073472790806346,0.19760721567718065
1589,1589,-6.002624780174728,50.5154911898132,36.810424673683954,4,clothing,0.8444481670091427,62.792146953712475,14.93889251979897,14.93889251979897,107.34184898762467,11.84613166558135,1.5416452789520179
1590,1590,-5.132204809451925,39.27656528664005,28.6305549295698,17,medical equipment,0.845684287508742,48.87429572379507,-9.190417519889877,-9.190417519889877,92.4969401965539,9.270293840786387,-0.43476611395341536
1591,1591,-6.118480140355062,34.43836346815639,25.540802010348138,1,animal,0.7723613552746439,43.31015175365438,4.918192408463057,4.918192408463057,89.02420753186726,12.183777574726728,1.2371295853173763
1592,1592,-3.537858873418706,33.170406583129584,24.548406171462613,4,clothing,0.8163854038003964,41.417587615135886,-6.137238531315845,-6.137238531315845,86.43142572491135,13.549165513238135,0.394219672381638
1593,1593,-3.936657090696555,38.74400693278546,28.296639257853165,4,clothing,0.8167225753054336,48.13829178052059,0.5101519484565813,0.5101519484565813,93.36853530661695,9.931893189723286,1.1173409999100414
1594,1594,-7.202710201537002,48.00785500285572,35.09600118360299,23,tool,0.8349707936174102,59.902942125591856,-1.2069059326553884,-1.2069059326553884,102.92605162359223,10.551153768760912,-0.20278247498455926
1595,1595,-6.908645991390577,44.10059323951867,33.41584540461448,10,food,0.8203779621462549,55.76029445418067,9.551831896753342,9.551831896753342,100.2096108457118,8.80402472208361,0.9110843068593084
1596,1596,-7.979971437329589,49.90975099354282,38.37682792838255,6,container,0.7717103695762233,63.4621470659694,8.732526350113503,8.732526350113503,107.14738855770088,12.624390655582392,0.7277002347067594
1597,1597,-4.272687771887005,39.9830237233763,30.013423948957147,4,clothing,0.841278403168647,50.17672432512847,3.0847460903083004,3.0847460903083004,95.23320200884535,9.298047444285725,1.0972653332707978
1598,1598,-7.8993988874470515,57.894012487614056,44.9018062800635,99,other,0.7912969668246261,73.69049729721846,17.545009528708576,17.545009528708576,116.48406894978672,22.549541988798083,0.6072096767670416
1599,1599,-8.065233760907741,56.14286643815924,43.64667277130533,99,other,0.7495750405800561,71.56885839187656,15.308330223469724,15.308330223469724,114.33716659952476,20.535847879944406,0.4219826082863989
1600,1600,-7.503181606316756,48.58032096127192,36.28385194816837,99,other,0.771423998272778,61.09716221817645,3.942110038846806,3.942110038846806,102.95747100881138,11.996929043492905,-1.2755434621800248
1601,1601,-7.089410310172095,51.58273458991872,37.3171693791918,99,other,0.760562368903931,64.05942067171122,7.646452032933027,7.646452032933027,106.20048941302836,14.015027700716045,-0.771440323852957
1602,1602,-7.192487307046129,52.051939034400654,38.56599875517788,27,weapon,0.7598073814712619,65.18030753906707,1.4925942783754493,1.4925942783754493,108.3290888761196,13.681500497597597,0.32078294165391696
1603,1603,-7.375167233682459,42.00486978109516,31.526970279951144,1,animal,0.8044236286554628,53.03538471704025,14.904184858721877,14.904184858721877,98.64152305592181,8.001739766947315,1.8624582704218113
1604,1604,-5.456574241151979,40.62125389854821,28.04410573175582,6,container,0.7911893618815136,49.66218216141354,-4.1017203388991845,-4.1017203388991845,94.37466867632409,9.41625034234218,0.7144796133392504
1605,1605,-5.768631752818483,39.1137448388145,28.167748490672228,10,food,0.7828818122068265,48.54466193773813,3.0175121838452696,3.0175121838452696,93.14441933847652,9.996509361936099,0.5174936617140986
1606,1606,-4.17617628347544,35.168804355551444,26.066408800437888,4,clothing,0.8066026114806603,43.97434383707462,-3.3125510016527215,-3.3125510016527215,88.45181718731415,11.773159975508376,0.05062475166823788
1607,1607,-5.929660615997791,39.45916754933159,29.90772885078298,99,other,0.8427329896940715,49.86641177906322,-7.119275905014419,-7.119275905014419,91.88184597879501,8.971663152669942,-1.9671745539287713
1608,1608,-7.7445160327485745,42.814012954419205,32.00480369345263,12,furniture,0.7855637587759122,54.01226428598522,-0.7929338574655418,-0.7929338574655418,98.10408697421707,8.898719047035982,0.42179567884700475
1609,1609,-6.029892557849499,35.95908495619526,26.59133300660711,99,other,0.7355611119731789,45.12775627276798,-11.49222124773624,-11.49222124773624,87.30959573511745,10.282993381866829,-2.1580461604728356
1610,1610,-6.8202872473511365,38.54557713045127,27.892725385102885,9,electronic device,0.7864178504422408,48.06539257994999,-8.397301179855816,-8.397301179855816,92.1833064171454,9.687540678766277,-0.0004850155564497527
1611,1611,-7.816657268730736,49.25357236587171,35.899726393135474,19,office supply,0.8452661838656221,61.44757828229645,9.951992949218948,9.951992949218948,104.95607713862954,11.164633272913486,0.39906666172376504
1612,1612,-7.2370354785336195,48.2491927114517,37.264411040031874,99,other,0.7901512117346601,61.39214615881097,4.832124621628282,4.832124621628282,103.91921540719655,12.272387091894878,-0.5865423206272169
1613,1613,-4.257184004791457,32.1147979362758,24.154854919293246,10,food,0.8296632870417271,40.4096631798705,-6.399289931836023,-6.399289931836023,85.09763475822783,14.959477517728295,-0.007640584705072229
1614,1614,-6.9536427852193325,37.85572916456823,28.347041777079117,1,animal,0.7680521856548813,47.80129868609266,9.654007630810767,9.654007630810767,93.77979156917468,9.513043546869115,1.8401823403082176
1615,1615,-4.3963895641107404,36.350127726022976,27.786754462555457,10,food,0.8114762780596807,45.96480991432416,0.3473679190788914,0.3473679190788914,91.33221789190064,11.336113394748038,1.0906330628397
1616,1616,-3.6050270695172353,31.559983472787017,23.24329104878618,99,other,0.8656836835196666,39.36088611493808,-16.359513553815802,-16.359513553815802,82.09292440508102,13.725744543488112,-2.0426477337877884
1617,1617,-6.086555338053853,44.12466903986896,32.85193646250812,20,part of car,0.759325837370653,55.34692677193408,-2.4701336872900583,-2.4701336872900583,98.5776140061334,8.945261403382439,-0.3387112248015711
1618,1618,-6.260970671032125,44.111245612097925,33.647090591345304,10,food,0.8540308493265102,55.831249748295534,9.237639519128592,9.237639519128592,100.52141595330679,8.846266511552995,1.157283883642151
1619,1619,-5.838188828735805,47.33157727653508,34.192698389629264,18,musical instrument,0.7710394670175719,58.68137080410395,-2.111353653737183,-2.111353653737183,102.5999611599017,10.057782982709986,0.6005964824701664
1620,1620,-6.603505596109097,45.4077290069466,34.093170318526944,27,weapon,0.7256083707963947,57.16478288329477,-6.176873949512739,-6.176873949512739,100.22149679307908,9.291158337719146,-0.3756250100306886
1621,1621,-7.866219412036881,50.26661654164239,37.17101071804723,6,container,0.7191804361685249,63.01027046588519,7.3939249226142465,7.3939249226142465,106.14818567718426,12.251073071944782,0.14630415183543732
1622,1622,-6.5798787666162895,44.42576208944417,31.745121689916232,19,office supply,0.7961648380416653,54.99723532068547,4.400199833287999,4.400199833287999,98.8753676887413,8.923651478338224,0.2823684839446514
1623,1623,-8.733998856092773,55.1765615771181,40.48189648990751,23,tool,0.8152644393933594,68.98927182476505,7.801640891892347,7.801640891892347,112.07208097170304,17.056651022828543,0.5419923862742166
1624,1624,-7.215062396932062,41.69161048556479,30.194558531653247,9,electronic device,0.7616735158294851,51.980370094807064,-4.680747546488817,-4.680747546488817,95.94818402826417,8.921808087469142,0.14458971568103607
1625,1625,-3.679369656748048,34.15915668293249,26.04830603601859,13,home decor,0.7745942014748178,43.114962527018534,-9.57497301298524,-9.57497301298524,87.82593716964918,12.128020721939926,0.21933191343198644
1626,1626,-5.882334378152853,29.76137922984627,22.264918702753423,1,animal,0.8542860287444692,37.63068104936905,0.1748900948475125,0.1748900948475125,84.20393018301198,17.106212010938606,1.6681121309455307
1627,1627,-7.301817898250638,50.48801537580972,37.4631909633573,22,sports equipment,0.8145796966564499,63.29176027228337,-0.9285126099144634,-0.9285126099144634,106.097717218285,12.464172709783947,-0.16443083681795656
1628,1628,-7.848042958358745,45.85918760365259,35.43532593622328,99,other,0.7866981699735954,58.48349502337926,2.169600524375454,2.169600524375454,101.34578048969932,10.783735237754872,-0.47062749942230653
1629,1629,-3.1088156731422467,33.49180780324454,24.637425063213875,99,other,0.8799270376427326,41.693748195197394,-13.24053928921181,-13.24053928921181,85.25513098034149,12.288265425853353,-1.0374141793025728
1630,1630,-5.530077920349504,39.99916093566184,30.744445217667035,26,vehicle,0.6988007853295175,50.75170488864628,-10.419892926723378,-10.419892926723378,94.3745375202364,8.83568184229099,-0.29302833885174095
1631,1631,-5.34196010011975,35.361175223473545,25.177138455908327,8,drink,0.7696953556936541,43.73599835060872,-3.1081713808349747,-3.1081713808349747,87.74008009425064,11.702802067306825,-0.44073721151472967
1632,1632,-7.326027294330296,49.44943227448178,37.60184274441628,99,other,0.8245809398248424,62.552502795345,5.6297635496121075,5.6297635496121075,104.63138965828243,12.948844919778987,-0.947238163603302
1633,1633,-5.662369313098364,41.2137293459587,30.02000101199614,6,container,0.7642730002955145,51.30140713080007,-3.585682213190438,-3.585682213190438,94.67503127147012,8.91286469438568,-0.5007913404791253
1634,1634,-6.778261939432318,43.913865199487766,31.202266562865773,6,container,0.7981165308064846,54.29506266999304,-0.8980570843047815,-0.8980570843047815,98.237423795918,9.02021486681948,0.2936560550326135
1635,1635,-4.407380906797975,38.35043356457343,28.175727058214548,24,toy,0.8022717529938327,47.791760339072795,-11.204141079298253,-11.204141079298253,91.91244035155395,9.666432929205312,-0.018349685917200986
1636,1636,-7.583936076603324,50.5552030113439,37.13046589695308,22,sports equipment,0.8088696138448731,63.18240368692059,-0.4888588478560223,-0.4888588478560223,106.02054955628259,12.395798545389127,-0.1404869902285668
1637,1637,-9.293975499549996,57.23955788545179,43.54915822711141,99,other,0.7911644585949374,72.52085320649645,15.68433583014101,15.68433583014101,114.82917734814,21.39412255274507,0.03377538412512138
1638,1638,-8.085613518464342,49.80525846817079,36.38227831647601,99,other,0.6985935226676075,62.206198184335236,5.559174206990818,5.559174206990818,104.31939136431448,12.738922838155796,-0.939041916608474
1639,1639,-8.879660700450849,54.59554527712244,42.29662670050648,99,other,0.7484802543048432,69.63136196071032,13.143441296700075,13.143441296700075,112.38637241820182,18.760173945628686,0.2626048871295694
1640,1640,-8.667532686644806,57.54637549281308,42.4005436609268,99,other,0.7907978652794494,72.00359406290809,14.982832304044422,14.982832304044422,113.79358893896314,20.86203414640701,-0.5235532826903864
1641,1641,-7.527504057204704,44.38122070761837,32.22691158366485,9,electronic device,0.7561559520618756,55.36180902978983,-1.4783207348820184,-1.4783207348820184,99.15911620763079,9.110442851004063,0.22903078531771826
1642,1642,-4.952765845314533,40.32905605802222,29.049630882209104,22,sports equipment,0.7757536883687778,49.948410449605,-13.355494548172189,-13.355494548172189,93.68587784732432,8.907983962725812,-0.23895896343609024
1643,1643,-8.539662045293985,52.53465732202674,39.83237324583655,6,container,0.8074191914471922,66.47882374249899,11.314033899335996,11.314033899335996,109.93711601982451,14.805477978028492,0.7281971380512857
1644,1644,-8.094123398748685,46.67218409933261,34.45533253955148,6,container,0.7232219000511685,58.57454688349916,3.2566786398071343,3.2566786398071343,102.3012744372769,10.081544309479781,0.40067955711189995
1645,1645,-5.206278587138078,38.94091052068959,28.451574203682924,6,container,0.8332462766189054,48.507648093624596,-6.131649645817433,-6.131649645817433,91.91096716242417,9.44787113792288,-0.6817353753778974
1646,1646,-9.552678608811757,58.60965667972425,43.56798613449561,99,other,0.7638215335535246,73.65130644146102,16.721945621786958,16.721945621786958,115.68146966914645,22.460242013088585,-0.1591535917895186
1647,1647,-7.628521760409437,49.9075891770476,35.665489354638574,6,container,0.7768600521793522,61.814148320751265,6.4182044300975605,6.4182044300975605,105.57988018326515,11.625868659208454,0.6839376752451756
1648,1648,-6.642840957591882,36.43312650657708,26.36072284020688,99,other,0.8563916426961999,45.45753789736433,-10.182884195025451,-10.182884195025451,88.36193987139943,10.285773183580872,-1.4106193500032447
1649,1649,-6.226767734620907,42.41734603631158,31.27339352996202,99,other,0.7775548706492149,53.06627011638357,-3.8908152455836245,-3.8908152455836245,94.84954161298461,8.984145584672605,-1.9580799284775736
1650,1650,-8.756981631204814,55.4901652665594,42.12525062025232,99,other,0.7785381744284563,70.21666403652627,13.247694462994104,13.247694462994104,112.37045208863606,19.225025680953358,-0.2944879348959262
1651,1651,-4.788462127252681,36.185264606272426,27.54079808696997,99,other,0.7936375687498924,45.72524798661385,-10.619462505400193,-10.619462505400193,88.05430661547955,10.03123885363807,-1.965778357568226
1652,1652,-5.128846935052965,38.896472016510685,29.324070225303,12,furniture,0.8365858366486058,48.981034092727185,-5.379018426945521,-5.379018426945521,92.54794854683433,9.28102318123656,-0.4824484595423826
1653,1653,-4.166006082293751,38.47261545633229,26.94775821372608,3,body part,0.8732568528087531,47.15590545704714,5.581682423800672,5.581682423800672,92.37798702770283,10.180213809424522,1.0351107967371718
1654,1654,-5.126819764186652,38.96822662468601,29.586645605769707,19,office supply,0.8110450593781937,49.19529007302177,-0.4265931521410238,-0.4265931521410238,92.96728580534177,9.26493306154246,-0.26121308324471215
1655,1655,-3.2997816201119408,35.70994705275217,25.39006847586037,4,clothing,0.835006377994183,43.94023730545467,-2.84781046888439,-2.84781046888439,89.61954455054205,12.067255447278049,1.2498871418310529
1656,1656,-6.022057005703021,35.56947462880186,26.26944882397856,1,animal,0.8465485079937493,44.626635964013076,6.402595009237274,6.402595009237274,89.96329360047503,11.21296081248993,0.9589894200859419
1657,1657,-6.67199132987358,38.85367018245969,29.079458583322744,99,other,0.8567254400855172,48.98712143464288,-7.550420754009622,-7.550420754009622,91.34149916721996,9.157963095112358,-1.6945262183016183
1658,1658,-4.103461385165777,36.49104384420043,26.23590458747806,4,clothing,0.8198371450148877,45.13044832152853,-2.4663480627153263,-2.4663480627153263,90.07610763891083,11.190724147933144,0.6059766649492815
1659,1659,-3.885750759592213,20.836225199849665,14.850608377174757,1,animal,0.8280873170475225,25.8802609862562,-11.999903096393219,-11.999903096393219,72.425251725022,28.553741919445283,0.7539160928049995
1660,1660,-7.510672705069578,44.36563251123495,35.20985765180222,99,other,0.7534087276770205,57.13539733356897,1.4165255649809723,1.4165255649809723,100.58265169803282,10.367257779537056,0.0126998843088586
1661,1661,-7.17665609503889,44.557025802740405,31.94621495614082,16,kitchen tool,0.7653240138994462,55.293702996964214,-3.989379349987672,-3.989379349987672,99.10360228291285,8.98382462370974,0.23648795374754172
1662,1662,-4.760672186114475,33.144197905251154,26.0204026004912,99,other,0.7719869868363075,42.405933617098306,-13.533337403952302,-13.533337403952302,85.47448732004042,11.745908872709453,-1.476547149292685
1663,1663,-4.363976263395117,32.36155134586264,24.397152944895417,7,dessert,0.8071278615746684,40.76193526017869,-3.9302323063166966,-3.9302323063166966,84.47542643905919,13.800786371907925,-0.9555609893102712
1664,1664,-5.2537562312688895,27.635045457160103,20.60678438910477,1,animal,0.8029070863016485,34.87029186594162,-2.9859809784338935,-2.9859809784338935,81.13752343836703,19.68645835365581,1.1539715686335654
1665,1665,-4.814506525732524,31.35728226863666,23.793912418582067,10,food,0.8467469040199436,39.65613310125472,-6.627631557095,-6.627631557095,84.11298912510351,15.550319565686177,-0.2955694836209801
1666,1666,-7.381642063090368,45.01052748879862,32.86902091118,9,electronic device,0.7895540496241945,56.22107042761699,-0.6916963213963925,-0.6916963213963925,99.72657815898069,9.23581606079033,0.002016428535071668
1667,1667,-7.743927891481028,43.77402491043162,32.36702738435556,9,electronic device,0.7164735075426439,54.98870918422407,-1.3585477121588099,-1.3585477121588099,98.84519102952491,9.069813526138486,0.2600751224483844
1668,1668,-1.711218923452493,27.462564494310065,19.59233387533564,3,body part,0.8485971270218473,33.77839939207816,-6.831933379895489,-6.831933379895489,80.03175459545311,19.986662867649546,1.057770598437287
1669,1669,-3.982612562180429,37.5187098544654,26.71648667309241,4,clothing,0.8530864861497083,46.230784679881005,-1.090228308053696,-1.090228308053696,91.49770895316699,10.718214062599937,1.0102028592495316
1670,1670,-5.571898739532816,35.342152565624765,25.275944484418837,99,other,0.8402181663620321,43.806245823112114,-12.375464459372395,-12.375464459372395,86.24280483631749,10.918267710605638,-2.0029635457458284
1671,1671,-5.70985739502446,34.50402828489501,24.945962742891368,99,other,0.8163409984333126,42.95848573362513,-13.323310909274724,-13.323310909274724,85.33582410496155,11.374116234225442,-2.1261021217566167
1672,1672,-5.435505302154839,37.9564390255663,28.07619631987153,10,food,0.7927523848484788,47.52377069618164,0.8410475839144027,0.8410475839144027,91.82474392729144,10.41255589894803,0.14173811780993617
1673,1673,-4.775933774167056,37.13342444471093,27.99881842585969,10,food,0.8173055389197881,46.75077098455752,0.22124774187520302,0.22124774187520302,91.61117819902363,10.852632020560433,0.6428908193838794
1674,1674,-8.045383561373484,53.92560174612617,39.1139441465258,16,kitchen tool,0.7873136767519102,67.1014109168277,5.717599018512104,5.717599018512104,110.48340124475,15.241592985927266,0.6988359287227297
1675,1675,-2.299210057687115,30.221919474233427,21.32188963936207,3,body part,0.8829353569214602,37.05770852858491,-4.543353497150008,-4.543353497150008,83.0338285801743,17.069680793268663,1.0277830677856485
1676,1676,-6.103748611667416,41.64068391385069,31.074496255160483,23,tool,0.8227212833414509,52.314688390925525,-8.092796108585944,-8.092796108585944,95.17874586959464,8.636784680441842,-0.9339603922893644
1677,1677,-8.346322105911877,51.60289495865808,37.93023283429935,6,container,0.7596588527170142,64.5850015380823,8.961998953630555,8.961998953630555,107.92675469957302,13.356515757894094,0.4688709242634701
1678,1678,-3.63310010122834,36.49030010672833,26.087536773217188,3,body part,0.8707863075449725,45.003344243718175,2.6455702732793185,2.6455702732793185,90.20603906264692,11.196121389667129,0.8534289952950616
1679,1679,-5.091929233108355,39.55760414063242,27.989605116791783,99,other,0.8097310622881944,48.72524790348326,-6.991100248365257,-6.991100248365257,91.58984739148933,9.251839610581937,-1.2040487458669844
1680,1680,-4.365680508690534,38.17155373457938,28.86393006068882,99,other,0.8841353108038504,48.05468904658709,-7.614970380843573,-7.614970380843573,90.98088995918705,9.414939069106874,-1.1930049464607038
1681,1681,-7.874855697947908,50.7478006918741,37.89459441930137,99,other,0.8322919155590739,63.822824393229624,6.664036175170509,6.664036175170509,105.69442107471325,13.810452800104137,-1.058750856544222
1682,1682,-5.316215053325532,44.93400865009274,32.07455047448102,4,clothing,0.7755731262788726,55.462636648466734,8.214820878497292,8.214820878497292,100.30608397191227,9.058731503259931,1.2827729555637006
1683,1683,-7.856861671990853,48.464618801400526,36.29527918730949,99,other,0.7805978511246607,61.05650532238646,4.0823722516344105,4.0823722516344105,103.10514831259846,12.004230092788658,-1.0902746402018124
1684,1684,-9.09699211855938,62.42577422645916,46.44747187000806,27,weapon,0.7672659098127741,78.33964638989109,13.846148916877553,13.846148916877553,121.34739741749048,25.778420986417288,1.1719174727584232
1685,1685,-3.317294613137898,32.24148388438173,23.569961083898573,3,body part,0.8972289476771222,40.07568829245099,-1.6193211406390873,-1.6193211406390873,85.01097164177699,14.401595858968268,0.21449073117514672
1686,1686,-5.529118134173763,40.130959785759785,30.352773298240265,10,food,0.8116653149144399,50.61971876218087,3.7576714120227734,3.7576714120227734,95.23240348065809,9.28755219334591,0.6868724886594322
1687,1687,-5.2330861822021095,38.25358426868891,28.691163362061086,10,food,0.8484211231643839,48.103063888493786,1.107081408950279,1.107081408950279,92.6205110154089,10.17247803797927,0.4018885496709146
1688,1688,-4.988871055849942,36.62265341044828,27.175041040653458,10,food,0.7831931086917757,45.87581533656831,-0.969716723856493,-0.969716723856493,90.35282853901244,11.271611467923107,0.19352843001230724
1689,1689,-7.6607212185007425,52.22123311262211,39.33823836638501,99,other,0.7592273074142454,65.82735628263475,8.752500152325084,8.752500152325084,107.71685736205576,15.364640372490683,-0.8897122652412008
1690,1690,-6.180479400612207,39.39655002766354,29.243871981585816,1,animal,0.8303930048253702,49.45190115838791,12.018881622298053,12.018881622298053,94.25006148188393,8.647982998007127,0.7842990222315223
1691,1691,-7.095773181671974,37.056608156892345,27.172538697811497,99,other,0.8122320748986943,46.496118810318556,-8.955901059869248,-8.955901059869248,89.66164749775827,9.969660145231723,-1.0711875273838842
1692,1692,-4.438408319571102,36.16412311611298,27.18490562095636,99,other,0.811002831010453,45.459458452437815,-10.613189586865388,-10.613189586865388,87.94051301797182,10.149028345535957,-1.833821955848208
1693,1693,-5.412284369063901,35.783460798695145,26.93608640879749,99,other,0.7930764321869381,45.11431745960001,-11.976193990014849,-11.976193990014849,87.00482988571154,10.239587639741485,-2.4503864328676315
1694,1694,-3.359642345135638,36.33887200417092,27.537322486027826,24,toy,0.7503794956815004,45.717665567286346,-12.227825645292484,-12.227825645292484,90.83266250518218,10.765892415218735,0.8195882654563889
1695,1695,-7.8155644186139215,49.87605983344126,37.82622446487383,26,vehicle,0.7369236935955598,63.08349743758296,1.9495634465572778,1.9495634465572778,106.25320951386273,12.38036698513033,0.18362205609649607
1696,1696,-7.942613608057808,52.89054058637019,40.39182529681142,99,other,0.7607206110030245,67.02233915086457,10.153532522367982,10.153532522367982,109.2158081022577,16.397360970108434,-0.4956471626736345
1697,1697,-8.05954825575425,53.2878923467751,40.535877387169386,99,other,0.738523202419223,67.43673438413187,10.471108329710177,10.471108329710177,109.54568779754207,16.7425402729516,-0.5489188528308233
1698,1698,-6.47126867898612,45.11082613908372,34.15131364229017,26,vehicle,0.8022500479604848,56.94889091773729,-4.714484598724056,-4.714484598724056,100.0910168139557,9.340593690035625,-0.3064904688400958
1699,1699,-6.629432754847059,45.05899378189832,34.8529867712064,26,vehicle,0.7351232002584823,57.349742686101735,-3.747350056654284,-3.747350056654284,101.02329068437783,9.551345797164803,0.2551543545377797
1700,1700,-7.510724220776553,55.486102585031965,42.32100306042785,24,toy,0.7504808081878419,70.18679262110496,10.24603638974655,10.24603638974655,113.8299407010223,17.903895641007757,1.192619900118757
1701,1701,-7.247510593635505,53.474599694988825,40.47817619874757,22,sports equipment,0.8178731762912542,67.4577050508021,3.318189515210662,3.318189515210662,110.63817095827336,15.759476182289303,0.5241747509188741
1702,1702,-9.580888595908188,55.7181509640175,42.9347224925119,99,other,0.8293815901990301,70.99081749525959,14.638699776213969,14.638699776213969,113.81491131689407,20.023878319632622,0.43418610462001084
1703,1703,-7.285494940903983,39.6138059010753,30.802113230250164,99,other,0.7929557621865315,50.70603745069376,-5.01761651040583,-5.01761651040583,94.0329889410811,9.191350261980972,-0.5923526337576419
1704,1704,-7.328167945038353,43.88517461624447,32.53243269012461,6,container,0.7627599181514458,55.117780917472025,-0.30501489025996875,-0.30501489025996875,98.57149682494372,9.058018243258644,-0.13295929033301945
1705,1705,-6.90020350839912,39.35612665096355,29.12405884295497,99,other,0.7768333059312477,49.44419396564081,-6.848101037703458,-6.848101037703458,91.90346678487862,9.119827195472716,-1.5551695754805337
1706,1706,-7.736579361650657,55.14906714269661,41.259336638214265,9,electronic device,0.7662954659034203,69.30805960892476,13.76230514612341,13.76230514612341,112.40814519114181,17.120965080406705,0.5833042259628769
1707,1707,-6.558531471640681,46.10885484644523,35.25776083150747,99,other,0.7559656133187402,58.41361595695681,1.7686005955854824,1.7686005955854824,100.67166968735087,10.641043132232035,-1.0801278551157054
1708,1708,-7.71898606722224,44.53831339928932,34.60412708796017,21,plant,0.6870650832434725,56.927056114636606,3.3280148338318014,3.3280148338318014,101.2899895545474,9.469127172442459,0.9126708125147474
1709,1709,-7.971173549653489,44.07181087391728,33.7552367406358,99,other,0.7228680871973556,56.082797085036674,0.04851918075426909,0.04851918075426909,99.0676158678073,9.889955021555624,-0.5290978119704306
1710,1710,-6.841648034430683,51.5700600982926,37.20920630088262,18,musical instrument,0.7725331937494594,63.95939555616659,1.9973146149137477,1.9973146149137477,107.63496200119863,12.92883961645673,0.7555158609496857
1711,1711,-6.225000143163576,50.50245430925396,39.29684770998837,26,vehicle,0.7581033687663707,64.29222937480617,4.445484714246945,4.445484714246945,108.60561492756787,13.438260181413579,1.4184293914574369
1712,1712,-8.580072763198933,58.25265997531599,42.549056487867865,23,tool,0.795603477948912,72.6457999531242,11.565111790333404,11.565111790333404,115.67702519310107,20.403592271882975,0.7660969989715767
1713,1713,-6.709052881826526,43.98607475832425,32.08182135419121,99,other,0.7845867165386453,54.85462081373158,-1.9425052317870666,-1.9425052317870666,96.77061505762315,9.323960480785638,-1.690522239659245
1714,1714,-8.266000932435814,55.22461576282419,40.510001086389,99,other,0.7637172786563031,68.9865577166004,12.043491852339073,12.043491852339073,110.80638437416128,18.079921129862807,-0.721194736688588
1715,1715,-5.718329404225587,42.18171065623706,32.32612141982236,26,vehicle,0.7979317430536943,53.450670071672924,-7.724484428307463,-7.724484428307463,97.05230175563482,8.757932840190508,-0.11073742485649518
1716,1716,-6.002299396695163,44.8752348602315,32.01641204026321,18,musical instrument,0.8029161522871515,55.451464739359366,-5.681063969505118,-5.681063969505118,99.36837638739824,9.052391197359842,0.35539496007211824
1717,1717,-6.620896992368205,46.99672088718351,34.1546945722404,99,other,0.701832156778975,58.47282456367581,1.9003501215143501,1.9003501215143501,100.47797585449992,10.619510130523452,-1.328566187597076
1718,1718,-9.080247034103197,52.90200409267007,39.94842477847188,99,other,0.7877685157387588,66.91001095129522,10.34680395503861,10.34680395503861,109.35680225740418,16.358643928176352,-0.25079393330514677
1719,1719,-7.31462008228745,46.453419022976085,34.4270898101402,23,tool,0.7615502969302432,58.28077143164681,-2.783627912583242,-2.783627912583242,101.25633204290457,9.826647917982015,-0.37263695368434924
1720,1720,-5.503378610823603,39.24065651712526,30.25438809408198,26,vehicle,0.7493818681318682,49.85423050229945,-11.198087882984709,-11.198087882984709,93.52961642412329,8.981542876494903,-0.30814125446077867
1721,1721,-7.080043595721119,51.72722508130032,37.35501049674137,18,musical instrument,0.7975258267620271,64.19680397917386,2.1106576819374823,2.1106576819374823,107.7613208980045,13.07429585013844,0.6623660402601104
1722,1722,-7.941184557086376,45.37236571056562,33.389648523248724,6,container,0.7600154663287715,56.89097125949866,1.6944864741547718,1.6944864741547718,100.71190977529687,9.536064335223944,0.3679552255367753
1723,1723,-5.551025275997008,42.13375045799104,30.52216160881304,18,musical instrument,0.7838015073097321,52.322740357759535,-9.18540777988315,-9.18540777988315,95.94042554683543,8.726396669690532,-0.17972559375448327
1724,1724,-1.9228481844020535,28.548221635828583,20.67282928722966,4,clothing,0.8674381466869793,35.29963419707901,-10.406449939436257,-10.406449939436257,81.5824493396486,18.77745640311251,1.2019259417752721
1725,1725,-7.463449887371822,48.00822876203704,37.01035309072466,26,vehicle,0.721857991330071,61.07584914669221,0.006146557448033718,0.006146557448033718,104.64481384059663,11.215838725337266,0.431505515360854
1726,1726,-6.44560840145082,41.94606112760957,32.05513439067474,21,plant,0.7581372558949842,53.18410996331733,0.3541966134154819,0.3541966134154819,96.76415644286406,8.747583688418246,-0.15242026262571073
1727,1727,-7.1602641619297485,43.25482842234822,33.120480372100594,21,plant,0.7766679380656867,54.94739106449095,1.1045532852635063,1.1045532852635063,98.81360234649257,8.934582542027327,0.26668932774263965
1728,1728,-7.028500283066744,48.22962014362201,35.4010715191747,23,tool,0.7883871320304204,60.238956997385515,-0.5836955978748364,-0.5836955978748364,103.21106472590564,10.70953112863017,-0.22844998219848378
1729,1729,-6.3570974031777405,40.42783171715305,30.050968322941458,6,container,0.7945678684691135,50.77285654648915,-4.656851229288549,-4.656851229288549,93.91607910303574,8.949674568534284,-0.7710436581503757
1730,1730,-3.773615014653978,42.12995953945551,30.791329668764828,4,clothing,0.886843543941008,52.31901799389528,5.144248545098449,5.144248545098449,97.96151877781107,9.253587653411344,1.844809348797952
1731,1731,-7.594731918471951,50.6742468332913,37.69124840074657,99,other,0.7617224220287183,63.609664761273265,6.493503670723811,6.493503670723811,105.39249383666686,13.642580940146091,-1.1635899001624352
1732,1732,-8.06544016863643,48.730571906175086,37.81075946708167,99,other,0.8404603557716152,62.20428839633374,5.808743293711601,5.808743293711601,105.04644827009594,12.850580919899405,-0.21021921368475205
1733,1733,-4.859679353609985,28.707665565204422,21.063240729136304,1,animal,0.7987575754456372,35.9361469225218,-2.239195832737181,-2.239195832737181,81.33636139173105,18.596593880956107,0.3673159428637547
1734,1734,-6.646685325563818,41.104330562417545,30.99399265221713,99,other,0.783159641990456,51.90734049561052,-5.018980709682182,-5.018980709682182,94.03094956498857,8.94013478297276,-1.7051213065313533
1735,1735,-6.3944623577122,40.09901919794674,28.464545194706314,9,electronic device,0.7322567642635917,49.58881751587728,-6.605486468299489,-6.605486468299489,93.6275516424917,9.239045753183513,0.035195805671193625
1736,1736,-5.763635970159845,31.55763998044653,22.908826172871848,1,animal,0.8020998140221505,39.41977241627425,1.0565171267167983,1.0565171267167983,85.54638875451563,15.416913059497805,1.3563701207810794
1737,1737,-3.60119414614458,30.24374863744815,21.88553038674563,4,clothing,0.8307736590402097,37.505057941996824,-9.971126444048224,-9.971126444048224,82.1205902651489,16.616294666622597,-0.2990761911242146
1738,1738,-4.568170079251035,40.08703979862474,28.554326811370192,4,clothing,0.7938087853679643,49.428620427238535,2.1377048670091057,2.1377048670091057,94.44736005719477,9.45999794127374,1.0031230487973062
1739,1739,-6.715880258320186,47.81540573240422,34.86635470092872,17,medical equipment,0.8182144796794991,59.557356918599936,1.0904062370226342,1.0904062370226342,102.94003479253597,10.224450868744016,0.13073007127142944
1740,1740,-7.738817318365547,46.44474301198979,36.578425405496375,99,other,0.7653796889853622,59.62369203665831,3.641165967300836,3.641165967300836,102.85706264066857,11.428801217962752,-0.013575779314209058
1741,1741,-6.927389534646682,40.25090953924609,29.8037726423688,99,other,0.753209716178788,50.56074869124581,-5.892947045155694,-5.892947045155694,92.89961481287432,8.993788867798438,-1.5913922305735753
1742,1742,-6.641494896192229,49.23476208340222,35.54224368396189,18,musical instrument,0.8075532673036927,61.08536926265975,-0.8826622582770085,-0.8826622582770085,104.69856728267024,11.129267586167796,0.4764566225384499
1743,1743,-7.904487591101499,55.70315905401316,41.08664081393434,99,other,0.78706899603715,69.666598209241,12.798719214501588,12.798719214501588,111.48939240276421,18.68995551351268,-0.6669546957317323
1744,1744,-2.720895682224592,30.248480553739096,21.79931492635489,4,clothing,0.8429495958601178,37.38427450656064,-9.576542235389454,-9.576542235389454,83.05283389613533,16.852473922081735,0.7448442568489355
1745,1745,-2.813443190104184,29.590547029704343,21.783823450022933,4,clothing,0.845182465097868,36.851742159670785,-10.340610640429446,-10.340610640429446,82.30430989075097,17.26799166880955,0.4887016548280627
1746,1746,-6.92494193209037,51.626588276213646,38.18700429570068,26,vehicle,0.8028562505351472,64.58720256277064,4.210000805623167,4.210000805623167,107.72108689115028,13.429882989727659,0.26116804016650974
1747,1747,-4.2564614496934485,37.21145788329512,26.708649444925367,4,clothing,0.7954601870373712,46.00176102112706,-1.5099614022685444,-1.5099614022685444,90.89892692629789,10.734217818006897,0.6231769654290815
1748,1748,-5.414399451600057,32.169458774750424,23.40093164186371,99,other,0.8195620202186807,40.147146859883236,-16.155333363994302,-16.155333363994302,82.5105781308405,13.159157197129444,-2.3519736389685164
1749,1749,-6.55243479120165,42.51600348209912,30.36468451120193,6,container,0.7067435895248835,52.65509490303518,-2.682862323556236,-2.682862323556236,96.45381740515936,8.910396791825024,0.02637000665612277
1750,1750,-8.78217442041425,57.25605537147863,41.78176408910735,9,electronic device,0.8049676667455873,71.42197333209315,14.641036534586618,14.641036534586618,114.65882500126624,19.063047640609415,0.8794514866903285
1751,1751,-6.539991425135883,42.94797835963981,31.634766911223025,99,other,0.762716937811536,53.740662542886014,-3.248798290990365,-3.248798290990365,95.5532356168625,9.084612465062852,-1.87793168913079
1752,1752,-6.772020164915963,47.85216518799978,36.53997695163957,26,vehicle,0.7625816799951798,60.58762155688237,-1.1328982500550495,-1.1328982500550495,103.96399235744279,10.9188590625132,0.20210109116185038
1753,1753,-7.02090922695349,44.14940734919001,32.024016258606466,6,container,0.7378114025979882,54.99091700444105,-0.5294336437983418,-0.5294336437983418,98.47702366242015,9.035896654223452,-0.11013360350182211
1754,1754,-4.999408120538176,36.265481653596346,27.353324677416257,10,food,0.7770000976523951,45.69883600302293,-1.228624266946241,-1.228624266946241,90.2611445284352,11.383612122489902,0.2654801743828017
1755,1755,-4.020328865848411,37.46983060858546,27.22884976373331,4,clothing,0.8037594131905751,46.49259628673819,-1.315229292992413,-1.315229292992413,91.530506182828,10.540082814556559,0.8009280961873486
1756,1756,-6.656253532447988,42.235792500071234,31.72643503374163,99,other,0.7838331758100694,53.242225339926655,-3.8180483635986207,-3.8180483635986207,95.21472572341877,9.035744834620425,-1.7555846770456327
1757,1757,-7.141944697677159,47.395320532941945,36.23895579656519,9,electronic device,0.8307697314506027,60.0881494115969,4.9192086628408305,4.9192086628408305,103.49160165668404,10.600018971869186,0.19152420748470433
1758,1758,-7.717957095171967,42.48419576193234,32.78495349854771,99,other,0.7817787903153758,54.21555982522951,-1.7029716474362857,-1.7029716474362857,97.35035010420444,9.43875109447743,-0.5199090085108935
1759,1759,-4.074513712582653,35.31587821908116,25.749658850889183,4,clothing,0.8063469035533699,43.89598896614782,-3.904693642774987,-3.904693642774987,88.58302974534821,11.850998038328138,0.2542845169613912
1760,1760,-4.48741121840135,34.56107027526908,23.980854843753637,6,container,0.7617513556058799,42.30467866622207,-11.37081925348815,-11.37081925348815,86.94791624242265,12.617714957983562,0.09050248007778805
1761,1761,-6.986159942037741,41.837299670823406,31.51647857051995,99,other,0.8381523578205372,52.843679811005366,-3.8965330659162305,-3.8965330659162305,95.1037534725362,9.036130135849152,-1.4980602385147108
1762,1762,-7.156211324128993,46.40152322028433,34.374394092347,99,other,0.7593679865195226,58.18858725638696,1.1078993453223376,1.1078993453223376,100.01269752621042,10.469796571549182,-1.5310376365138723
1763,1763,-8.45077415482298,58.46568708492272,43.39816039225483,99,other,0.6760122143225481,73.30110828329815,16.27573320200156,16.27573320200156,115.05881792785534,22.095793835079476,-0.45801080383074577
1764,1764,-6.905813503278285,51.42661275073388,37.46777189698778,18,musical instrument,0.7876147807647988,64.00172411803226,2.1771995831159927,2.1771995831159927,107.44707354837003,12.920792315998547,0.5284902612125535
1765,1765,-6.339013114930744,39.301663275166746,28.82904641693932,23,tool,0.7559011386455637,49.15198613256535,-11.54811157001096,-11.54811157001096,92.31406165829634,9.0783171626161,-0.8743982446817995
1766,1766,-6.423739698244934,48.49362194046,35.32409269519948,4,clothing,0.8149549231520192,60.33810840053007,13.510534905377853,13.510534905377853,104.31131778835814,10.402619925059422,0.7801273213806041
1767,1767,-5.57218564271062,45.399712597864806,32.94240480786935,22,sports equipment,0.7501237771187786,56.368299524919934,-7.303208124877557,-7.303208124877557,100.00691568763115,9.228754678115873,0.14622538214339897
1768,1768,-5.596817107306178,31.54277785778141,23.33523929070586,1,animal,0.7130890260842656,39.63337721507571,1.212797152112472,1.212797152112472,85.34849227427394,15.182508971179864,0.9609738431781665
1769,1769,-4.746780576983986,35.06203769189096,26.55234811366577,10,food,0.8522052559843257,44.23692578946806,-2.5080971504510217,-2.5080971504510217,88.93790522522684,12.266427238049495,0.2939285324883798
1770,1770,-4.38871293769498,34.56783636425135,25.970371553854456,10,food,0.8492465724975353,43.458673596882846,-2.98088900385504,-2.98088900385504,88.33489502349579,12.778705252133655,0.4104932241770456
1771,1771,-7.855854820290249,45.786678959028485,34.16770621430347,9,electronic device,0.8575199725392281,57.66772557506991,1.4964587333896304,1.4964587333896304,101.2703176807393,9.669147389227906,0.20817318025923726
1772,1772,-7.971119798486941,52.09302079359012,40.09863353748055,26,vehicle,0.750748920080129,66.22025353180402,4.821451845326521,4.821451845326521,109.73167648455146,14.735190158478531,0.761832588464145
1773,1773,-5.174858925397133,46.78442099210147,34.88749500033824,17,medical equipment,0.8238807619423795,58.58923552891412,1.1608236876916038,1.1608236876916038,102.96033634103199,10.05176337531365,1.0461602842771214
1774,1774,-4.975145812454695,44.263293764186365,33.860198041666614,99,other,0.7562324118909785,55.95090939502886,0.46125482396688255,0.46125482396688255,99.12256583962683,9.904341883708259,-0.3522039877789638
1775,1775,-7.2274449065833,41.2605445041912,32.27220112372026,99,other,0.7419141289176294,52.87876188064439,-3.075700594951286,-3.075700594951286,96.09987155562993,9.241637045681998,-0.5343791684637296
1776,1776,-7.211734838592333,42.89353337867996,30.965805592134547,6,container,0.812336803258325,53.3923724988876,-1.8414708398097872,-1.8414708398097872,97.24388052995889,8.946773591833075,0.13474350370921684
1777,1777,-6.280258441635932,34.285049494254885,26.63918285810689,13,home decor,0.7074842075223174,43.8697199474182,-9.47385708934955,-9.47385708934955,88.47619436815467,11.698597043101445,0.1717375729167827
1778,1778,-5.709073543025938,38.78330263767325,28.96537248454208,10,food,0.7859252328081341,48.74146989344186,1.984607142402865,1.984607142402865,92.99624046166922,9.88214880181557,0.1873454116124691
1779,1779,-5.305586587929788,30.33141872941128,22.25936390253245,1,animal,0.8355345446167013,37.995045631322334,-0.3747624104837257,-0.3747624104837257,83.66111078924992,16.665776883846526,0.7883998794145697
1780,1780,-7.999723871508889,53.90234592125834,39.31220692331101,99,other,0.7794992049203248,67.19306579563553,10.389171177022646,10.389171177022646,109.08222990778506,16.51332405890631,-0.7870798526240037
1781,1781,-4.322933795715844,23.9154805803988,17.105443805382286,1,animal,0.7805003675542829,29.71925597609512,-8.321815831247122,-8.321815831247122,76.00823291949729,24.732141650873487,0.7873481347416771
1782,1782,-8.030936037320089,50.101108368993096,38.47656289749391,99,other,0.774698987691483,63.67937567094955,6.985613582881854,6.985613582881854,106.15392422029727,13.792504087370892,-0.46661448482949197
1783,1783,-5.714269972806836,42.51400697372165,32.212693270878184,99,other,0.7969019856108625,53.64467613889989,-2.8615970759212956,-2.8615970759212956,95.80403593779144,9.138944082035241,-1.5383819794097349
1784,1784,-7.123232044066427,44.28196568218053,31.811765349300707,9,electronic device,0.8007455053612172,54.987465245002866,-1.8329203911663257,-1.8329203911663257,98.74824363323751,9.029815780680986,0.1642778770260236
1785,1785,-7.395934280874945,42.089943773048105,31.13773696227422,1,animal,0.7757805182658155,52.87553190122205,14.412252176922209,14.412252176922209,98.50531168985765,8.017823315116413,1.8740474168407957
1786,1786,-6.295505354183038,51.20670520118725,36.351068959317786,5,clothing accessory,0.757226838202448,63.112282954357795,9.920232363747928,9.920232363747928,107.52137953916554,12.355302580696435,1.4251768847283302
1787,1787,-6.744692624244487,46.63553458031016,34.37354652853293,6,container,0.7771391005585486,58.32584903056329,3.058207189806211,3.058207189806211,101.4371802821205,9.862466071190646,-0.2334676313349462
1788,1788,-7.609538068866387,47.83400920697738,35.20244142393563,99,other,0.7799394396589668,59.876618046114984,2.9792385639122756,2.9792385639122756,101.82664351227615,11.319627413083868,-1.2778512437784855
1789,1789,-8.364933437369725,50.68868764792663,36.63960298015336,15,kitchen appliance,0.7466844371516806,63.101312771003094,2.7256909552809816,2.7256909552809816,106.91054978915962,12.238450005322347,0.8244902073580676
1790,1790,-7.419020965727883,47.66795579535727,35.26020758076277,99,other,0.7351601819589626,59.75414730741729,2.6947208996368204,2.6947208996368204,101.6039571784807,11.237974893820661,-1.3873006736691877
1791,1791,-7.531232960139181,41.395753016263285,29.879682611379568,6,container,0.8321766464073984,51.605457760203386,-2.9131352051603443,-2.9131352051603443,95.913390614354,9.099640943235997,0.45644165116337376
1792,1792,-8.47277463287748,51.22474234844281,37.53358979128839,6,container,0.7706155738432617,64.06662548678985,8.526221470130324,8.526221470130324,107.56811085464768,13.018980221043032,0.5895195187478066
1793,1793,-4.733755054736718,36.05439740706552,27.212711656883894,10,food,0.8426775138465737,45.41871514062857,-1.286515273083367,-1.286515273083367,90.20076948754148,11.562376540093227,0.464105932487783
1794,1794,-9.405799415634789,58.33883547736185,44.34418186511081,99,other,0.7629456377163432,73.88027648018023,16.99484542982819,16.99484542982819,116.13910116534962,22.69056086365875,0.08677134865003211
1795,1795,-4.733568093412188,34.04848214782634,26.288429068844085,99,other,0.7724793145028541,43.27571266164736,-12.997172400611603,-12.997172400611603,85.88194791490419,11.194104513545154,-1.873287518130752
1796,1796,-5.802464821009066,33.359846467577825,24.88748958052148,99,other,0.7362242510460147,42.023030494717744,-14.397005524511087,-14.397005524511087,84.44728874972368,11.935104008089356,-2.1497120578964797
1797,1797,-4.596434681946407,22.77856578583066,16.68239530286537,1,animal,0.7797541078797608,28.60581381617869,-8.822440346217263,-8.822440346217263,75.40553019442464,25.86815359892824,1.2141382028591465
1798,1798,-7.656777846466483,47.687254461665965,35.865739097718574,13,home decor,0.7657528872327961,60.158554887126726,5.038426400723523,5.038426400723523,103.53749130195608,10.528146235283668,0.17231668626853036
1799,1799,-7.146222338827834,43.50491401253005,31.11172019978424,9,electronic device,0.7264553243489934,53.960033086936285,-2.6528338152793225,-2.6528338152793225,97.9168276990994,8.945229932367916,0.28282956608326515
1800,1800,-4.664303185501193,34.87089040834116,25.258401838728613,7,dessert,0.7834663237537803,43.30960153965291,-0.8734877422385239,-0.8734877422385239,87.19191460120616,12.030052575660797,-0.5946546154162746
1801,1801,-8.046014192148997,45.79492191997032,34.54918957897089,23,tool,0.7546146773280921,57.927193256708996,-1.3880073045370978,-1.3880073045370978,101.55175236239425,9.813942094641215,0.24970307123045643
1802,1802,-7.816626491150458,45.3880396164684,35.009990120917635,21,plant,0.6630476325527376,57.8521667545392,3.90986481991888,3.90986481991888,102.04497969062724,9.71268722284211,0.8123001844982269
1803,1803,-6.095233377879295,48.57824187967432,36.15593284663002,4,clothing,0.832307199419237,60.86254130465617,13.812355593850455,13.812355593850455,104.99645731659784,10.689833729722604,0.9803742213852473
1804,1804,-5.857145990807119,32.12498333255228,24.135698262923327,1,animal,0.7894415567416134,40.60606659002162,2.527115421096667,2.527115421096667,86.5256723206725,14.362163120410722,1.2388016487790736
1805,1805,-7.467615229789084,45.15740439581394,34.72307073739288,10,food,0.780764949819828,57.451267091520656,12.025313310858863,12.025313310858863,102.36427319553387,9.168947596746886,1.5022670200257409
1806,1806,-7.443797933783711,50.59366667674615,38.25963381997953,20,part of car,0.7665092841119799,63.86649211844673,5.771237176369908,5.771237176369908,107.12120251295825,12.735173148269698,0.32765523933959173
1807,1807,-9.119328713577008,55.90907176091206,42.00280502894939,6,container,0.7712350078604892,70.52107551401227,15.091240370407249,15.091240370407249,113.86776749034841,18.248742685284476,0.9213674740856703
1808,1808,-6.67540528766346,51.1051299835688,38.20673977723546,17,medical equipment,0.7764102849787763,64.15645182518602,5.648052185439724,5.648052185439724,107.65681521098122,12.916940917095117,0.5951701060158143
1809,1809,-7.450341307454476,54.84582437527334,39.95742837438359,27,weapon,0.781472904655098,68.26542403951568,4.360944060879405,4.360944060879405,111.63086339866406,16.23774274364267,0.7700471877758162
1810,1810,-5.498570929661895,38.27549837771039,28.726374148013605,7,dessert,0.7902651643074438,48.17107669569259,3.9178929009936496,3.9178929009936496,91.61027066287268,9.53801256581728,-0.6712366992492065
1811,1811,-7.351438470856788,50.1795742636115,36.69784244730376,16,kitchen tool,0.8276551208657069,62.60003962582791,1.5693687485954655,1.5693687485954655,105.82951710458504,11.9122674012946,0.20693655111158193
1812,1812,-7.315787158604917,56.545208230180535,40.90205026552854,99,other,0.7826192881539973,70.17021470302274,13.977544392605111,13.977544392605111,112.49944737886378,19.20508749012356,-0.12254541686253617
1813,1813,-6.897062664014148,34.92316645855525,26.01672956561355,19,office supply,0.7637044651056353,44.09157795059694,-5.830818886860669,-5.830818886860669,88.97387276646802,11.683574833639216,0.4642852301764435
1814,1814,-5.779544163089283,45.620423710200086,33.56220007500841,24,toy,0.8461413648068137,56.93019817378278,-2.815467310257418,-2.815467310257418,100.57092744563985,9.318266798199055,0.1907035439471798
1815,1815,-5.534885608586087,39.405261778730456,29.127936484625085,99,other,0.7482588106035729,49.31375364340826,-7.481302608379323,-7.481302608379323,91.12953850366178,9.012678522064183,-2.20849224599381
1816,1816,-2.1379999190136694,28.180497347216345,20.556680194948218,99,other,0.8858876569975964,34.94693942289577,-19.47034115593401,-19.47034115593401,79.0697084514766,17.449064411197952,-0.9847120366194417
1817,1817,-8.733728222385693,57.49382730325759,43.34088734179807,13,home decor,0.7617800646445004,72.52758580163645,16.77156324880349,16.77156324880349,115.78257989935312,19.98101156512285,0.9809529526443868
1818,1818,-8.154794181483794,46.14626999708328,35.66673302638948,99,other,0.6848244885058168,58.89053190082267,2.7832955727046595,2.7832955727046595,101.90517089345096,11.019475558294689,-0.28758491774527783
1819,1819,-8.361636760589557,43.60383507761085,32.90573757846114,99,other,0.7225151292866313,55.262998184807884,-0.3287673516682048,-0.3287673516682048,98.48623366055179,9.736594799988746,-0.3524908842410923
1820,1820,-6.932536081669944,44.51648424430331,33.336121494939704,20,part of car,0.649435628026099,56.045289028805456,-2.4912098401529477,-2.4912098401529477,99.22809204450184,9.076386816383636,-0.3339415459396946
1821,1821,-8.17046185965042,55.298179997193365,40.44908550404015,20,part of car,0.7458873722078694,68.99835995235792,10.007933438474836,10.007933438474836,112.22732544388042,16.815023147508857,0.6888339416255036
1822,1822,-7.688055641912437,55.03209865176037,42.10419457735674,99,other,0.8205021648860478,69.71657824777508,13.147606402214365,13.147606402214365,112.02521797935445,18.7817461853236,-0.1773408500481679
1823,1823,-5.779365566157652,41.81859940665744,29.65565999664541,8,drink,0.799042241373386,51.59122495656033,3.688734917779982,3.688734917779982,95.78563247623279,8.875526535039759,0.34184321662166894
1824,1824,-7.740681447315607,51.313232625418784,37.210624295425816,6,container,0.7672961170907258,63.856061201694025,8.24952704900818,8.24952704900818,107.22145962616764,12.837900268352053,0.4375568172637685
1825,1825,-6.9469940779242805,45.24443236030108,32.068931628935346,6,container,0.73539201092145,55.89039060648892,0.8086522838353432,0.8086522838353432,99.89375208061209,9.295992613762818,0.4749381518576712
1826,1826,-6.078846954677371,44.61899550655741,32.145998750826664,6,container,0.766109528588258,55.32786256490241,0.6087668250614655,0.6087668250614655,98.9442526235956,9.112740125863958,0.04555422991678881
1827,1827,-7.269995942093066,47.81603923177616,36.369478366797466,99,other,0.8286022195124504,60.51417524420006,3.5573431181415884,3.5573431181415884,102.62588780937375,11.689611106038852,-1.0680947209935994
1828,1828,-7.260241219809192,52.60695141305344,39.682221591153045,99,other,0.7970916792631024,66.29389979443474,9.550998198000045,9.550998198000045,108.27472830478952,15.764001083663267,-0.7632092016828977
1829,1829,-6.6022539595050285,43.39146357262133,31.875846993597865,23,tool,0.7608429538270559,54.24461715119009,-6.8815924339499475,-6.8815924339499475,97.21548780910881,8.751820935484398,-0.6816378160691414
1830,1830,-7.299497053935146,47.626175852074624,34.130950044214174,6,container,0.7608481060125983,59.046227944330084,3.6235431781870915,3.6235431781870915,102.74182290142885,10.241717633918674,0.40510994500368724
1831,1831,-3.979615126371964,20.287444955610784,14.6574531471175,1,animal,0.8379997738346707,25.34282328670053,-12.417275482412748,-12.417275482412748,72.04986240743521,29.09736015147891,0.8754436860371584
1832,1832,-2.0317752368803585,26.00095183191413,18.336074036261422,99,other,0.8551180504349819,31.880859741261357,-22.436193686857877,-22.436193686857877,76.06413393576413,20.108389126728973,-1.1553777899169972
1833,1833,-7.1619702073702,41.52526576244569,32.42297167203707,99,other,0.80166909165167,53.168511413605714,-2.910109852966528,-2.910109852966528,96.29057066323277,9.249732347746525,-0.6115835647449899
1834,1834,-6.5499031423986365,53.16313356490205,38.53035422732164,99,other,0.8202534851042554,65.98339335391368,9.978529030396516,9.978529030396516,108.48366970535294,15.580530566102944,-0.2671723827283472
1835,1835,-7.703715543933088,48.00435496713118,35.98392385350541,12,furniture,0.6920670524032128,60.48642909683992,4.852519585778509,4.852519585778509,103.82408026882258,10.680783318005929,0.15575193027082435
1836,1836,-6.954005380440254,42.96998167801616,32.240280917694896,1,animal,0.8576510084174952,54.168378505287734,16.5418613265105,16.5418613265105,99.16178655744022,7.8596372202324805,1.3351514699341465
1837,1837,-4.063463322349753,31.038616843408583,23.463017770366537,10,food,0.8284816339623488,39.120591414452626,-7.493252463796395,-7.493252463796395,83.9400701231458,15.987497851598432,0.026675364743823593
1838,1838,-7.364437763255709,46.9935843159411,35.22815703244552,99,other,0.7804281672542265,59.19167980663307,2.084384532200005,2.084384532200005,101.12113047420779,10.959640793282057,-1.3500678191191469
1839,1839,-7.020529588972855,46.703362694439136,35.14574829476986,13,home decor,0.7433390075458769,58.870328229739734,3.514522230233098,3.514522230233098,102.08886701035621,9.933614997734788,-0.08520841085243092
1840,1840,-8.468074120092645,54.84224892600953,42.658935350007575,99,other,0.7213864778123692,69.99403768723379,13.60017978146142,13.60017978146142,112.76137454329869,19.084658752837804,0.3022756765161745
1841,1841,-5.938377033291825,37.391623104229815,27.15493627308862,23,tool,0.8316944742249621,46.59171990980592,-14.230521688582613,-14.230521688582613,89.85896798552788,9.934979948504054,-0.962260174423065
1842,1842,-3.724762914991527,36.50698942715875,26.28284257668796,3,body part,0.802362077971834,45.13781064383316,2.9420329500336493,2.9420329500336493,90.19837359761529,11.085437534170927,0.7214353928638246
1843,1843,-5.867364541659902,44.13631089980527,33.58098643227336,18,musical instrument,0.7992990324102066,55.76847278053725,-3.729484203310335,-3.729484203310335,99.36179963621274,9.076893262319814,0.05571138616629412
1844,1844,-7.402702195244529,48.17283422406367,36.61857910780098,26,vehicle,0.7078021197561754,60.961810117850646,-0.4290296938442566,-0.4290296938442566,104.15294432451034,11.092682541898347,0.04507691265223457
1845,1845,-4.411590228028253,24.870890674750104,17.951292817734704,1,animal,0.7610259035471744,30.98825979501688,-7.190088617504379,-7.190088617504379,76.99190754327655,23.464683593476998,0.5976970725160555
1846,1846,-5.526880726327335,41.37297505025006,31.504673844653787,99,other,0.8392366699286723,52.29544864641353,-4.104952649009263,-4.104952649009263,94.60491562416226,8.998865832901986,-1.490001497853541
1847,1847,-5.488845080961777,47.474889364794734,34.5115018447059,24,toy,0.8031291446876105,58.9494385053788,-0.24498072433512164,-0.24498072433512164,103.10148836842693,10.153072129349987,0.8542672899316841
1848,1848,-5.295045051556736,38.77214799317148,28.39105498710464,10,food,0.7658811531774898,48.34634386779631,1.968801813166536,1.968801813166536,92.86048214099935,10.062486190473464,0.416922094814268
1849,1849,-7.370762576277786,47.48247810576461,35.4560641132447,99,other,0.7226549088779289,59.716382596593974,2.566466712796739,2.566466712796739,101.58888642434657,11.220030863527578,-1.3674540346695636
1850,1850,-4.936712901614696,36.61505576391446,26.70722526045953,10,food,0.84315811785324,45.58847797394054,-0.6088726896496155,-0.6088726896496155,90.17084649804995,11.440838503724558,0.2772195912049824
1851,1851,-5.101333264681919,27.83685843023768,20.5081659009847,1,animal,0.8001629173143788,34.94995217399813,-3.3667715186289584,-3.3667715186289584,80.96250665102997,19.588130343297742,0.9053005619757357
1852,1852,-5.687959887864604,41.04326275797663,29.830465940721957,99,other,0.7974675868500317,51.05642960241972,-5.4443349496185505,-5.4443349496185505,93.08772510572817,8.906304105883796,-1.861590365535804
1853,1853,-6.159715809268176,37.69830969562301,28.25244773123387,10,food,0.8232370288350045,47.51110875957489,1.6504954594423111,1.6504954594423111,91.94263695179444,10.447033772597864,0.27133841634454825
