,0,1,2,3,4,5,6,7,8,9,10,11,12,cr,bigcat,cat_name
0,0.1737349774755071,-0.11894892938019729,0.018561219219183057,-0.04364166612797825,-0.09851953283860163,-0.0170520004174532,-0.2317668912828685,0.08879272259989568,-0.01020866389095524,-0.1528492241199808,0.1541609654822587,-0.05906541340757698,-0.07970280074342204,0.7797390820360361,1,animal
1,0.08191998500968055,0.0009224402052811932,0.24056707158341958,-0.014998410293876264,-0.08813070337698728,0.38564495706877855,-0.20052565392916796,0.17235841724043757,-0.362196724977349,-0.07536179717361194,0.13364901732173762,-0.2018093928492541,-0.17138152795472522,0.7984847327250593,13,home decor
2,0.014393546089015451,0.19459188086200713,0.15047888880122623,-0.06340417410420618,-0.07299895657093022,0.4109603074879941,-0.22240261925274737,0.037910931793315276,-0.3020473854718834,-0.017895127741772408,0.266767013620833,-0.20627625144543615,-0.04573703227792134,0.7528452093783106,18,musical instrument
3,0.09703365761448669,-0.15614213065879645,0.19823715665509106,0.3034245136139088,-0.07420720567942041,0.28157253444344915,-0.18521685754676154,0.1673548692903843,0.11638229786632998,-0.1008947651963682,0.3221188815358816,-0.12426655744311149,0.09962553734167845,0.7618513406522875,99,
4,-0.06805412521226965,-0.04297859215772019,-0.09105777082017207,0.2137346638333433,-0.24934686869727024,-0.07722459622263697,-0.21861998427372206,0.1434875955042873,-0.12449244849509027,-0.012095833609566632,0.19417036002857702,-0.025409189437316494,-0.31835543056658916,0.7944662057985066,9,electronic device
5,-0.052385299145474226,-0.20731655179319985,-0.18501204718468345,-0.010826157492097577,0.12540029992272594,0.004473125905770813,-0.18924032019602471,-0.10387828046408915,-0.04795535231282085,-0.2567016996183918,0.2968557408274672,-0.25699212042395375,-0.15839218039078165,0.805999844651182,12,furniture
6,0.35306523457674405,-0.24165757965212445,0.22391245482106564,0.15500188345225493,0.06534947021758224,0.28776125768612987,0.16199737780060025,0.13569053285250512,-0.26422229065714836,0.1710756914498318,-0.01851913553479328,-0.2544548576322532,-0.10536641708444248,0.7251907697869563,23,tool
7,0.0751637874688991,-0.21398130761059722,-0.25301509018980534,0.17722854048965325,-0.08484711309215687,-0.1124332551138931,-0.18924758286345064,-0.14007982103064273,-0.2055538726050798,-0.0617820776923428,-0.07989978659522695,0.09519728265176734,-0.07190462341405669,0.7951560114950681,20,part of car
8,0.08358103706127894,-0.24466959549307846,0.019039023682012324,0.2556662472746741,0.020251555330857682,0.10149639461317865,-0.21018882844654388,0.3901305206478016,-0.2550123490765435,3.787883451466471e-05,-0.040225047534720525,0.05060504996837429,-0.10180168022614956,0.7435045885816449,26,vehicle
9,-0.06986650464213667,-0.08220714105720198,-0.0015020506865779221,0.18025886738054933,0.1195806540780026,-0.06136604769530583,-0.2918365984651273,0.4836433860526176,-0.16975962511289802,-0.15312485134779666,-0.3081377035577374,0.0446528121979409,-0.02132562219126013,0.7626539564322118,26,vehicle
10,0.012793631466920802,-0.15364446726545672,0.021044485401565997,0.2419156370076645,0.12625490029547995,0.0550503891040101,-0.1510599197005284,0.4254920020070292,-0.15724583625812594,-0.19736656568079708,-0.23143940774595623,0.09601578634902626,-0.07229872501764646,0.7905644443789653,26,vehicle
11,0.12030725408301067,0.06215405558713597,-0.19512748205432048,-0.13268318402559817,-0.22174482246277352,0.11141880834603907,-0.3471098108047062,0.18306076639069688,-0.2749018340313669,-0.20008121879354177,0.22820820947252926,-0.06215500210334138,-0.04490762601513521,0.6915167869055066,13,home decor
12,0.15709125030476317,-0.01300972003133482,0.09787295990919734,-0.2078933707133674,0.008336027422651927,-0.09785841067745672,-0.4181575789897902,0.31786569205890375,0.04409182972373982,-0.19385305667839148,0.0764534123442841,-0.00757223734923478,0.03382447987978524,0.8363870150806295,1,animal
13,0.07501985754342799,-0.004534797720988554,0.17259339188743028,0.3455189192381481,0.15722979280204885,0.16438320503431694,-0.05194269648498179,0.2095704366574096,-0.02865582346365258,-0.17977238438754573,0.3911276061134014,0.013005033702090569,0.06705770345485851,0.820347729377413,10,food
14,-0.11076598353936482,-0.11419207748637071,-0.00956751228533004,0.06745081985782582,0.17562226323672808,0.1852562613764902,-0.30337821806726234,0.03504824568362208,0.159061011145378,0.20099073884268065,0.4392054105865615,0.2240892453228235,-0.041079620969432476,0.7518986941243039,21,plant
15,0.3211377652080868,-0.15532397071436732,0.03951695129617427,-0.12396811337523092,-0.1213682353856741,-0.0007716641286006094,-0.14063054120598942,0.12717734007386702,-0.08494059134503297,-0.23232294300788617,0.12466882563175265,0.014967872447838001,-0.09669373803994889,0.8132426873349942,1,animal
16,0.10430465032621898,-0.21870532425677305,-0.07899916244871029,-0.11028127364052809,0.02496712470994986,0.32743668033498335,-0.15886854569294928,0.28991662445119915,0.12050474540873873,-0.01913702862793318,0.2505944140154846,-0.07957349478904353,-0.2244438325507943,0.7450487333383564,99,
17,-0.04015622288328751,-0.052023188072280985,0.14364657864455416,-0.02219693590516899,-0.023993638253572484,-0.15582277612043177,-0.2357200056586204,-0.16820720963529004,-0.24450923610223618,-0.20469723301629036,0.01356662440415917,0.1918548559417856,-0.1754589265036512,0.7671410703118021,99,
18,0.10918572051441852,-0.1130936071941231,0.2486758910201477,-0.1828694559210601,-0.10260588174042902,0.019918265276263235,-0.08673514527593672,0.27465183779817887,0.2563276451684438,-0.040420213599007576,0.11861858697521169,0.06088612290966941,0.28337824340997275,0.7793528366816241,99,
19,0.13655771424036622,-0.14969494266446146,-0.24048354685998072,0.1313825916743078,-0.21842916289439843,0.006467282644141084,-0.09446161750531981,0.2064252654128565,-0.22201189886858907,0.14903099929903788,-0.1196285897710344,-0.08571945355588736,-0.1827793196967804,0.7523692131061679,26,vehicle
20,0.11330084675724102,0.142823567958225,0.22498548587682624,-0.018926360006249594,-0.15702457568701958,0.36870085344446496,-0.08973017626972613,0.16598693314631202,-0.2793510031018358,0.03224222406336769,0.31487073029055396,-0.13457113444438953,0.016044233023141508,0.7503827045402132,9,electronic device
21,0.016665191642245933,0.010269955719449933,0.14609632726027566,0.12237328256809915,0.3054370433955,0.09295237746871744,-0.05685716077460894,0.3980341694225482,-0.09281236291958157,-0.09962047017492587,-0.056846175068725094,-0.0034136734136504957,-0.05333449822807883,0.760987919409889,99,
22,0.08039706069747687,-0.050622623477788946,-0.38841559326015923,0.35726819087005174,-0.024543387924992416,-0.05431188340777391,0.35290535235904985,-0.2400502431611031,0.11581715241490002,-0.241842825993895,0.22619196832803184,0.0290488887753631,0.20364393771156333,0.8365940917408214,3,body part
23,0.03426934484816369,-0.08281029452704773,-0.20546519905735663,0.26991203330501007,-0.03435404063755284,0.16452984171583956,0.23451025560702315,-0.22767406016487185,0.020198110383889377,-0.2451429420091948,0.10618450622546502,0.09989173523576975,0.2174353451501391,0.8637443554163707,99,
24,0.2004605041957603,-0.1908890569226366,0.03847226143261697,-0.219881176194112,0.009065771861987513,-0.029046606670312242,-0.4225089416143308,0.10294643273600917,0.04676071449939292,0.029725364807391137,0.40891484950327833,0.13413868501507598,0.11112977361461858,0.7547192904467438,1,animal
25,0.2823835367147393,0.020195602630973863,0.15380542683056136,-0.20819649808453933,0.0032587303517497366,0.008438988984441217,-0.23094368808174057,0.017888147628197678,-0.046885286366812204,-0.08737639902066208,0.24866149083911354,-0.08896410477667784,-0.12973005022004655,0.7807796539898186,1,animal
26,0.23338143727873134,-0.15927628287150972,0.08622973761643664,-0.11302996339997502,-0.10979879695632029,0.026438269621827732,-0.20177628800301528,0.1660982616503569,-0.03997905382804591,-0.17431496176086053,0.19595279162575632,-0.07150750229728542,-0.1541355220247581,0.7213829798072418,1,animal
27,-0.04162998612017157,-0.05358774986786565,0.1481295709587567,0.1092228862481992,0.0947575221469432,0.38963534579126635,0.09218733417061893,0.3296139464638118,-0.18621408930707792,-0.08860228552319119,0.03940970245148932,-0.039819770104250474,-0.41472239421434454,0.7427858388224243,99,
28,0.12626451042543657,-0.11097132362951909,0.15197921245724874,-0.04103297333462635,0.13790636850941593,0.09349619968661713,0.0503441778320566,0.3862822710544,-0.08544090649991669,0.02617971099858538,0.10423031379661324,-0.014288516840250832,-0.18510256987274173,0.7379074854388374,23,tool
29,0.17408814863303937,-0.14584116049745735,0.18964694730831394,0.23755144217377488,0.178445411693197,0.1896015802942862,0.08792329870142276,0.1450782048666028,-0.24637879555719525,-0.14283268932402823,0.0967063326904099,0.05418920159380877,-0.03698983845973634,0.7514259463110777,10,food
30,0.04282156577124885,-0.19779286267000526,0.1848535304275326,0.3751302162761276,-0.13974093580620567,0.19539577991593723,-0.08171435681554122,-0.077472029005369,0.003449068531287163,-0.23391197825942767,0.24872246410911683,0.0169192239728288,0.05540564423857844,0.8265585952093325,10,food
31,0.07887366279342371,-0.0891424640387021,0.012213278664720904,0.21694763470766856,0.09239654666522865,0.3128949697164053,-0.14450494233221192,0.17369426574010843,0.11672994487378958,-0.03731155810512557,0.3842858075933376,0.20714235806676776,0.03140391228705751,0.6634847776082441,21,plant
32,-0.02900078269953668,-0.18787085675759418,0.1770270379978699,0.2660936438302732,0.0026573760706896906,0.17588069726281186,0.012446813618751901,0.09516172021546848,0.024717535690622,-0.11643696797393072,0.03704160442410419,0.22096042650550063,-0.16445519351054802,0.8204776639761957,10,food
33,0.061069362528792,-0.07891106863943151,-0.29389617794553075,0.29899942594082946,0.09577789738797184,0.09040626934033019,0.011724972522736776,-0.10694520623893503,-0.21451498607310096,-0.22647051113554326,0.36212564181615026,0.17380663370135116,-0.051505567516997856,0.8204058310950777,4,clothing
34,0.10468799996672416,-0.11064843639183522,0.01872432794869514,-0.04174686630675016,-0.1921470391366527,-0.029528825524151252,-0.5513071772364467,0.3376435726686318,0.027102124245568775,-0.14106784166190064,0.22712081523875385,0.10474991487535643,-0.11351687841889534,0.6884195044638517,6,container
35,-0.15345521053791136,-0.17964243656992995,0.033357437558895704,0.17334349725893283,0.12853821227163573,0.24130044154937602,0.017080742235631982,0.32484880497140933,-0.09118948155818783,-0.2916531663652984,-0.13988070056768076,-0.0029309298129449844,-0.33104962935801013,0.7091216650057741,99,
36,0.033992299840439694,0.14527409262019592,-0.29440162693010846,0.2150835056278023,0.018602988023420145,0.08444836518214843,0.17780215694134516,-0.27587924543174264,0.10391789632025827,-0.2902593175303776,0.10111160107670286,-0.07424109663314038,0.03929558306923368,0.8251103855218805,3,body part
37,0.05730362107994425,-0.1083610703345229,-0.00019486740209581892,0.07468772722347333,0.07864868849414368,0.19736833130920764,0.0006102509722024495,0.10470308685369127,-0.2298893488585333,-0.07937637880484603,0.13148608745127247,0.2655006258305229,-0.07393479816122016,0.8255687669198581,4,clothing
38,0.013269323820066029,-0.007060130882426121,0.4224928061946795,-0.1884134788804612,0.294755261243359,0.13154699862013597,0.02974243091193571,0.07623405762864781,-0.367939396705026,0.19288971979773065,-0.05116664640768886,-0.1420787220877141,-0.3267747937826968,0.8159023739227937,27,weapon
39,-0.08166562934156327,-0.2234450386085576,0.0537928314119285,0.1611982909475469,0.10985733095449998,0.2714548521929029,-0.24829607128701706,-0.005358555249094999,-0.0049650960129398874,-0.041377266035445524,0.4258347314627952,0.31869987802638694,0.043246253301597586,0.8075332676084237,10,food
40,-0.11807463016372217,-0.21661465935203084,0.022019211807148012,0.19327119732890163,0.16555829590711002,0.24172902947100638,-0.24509062695861158,0.008979438198769877,-0.041323364965147734,0.0716334411132601,0.4174161619518948,0.36482211268242404,-0.013618500265052614,0.7882286857834038,10,food
41,0.18825605352962782,0.3930183385765782,-0.007604758401017166,-0.26565112746107855,0.17098152904474795,-0.17699815451809708,0.08664878603985514,0.12004490473832019,0.19170656430561714,0.22014542162588582,0.005038797165961995,0.18259422822937665,-0.1784936990194579,0.7826210779562147,6,container
42,-0.07656372970044857,-0.054950498969239384,0.18346459418323227,0.031605043032509855,0.2704471331733763,0.2807599244105245,-0.12643819973727138,0.02290427312174428,-0.2160134072635407,-0.032985510274179,0.35199715775920587,0.0035907574059127435,-0.168285166835026,0.8175056245355452,10,food
43,0.09045745708074183,-0.03379128650580014,0.17987026939427692,0.3659147859901069,0.008401188073631681,0.33750610335046816,-0.1282907377764853,-0.07480641262370752,-0.04673859865287064,-0.19603022577241838,0.38105516879841866,0.005673295639501985,0.11686005599864663,0.8171612926547138,10,food
44,0.05182432963423584,0.04320257740351805,-0.23431177664506816,0.06949937272859384,-0.006937376085743757,0.2715731583264518,-0.2528453197190604,0.015134057621706498,-0.11098260724747212,-0.20388561670258482,-0.041583586428728156,-0.1807122388125995,-0.2580425716640663,0.7950330257627584,99,
45,0.1594775208681874,-0.10226020876057682,0.19945137628957368,0.07130324054692445,0.16417673182670192,0.021302445414649547,0.21621624884109913,0.31754228096113113,0.026772114307365636,0.16736532786166888,0.15457602543617582,-0.0830731167963474,-0.3044237446860157,0.8317437765969407,23,tool
46,0.050300232103608435,0.1389071947706695,-0.454307791555135,0.021971900916965135,-0.020926720726937874,0.03891022356109195,0.03394862321818905,-0.30609355877270206,-0.1776935238620948,-0.2675978410878079,0.15129779085545922,0.02032493679064275,0.1581205257276733,0.8649896259588173,99,
47,0.0024920871669570225,0.03844652808842089,-0.14319237862167317,-0.026824008496685276,-0.0912031484701022,0.06345659500959636,-0.28041228757975023,0.08210345752242618,-0.1797633564081108,-0.16737548550650388,0.2741295343139656,-0.1135020126617064,-0.17538267736834345,0.7595028308803852,99,
48,0.3142964216902088,0.011986673703325196,0.12799075211808422,-0.07527644328029233,0.22336469819577923,0.25790457093969515,-0.10587685382041537,0.011909668406088559,-0.23368464130233474,-0.09763646659210914,0.0882330261984481,-0.3193108534495881,-0.04513397261719083,0.7759221079108509,99,
49,-0.09968025165690331,-0.24519079346488254,-0.29982068051504673,0.12112834262000151,-0.05167019144893431,0.11113970431648405,8.781320404113853e-05,0.07466468944419151,-0.11356993655694853,-0.22634618067263285,0.2139261228848684,0.07836044303839317,0.10590101211823255,0.7586346533028325,6,container
50,0.18626206281255883,-0.02843005242652428,0.24276701539748807,0.10282982360570998,0.09957375380413816,0.08715101044495593,0.2714719196740083,0.10500237400313708,-0.11702550511756314,0.12731404908185723,0.26235113171285634,-0.3592131808887045,-0.2552774397882689,0.8030283817999511,23,tool
51,-0.045991201108341345,-0.008850913954540414,0.06742702678135944,0.16340007684213156,0.09503247490259167,0.15669235520594407,-0.03153270999642704,0.12835192506526685,-0.22262191325267303,-0.12442486093458446,0.186279602883865,-0.04511177796078092,-0.2726582060541554,0.8386790793308543,10,food
52,0.207709128726663,-0.049519816387437576,0.193290742257953,0.10468355431809503,0.13325595102838245,0.22455199936016015,-0.19602987792034443,0.07553656069572423,-0.23848828334504177,-0.22483612610874934,0.030323190634763134,0.2621250596418066,0.04438992247176448,0.8093417621254789,99,
53,0.2240736797737604,-0.038160978757551645,0.028885698615075804,-0.09812172451383781,-0.11934852992090748,0.0748520845497429,-0.26305365762354754,-0.12188881045442829,-0.04267420279011683,-0.14200720282497659,0.30729071148297227,-0.021267953408316116,-0.09696506135903585,0.779213680869929,1,animal
54,0.1666752709818052,-0.11467271613598726,-0.3367780380756769,0.08560912130619314,0.01375672551299641,0.1036619578754815,-0.07055885584840649,-0.1127057965733609,-0.20020896235467162,-0.2546517634481887,0.03526542253173179,0.07398134169556787,-0.011507721065591728,0.7891456960745815,6,container
55,-0.04360413280490828,-0.1179102327849877,0.15443103385920362,0.34788429512624547,0.03348924623318178,0.2227923763955392,0.05597847071269315,0.022569128795260858,-0.021444077671248472,-0.1993583111335449,0.012087156611517273,0.07632344356144102,-0.06124883908219401,0.8156871869524309,10,food
56,0.23270629227375894,0.031637573601776076,0.16611787934454197,-0.10800824260331403,0.16094493336296561,0.3449933119798398,0.038160872136124825,-0.10149624893061136,-0.055999283744886275,-0.18324782287419977,0.034845063273768295,-0.20856207918573966,0.059072064661828974,0.7654029441235759,18,musical instrument
57,-0.07374410781079407,-0.09005092086171736,0.057887601593626166,0.3306114500707854,0.16265342505831812,0.2126150219941079,0.002398458261060306,0.11680240835802679,-0.13471199953155366,-0.09878501427326931,0.06876492517885506,0.057663704255202494,-0.10409505600007271,0.8040352260446132,7,dessert
58,0.023661697978346996,-0.27130896410821814,-0.07825418591792972,0.14809075412150982,0.1536892180367437,0.10139411625436012,-0.09538740214339363,0.023860392066545773,-0.2024317138499753,-0.05357385046558767,0.014652114654281706,-0.42877267207423725,-0.09504797102776168,0.7888944969548628,22,sports equipment
59,0.14404492032355187,-0.08148295666471866,0.0757587855124256,0.09781066949079979,-0.12345080539315458,0.31442461569761154,-0.07502648137244257,-0.2652095434603802,-0.03442824976600833,-0.19371930566361067,-0.042959435653446204,-0.12268192132752283,0.25420591099854944,0.7860352151020906,22,sports equipment
60,0.2004178600269128,0.0765795171553719,-0.036102818844521864,0.041530083165490825,0.19856800515401057,0.26308089638730464,-0.05659462000219418,-0.1690528848555884,-0.06724216014821079,-0.37342465152941445,-0.1749096367038543,-0.10636948202756222,0.21310842513325517,0.7961419311674186,24,toy
61,-0.0003986754260268664,0.034544634724941306,-0.299750230728693,0.094293311618508,-0.4106887670496215,-0.26045699146135387,-0.05315452413248947,0.027348802874825422,-0.07784917991554317,-0.1306519016648458,0.0962443994171853,-0.028534535187379882,-0.33472547928549645,0.7644093597619754,6,container
62,0.0031466335034714887,0.06161323336121176,0.2047109950825796,-0.03820365025565069,0.2189763240314616,0.25399523681026437,-0.03657887541302639,0.14848753087198577,0.007769894682360456,0.05410580612079119,0.3039146633662933,-0.3539523065108914,-0.14544024690328056,0.7731107416524674,21,plant
63,0.08091548118451855,-0.12667513620852155,0.22335398997922923,0.20969060731389702,0.21968198099682656,-0.01623355694019447,-0.03206069192614291,-0.10267152842204268,-0.03995072541300259,-0.14359719446221425,0.2894785627813307,-0.03769870539313749,-0.037265466464047735,0.8145355217547103,10,food
64,0.13280492933271434,-0.08493415439900603,0.1604813465760854,0.22338483148390145,0.22883330805212662,-0.07933316034837794,0.058649856408533936,-0.0399656132713648,-0.10319075130112268,0.014251115012362276,0.3631045178767899,-0.0029363713804356445,0.02141609449329344,0.8331194877109437,99,
65,0.1498583617486961,-0.04502432230909474,-0.030388383951971586,0.397251197473641,0.3154285895924777,0.17138281707464584,-0.024879579781432744,0.03703564062314183,-0.11578082795969434,-0.12544064905187086,-0.09283225159204314,0.07576380774762588,-0.11184837598582865,0.7974938719385984,7,dessert
66,-0.019574467505567565,0.07894539443504386,-0.3194185700671164,0.11035516674730605,-0.047040801678163865,-0.20134893345202662,-0.09742027609635685,-0.22235852082771182,0.09392421755024924,-0.0969806343211023,0.007098307010794275,-0.010731752763072627,-0.190031604482842,0.8533712702813668,17,medical equipment
67,0.10344176765811004,0.14504928134408826,-0.372726403164484,0.10691213136980714,0.02521705438873414,0.17834151343901128,-0.12438752371904216,-0.2608418739481188,-0.1148169831362297,-0.3877965676364211,0.02663606561217595,-0.11697087390235951,0.15679127219464745,0.8461554760335249,4,clothing
68,0.10183781507820788,0.029482641245763608,0.4864685349516664,-0.09990547022925968,-0.001908311479487498,0.39685232740731774,0.09274150987353379,-0.13500750642378198,-0.07398719654268564,-0.14335452461475387,0.10907868288124817,-0.1380203924402673,0.0026203994238276525,0.7209028178853369,18,musical instrument
69,0.1688559174605355,-0.02799726513274308,0.17490958895149372,0.023823045234641738,-0.28215629138152887,0.11465498125387089,-0.10642290978157809,-0.022387089078371104,-0.06719575378256447,-0.19357942762977323,-0.008523459558342054,-0.0022744732737752416,-0.3884051796457061,0.7866108178076415,6,container
70,0.10733734115279603,0.09481884664387188,-0.2761066230790716,-0.07130838338306388,-0.12225077793628343,0.2077508213287012,-0.2217070268062979,-0.016303732321996986,-0.09795587157769815,-0.2003999530271651,-0.19820814219169203,-0.13975164146922384,-0.011626011504224326,0.8372539503674096,99,
71,0.020592005256364766,-0.1332763093894954,0.08938222637455824,0.01075998862236435,0.10302859768415146,0.24352712042647456,0.04314302742938828,0.17146438298532662,-0.29830697871556705,0.10293537089419853,0.16510460459405338,0.06274067626144256,-0.35324144135969604,0.7623180826936125,99,
72,0.13051214913936374,-0.1811780944256985,0.33784919722657286,0.18075855209586605,0.17636137825036366,0.22509517518816033,0.026917059456592056,-0.03018808034147492,-0.2980762543185377,0.03289518718552225,0.18042653573556272,-0.10349594508205821,-0.07319569168130285,0.7873816910161584,22,sports equipment
73,-0.003229212670134135,0.16750557700273275,-0.16679433916078443,-0.19032623085042935,-0.34446449028094367,0.0695225392746555,-0.3563736285467172,0.05671057158243489,-0.5019465645737045,-0.01106823439297407,0.1326110658577779,-0.10094037226114744,-0.3059936183845977,0.8176916040045575,99,
74,0.014992645598710962,0.030531158234519868,-0.06808896425783492,-0.04298567939193783,0.059644608005711995,0.16263385578090248,-0.11414066980563456,0.396799593343949,0.13505595186526453,0.10162633030943455,0.2224577782661919,-0.12653835215458048,0.023187925028082982,0.7701270682030154,99,
75,0.11875282051217168,0.07758427271811927,0.2551815244625781,0.06037108604683716,0.07345034623731254,0.03183565086661312,-0.3989045543229519,0.24763372363670547,-0.005213495823260012,-0.2881121250219906,0.2015126610287702,0.1310014760279109,0.17343743222581007,0.713455250696459,1,animal
76,0.0570877943874518,-0.21970751141532585,0.17132406175913412,0.17681779128613756,-0.11832008003813736,0.23660059419415744,-0.05238939205178189,0.311681629068187,0.13111090337436326,-0.048801267911248926,0.12478752719387216,-0.06485415062510984,-0.40585086533927417,0.7818442515473123,6,container
77,0.08020681819849768,-0.046965789281289146,-0.21544740584825023,0.06904898384267352,-0.1015005904551421,0.20470881825095177,0.1008339383175605,-0.20701392154371256,-0.058437430145770554,-0.15895435632798785,0.23330069943970036,0.13036483833616197,0.004102853975102824,0.8563788023332909,99,
78,-0.07493570545815526,-0.22074922885241677,0.19457174053823642,0.18616254539573668,-0.12272269854526986,0.10081128706765369,-0.04727655248487372,-0.2866932040545039,-0.11166929536314484,-0.21313353015606273,-0.006909034078745055,-0.19702054788030043,0.11359594651969239,0.8062906233477479,22,sports equipment
79,0.048338309290433173,-0.035460866390763374,0.3561465996396897,0.042630044890281334,0.3136395109034005,0.18556531894004252,0.09038384205755325,0.052048169112039126,-0.1399580034168499,0.12240852071742589,-0.002373921276750653,-0.3969953543297508,-0.11416825486597941,0.8071709625063285,22,sports equipment
80,0.09674330452893515,-0.1779729265131071,-0.11130283635190659,0.19314806614191093,0.16779085526127577,0.2169254672101648,0.07552164190748134,-0.06172974179598124,-0.24708731156036604,-0.24785630034644074,0.023730551418010577,-0.10303281473278941,0.23957706638739606,0.777232731821949,22,sports equipment
81,-0.03805763397182635,-0.09856931466101136,0.010189177644294861,0.08182560650641788,0.18658685930878122,0.2391267456230283,-0.2569186175184358,0.03592183230327133,-0.005962477440867555,0.02713764465068816,0.4636056578053064,0.2855097138802254,-0.017506986261367645,0.7288439165971375,10,food
82,-0.07764349423793981,-0.15604110728660606,0.15251662924760373,0.22150642324562597,-0.19718776034257585,0.21079410865851086,-0.09700029878125463,0.06387795846878966,-0.004588922528891587,-0.14204691036205486,0.16615343590889678,-0.1411504072292488,-0.3452574305020833,0.750885376093977,6,container
83,0.005164113914102703,-0.20762845953495052,0.13426934233906293,0.27071584059574744,-0.12272746444901811,0.2447243325922675,-0.08741506810682223,-0.21108539057162418,-0.12445461528788235,-0.23525413014261715,-0.0010025693492320131,-0.18090292427995397,0.288773897344185,0.8086267859720019,22,sports equipment
84,-0.16215084380614833,-0.19662563464527888,0.21075013961663722,0.1948346703896397,-0.05006153784219603,0.37721208732402506,0.021804105906757118,-0.1032980969967201,-0.14741399569218522,-0.12449398657545194,-0.09346434251555218,-0.07990515676913301,-0.10883800022046301,0.7100569791650336,22,sports equipment
85,-0.03017721813367995,-0.18130438351875963,-0.3458325041578506,-0.023346322537277073,0.07584714266191198,-0.031057106272504024,-0.06770074490146065,-0.11543471948562492,-0.10420147378405385,-0.08595256604973983,0.03710302517518972,-0.02789516346816006,-0.00632363586131097,0.7619022498570481,12,furniture
86,0.16505727079792284,-0.020402100744805533,0.4781281125250024,-0.10470017324797623,0.22862260718152955,0.4521219787124971,0.18769708023533846,0.05898474085353193,-0.11360394208908198,-0.01676139061226918,0.051227515916444664,-0.3001230793924262,0.0265932009059035,0.759348673586241,18,musical instrument
87,0.20048970687213077,0.019946485892539043,0.04291003937459352,-0.22104084067188037,-0.03678519095327632,0.005150071537934224,-0.2736082091663361,0.13806237208510067,-0.01566075709466941,-0.17011228247251015,0.25853470821877234,0.0014959926633322507,-0.07215700430758465,0.7979304912634764,1,animal
88,0.4005609996372714,-0.06157612133759531,0.3290726393540468,0.0017548517962418576,0.23431899470963538,0.2167240783393456,0.24446636965336752,-0.0015593004842551564,-0.12962102512572196,0.15809726862440998,-0.12813497354879896,-0.21984595062225987,-0.2332306037857166,0.7302228322506259,22,sports equipment
89,-0.11255357445282815,0.037889585723322725,-0.23180617396793315,0.18180599354581597,0.04585970380687978,-0.036798814703492194,-0.337503311259691,-0.11129480253345123,0.023414074177800573,-0.03290175738313765,0.23807527495921663,0.1736343869202063,0.026770743175007883,0.7516862233904059,99,
90,-0.07093476348122851,-0.21704188878631991,-0.3899490508829444,0.17060663109108942,-0.058893221255871674,-0.10344139356642933,-0.014987578452462206,-0.36087573077379514,0.1897527102640434,-0.3003685919832361,0.12145622709273093,0.14229036262082304,0.007812887649939544,0.822043802735997,4,clothing
91,0.06797432070701544,-0.23368711239505086,-0.10145124487487871,0.3417476367379151,0.008267390182207918,-0.262381897463682,-0.19490025216632384,-0.041747007937077384,0.3742703439947501,-0.19785939769569366,-0.01144171762056019,0.03661092639871523,-0.29492470285398015,0.7868906994268036,6,container
92,0.24571278355320791,-0.09654936276839882,0.4926855416993089,-0.10092728240884197,0.05297005081699867,0.07998312353161459,0.22576379093225757,-0.05820108006507879,-0.31179979066263946,0.2980861416371542,0.16246748400841599,-0.19949143562298813,-0.319708651869273,0.7830712451861361,99,
93,0.16924585064779396,0.06296850889834177,0.4727844339255603,0.010180549250703361,0.23013690740995832,0.11057869288176297,0.2301805547638627,-0.03374145883676884,-0.28585578901397524,0.20082207076346045,0.1415710098312193,-0.2856845154781118,-0.30451428746254233,0.807895001392697,27,weapon
94,0.14816625426038507,-0.22025360406183542,0.26824841069729144,-0.018450068231562176,0.2897858463108075,0.350239537956474,0.17589676994341746,-0.07620505348176947,-0.23307800674090304,0.10239411732538246,0.0883411448889831,-0.16507118189771236,0.04549687451290325,0.7707799598043501,22,sports equipment
95,0.15445482387377954,0.03391788933176832,0.3187795992181879,0.14656567953218677,0.17650327449948644,0.11998632220333734,0.13731742984204326,-0.06690745869048301,-0.17706211206320172,0.04507113281249128,0.10905892807905809,-0.09497631976167349,-0.08997772509098789,0.7968352583564395,22,sports equipment
96,0.02634614263118064,-0.15848071596158653,0.23481863309828654,0.43929473085592013,0.1008157121121934,0.18365702674614462,0.06806542629246529,0.041416999894435924,-0.07874628758970313,-0.07135408122186489,0.02353973559642091,0.1759122278933121,-0.24414221982672735,0.8029628746754534,10,food
97,0.2474743015860505,0.05610429689775208,0.2850824729409016,-0.07859417681213947,-0.15740696450088856,-0.09871716311558663,-0.03823938174038737,0.0409026574387819,-0.2872139661989214,0.18633350549350824,-0.017534985217470416,-0.02272004463378545,-0.15162299926286493,0.8152164886468304,99,
98,-0.0843761829806506,0.026701837652785998,0.351167344564485,-0.055609638150945676,0.08381807223938643,0.194241941495289,0.0974224197694426,0.10621715538306604,-0.22992323502362652,-0.17811391825505785,0.10832767270296342,0.0958718167196136,-0.2254384137608705,0.8031261076239846,27,weapon
99,0.08462313144499815,-0.07237558950556935,0.08865996038360045,0.18200303688583105,0.06488203260426602,0.18989987622544613,-0.1286560576324746,-0.08534124007690418,0.031648838812244534,-0.30542125713579205,-0.17348117271068436,-0.1370408789117339,0.29968396770949624,0.7530306342716097,22,sports equipment
100,0.22462673075614153,-0.01958482953356396,0.32942596162838844,0.2842088383554665,-0.007773400202960785,0.2750043624017267,-0.18512760470467174,-0.019586438361300022,-0.07170801338909495,-0.3444639930092058,0.18486154104966268,-0.1793515713269691,0.12600636178359928,0.8005449834718129,99,
101,0.09808235620987656,-0.31775197595185145,0.2865564902955273,-0.1049382568253885,-0.38201968605272785,-0.09122887024200393,-0.10597321224151669,-0.006980589908044593,0.19579897377550265,0.07137728133360442,-0.029390750808932692,0.28265564886169553,-0.18853490068697115,0.7610230138772341,6,container
102,0.05380667740210131,-0.10602247351523184,0.1397803550411322,0.2849600002114327,0.20604731608223237,0.2728367580199042,-0.20556564652342435,0.09390663131511055,-0.10123562791819299,-0.07213852899476997,0.37529245878313333,0.33280601221731304,0.05823566131204271,0.8158888345123164,10,food
103,-0.04553188518373104,-0.23782225497634185,-0.19295370796945532,0.11602337662781476,0.1680606271886053,-0.03523389747212583,0.029702930004387777,-0.3947017778392804,0.06157831959491087,-0.23251917760598378,-0.035727319174062425,-0.07008767246692436,0.07245585298025434,0.8293577110830803,12,furniture
104,-0.17724630508932737,0.15497928723896792,-0.4076765246581133,0.04905232640095736,-0.07849739322597166,0.17512171476026694,0.1989964948355229,-0.2611114637164029,-0.14775554315567407,-0.40123279129154704,0.19407994764472383,0.11208835625010412,0.2543606844435784,0.8598406892366053,4,clothing
105,0.21559391706601583,-0.11088766007659183,0.09962898244120558,-0.17038591102696463,-0.09979873139776023,0.032457897026355306,-0.1892944438074877,0.11946758056794617,-0.038589285438102465,-0.1827225519909855,0.21824699081643675,-0.0014975714221677572,-0.1525483994695152,0.8131854241409895,1,animal
106,-0.0023870043712478266,0.40386095412743184,-0.2047254116328969,0.052352457429967914,-0.09022129343903042,-0.06135105498823933,0.13199496342445757,-0.2238036747895398,0.0027961829341957203,-0.22452286784098235,0.10218399106021547,0.2329808168291974,0.021426900114626352,0.8892157258547346,3,body part
107,0.22708442420218314,-0.08062374053475,0.1290450247226789,-0.13891613827991214,-0.09522305178934909,0.06001881060523383,-0.25667178979534694,0.11191577870101642,0.03681419730771027,-0.14959778234644736,0.19951877884024477,-0.054533412349430446,-0.14558008478792095,0.7771789288680178,1,animal
108,-0.053421893763030456,-0.31647244976814554,-0.2964657867442778,0.0822971565659186,-0.051390958827999524,-0.09367163041054047,-0.1023243779529268,-0.12612989493672422,0.059303644035914545,-0.30078651081221613,0.20958079777679164,-0.05609119577496051,-0.07440799539334772,0.783240404047152,12,furniture
109,0.08777362745833209,-0.1503767412778863,0.09251319655869612,0.08416711189631164,-0.09069809165801716,-0.08212143213921286,-0.13847767390830462,-0.28701085474688565,0.22157884282265713,-0.23446986610251483,0.1283515219895667,0.06484816663903985,-0.32398940851328417,0.8001298888728533,6,container
110,0.23305623711344373,-0.1304328610719436,-0.028848473345393755,0.06068744207630412,0.04631009704266578,0.37497013115468025,-0.10835870191019761,0.023728931893286523,0.13923333620660594,-0.02368647414223886,0.34669089893536775,-0.06787656641546953,-0.19912173347672663,0.739768260551316,12,furniture
111,0.285713343341646,-0.03922231658741264,0.0994725202307588,-0.13076756327193104,-0.04246371185307,-0.11519733278578918,-0.37086782126453605,0.06217886380521759,0.022978794516900956,-0.14020893658563172,0.24029510685862654,0.06813674173718597,0.16819669927391423,0.7645790069216878,1,animal
112,0.08495549149955145,0.13629346006434886,0.05575336040995384,0.1265605321182912,0.10140705261229954,0.10825447905657501,-0.37847440223544915,0.21675608277015854,0.027051290621354175,0.014372325279679642,0.26604684259680383,-0.08655651712312157,0.04400103455078497,0.8081771574266886,99,
113,0.12646674574219144,-0.14088589868129864,0.04549945875182537,0.1897852938419795,0.1237773967366062,0.14450012595198258,-0.05427806244863061,0.013412314641867235,0.22066754826204932,-0.08554202770654952,-0.051442001180771156,0.23847327376986105,-0.04998435902225364,0.7918609982130597,8,drink
114,0.0730750041778697,-0.14813056768595145,0.06884594289412126,0.3138665695337446,-0.08670799162800832,0.2741646001267475,-0.20841529571642742,-0.015325049600674465,-0.004080655427016902,-0.21006538210794012,0.17486207183522604,0.007410024595473854,0.09268400886810554,0.7826807489965385,10,food
115,0.237863166585394,-0.11932620515008133,0.09580663884758768,-0.1635756946409356,-0.007496145906616446,-0.10722477851398911,-0.450188767746567,0.18602035409521775,-0.022296447730206243,-0.07477447150895132,0.4095710012621772,0.016803228386778356,0.11448855922720602,0.8350173384992922,1,animal
116,0.2249383442109405,-0.17540098962455364,0.32816111157155586,-0.008397728771693218,0.02102917074029643,0.34043399746994835,0.042234015324623064,0.1898716224575901,-0.041417622564482226,-0.12124694685319785,0.10810830102895658,0.05361549024336253,-0.03668300299986996,0.7657189580620827,18,musical instrument
117,0.07890252211132326,-0.031824347903854945,0.12669888475243624,0.35690357763179603,0.09446934351497133,0.15431684060808357,-0.11511562757606242,0.07487697658026445,-0.10955248293325025,-0.1457813966460095,0.3093092157452994,0.0518267473103015,0.058912253063968745,0.8196554270962855,10,food
118,-0.09377639437676161,-0.2374365278182542,-0.015168479308445061,0.22430249633799335,0.01662288446240059,-0.000272923823896033,0.18847433445422035,-0.02064214709762617,-0.20701776028635946,-0.09617815136183397,0.2941870503757282,-0.20307285381960796,-0.0009615652855014347,0.8158603591530422,4,clothing
119,0.1766267384920235,-0.18762930927134008,0.014700609586963058,0.03205592157622629,-0.037099135793436565,0.20491156519984308,0.04681793131657565,0.012217855627344098,-0.13500495864202375,-0.2539563541129257,0.1585218744876176,0.19250733605302126,0.11170239872812208,0.8059146087973517,5,clothing accessory
120,0.12010480291951171,-0.15879164104902446,-0.2532776530494359,0.05109503598068391,0.10848983414930824,0.25555347713495846,-0.16459168653566272,0.3997272923010598,0.1121750312561168,0.03653485121884811,0.29787525436976736,-0.1741628466543762,-0.2601184143255131,0.8130257191994997,12,furniture
121,0.1773074412199593,-0.07185636621055422,-0.001451203843990507,0.3841837794079464,0.06495728963968209,0.27868054902630257,-0.1885105900613316,0.03531934474839505,-0.06523476013410619,-0.17911630810423662,0.11123133704595699,0.05180847637347106,0.07838799855002573,0.7951923076923076,10,food
122,0.0715989122430566,-0.049948019734435696,-0.33608925486342095,-0.019641459129110292,0.020737811324215476,-0.08653005596510416,0.0514187915964135,-0.3319967681829084,-0.1594291266777571,-0.3063475522060039,0.22752719399546611,0.13360262071363962,0.1334656433161126,0.8101352374493253,99,
123,0.22514591413194224,-0.3717145701729972,0.03499941888944272,0.21155491399646142,0.08573146125815154,0.20470554107903335,-0.04384480834363961,0.15541305766228952,-0.406586924201474,-0.025847317861411923,-0.14619874352209705,-0.13399831200381696,0.08281878174975688,0.7057918170604446,26,vehicle
124,-0.08152676168922357,0.016384335796350877,-0.3877569336650979,0.28450870919674043,-0.15461716058285738,0.10160086993557683,0.07252998700926651,-0.2641951239218071,0.05460407790936188,-0.479040901829261,0.03878078674091152,0.14163756891247314,0.124862723710236,0.8874203371154591,4,clothing
125,0.07464682263562039,0.1556092325842338,-0.007493573445896906,0.01545259111202757,-0.2753765428185044,0.15637105070363194,-0.3085036678005642,0.06224106726895984,-0.3380584966849261,-0.17170823795169265,0.1379562189889756,-0.22695669905570207,-0.45690440363938106,0.8054367870569964,6,container
126,0.06966328639834242,0.10509492397495798,-0.18648791916218863,-0.07863516760164875,-0.21284975409126938,0.09299832426847228,-0.2594458305803219,0.060810288325231866,-0.3210198491053012,-0.06989388091889677,0.3433386939475977,-0.1727601532363062,-0.17882025681817826,0.7863576778050464,19,office supply
127,-0.19608017913074302,-0.18239766051244036,0.2432038704107688,0.032982291931576514,-0.15546931556721086,0.2962542295349727,-0.10825937386402075,0.09125644456440364,-0.2728189009170534,-0.2887220438836465,0.10011349883914616,0.08579111250126052,0.04970600967196741,0.7521085066852226,99,
128,0.25560001169970475,0.08700830289368766,0.10366033583804612,-0.1071482158452826,0.02971696183251742,-0.02147224487574245,-0.2597331982494272,0.13118707535566693,0.03962166464289426,-0.28557332402850827,0.20364014728852675,-0.006714960950375703,-0.003661021418893104,0.7413489424889212,1,animal
129,0.12492458760255298,-0.15408874129574107,0.15313209236316389,0.06814140282644399,0.023760241979909384,0.1994237751631229,-0.12111473482204928,0.20611401340911303,0.2662600571523592,-0.11342478436838972,0.07329700562047589,0.32972063924524475,-0.17821095198887274,0.7515266947711645,6,container
130,0.06891145223627167,-0.11894911381003542,0.05743223477367615,-0.0689527423888435,-0.048282227565744705,0.35993711337487033,-0.26754771627859963,0.18684085061169556,-0.05196649370216999,-0.15288510522415372,0.125176737958878,-0.060493633212492404,-0.5409523977689032,0.7401486350826966,6,container
131,0.23611396467069978,-0.051127875839580866,0.00012441383045444694,-0.06317396874270827,0.05273800674655466,0.3496774982830387,-0.029745418837850802,0.5573514335764509,0.02467691326231233,-0.0788521344165808,0.1633400910002185,0.11667811877846664,-0.2855458212958402,0.7606118866584358,13,home decor
132,0.05551004953119612,0.0017925678463118137,-0.09466934623236417,0.01890962884387659,0.22996824539335411,0.144174561785278,0.06450090794833788,-0.034038369193694955,-0.22208223147944564,-0.028276093546270288,-0.16796298419085873,0.1494697005674099,-0.08338391400164065,0.8029860128223416,7,dessert
133,-0.10479374588077135,-0.1333769153630199,0.01862397487656598,0.3922756469653463,0.1667430782842187,0.2270274043686749,-0.04399352949531311,0.05421761929796862,-0.054540437688529,-0.0717889876540032,-0.010767960200789854,0.04455690890439684,-0.09346187686823385,0.8313133606027372,10,food
134,0.2557149084558335,-0.16031449276431373,0.07569537630643652,-0.1768653615676128,-0.0646042080275792,0.006210671181863732,-0.1713163918886781,0.2515243107522575,-0.07097934473413979,-0.2180741888123155,0.15990760998862946,0.002954188226419699,-0.12008487282655275,0.8067885690137169,1,animal
135,0.12976429918294996,-0.08376775660178737,0.035017310065015135,0.36815420869199666,0.18692427425470884,0.2933413999298336,-0.20141728938971543,0.05344783203323271,-0.09201031816811728,-0.1219555804470667,0.39062782032514526,0.251535840345651,0.035359240697458806,0.8017524031928307,10,food
136,0.14087599655614447,0.09954167844559378,-0.39173660019593776,-0.03966627942897728,0.04819628723057433,0.10784000853899002,-0.3293756147670992,-0.20094530208775402,-0.15879463013148637,-0.30563967702792094,0.05156437300097122,-0.10507238380074539,-0.07383665231385778,0.783035743674383,99,
137,0.17317277219378388,-0.1372509786115261,-0.5319431516393976,0.03498954920118919,-0.0400795847289378,0.17337690241682752,0.024196673770712704,-0.2786617652683112,0.12561629775726627,-0.34394655439205923,0.07923469792276777,0.10592370794172455,0.12891566925283504,0.7325663386544959,4,clothing
138,0.040023293358555576,-0.35194907484769944,0.1623862767515984,0.30443663549785344,-0.16414089705275625,-0.07024613655332035,-0.014248883314657703,0.10397358520594853,0.15243871773507894,-0.011861029951149264,-0.020626585570209605,0.247772540438785,-0.13468603333901893,0.7414925334347757,9,electronic device
139,-5.0188519000485764e-05,-0.06644046627357893,0.1796160508550542,0.14734065826871387,0.2135149472008972,-0.019822570519469344,-0.14148741368501203,0.23242965360858817,-0.03544620196517618,-0.30342971282382425,-0.19893283549454396,-0.014857749927361401,-0.06410240783034697,0.8223372833128931,99,
140,-0.29093820917212343,0.13132208866149342,-0.05880184452298286,0.03888546115154791,-0.13489866293306027,0.18030653259287133,-0.4091386919387292,0.07544509238340112,-0.21793820289599178,-0.024833831532231017,0.24544039121790545,-0.2116163374321293,-0.45471470574158845,0.755334955776844,99,
141,0.17933818417758973,-0.12087696369475182,-0.08861332455534793,-0.04100818901215532,-0.20440611446525703,0.10375720640216622,-0.06572521900767697,-0.015544459607459385,-0.16822005500860537,-0.3949130332777018,-0.05125838527933762,-0.17082058828443397,0.1428243081618283,0.7399041521850453,99,
142,-0.18172989812700643,0.094690736438216,-0.34219286438710217,-0.045566648889918335,0.039055574408832124,0.13103049377778098,0.09671675087040535,-0.2595975743217621,-0.11169348110640319,-0.34694317713887124,0.23827984375060934,0.1711907673964321,0.0415766141995476,0.8303674909035093,99,
143,0.012601594891665248,0.01708551115588285,-0.10526910738563604,0.08263615419318947,-0.005578567113568332,0.039799278721799204,-0.21011140135262532,0.2349550304873943,-0.03364124370067252,-0.03693908003160863,0.07911044720042144,-0.37889890049521546,-0.28062433354288946,0.8183656373579353,99,
144,0.009740382579766093,-0.09481212029471085,-0.5135979370700593,0.1940000187536118,-0.1603331797652094,0.049635897284197136,0.07470853822457416,-0.31397114836396767,0.13107412712802952,-0.386461582297837,0.0926804704576422,0.14167540195642722,0.121842195959377,0.7780958963330706,4,clothing
145,0.01633954387858295,-0.12291030883368342,-0.0057327825734653755,0.1327670509040796,-0.06314724986049831,0.08136146136149552,-0.12891701537150724,-0.06837825557517636,-0.07932464319434951,0.10143203350102899,0.35308809516864276,0.1541050811291804,-0.1343829705473568,0.8450875387971435,9,electronic device
146,0.03295978250054456,-0.0414735877941949,0.30379712851298024,-0.05130138989548596,-0.09641674111448152,-0.039462978633488875,-0.5620392960876962,0.10125081114920395,-0.04736084494103971,-0.16952262072582433,0.1604850215144266,0.11386476594894201,0.10768101886487066,0.8152041865580113,1,animal
147,0.19374086302724616,0.04151223610766715,0.36703453385727425,-0.12813597723751943,0.20595964043261772,0.16014934066072367,0.2811733410146501,-0.07591252361897374,-0.07157914838220433,0.08596722966255782,0.24475804627015313,-0.00918436373117658,-0.16431092445709386,0.7949677850982446,27,weapon
148,0.11178585856976422,-0.049887774029218894,0.2050357434232416,-0.10350434709554795,0.012200901770933546,-0.1701747734366963,0.09551185957602563,0.27327311961865547,-0.2008341490744291,0.2893102180112035,-0.024282092871391266,0.0908084364411326,-0.28167346417214634,0.7999178376791617,23,tool
149,0.08777500975429108,0.0038768511614718226,0.2663259537341495,0.35796268056861424,0.08752966495341567,0.2978556643745167,-0.17961386625127623,0.11337844490498863,-0.12792554583328003,-0.20851045840863672,0.2889091502014708,0.1649327257070982,0.022378442648443714,0.8147679402536182,10,food
150,0.01871739837489096,-0.015626348860434906,-0.32054566321410566,0.2244308106758661,-0.09748919561922165,0.14629491953459356,-0.03170444017534662,-0.3823495213675351,-0.04323702969957144,-0.20796378177941943,0.017644300139735503,0.1757695056396868,0.19138666375871624,0.812255576401918,4,clothing
151,0.3189590330596468,-0.12212968030737748,0.08210061239787031,-0.18483439226477544,-0.1214471002445438,-0.011478655521359665,-0.13815786186039214,0.15330500932031665,-0.06334231263787223,-0.22967636430928104,0.17781617686939644,-0.0027727993015373175,-0.10959562694984519,0.8168758454140356,1,animal
152,-0.036338331806506335,0.05297106550566169,-0.12020375092493008,0.11030868292624896,0.030680772166547864,0.1213770199148058,-0.19491185124902913,0.27856095207217535,0.02794128561098338,0.008591052098180093,0.1691043905444358,-0.373249885029171,-0.3468597622539258,0.7480672321634292,99,
153,0.18269163049798454,0.14351515245720503,-0.14494171743146209,-0.07697789805711502,0.00150335180300901,0.18293512284180263,-0.2564280247778901,-0.03317174632949851,-0.5011788155299931,-0.2014791557105121,-0.07227713591728765,-0.265356813837973,0.09412664222469605,0.755169724296064,99,
154,0.05637399069376665,-0.16706236501573676,-0.020340747332862,0.1689067187732824,0.18066359318800929,0.006690286308136542,-0.24970584070654267,0.5691021560031733,0.09552336201652803,-0.13297964728117212,-0.2050188004087736,-0.08828172087141153,-0.06292106042700603,0.7342169340085573,26,vehicle
155,0.09982087500964475,-0.19667359724387207,-0.05341004609993042,0.24694484335548395,-0.008997137213660699,0.09097555517432723,-0.2083986827767647,0.052838576132838676,-0.16019276635711738,-0.07966877057720571,-0.36930477686039,-0.21557453333265716,0.18161815721235514,0.7768454820287822,22,sports equipment
156,-0.08654588864424581,-0.2699739818746939,0.007340973814598014,0.22045431376083785,0.1855911522038037,0.1802308575535552,-0.1872355776699089,-0.032221317507067485,0.011621684861002679,0.027010731154597095,0.4335928623615028,0.3674971723344986,-0.0236042703799403,0.8057252929808244,10,food
157,0.005901938857192974,-0.09155458306217006,-0.2933218295288271,0.10214045124898193,-0.12390969337999629,0.046218040855123474,0.21546995818803907,-0.23381149684607627,-0.11234698908748998,-0.2493064239039335,0.17377994677733807,0.06015645244355591,0.05082608040466835,0.7637236070162899,4,clothing
158,-0.00016233710423599118,-0.0899146456732828,0.13225287329305524,0.2169966840555044,-0.06406772026743342,0.27572556722380265,0.039435375271356245,0.017947403829137905,-0.1598145207926729,-0.28125521386812435,0.06806357308777816,-0.005288734160885294,-0.1014717198457547,0.8389753467070092,10,food
159,0.09897735384490244,-0.11638646207989367,0.332865027202287,0.10983428178158994,0.046179098088657715,0.14864726040753826,-0.07202339764509236,0.0730998693663197,-0.2757643498160479,0.18097067864641517,0.20409678187171335,-0.028797734938949306,-0.3525237034640624,0.7898394830102148,99,
160,0.10326299610153192,-0.034288436632312756,0.3314989182855185,0.08911952726780664,0.10929662187465473,-0.05869683705370286,-0.09658699783440505,0.32260759440312436,-0.24727766423170822,0.040431933458170824,-0.1933905679138706,0.12531858442009297,-0.25446114645304135,0.7936801089368485,27,weapon
161,0.1200935782411517,-0.06585054319356425,0.12828323550108145,-0.0704872699857196,0.1500222947883434,-0.02375713255985979,0.19743325698378458,0.056050305668171645,0.1603018897832534,0.0700710546331088,0.08988524736096545,-0.05840927163200916,-0.12580795776266712,0.7775878329344312,3,body part
162,-0.00868625545835635,-0.2042329409801182,0.3479346735087209,-0.04893683637390248,-0.016144979271239535,0.48256220585151066,-0.0022583620488266995,0.00016943919900720954,0.009091979357394078,-0.15092764720762533,0.2567338786467379,-0.149301138829327,0.053083138857294335,0.758592312812467,18,musical instrument
163,0.06729805365724693,0.10430116784440835,-0.349270524713429,-0.01165154399334359,-0.06646108612692082,-0.10450105840917456,0.27269545384180877,-0.1901122811562576,-0.042710043893883796,-0.4306396305825357,0.1701185557317336,0.0806302408158306,0.2266752672684778,0.8359625807796541,4,clothing
164,0.0037150544801276856,-0.13806387756144345,0.012347426896615984,-0.00047137852731568336,0.22428413994178498,0.3484273645976007,-0.20564190458609738,0.06792085531937837,0.173966950977263,0.023691194572531993,0.43887966391173977,0.16016665191421217,-0.021440603936420586,0.7880499107954181,13,home decor
165,0.10075798341253356,0.1848022660581589,-0.18390704861438473,-0.23347674794020992,-0.21003278737687955,0.06743827530483526,-0.30391542978193586,0.1426474867114281,-0.3583123258894545,-0.21096932761685244,0.1490975011512928,-0.2699852163176051,-0.20339024595425217,0.7579507690703644,99,
166,0.23937751055205156,0.09846267830396946,-0.21426617149207045,-0.27439536568892164,-0.12372704042359457,0.14203876829819928,-0.21787407441901796,-0.07519717165348419,-0.27703240549133873,-0.22178767673797578,-0.02750608190239358,-0.1613376275535885,-0.1132849234174744,0.7564864027322036,99,
167,0.03188725039094729,-0.14059507969859705,-0.13936163267050836,0.11750495563312646,-0.05112773568325862,0.15333619649137786,-0.14755646203940367,0.32708888530828495,-0.07828786762726245,-0.06574709920847793,0.3137948990862918,-0.360693662491549,-0.42624867423692764,0.7810911041256298,12,furniture
168,0.13745747164216132,-0.1657058190299808,0.24375891368111288,0.05626205752532641,0.25636330244682015,0.15453588863954942,0.019185590704600984,0.07650812239709238,-0.2103908865380597,-0.04993863246824763,-0.0098317939082654,-0.26952975721220424,-0.07762645903688262,0.8494199470443613,24,toy
169,0.004924630158225856,-0.14775398617990454,-0.29617940621717104,0.2515357109921229,0.05711992140981229,0.0029300402746197415,0.21597828500112914,0.043534349724669213,-0.19785921204814716,-0.17787606269093034,0.21995721272620888,0.1421900230481987,0.25581931817171727,0.805784743088177,4,clothing
170,0.25296695372983824,-0.05958631679190964,0.15555099103445108,-0.014325245985558923,0.03236825381065588,0.13394745565424307,-0.1914674215066684,0.07310972075719961,0.13600181455063007,-0.16774735986073647,-0.20206576127113562,0.0017169716910666558,-0.06903006268931276,0.7810316650496368,6,container
171,0.2816646440654963,-0.10444886712701679,0.2942151004612162,0.10168192249521876,-0.01730504088723816,0.016610313940617735,0.0617155954313005,-0.059788687494598716,-0.20528762067827616,0.18278833023434954,0.12220191347416468,-0.20467496224539067,-0.25172564679224946,0.7876851569052365,16,kitchen tool
172,-0.031324596518550574,-0.05705626936926077,0.22995159137877103,-0.02542916109126594,-0.0722355352374828,0.27573281618542195,-0.07838871180220715,0.32043070983334454,0.3203409928619181,-0.08876823781664206,-0.04725783242073296,-0.02959577814682253,0.13918134382900427,0.7394831901089925,99,
173,0.20678327125310442,-0.1360011923075195,-0.22207376477241203,0.013334820807187332,0.03076390601310547,0.31157818820785316,-0.21688137728087273,-0.171826705859295,0.06559722697117287,-0.07832557458141987,0.15230454080144468,0.24577297050422958,0.14916592084431726,0.6915540939637447,99,
174,0.03630614459423917,0.13134209617100387,-0.36640634062168964,0.06768568691317677,-0.1342061277461153,0.18934143536535364,0.04150771649039818,-0.3102921432423551,-0.11885676993317089,-0.344773659791829,-0.018812260819988755,-0.012253327327610145,0.254970847565389,0.85021565208208,4,clothing
175,0.15350162718497204,-0.30430145921785456,-0.03412332569652121,0.17028595641397815,0.256175234660085,0.1596787854898408,-0.16986208900394298,0.21103768558665717,-0.23702316031409454,-0.1895005848871831,-0.09918032263974075,-0.24139763809369472,0.002077641233622263,0.82885189374931,27,weapon
176,0.26131375761532905,0.05973647226702006,-0.20524147351668795,-0.08390312700817933,-0.13732989219489525,0.20587277396764397,-0.21252868356768195,-0.22546270278008895,-0.24937184013042843,-0.19004848732960772,-0.12138004091327233,0.02073335380834859,0.03677910769254146,0.7645208721605491,99,
177,0.19869650434786257,-0.14348507470767088,0.1906089313973372,0.2874645529417468,-0.1527420191272153,0.06745122718684696,-0.03142996447222766,-0.1703954715352009,0.042579134053674084,-0.2649191876886414,-9.821126939228318e-05,0.18399129286807803,-0.3093837138917196,0.7545982490623057,6,container
178,0.03659661853046218,-0.007238830459201888,-0.2772470130753281,0.07371055632165117,-0.10208006197192497,0.25549337059843147,0.2690945634208943,-0.3066118735837003,0.08698009948791594,-0.4222014658041182,0.3056955747191277,0.047131697847483445,0.17565128249872575,0.8143809247398319,4,clothing
179,0.25967818897306666,-0.04404575294293223,0.29341529137140826,0.24720826764219941,-0.08664756174882499,0.26811985230293356,-0.20346661614250314,-0.15022005376300035,-0.15427840870513262,-0.37930525906478213,0.017523299132532928,-0.3187111353709315,0.28875046074058675,0.8316375781421159,22,sports equipment
180,0.1594542103701205,0.13808283763217252,-0.4452977826736437,0.04101969982058992,-0.047121141829540074,0.1716711827335905,0.038504987734260525,-0.32200017157835975,-0.02992495669961319,-0.39862833706867035,0.09977783953582613,0.11091502383323423,0.19102042723173598,0.8371528810988743,4,clothing
181,-0.018357106774622912,0.11120890742707007,-0.16535762407671611,0.02498635207533604,-0.3026245971637545,0.03532713202164952,-0.24708306722680007,0.284702273216316,-0.19457799831332723,-0.049111614321615905,0.14863063815973118,-0.2771118909188681,-0.43557878814122336,0.781539603686923,6,container
182,-0.054620683782835994,0.06438263993771574,-0.48192899134951916,0.2792302450039178,-0.141604060417839,0.03244364700790547,0.15118104832107726,-0.30296844472162454,0.03463400741452467,-0.3346898571153825,0.30099646152738163,0.12487441981278086,0.10368595982252485,0.8617610124086375,4,clothing
183,0.03412034843481173,-0.1546919173184252,-0.1917810138988223,0.22461057557067401,0.03714775136239194,0.03581246641471212,0.16047441140890367,-0.23118299970714007,-0.12089862204260678,-0.23250342193550935,0.001021075680234384,-0.16443384734574892,0.2978307658139378,0.8304005095056534,22,sports equipment
184,-0.17243411959904098,0.1476630327996234,-0.369925369878481,0.02550652578169844,-0.017674199058449455,0.11236992230166873,0.17140230425056796,-0.19992792426163156,-0.23800355842532517,-0.312370978281662,0.10587683808690754,0.02863239122819005,0.24800644741034114,0.8683954613091207,99,
185,0.03334565851504232,-0.1289586689419394,-0.4477774131115198,0.11192423450304029,-0.02536269147323195,0.06367480551535806,0.016818045734048725,-0.35260248494319446,-0.004196558488076809,-0.38111335558726195,0.11736036242155108,0.18395185685447196,0.27834660077623574,0.876400958480324,4,clothing
186,-0.016713305324865573,-0.17690920469941152,-0.3691709157677968,0.13075949519797284,0.04353420195564492,0.014522400913162297,0.007511437505528971,-0.27771796585781056,-0.13347738329535758,-0.20831803643418595,0.2998049061511482,-0.01705941804393271,0.1148330648891341,0.8617534698327383,17,medical equipment
187,-0.06195191801250529,-0.03243423232809683,-0.2133174469304909,0.2127284434470923,-0.06499012236868712,0.07270356227306106,0.14950895023201302,-0.3687059427832181,-0.21382595590881653,-0.16852539951445702,0.11011923596282949,0.0233580105174499,0.14377519794738092,0.8214069348376154,4,clothing
188,0.18558655276947222,-0.04613264661145121,-0.09561559067193191,0.11852057004133106,-0.16627651971239857,0.3212151559277951,0.08787576702524984,-0.28163820010756274,-0.022030788054233353,-0.3615666969667425,0.0549914804593664,0.2350664159354186,0.2123981121042027,0.8307190225033616,5,clothing accessory
189,0.06448128074326825,-0.1643317439085066,0.10801121763544407,0.14467528880733105,-0.041642604803484286,0.05604969030187781,-0.14625175821323755,0.18031345665311713,-0.2043109244333419,-0.019350623397055813,0.28115796830187556,-0.17983567193223302,-0.4479436041819385,0.8081004349838873,99,
190,-0.10523456353735604,0.1479454288531233,-0.2304628065067403,0.23264352168965968,-0.1276160495688493,0.10917315967990604,0.19908042624516986,-0.30504771197992714,0.016199588681746206,-0.2111283836384954,0.1202328542787114,0.0022006432619602434,0.10189995202068079,0.8573075732231777,99,
191,0.111564033149263,-0.09997663423040137,0.17820176434972732,0.22755015750901542,-0.009421191486176433,0.2421368076887769,-0.08949112797805732,0.2411915604857375,-0.2800040333218294,0.1351057899389686,0.17889554483718997,-0.07295222322161966,-0.14633398135610784,0.6892734649063574,20,part of car
192,0.031069705131435442,-0.05992131113034407,0.06487642723134802,-0.04338665847612605,0.13468233664127072,0.19211096614157708,-0.1747531535616432,0.4188011572201733,0.15713273340285472,0.058820714279120674,0.28258070738636076,-0.058180830572209415,0.023320632219522297,0.6750614672304355,99,
193,0.08280339946059967,-0.014565893338543093,0.1317388815333812,0.3071026456348778,0.004994711420239513,0.09472598663503756,0.21710227728334922,-0.08964904284623133,-0.26369810386466414,-0.10046681699711367,0.16053490861814218,0.077812596311479,-0.10874212026704078,0.8588819342830896,27,weapon
194,-0.10521836504446866,-0.1265747810201443,0.009845015316812443,0.42018190276053946,0.14361483956680599,0.17036739166609474,-0.030874895977534,0.21709951411130268,-0.04418844337331874,-0.042560345455061,0.11209865590124847,-0.027408569385284503,-0.16115864928808926,0.793818392775389,10,food
195,0.05090606144454393,-0.15637545692940788,-0.04416124571990523,0.2843288906064352,-0.11223981249233331,0.2154916060881995,-0.07557548931933215,0.29307661416876224,-0.030112312641676523,-0.15114646059656908,0.2741798783222848,-0.09270925938331354,-0.3392788810186636,0.7806736542799262,6,container
196,0.0365790933566501,-0.11801411738958044,0.12001066610030377,0.258594292896178,0.24049569739852908,0.10335368676802406,0.043356634139070656,0.06313409238946845,-0.10724476983614467,-0.08874867967706077,0.10453197809599514,-0.09132498977257202,-0.10605204138788105,0.8378911971820013,10,food
197,0.08605614908115572,-0.25228277751929107,-0.008750831740240866,0.330828513549124,0.09187628147718963,0.14641718934569584,-0.023304685675165554,0.20831079284263232,-0.1583743566396732,-0.22315041854742015,0.11895700616872179,0.09933332582413444,-0.10826823971202253,0.774916219687623,10,food
198,0.18043816087382192,0.23455186119991595,-0.07651318285254675,0.025694971157419835,-0.17995809977609797,0.03778358216268658,0.200756786133456,-0.08624643764818439,-0.011667490042338453,0.13901257469325706,0.08156335978239994,0.14531509407133217,-0.15680138724004783,0.7722594478692041,99,
199,0.22121674225362023,0.1555743238241358,-0.021981669676137905,0.07143745755317994,0.0412203500611672,0.20781001833586865,-0.0993213535399585,0.4546414096442136,-0.05321414718186362,-0.10667711803624554,0.08181159453285966,-0.24723545051717702,-0.10461317959460456,0.8462606463913085,99,
200,0.018359560264533052,-0.0650931639094405,-0.25266409283536073,0.020195149689676305,-0.17248742580067233,0.08237630038549645,-0.043861872229078426,0.018216869585738427,-0.1575928991816961,-0.15998897365801903,0.44075412113595874,-0.1518619602252702,-0.1443415459995904,0.7988687465508009,6,container
201,-0.07342824513867025,-0.18452487823777305,0.04977043688716287,0.18792792835527178,0.15494679012458878,0.24140881757491608,-0.16813699272634072,-0.017440515203150528,-0.08826714257032986,-0.020845947854268194,0.4586447522372512,0.30377944129081597,-0.016301798030774826,0.8510118784195034,10,food
202,0.20039062287668874,-0.1855378276789912,-0.19459230557358062,-0.0173056298265805,-0.14851118987816858,0.31730933739757317,0.02619342930631745,-0.18999278003865053,0.04531012352421991,-0.4221874821670774,0.1822820461684135,0.21866905773264725,0.3333377080005538,0.7918821106681215,5,clothing accessory
203,0.2295645971345977,-0.06760879513774971,0.2732745728538723,0.21051884230165024,0.12380132883039974,0.02382227681594125,0.20122506147938457,0.04603472941680726,-0.08213831355751676,0.127958666570131,0.11493134874953813,-0.09658271671120605,-0.2875876834253233,0.8096880418336446,23,tool
204,0.049098086186951065,-0.10387355850940319,-0.06671081006009168,0.33566805943328343,0.22476977566662348,0.18542210893574743,-0.08236983721918462,0.16224005394663715,-0.19292009347277111,-0.14864500039036677,0.11508530016647832,0.0844772125971367,-0.057447517388470884,0.8277516712234747,7,dessert
205,0.009258283726914156,0.10605508619912572,-0.08439039492484343,0.21936588399100643,-0.07642043873434406,0.11662675330171986,0.22644226307522186,-0.19518803148778993,0.04984843158286183,-0.0681845432787447,0.16017165438309613,-0.037950578407988184,-0.1139491133467057,0.8289519319538082,23,tool
206,-0.019235238452316006,-0.17643332959405067,0.09147690461741452,0.2553116290538793,0.19299770246048367,0.2660835334426654,-0.15056173892798005,0.07175397742820884,-0.04668076395612449,-0.06523271256734421,0.36010012977427436,0.31965154081936625,0.02915290470657514,0.7978136372845227,10,food
207,0.0013487973290973714,-0.17333342879885763,0.2909517771317584,-0.11418122079126788,-0.20209246161474173,0.06772735084076006,-0.18631313849480574,-0.031226914835965902,0.19897905616271494,-0.349296117874629,-0.22007935842232873,0.0691661863594925,0.18966010270585815,0.7410484040303502,99,
208,-0.10852793855957396,0.16397995084284253,0.206999680470269,-0.0361836685330612,-0.16917858859168053,-0.04616358017230253,-0.3911268056019053,-0.023730903663467882,-0.06310593022177077,-0.06698988200637013,0.06209152039179332,0.16482470581594794,0.10073497440914658,0.8354534678106565,99,
209,0.16763753155261074,-0.045822661903419507,0.0978379764321299,0.22527871405896424,-0.3790838105411105,-0.10085569959324708,0.13499260567048837,0.10021884719698783,0.1810927400073763,0.01337103501164828,0.0984301502696419,-0.02117237089385714,-0.3451066803996095,0.7259559254536417,6,container
210,0.03441808106137754,-0.15058347630480812,0.08385883196020451,0.1218562570747317,-0.08246924839276408,0.0913504196861729,-0.062350193008789086,-0.008597675923866833,-0.2902200459849679,0.029718554143464304,0.2550421148081354,0.007570899763248043,-0.1802130249326689,0.7741061646343145,5,clothing accessory
211,0.14608866810201276,-0.09455313427087694,0.01633511961371728,0.20011905236310445,0.18655951032630924,0.23557959364486805,-0.09065425816394297,0.15373772565939325,-0.17014393958537177,-0.18570461120083817,0.15336877618424946,0.1352462843724554,-0.09334205547769354,0.7468196220985871,10,food
212,0.2705715117560514,-0.08760600694487422,0.11151398969204797,-0.2198090156052592,-0.019940677639108156,-0.10993366645690744,-0.4595474033919178,0.19228007363521293,-0.01080692928710044,-0.12306835966552478,0.2371650742821238,-0.023992899826512745,0.0711085992077401,0.7240232123171157,1,animal
213,0.27543021415596375,-0.30492004145165214,-0.13545025065148886,0.13529142421148777,-0.01748616831779966,0.27344199481663634,-0.09387021640593378,0.37400416306509027,-0.1890581857080628,0.012932867798170008,0.03265048964610944,-0.09741606381428228,-0.09211624348679415,0.7308720228466775,26,vehicle
214,0.29904416563056824,-0.08525737135817955,0.02130446765836273,-0.10478374300246678,-0.043386479459210155,-0.014549748425525462,-0.1273553406781835,0.1322194135909471,-0.12665861103963916,-0.23212826809623344,0.1862160014553462,0.009406465398125107,-0.1516662059816966,0.7773634649839982,1,animal
215,0.2938140802350558,-0.14218650044827166,0.03659963892678972,0.24635870086472503,-0.046360430526827257,0.02574979275227315,0.04551443006908816,0.4225801130331925,-0.2605282319224558,0.140593004833445,0.04460764072561423,-0.11128513239449114,-0.07229831392607938,0.7102144806413101,26,vehicle
216,0.1623010118110104,-0.015499820882748752,0.4819496069114403,-0.14877206625659578,0.3103785550249833,0.0008073264576471534,0.09023303139491126,0.07658446585500488,-0.30314600586909324,0.18371970763077855,-0.08017946435455467,-0.021721491096257966,-0.4283170732456857,0.8360331934613559,27,weapon
217,0.2406000631052089,0.17990996592529568,-0.1671652457471187,-0.02906192006879739,-0.22874526285834304,0.03548588087645229,-0.30924642873766517,0.1891076257175361,-0.47648478366458646,-0.16998872929832567,0.11183721414475893,-0.16104416775102062,-0.20402873488499443,0.715567956024564,99,
218,-0.0817872595347523,-0.06811951732010421,-0.2750423110278541,0.25233164599321595,-0.0196737220430871,-0.02702055158925622,0.027496877544951292,-0.12336112180712613,-0.28611496304221107,-0.22467019084870465,0.2498655349231873,0.14548162065111248,-0.043838079255842134,0.8420858323836576,4,clothing
219,0.1610675502970207,-0.1111204864924091,-0.060790342712137985,0.20522623746345686,-0.07360526682441335,0.1736472794858324,-0.1685525817192606,0.40229249414689805,-0.18001793713804992,0.04150835707481197,0.20283827882939223,0.10141008668129782,-0.13942134835336512,0.7294280725576812,20,part of car
220,-0.06496762571819995,-0.14534222544449546,0.15402333886865702,0.315198102791499,0.06676687152657776,0.27995457630540893,0.0038083499878532314,0.0634180941306223,-0.12889888526584997,-0.18972555974474759,0.052680579051188156,0.08734002636121121,-0.07415570009987173,0.8458441287709583,10,food
221,-0.03446553295656232,-0.22610845295518123,0.2236214643921872,0.21163743778875693,-0.05425927545155373,0.017282371582819176,0.015694247182552436,-0.13161026056405442,-0.5533487609856153,0.055141467237727206,0.13011387651787518,-0.21078816933165273,-0.21662121757734173,0.7669761963327434,22,sports equipment
222,0.07002223889608246,-0.0961540036696031,-0.32364239237812625,0.15435768890236878,0.12177465038020908,0.0558220001122336,-0.23676533839995412,0.15150977269632637,-0.15747113961108816,-0.039141614915311464,0.23062966586458714,-0.4364316794354918,-0.11515367479484145,0.8206655553831421,12,furniture
223,0.062158589356262006,-0.17128556148363716,0.24360011366621243,0.17609958142528784,-0.08056233232996297,0.030249009238854756,-0.1785034643338971,0.0825076617605582,0.1130569416566611,-0.20098073073218045,-0.1249336172315446,-0.22533586421459917,0.12117441800676443,0.6955369646399814,99,
224,-0.017233332785107622,-0.09467636880604254,0.08116352404307373,0.09377009957449838,-0.02954485278242438,-0.10544393249264401,-0.014373475197217178,0.16412921040522416,-0.15965555543677584,0.11566980568575072,0.11255021085523646,0.2519565899322195,-0.1958255881720478,0.7846575094328627,15,kitchen appliance
225,0.03806067900771559,-0.13020145585659065,0.05858443518691129,0.2535063912998764,0.173812092004228,0.17509769237523515,-0.04369172831429884,0.12787486234910903,-0.1845504150493469,-0.09382038442511136,0.1753607167574906,0.1214146466208641,-0.047838854171761376,0.8179938867438868,10,food
226,0.1349485118785536,-0.2718666461537454,-0.11707589884676231,0.25929628768604746,-0.18405136540453532,0.17720703853973924,-0.1710938310835059,0.22949644440554318,-0.3383471206522226,0.020190355870811125,-0.0936099653217937,0.012513297002990037,-0.08876217847175473,0.7545929699129986,26,vehicle
227,-0.03024542676396852,-0.025341403457938946,-0.0855350177816698,0.048795623858221615,0.1526534984920084,0.3063845808438948,-0.10243968095813322,0.1253314041731096,0.13926535110129104,0.03685912085213094,0.33451943794040473,0.28974788751816166,0.047465968112192274,0.6898913755621073,21,plant
228,-0.019776611936532556,-0.04055306344729565,0.13141816681716054,0.2935509028246519,0.12866515408890702,0.02997599998414041,-0.025634825842833456,-0.019332973148280155,-0.07138481938034279,0.001340685431462358,0.18707638045889194,-0.015472456875230002,-0.14091073090402043,0.8320938931717975,10,food
229,0.23362211109345837,0.009658038584716666,0.049341059188555386,-0.14626775920402096,0.07059065592661559,-0.021669442318935698,-0.41654217176364905,0.16686804056484983,0.05726273933372047,-0.2576064989311535,0.2496112343605449,0.04192529336429397,0.06364483319016291,0.7783495294286373,1,animal
230,0.20529143958263818,0.08021973925014132,0.08799860790316077,0.1126151302201988,-0.15348743658781172,0.2540414178500428,-0.07839849349018249,-0.11650959816850404,-0.187074092641724,-0.40288783974019565,0.15800362065553206,-0.02981028164152765,0.13260415048105856,0.7854904330193163,5,clothing accessory
231,0.07080793014491893,-0.09655962756925819,0.24204060280130832,0.11897858630460363,-0.37900892352376225,0.2133666085691686,-0.07592635719227359,-0.05232418882695198,-0.2776822852272273,-0.1631154471104545,0.12467309688493913,0.11740977330401244,-0.07280115896737682,0.8066913100449686,99,
232,-0.13869351834855478,-0.29136799413147596,0.09414562634181038,0.14865548121842967,0.10671850680422384,0.23212349884385364,-0.22966957470645064,-0.012979112711583318,0.03050268776788673,-0.008950522566011011,0.4317670930343983,0.2994727988602808,0.026788648251473268,0.8478824550493427,10,food
233,0.08418724665786254,-0.22985038776539207,-0.08081018851306251,0.3028137244343453,-0.06184029615023078,-0.12217433036003894,-0.14378310062156238,0.17216048016939717,-0.05185835157592977,-0.07504357763480131,0.2976627932552755,-0.13932649671294062,-0.5420747795092081,0.7050466809613153,6,container
234,0.016384032465775123,0.07693026788042469,0.24348939815588158,0.19081550509631473,-0.26458485264232606,-0.007066204643699359,-0.030006770728303045,-0.04891650034910579,-0.5601817840466894,0.09952414371157166,0.2006442635992266,-0.17821157522147588,-0.12741599713285626,0.7954536793483192,99,
235,-0.024583928613094466,0.04902664681484507,0.1586948058797856,0.017508656079000137,0.20093404901074607,0.3305094859138823,-0.15518332540516894,0.13342175035186854,-0.023188346736913345,0.13553977835251613,0.1880913091558788,0.07257736967556125,-0.08225959927151594,0.7776301669243576,21,plant
236,-0.050361975881522025,-0.14125265271251336,-0.043324567022160095,-0.009027220452914294,-0.20898661415380962,0.24526492568180328,-0.2506610439481991,0.20568542126472236,-0.29606766935132806,0.025913375155645787,0.2885220278346914,-0.1435544364770657,-0.6354154645854992,0.784517944851706,6,container
237,0.18989808279646733,-0.148053728001426,-0.18917659361113404,0.37480334048669073,0.12541939549191183,0.30767674628646763,-0.062319039046706194,-0.051110745038364644,0.008897118217544272,-0.13203898227835695,-0.1114346923174156,0.15278265274578431,-0.040787039453309526,0.7893155489496954,7,dessert
238,-0.04059287465264162,-0.2364309493509071,0.2011115036362768,0.2695453137080973,-0.022179021303662814,0.09996928019260441,0.0712365807562921,-0.032194253805642774,-0.01938457628159941,-0.18183690529378027,0.06764086338805962,0.19963459529032637,-0.05738858521133465,0.7997533176663025,7,dessert
239,0.006526316748601457,-0.08270456436507997,0.19319686849094525,0.3209171854725266,0.11056189501692666,0.1674684006800688,-0.058993631500239986,0.097895022504237,-0.1866182054480658,-0.2401507770204649,0.12245727493370312,0.15565633891815725,-0.033242486361900046,0.7858661353113948,10,food
240,0.11450649294854814,0.12452959120332306,-0.05540094652253946,-0.05642041640877689,-0.549573224111176,0.15993105810510136,-0.23407195095827227,0.1586497626382909,-0.5625330035374181,0.032898755389969475,0.17772025861557664,0.017399122199650747,-0.013402910410775102,0.8074446467716229,99,
241,0.28582131484855383,-0.15115329061237281,0.03543108370136174,-0.09213015132371728,-0.15167560925185128,0.0025181739971069134,-0.07716122248788428,0.22730998260970187,-0.033649463707402794,-0.2517909329602322,0.14291319447273493,-0.08033392926021318,-0.13862572442500723,0.8028208945998226,1,animal
242,0.03747379088230013,-0.06688302991962115,-0.31708855530540225,0.41692085450867533,0.0038416704929010843,0.004162175343280303,0.29677553801513584,-0.16349790959310861,0.05032451075599512,-0.25238089709851663,0.19855221482008056,0.015206943997310032,0.26369769208455984,0.8553948966539754,3,body part
243,-0.05943552664879589,-0.15791812317366544,0.05238450432868963,0.3469137867134515,0.16678514923285606,0.16873742860619842,-0.008101131304788933,0.13168370512050964,-0.1131945036115378,-0.07982263868834465,0.05654799533708035,0.0533617160819283,-0.1925216681063099,0.7994551597217509,10,food
244,0.0074835647755725765,0.044169052432445496,0.0811282796871096,0.03625329048349386,-0.33849322229207407,0.36255067499005067,-0.09469755390560454,0.09585362608202068,-0.36620354744447203,-0.14991003875690354,0.24545912110023194,0.008845249651027072,0.09888031063089468,0.7549220662561038,9,electronic device
245,0.27114746396144745,-0.19990324862064945,0.04709384605741335,-0.12601700906736438,-0.08045061059922327,0.05562464536244977,-0.1897387226408886,0.17135145857523093,-0.05995745300916245,-0.1209503035380417,0.0448872540934465,-0.11238303130937517,-0.10869339140918126,0.8345152370752253,1,animal
246,-0.0538085763267311,0.005430473415723943,0.1831522602353178,0.024297580240920685,-0.22865217158520787,0.4184656751974311,-0.16721546249411767,0.14068247979819956,-0.2659089996437284,-0.16419312932433244,0.16679877318820363,0.0841490462507772,0.028146509254075955,0.7822201479745439,99,
247,0.01592604066716993,-0.10998378761153439,0.1641345766425034,-0.023926774253217833,-0.3318122303094751,0.4221307406900094,-0.1865020019453412,0.13768163018483578,-0.3756622397836196,-0.15108532144419415,0.18478443465358332,0.019744397200958646,0.07889583581191464,0.7611819826829752,9,electronic device
248,0.034882995987873304,-0.02627472486668783,0.18906105406040696,0.11524772801824704,-0.15645312311440926,0.3794121351811578,-0.11407558575343243,0.17612447960938116,-0.4266106284101443,-0.043187261192413444,0.20664849238150518,-0.004755974533722113,0.0545157591101467,0.7715344000865839,9,electronic device
249,0.0832299398667894,-0.2873256471266931,-0.11511463404013775,0.3359930540058138,-0.20116649594046007,-0.03757691909137457,-0.17757388329324134,0.31366394571021305,-0.22262021667683327,-0.007892824243351287,-0.11437063330087471,0.004445765329816764,-0.22363225516038598,0.7625694160353981,26,vehicle
250,0.047989407306844985,-0.296059676604954,0.3460114942137811,0.26279072842123985,-0.22632938211453532,0.17147767171630174,0.006156445274530704,0.032571170020439896,-0.017827576737722402,-0.0543517517970407,0.1283335242940225,0.21916365633247564,-0.18730160352186825,0.7860639031130047,6,container
251,0.1714127024554847,-0.12560359567421422,0.30623494241884563,0.19868120638746123,0.025961847186652513,0.14803559986069134,-0.028372037630317686,0.09268341952289574,-0.29304735525168685,0.0384371038254265,0.23709319521106448,0.08959624988713556,-0.270516932004895,0.7637369918462257,16,kitchen tool
252,0.1871252618079268,-0.19735012722068382,0.16947049749565493,-0.08515382889752857,0.15959319241515377,0.28796280773808175,0.037178018675794254,0.05730007298617269,-0.08425566084350877,0.11946682319614482,0.12588049377429214,0.00586751847961434,-0.20325044779796578,0.7382176127454897,13,home decor
253,-0.02156781906181253,-0.14867059527032153,0.0127500025084995,-0.2540036978382014,0.045253589673876694,-0.15304874011152889,0.02180299537201178,0.038680068178089715,0.18197825742791948,0.1107913945625871,-0.08557976382384146,0.19163097948450644,-0.15673877114727655,0.7832288631470274,13,home decor
254,0.17930392188497263,-0.20885379478277807,0.30454730171032995,-0.10509267598385058,0.12536567344595337,0.3088848320700107,0.10563723519265361,0.01677883929685093,0.009619766616543223,0.11746617325804005,0.006656613525106358,-0.09226276521902624,-0.23267830411646878,0.7210403805427241,13,home decor
255,0.27827773923366717,0.15237788934340168,-0.011236117525983507,0.2994018768151659,0.18559568045372687,0.27295493599617787,-0.16955446657425635,0.06594509984759836,-0.21374774692423226,-0.22478382868035932,-0.05882250512095177,0.013411090560140341,-0.022747575182800846,0.8256941965246498,10,food
256,0.25282113777912046,0.09607086092726647,-0.1363977718139866,0.2651118497279065,0.095938320113177,0.19248649902334763,-0.13305818360830401,0.16626954902991023,-0.3684160354781397,-0.22378598155856402,-0.05141819525177679,-0.06811322350253572,-0.06379569475646975,0.872834397986837,10,food
257,0.20166789573019428,0.13959913761325554,0.013245126394118942,0.2523339444227055,0.2715160045732453,0.3007535365767967,-0.09376686041455845,-0.049483002246387346,-0.22221147204221495,-0.07846635428717996,-0.13517384971968543,-0.19758858031847695,-0.1126977437744676,0.8274523477090124,10,food
258,0.2654644547909413,-0.019955649206202387,0.23756925998638478,0.09049979579273573,0.2798090167345879,0.19129649689250552,0.25802968047597796,0.05697158329235319,-0.17675898604400606,0.008189574165442352,0.08105660488013956,-0.1179652943399115,-0.2116362844216678,0.795322411328509,17,medical equipment
259,0.1793908748613658,-0.23408717063112283,0.1412964338538052,0.2771275341997526,-0.1747936693412551,-0.030521884121726427,-0.06790852580831454,-0.10256305273841886,0.061289755566091245,-0.10727734775151626,0.048076786956682015,0.14529003907166732,-0.4200098392342786,0.7975683345323912,6,container
260,0.16611030995402634,-0.08445526445759591,0.19390261396162284,0.029889658778338393,0.2700904129965029,0.13749397998896856,0.033114766757951185,0.3388624250944652,-0.2459466278172525,0.07566781085077358,-0.01965703388549033,0.08594281716258063,-0.1789690993074107,0.7954397227641846,27,weapon
261,0.18778180259648822,-0.030170431965156303,0.28886863094077947,0.25319281498233354,0.04686747134966812,0.19963614704808955,-0.10507864475919838,0.24754919038980158,-0.12499342326157305,-0.16113564796142985,0.1777475497546573,0.048699254496059476,0.10812578709873252,0.7786572287896101,27,weapon
262,0.017744226866742426,-0.20034337000015226,0.07055166119206156,0.22808402153655266,0.1483566867994836,-0.03632077528752642,-0.2660993586009141,0.41625536353789194,0.07880459459514202,-0.16316105387850463,-0.18298370763765764,0.03497542754801382,-0.02334814435684472,0.8096292948613414,26,vehicle
263,0.025881374548896573,-0.20825388610030957,0.17884997956349447,0.2622727044113499,0.0433035057408429,0.18932021422337666,-0.08142466078362694,-0.029193089836300715,-0.1530218417447761,-0.15781778806214777,0.3468365194479288,0.0656809090675692,0.0830086448674336,0.819222359550196,10,food
264,0.03106560304920272,0.005259104495215383,-0.21000373736039332,0.06768561541066596,-0.22639905222476875,-0.10850728555229018,-0.2354698600522109,0.15575853849579968,-0.2068202631964012,-0.0972798080110763,0.11800800955934126,-0.23507780800072858,-0.3067807004266377,0.7536085693557818,99,
265,0.4029507709256372,0.09082305518869926,0.09460609224781488,-0.033913326631142625,-0.05568914022552757,-0.09571037489860297,-0.24715970741984575,-0.21076762373418786,0.003785800738196542,-0.24493105366653314,-0.19323684937429048,-0.12247558010900643,-0.10250430942960133,0.8147471109161709,99,
266,0.0431310787002765,0.04336447394107599,-0.35054483862005575,0.07393318552039256,0.0013028010820200229,0.16540180572291116,-0.11494526910366558,-0.10933770494021502,0.0394417455996274,-0.4169574636320993,-0.09028716561520794,0.038561148502597904,0.19039335121648038,0.8148443419367682,4,clothing
267,0.1395510008129998,-0.19814315238982702,0.014984313725335428,0.3189026718304069,-0.2323123556236922,0.08188890576694095,-0.13059910648765388,0.29928032920254194,-0.20430005870489562,0.07268908521201393,-0.024314885817257385,-0.0891132715649223,0.0463174101158813,0.756563173668437,26,vehicle
268,0.08068462956311408,-0.17560569143332844,-0.10062637276874822,0.35649418483881323,-0.25755698075328964,0.12359645519966617,-0.1646448582975357,0.1634163664373277,-0.30996407711371293,0.004064817852574372,0.05698397398657551,0.03537415856882501,-0.13331954367596643,0.7641120346062206,20,part of car
269,0.03230397811574054,-0.304764367352371,-0.29470802314306516,0.2700800224017452,-0.03303429889572149,-0.03129338865354054,-0.1377356400968662,0.10644518053148817,-0.2648099589656362,-0.09065821026996682,0.09337473889570529,-0.11032407217774157,-0.07324634199043949,0.8032849589047504,20,part of car
270,0.037268275461598804,-0.15484176058925506,0.010341799780196143,0.17496630469941882,0.0789301807982898,-0.11078244263357757,-0.10270000406673105,-0.012342283757560423,0.10884057964721043,-0.0318364409804021,-0.041109661665727285,-0.060885548381070284,0.06409353138799519,0.8455446403016336,7,dessert
271,0.21010571756652935,0.07189131694927328,-0.13613170611839726,-0.184250288855436,0.012192103400907612,0.08042478824878704,-0.2549761090340484,-0.021076992561522866,-0.2557620195115769,-0.16132652959014565,-0.006591959189623299,-0.10006556402676531,0.04793150842620845,0.8234258597976246,99,
272,-0.07881774534634878,0.08773697278870835,-0.21279483253634104,0.025230168143192334,-0.04642719758988599,-0.02394908879723873,-0.32020222686168703,0.17170655953294806,-0.18713354233118382,-0.1152670130509233,0.18865578184903797,-0.2633027237061829,-0.3008808821920226,0.8179271270734686,99,
273,0.06253181607903391,0.011236978023036687,-0.49392877615019387,0.08482867261623886,-0.1266625604508183,0.14471089567323808,-0.06336154524146766,-0.26123504452849305,0.033444240681327335,-0.2603903500138289,0.031246755425362486,-0.13991889620706394,0.247985483701419,0.8225730792024576,4,clothing
274,0.18917105527549324,-0.017046187121737996,0.0889795663096478,-0.12798791056508446,-0.13944963716036118,0.04038248602171742,-0.34618682170068255,0.1421809040268008,0.069359638003454,-0.25099157413412443,0.15334425766274984,-0.10422277671651631,-0.036932178661547854,0.8114230150109484,1,animal
275,0.2311925027131427,-0.19109553173742153,-0.016545481307611663,-0.025860675501920467,0.18805826771809558,0.510123497877159,-0.204815580077916,0.07781011893076326,-0.24010781285202595,-0.10202752108934965,-0.18925935224214083,-0.21286397824355124,0.01643605083798627,0.7708322535534675,99,
276,0.2689426641896638,-0.305744606575462,-0.10557506329739218,0.17820882991677897,0.00028997130122862405,0.24158937726207777,-0.11399948553475801,0.32408330349030856,-0.2323699120295054,0.0439701996051387,-0.09813901774567796,-0.18443273750324626,0.01339118257773305,0.7572996363392706,26,vehicle
277,0.021977264033500803,-0.014264402198165488,0.1630242947006663,0.1784566604703588,0.18210515137836855,0.1307316687866728,-0.03604567036282752,0.042052951594716774,-0.09595020720989032,-0.0346391041600978,0.23546770108231038,-0.14335178775509255,-0.13716922595810846,0.854378794588727,10,food
278,0.3005567944711859,-0.344770165529527,0.0020305161539756348,0.11899659856401135,0.12743389511684647,0.1932911319133097,0.04461721700905945,0.4364997931537581,-0.2186063923126782,0.025572471990690807,0.08102583396624359,-0.14594093442104356,-0.1478993546422563,0.7086570146624034,26,vehicle
279,0.13427840463170468,-0.03117354218373683,-0.012923039890811403,0.07024422718263934,-0.469138728854946,0.21790108134053357,-0.1835320847228596,0.35993507196924496,-0.47297828661769686,0.07612088258757121,0.16794842104276228,0.09137614331929507,-0.23861884169804393,0.7757643730729007,9,electronic device
280,0.13249733996940632,0.044740248097594575,-0.10131332302861917,-0.04233465543680598,-0.46059218016759623,0.25849707188503085,-0.1994542245424371,0.2100056227388838,-0.4306681565912113,0.04111506037556702,0.1661797111495112,0.061865954880550605,-0.08399279447276209,0.7360727784909429,99,
281,0.10575852371713755,-0.034167411441620034,0.1660380113478986,0.2552206858286088,0.20493897493322508,0.21945756671371308,-0.06341029352130315,0.1870379838577771,-0.0624299501114649,-0.17523732688944493,0.248736437752154,0.1610863016275855,-0.062398531898024225,0.8324921152569899,10,food
282,-0.04168986938743019,-0.17771564018817876,0.07355221855655482,0.2877307123415908,0.13399374447553528,0.17964778018271613,-0.04102158747183078,0.18395258004855528,-0.1378052085428057,-0.13665566677916346,0.09601590530204565,0.14365925929140577,-0.08539918300938006,0.7749576248051859,10,food
283,0.03668116316117998,0.2604099788517426,0.13705570236544393,0.05533305975540945,-0.4410819289521552,0.049632228071980214,-0.0760537555306033,0.17946681273439974,-0.2590366438319677,0.029563378617924886,0.22263705411968165,-0.2776404624295074,0.015112909412456601,0.8191027956413665,99,
284,0.19457288688815416,-0.09033985778301398,-0.00525015113120668,-0.18828744647278445,-0.11302707968647288,0.062214997025348294,-0.18753610644148969,-0.02604586347009743,-0.051582817453555765,-0.1920323890965314,0.19270467830146792,0.010557113015185382,-0.06899033506345936,0.8403844016488433,1,animal
285,0.12619167939541404,-0.3258402844990805,0.02134016444159902,0.030249634229204306,0.30483063418283957,0.3635276328788692,0.16456543130671733,0.440718758422726,-0.12969530549166597,0.11532292924364729,0.08448699410236855,-0.1827869648015263,-0.2869374217628245,0.7466059299936215,27,weapon
286,0.20009888286691407,-0.07274579314377555,0.160620924308007,-0.11249039045457576,0.09317139356960058,-0.13827504281358075,-0.32622304929242185,-0.03218658411235793,-0.06045311400612986,-0.09069121568644571,0.41587049529176107,-0.014202711070174463,0.05536728027435352,0.796544143900837,1,animal
287,0.1258869609374974,-0.09352079528286515,0.07933094723482509,-0.10201179458249102,0.0978246198529108,-0.20487073086531757,-0.4342687671391946,0.25811747275078933,0.025706969650220273,-0.2559580229834606,0.11771327523361062,-0.01366424702793663,-0.01497286614771396,0.8555502371178031,1,animal
288,-0.05117466474544669,-0.1869471416314161,0.10762118435905002,0.3728852082063686,0.06653999416896061,0.22655458585524532,-0.12232515379998042,0.010614930989909786,-0.09858771991807597,-0.10288623027114377,0.3214099149532617,0.18731810486236491,0.002032746384655383,0.8415133092463806,10,food
289,0.10845179579974178,0.018192454460800537,0.25912274339353497,0.16357627489881651,0.043971595298004956,0.3267311432817067,-0.16363127604323588,-0.02856868247268287,-0.036924649892863426,-0.12341428338300335,0.2054149304305257,0.15155465929800718,-0.05067087305469367,0.8255039438520855,10,food
290,0.05817563899648293,-0.078911790608268,0.2839245427380464,0.036986452320114716,-0.33986808702642873,0.3673452159068602,-0.024225113737823174,0.03173998551802522,-0.2810240319144607,-0.1361637129504328,0.19177541748062518,0.10389412498893859,0.04190952003892088,0.7994120979087916,9,electronic device
291,-0.09898991848144797,-0.117917885255192,0.1384153486201846,0.08897019233739763,0.3077662924346544,0.24974084849514258,-0.12084489274378564,-0.018353508960199008,-0.07078713933568762,0.07297414560046092,0.42078316652099185,0.18242527771969183,-0.11942928654227171,0.8369833080198936,10,food
292,0.12289453574022906,-0.09749942682009284,0.3170825075400433,-0.02958711520494962,0.06131077388378262,0.4212163471361216,0.02440737221642062,0.1425380889919667,0.0001412458289501864,-0.039232211728876684,0.21492204630041242,-0.3160187627223771,0.1474356094633133,0.7876587623538843,18,musical instrument
293,0.14353290054681894,-0.01985842749093454,0.004956712939710804,0.10935710653211231,-0.29969123556593064,0.3363501550033895,-0.1689640580314672,0.1886804409359425,-0.3720970665198777,-0.08847970080803647,0.1836749050597565,-0.03098696982863483,0.045215231078452336,0.803484467588576,9,electronic device
294,0.23822581003431853,-0.15902819437479104,0.052666080066418236,0.2169462537298076,-0.0977009481353106,0.16208663368124338,0.09508098438930881,0.39867026459507793,-0.17335602017215226,0.15005879145852088,0.0718377781580287,0.033375552982716654,-0.18151311501422754,0.7316954697945907,99,
295,0.20223903223154027,-0.1944133782205695,0.10502589992090061,-0.006868287138842006,0.15233996493625232,0.41731989838455325,-0.16230550957588538,0.06928779045429849,0.0723785697687482,-0.014228722011584649,0.09287968832941973,0.03384373633307234,-0.014312401791059581,0.6760376279853916,13,home decor
296,0.08235407252110734,-0.08628338762070183,0.22219722874873588,0.08410113060508868,-0.3830648996231495,0.1478538371917574,-0.07629789618362261,0.1453255097519101,-0.2746345772536527,0.035286376031724395,0.1189641367403957,0.13824853885515317,-0.10488395731343529,0.7264727816913462,9,electronic device
297,0.0714375076136835,-0.07037377006228114,0.07668449324081414,0.5237889829803875,0.08212365105701586,0.2365691749112593,-0.11860861906381777,0.09398236856775433,-0.06960382800739831,-0.13295369034293655,0.0801945987727954,0.23098695862146423,-0.1446758234418282,0.7933877944548677,10,food
298,-0.02627729873921899,-0.17400623454065092,0.2824453047144786,0.18214974369977563,0.11111458301177386,0.061492648775040126,-0.01286448964957976,0.10086041243272206,-0.38290082737949466,-0.010946468839804116,0.10093638325219376,-0.06967549162110975,-0.228871935940679,0.7941334770179519,23,tool
299,0.3062512343820189,-0.16196229876453108,0.14469458774365326,0.2365225639333551,-0.08256927507485638,0.15628585695544375,0.17065877002050625,0.32092809405139694,-0.3287130078741857,0.19802967944948086,0.17123284874181086,-0.03937595220891535,-0.3630384504982446,0.8123836482103641,9,electronic device
300,0.19316043269230093,-0.2737154125952161,-0.11226987019031937,0.14332286137122452,0.10841274284308278,0.09865146530460096,-0.11525322178060347,0.18440906155134976,-0.09666345217864093,0.05226298822547627,0.28265702880337373,-0.2618594033341051,-0.10937631495030753,0.7678123335667296,12,furniture
301,0.20075705994983017,-0.3025941184677122,0.28510354088415396,0.015339605184240294,0.04066279233773212,0.3692111864518974,-0.021961877651453254,0.02973213377190805,0.11638629102492044,0.07261666143253402,0.04745629744846925,0.32814476497556744,-0.13807286689678985,0.7059924601464237,99,
302,0.4090092127846762,0.36146924939132,0.10145842205946767,-0.03231776610803147,0.13347496598057085,0.0680713049960707,-0.10766302867863758,0.11574959597842578,-0.13160604132364784,-0.180231329984931,0.05573118359017174,-0.22387009885030634,0.1069623477926957,0.8321431082473403,99,
303,0.028626739650972094,0.1114374208656599,-0.18010572700959865,-0.17327532279600646,-0.29328544639611404,0.03937079296649229,-0.23387165946337035,0.20753268701592936,-0.3374677592426645,-0.07712421479329469,0.15155175515729014,-0.1001442502757222,-0.038106726092244095,0.7950149274844397,99,
304,0.05132501280549135,-0.3470644359977185,0.09384517354580167,0.22147708873324737,0.005290078876535966,0.1234205835826543,-0.005318493736699844,0.07500654037527413,0.30907813085837366,-0.08959890041717393,-0.0280163137861712,0.2949430447866875,-0.11375502101042947,0.764668550676253,8,drink
305,0.03589201460784178,-0.28702925030685655,0.07301574459422047,-0.19802436347838243,-0.003877284885616327,0.40477652767941935,-0.14256066923747862,0.11950889946415899,0.051541663697727176,0.022727309336307597,-0.028412805855261163,0.11483207610832752,-0.09277398315131682,0.7397963941557398,13,home decor
306,0.11378087414764515,-0.14491534196972172,-0.2256427407676236,0.07493001232452962,0.08964370549425561,0.07378628348776721,0.1893085989086477,0.11036694326196657,-0.13762214371692194,-0.23918264172642348,0.19621682702691812,0.12179601567734771,0.1706130650423703,0.8399150767639384,4,clothing
307,0.04387122191671206,0.13494510148110844,-0.034942725266462055,-0.0483544920266503,0.17017609887789917,0.02100354098784709,0.008516326136293327,0.4461265296382041,-0.013886050828472338,0.08572211663671872,0.10033278130886121,0.20580711665306342,0.07625072821945211,0.7790643257539548,99,
308,0.014476786458726756,0.009984865560373382,0.0679731626109537,0.0697901781774289,-0.4011985851418497,0.09467387385083978,-0.06305597605775526,0.08193074299633497,-0.4655893111955305,0.008868431432692156,0.06995731413050116,-0.2089043113754015,-0.13408382733017976,0.7788679742980023,99,
309,0.3502262404898774,-0.29673226026390676,-0.16337598397865688,0.06588445710222715,-0.05695227842991364,0.1479887115173748,-0.13481628540422563,0.19742939702523704,-0.17473244685688116,-0.06853856539687135,-0.2165768939276693,-0.15776654220815903,0.07358426901020318,0.7575891694954596,26,vehicle
310,0.11938127608480009,0.042979807290539525,-0.21936398554467942,-0.08455001175481545,-0.3501434523818755,-0.11800149361083022,-0.25308820197253973,0.1558296103933525,-0.2973405833587488,-0.1728281406782465,0.2020399472363196,-0.1054412544578913,-0.1781259047453893,0.7457653671389232,99,
311,0.13604810130699313,0.15319746595079264,0.04262204989207476,0.03192528849544085,-0.04953513862549629,0.239678869835407,-0.2887345654640409,-0.13695550404312798,-0.3022015301733207,-0.32142136122724224,-0.007271212606126808,-0.1484189808434361,0.10303936960010007,0.8197012746916471,99,
312,0.1415357730001061,-0.02796566834184093,0.04951071757901103,0.11766410173507387,0.0408181538497718,0.18945980182118172,-0.09446572322280564,0.2130973663391562,-0.1772369032897335,-0.26894620117559676,0.11757176402780997,0.06787415536176589,-0.1585717070009065,0.8030823092183812,7,dessert
313,-0.024636470842370684,-0.17887533395245223,0.08104324035866547,0.2389668968942909,0.06898178445202556,0.19575689881623243,0.023494781695551727,0.054107654377798374,-0.15734675096300543,-0.223590238166425,0.08296425360216528,0.14846812973815116,-0.08224391865745725,0.8439307664355803,10,food
314,-0.04538652317852105,-0.13979004633821004,-0.0643481254419525,0.35165582066460366,0.15652986041806374,0.10353381460096776,0.04117871441230256,0.1019977621390736,-0.14653994752664604,-0.10012400012299841,-0.012116166636884631,0.0886927623366853,-0.1702166973934096,0.8085201120374421,7,dessert
315,0.17838784267787797,-0.06134204854029017,0.107086548803366,-0.16983847020179357,-0.18875016235407843,0.08838446426134676,-0.2554175290812936,0.004254098601751119,-0.06430514530807094,-0.09116242539868474,0.18885587959447,0.027576705542780473,-0.15404487391967162,0.8235210997918796,1,animal
316,0.09981320222693979,-0.1828705825611045,0.07785074935964154,0.318319707101641,-0.17328655627705275,0.2690430788400715,-0.17328422479261574,-0.07970151178654727,0.03507339273667614,-0.20970476133715554,0.04905490618707575,-0.09759477550113208,0.06778996618514513,0.8169013326799845,10,food
317,0.20529974505393536,-0.10459995180221823,0.15165001537251188,-0.06229261550358908,0.18168880689879277,0.3209545836892852,-0.13832868976937795,0.026235022982361963,-0.11695695541568636,-0.051388230473386365,0.05370404081055706,-0.32823616110995074,0.06433117543329585,0.7950737247822407,99,
318,0.03820438760475988,0.10291927497271341,-0.058006367765049735,0.08977126432784995,-0.0041965553821117175,0.16060059637649757,-0.3190705949662975,-0.10995915089670052,-0.24920302845241504,-0.09055165769854909,0.16820622710781394,-0.11768991213836744,-0.07632193352562172,0.7675769462780241,99,
319,-0.0046778990792840786,0.037863458322368634,-0.29462739211199385,0.2317697976764709,-0.1116001725114464,0.02038877939606122,0.18983972288768589,-0.23222498759787866,0.06833686159050176,-0.28977843083860716,0.19797144065443964,0.07130579639958125,0.06823560647740397,0.8746419666280295,3,body part
320,0.04117701644573075,-0.12582406669685056,-0.07794100835286931,-0.0190250765181966,-0.16664761106185325,0.21674383123921231,-0.10885016340081848,0.2926692869875746,0.10016800313333836,-0.0032602723304411777,0.29322707439617235,-0.1457312742849405,-0.32674028504967195,0.6970687385217046,6,container
321,0.14068353875396186,-0.028527688396650763,0.19026885134889293,-0.02030670658535045,-0.13025217633000025,-0.023721030003776712,-0.26526346900216907,-0.03714340367578248,-0.013922005817368667,-0.19892939503330298,0.08582611624047116,0.028607756450621597,-0.10819058717515742,0.8175600605514105,1,animal
322,-0.1067674922220012,-0.01663040022324874,0.04394862266428795,0.04013939648520802,-0.03216751678021171,0.2534433075388585,-0.2557527864322946,0.018114741436623883,-0.2390062017743173,-0.14733138747182897,0.15679775058814588,0.032753518654743956,-0.4349092569416023,0.8304843815641426,99,
323,0.0577029036004046,-0.11930005250706127,0.0160819013884579,0.3117461521600695,0.14237260376839336,0.16255123173055222,0.014772603175365578,0.07404734150221097,-0.048044116327417195,-0.23386814217125704,0.16688609371375154,0.18341953833947494,-0.07449806829774785,0.7952430562399367,10,food
324,0.2459595874481491,-0.12506571664930788,0.07554519326623903,-0.005955129787526221,-0.10285884223903322,0.055416885457900106,-0.11086349330217787,0.11018305795425087,-0.01532819560374795,-0.2488493693835826,0.2336358606732071,0.047677567201753875,-0.1853516448339114,0.8078881957641357,1,animal
325,0.1575293998780779,0.012405352165186338,0.30417092524196165,0.40365832187542694,0.07301969637138954,0.2710932462742435,-0.17859131304654102,0.2189673461229724,-0.06847142984091459,-0.16492358037187674,0.24247458410346703,0.2254352543420079,0.06483648228435489,0.8510214821417318,10,food
326,0.14898250807110472,-0.013811010093826251,-0.05783757876414293,-0.12943614603689305,-0.11833038691911721,0.031705455557500116,-0.1421140347329901,-0.05276545287520468,-0.056283056561033884,-0.233654441176105,0.17087003697513906,-0.042446947248655956,-0.09101393244613262,0.8414892821302352,1,animal
327,0.08196446350522137,-0.12359996249125041,0.10821221173905844,0.3006793419875399,0.14315976025409105,0.22505983014453226,0.006548567436169901,0.0803585072381425,-0.051893452087480085,-0.1919303531810479,0.1673559759060933,0.16470111998350176,-0.09900776370017052,0.8022253183884397,10,food
328,0.03529305063645524,-0.03326634532379402,0.36249586662739874,-0.16035992211212444,0.11454501145772232,0.42966974384717693,0.0074227231357299125,0.08230830357957232,-0.21353479451280724,0.025038613831167712,0.2092792877126529,-0.32288275841534664,-0.25279618874189214,0.7547590695527452,18,musical instrument
329,0.07345991343201523,0.07001268615645943,-0.07582454553820807,-0.1244520735655352,0.10802786618824925,0.46701349711257834,-0.03480040566339213,0.4426677200382736,0.0889800969677451,0.05725988805326911,-0.054563324509362784,-0.019591574883782922,-0.21241220533251465,0.7868221638074163,99,
330,0.029895839246743407,0.1393894574469114,-0.42983808968711534,0.3130623383527652,-0.13782918543853998,0.10894139611680528,0.4022270071014518,-0.29010981687456344,0.09108048201469475,-0.357400829124756,0.16926932104832418,0.14858449565663828,0.060279429276277094,0.8723126805443879,3,body part
331,0.1628903472634357,-0.238585211728025,0.14345210036229103,0.18158055228822698,-0.033816944681838795,0.1222245143331169,-0.11901430497398327,-0.08625101385503,0.06173731206511384,-0.23816414004909672,0.009242232948260123,0.17333800021895104,-0.26016591854304977,0.7076806118223261,99,
332,0.20435358183475089,-0.06720821089313403,-0.0024476290874175396,-0.13156440721904736,-0.1612306785814707,0.012055585563019718,-0.2158695723714957,-0.04171256136911751,-0.024261630921828287,-0.20371211070434317,0.25672011973333336,0.04748050107435476,-0.10399765031244064,0.8171262001749807,1,animal
333,0.057129963013641365,0.1768821720114601,-0.01131939290862987,0.016093247535586816,-0.37231568244539,0.16207327679752054,-0.03440621123940593,0.04314448058978511,-0.32217391077738905,-0.046934263518450293,0.13233255796054438,0.05666246983990299,-0.14519633214603797,0.8116035711087135,99,
334,0.2320349204488253,-0.06880140093977766,0.06776906322684728,-0.19276896018886377,-0.1571127540897939,0.10019915690426479,-0.19416957647828656,0.12293602061828635,-0.011938703378656717,-0.16185661528728934,0.23370243900511348,-0.026212783291684374,-0.1220346830845577,0.8110505949442086,1,animal
335,-0.0039009960794736042,-0.04250496346491046,0.10387444220846391,0.3696437010420998,0.1043486769446451,0.1844818282709654,-0.03995363631803133,0.06687318001590305,-0.15880249927269263,-0.19539489541671318,0.14319483973280472,0.11787812061771484,-0.05397712878621046,0.8214570098636211,10,food
336,0.29114595370573293,-0.06548586946499,0.3870480813623948,0.051022679418511074,0.09412184128634715,0.09920390896650887,0.1783849905965456,0.23485869534121986,-0.21859452141080268,0.23991559762312448,0.20587685133162342,-0.0709940275969685,-0.3549701686261354,0.7722275114577039,23,tool
337,-0.0686272234291329,-0.05010841668542687,0.11721188819352245,0.11829841851450258,0.22416274635258893,0.2465411414422281,-0.24892622997566646,0.046201950191522685,-0.09204666385761348,0.026457193345211624,0.3968149898614937,0.1866851039090087,-0.11514233930110672,0.8345685292813022,10,food
338,0.1276370494984346,0.010333902669052838,-0.1387451652989881,0.3662495282312302,0.24118384751696223,0.1762598950454743,-0.09858788272753943,0.24799474313973452,-0.17879057071873486,-0.11956276192550504,0.06778917364376434,0.044411612593164305,-0.1746693703547404,0.8064310314918045,7,dessert
339,0.036289402871640654,0.00019855291729669705,0.3317274611502563,-0.07476857907132774,0.07837435880626738,0.25142051246785224,0.06811478706019691,0.02013494097446592,-0.18289040348524588,0.18276731105843858,0.2759216729640983,-0.26114033254722785,-0.35656948228487173,0.8171752145436356,23,tool
340,0.27888434090325,0.018604692257271696,-0.23884685647850082,-0.1807102397540839,-0.06084793549582514,-0.05114880243792262,-0.2429517869574831,0.055430962672819654,-0.25636448348415175,-0.24272503026279862,-0.08753062358562633,-0.1698510120074142,-0.02604116821424894,0.7614445125052046,99,
341,0.15936105545332946,-0.08591496248074375,-0.20866541600785515,0.09929564508438908,0.1785113930701984,0.356259532503726,-0.22448770725424083,0.052047395343560315,-0.01625947673557043,0.11110579434025823,0.19318698479943466,0.17290858482776372,0.1376426423097413,0.7868938587086856,13,home decor
342,0.143787486120743,-0.07130877982390897,0.2789590394213503,0.10767246384438434,0.17377164072674667,0.11897245072465323,-0.010601596193150875,0.1226280036182117,0.11336364562171111,0.08413612827225718,0.0469431206840848,-0.1478664570494016,-0.34454274483410796,0.7764477047451872,99,
343,0.23651353079775445,0.32453387945072654,-0.0020268023569025113,-0.28599975548721307,0.23901470375557296,-0.10702739551514981,0.29716016851848326,0.11504593224459543,0.2587786372572963,0.21203884191723393,0.038097230171277974,0.12029982037670528,-0.18377380727920464,0.839607838113615,99,
344,0.16023494847481032,0.3554843412249846,0.034259668801959665,-0.3971877680770364,0.21678445798304993,-0.24331308512716723,0.27817987916721604,0.0305645811447216,0.23158988108289016,0.3424241171187755,-0.04102257904136734,0.04354420951035554,-0.2396595428860475,0.854164678770482,99,
345,0.18790353814480323,0.3675785248092437,0.03656800277247142,-0.3219362651994215,0.17990517190163263,-0.22736047554888167,0.057128225125515804,0.11890076940498039,0.10271201435598852,0.16983742259863874,0.01171132774173666,0.12260550000333827,-0.25024468961479446,0.8204688298742032,99,
346,0.29276417325090714,-0.01571950421268808,0.43950330372818947,-0.2277866164651296,0.22937431844505585,0.27921702222299305,0.21423626064560233,-0.028397605027597923,-0.06796434724006399,0.1594174371789448,0.12187463571451357,-0.13121643224287255,-0.18396890465230112,0.7694713448725002,99,
347,-0.09829832240882923,-0.15389337355865437,0.0022215242936137205,0.1500236355841172,0.22708103186811412,0.281537304828295,-0.18115782039268782,0.0330900454523815,0.04945412564402159,0.16697888438745326,0.433208468714977,0.3766987565512679,-0.011131445400744667,0.7561731576740959,10,food
348,0.1543276976387994,0.03163090533749192,0.2631267688042331,0.1385508639291102,0.2558301336945513,0.12652609568038214,0.08798502257813712,0.1705723152872417,0.10738644047757823,0.1649937470877154,0.1794674007395653,-0.07494327979975667,-0.24803567956980657,0.8418518296318921,10,food
349,0.015647012953692568,0.04320644307745697,0.1788685374511754,0.1326344790421679,0.16088556561240894,0.1814542401253569,-0.35768188652125926,0.3235535852426689,-0.036218304977648455,-0.2947961555222923,0.16009315754076428,-0.04465521240223021,0.05139886509999949,0.7947111210088585,1,animal
350,0.1456006559678553,0.022756934683442087,0.5707079364890187,-0.12712637214547162,0.24730623313179995,0.4180995417329691,0.1571091759172922,-0.04248158702963361,-0.08452380182060902,0.025569767795535898,0.20090716116149518,-0.1849184586959159,-0.017174384632745107,0.7866056304710399,18,musical instrument
351,0.07680286186312815,-0.1315731008188179,0.31026097726643015,0.15295434233567734,0.01577352646421352,0.1603963843521689,-0.07942815242832808,0.015342398855385313,-0.4671629694172875,0.006569691527440939,0.14046840545332492,-0.026507869595016307,-0.17867966647786113,0.8100305336703086,99,
352,0.16658633512291746,-0.05962876918588318,0.006191622254407266,-0.01273523243013038,0.05306956063140317,0.13234352549913603,-0.07963877740210683,0.07359860898332324,0.1665954934049113,-0.06608166707197763,-0.0406826454558001,-0.22265098636078803,0.021554085015682345,0.7990741027610002,99,
353,-0.04399189947856218,-0.13682648262005997,-0.13262519370932851,0.3629878497014414,0.16253033086626076,0.2168222026829423,-0.015799801126734948,-0.0170816797238839,-0.257072464491645,-0.008770211318166776,0.11189223332970098,-0.052109387153033454,0.19317062816353442,0.7635555018018375,22,sports equipment
354,0.17570989960311403,-0.17039275848581112,0.2987767204818314,0.27125006721543304,0.17984005272186807,-0.05526884142858115,0.0853296084520251,0.19765833998380494,-0.32877676180385906,0.01640336547634808,0.23263644913421377,0.09075377406404078,-0.4258359353953346,0.792525620589213,16,kitchen tool
355,0.17843368692390635,-0.02812289361660649,-0.21196834110950025,-0.08472469775557198,-0.2194011826959993,-0.059923316609908316,-0.2292781122983799,-0.005916027337916821,-0.2536677923077522,-0.224038041191644,0.16636630259561566,-0.042043945706056525,-0.21452755470919158,0.7412917064393317,19,office supply
356,0.2002492081576252,-0.06416509034429689,0.1416734347686707,0.1632308273147938,0.1450637887286047,0.23077518550275547,-0.031043042398710377,0.12980914056634377,-0.10771321634082916,0.21833418502877575,0.4917091111045475,0.20973731986862676,-0.1147197146976114,0.8147516468169754,23,tool
357,0.3243620141225516,-0.0348838326445021,0.13784507650493,0.07865723161027814,0.01071502036642112,0.02579241539197242,0.21343369449102748,-0.10097559724717256,-0.11452156602375414,0.09602489661924489,0.1602635487493182,0.012136860308444668,-0.2158350310349436,0.822088417664141,99,
358,0.09459985353552365,0.006513204387537224,-0.2860643526614018,0.03141600304196089,0.13464506145517527,0.24337160876806216,0.08631263136819074,-0.055640481413744024,-0.048995156567654685,-0.2662317513214518,0.30235787019092997,0.2351647283775289,0.07205809937452128,0.8479060701920745,4,clothing
359,0.12248438602476788,-0.1399783974737043,0.15187878909389396,-0.11312790517484896,-0.32838504859928697,0.5053019446033833,-0.012315121900823126,0.0831910484030121,-0.2522545770580753,-0.022426001986214403,0.024002463195642372,0.27262248481372203,-0.03736906596563009,0.6987360291281166,99,
360,0.09621779036926544,-0.08875099663168717,-0.38817521504418506,-0.0038444745683848956,-0.18038736880936548,0.1717906335973139,-0.12340560466575315,-0.003819519051432479,-0.14512460898253504,-0.2745729869090098,0.2617192960536938,-0.19017726705419274,-0.19942044200231565,0.7609964711895196,6,container
361,0.13706492199883347,0.03613992114922615,-0.41161727732262776,0.06607828705953488,-0.0316582441568105,0.1862717837294265,-0.11363067494121867,-0.1459430277932136,-0.1459671656117543,-0.4187111321293726,0.15522896212051931,-0.1181509760896019,0.07865027016198818,0.7505609378913191,4,clothing
362,0.02115402434410812,-0.15882738189857087,-0.32595909716933225,0.10874020586490812,0.10606056541831665,0.04168603657245904,0.034404193824270665,-0.06903280815034926,0.07181814609046472,-0.2865874539448222,0.12593302177415394,-0.02128194983689942,-0.1920707160029161,0.7751490987771477,99,
363,0.1139548515580884,-0.04145807165203785,0.059403989754420045,0.05033144287286531,0.09309859959357451,0.14535301916152596,0.05561349808057765,0.09427847342602237,-0.1288304208649561,0.05121167211739348,0.20273685980338152,-0.41839991030675017,-0.23892199882472623,0.843673017738979,99,
364,-0.3122247900470953,0.010250029067929267,-0.09398389595822891,0.024839227039111768,0.123035159741825,-0.04079896012171507,-0.07267540150336661,0.3608567155149893,0.2918458544237575,-0.22942361867929728,-0.2563933245463495,0.11792871808049707,0.1871947352855308,0.7364997682391777,99,
365,0.20114271415859553,0.0028765966274878567,0.21325649895841448,0.1551520929665877,0.26940673404841353,0.2457573628401999,-0.11197655602699454,0.3310770689401267,-0.03418150140151481,-0.04071048029439179,0.34544993391577705,0.10906766244581693,0.016867533020866857,0.7488879853209123,10,food
366,0.012797781605416603,-0.10616541984894118,-0.027041564507960043,-0.017987516032832877,0.18562914393454946,0.34991816731552505,-0.27685339913830875,0.07807656009778893,0.12005366365289287,0.09505987043264835,0.44218819133607573,0.3420063861045112,0.15452456137578818,0.7189443158268726,21,plant
367,-0.0414020844073919,0.18130178177685133,0.029608087513619402,-0.08585574066158251,0.10286728301285963,-0.030516998691068317,0.0070151239256346296,0.4316456964426336,0.009359046525033842,0.10610614834213394,-0.013441861467486459,0.2802566223558492,0.18126632270395732,0.8066408354518112,99,
368,0.03393989005481372,-0.11536586536604625,0.12040132770535328,0.1106801781976317,-0.17365617154916177,0.2477569974107708,-0.05746652831627759,-0.04615571847214276,0.03395067550997486,-0.22451266097544983,0.015188942384222118,-0.04981872012703575,-0.25292279391403716,0.8174198762221571,13,home decor
369,0.04154391351649258,-0.06375054680911241,-0.4823802710305753,0.0602547008526034,-0.07635413311602449,0.09265704505555693,0.07185000624913906,-0.30790333204749065,0.038014462068256975,-0.31719672869101606,0.2891702179483849,0.11772721083540434,0.1659380716033296,0.7697615683931623,4,clothing
370,0.182146022385661,-0.2856131131734053,0.022644835801243636,-0.005671601606906744,0.13419028845336456,0.35696839196713365,0.041828870002246846,0.02979574119581202,-0.0729789206354827,0.007275292028488117,0.23922825941531964,-0.024528668897221446,-0.297024483143647,0.7237649216596586,12,furniture
371,0.14504588972936225,-0.17100943183855294,0.2903147136503034,-0.24189385855555576,0.07125782413123503,-0.07109154296120339,-0.2350928760480548,0.23069769214154245,-0.10561651423404611,-0.17444082834972566,0.15763991126275093,-0.036888569523661874,-0.1323840520245769,0.8585535977836323,1,animal
372,0.12414146387847254,0.01673701950239359,0.011861660815561061,-0.0941329383810302,-0.020445168915257796,-0.17570903064129909,-0.2361605519283165,0.003536349891620061,0.04461252196041721,-0.27681169242954434,0.15657883723360758,0.0030136978465534403,-0.10193206942383386,0.7955357971083262,1,animal
373,0.22011628536528413,-0.12207522906828062,0.036248463944484194,-0.17749921862843404,-0.05338143907521305,-0.10414775583210209,-0.49497935694368544,0.2556783952079042,0.02347755217845668,-0.08125160445556275,0.3048746350954857,-0.013404713642982742,0.10060261076106088,0.8288376907172994,1,animal
374,0.13331972853900576,-0.23597208505034833,0.028208208382101963,0.1559666940411289,-0.10470977560486172,0.15144030700806888,0.00899105388054463,-0.0027043730990703565,0.28321792815229585,-0.1541787305157938,-0.1293637150124875,0.22446388418838933,-0.06603902200049647,0.7476930810098706,8,drink
375,-0.04493137854174713,-0.2255418127351773,0.14721338965137193,0.31675054442021183,-0.12627511551416795,0.14407991249248375,-0.11187548822710285,0.054966816669002744,0.08096012224566808,-0.21854317354272984,0.19548695714858413,0.10097166692791743,-0.094761143867884,0.8117311013492016,10,food
376,-2.0498396719653743e-05,-0.23680476439187886,0.10764738681858212,-0.22979900837157083,0.11327232131428722,-0.0008669848638199653,-0.3933881010742108,0.10569339048961894,0.17264657156060256,-0.10438140213036616,0.35586212514788923,0.2304784269491065,0.1400304033280377,0.7824772181774303,99,
377,0.15103010697624977,-0.10305086490326265,0.04479636749277127,0.2546908190592017,0.02254205297242525,0.004780824253550133,0.033324286259670495,-0.050752091575321,0.22560635656045377,-0.08106654853652857,0.11911213668144029,0.3569784674252333,-0.2969208882291023,0.8040064780098216,8,drink
378,0.2338579524506832,-0.04991524039742449,0.1708041447380386,0.293665006422175,0.19273288800862054,0.24562770034826803,-0.08230797991250567,0.2847622082677459,0.010520165068013553,-0.17961030445935877,0.2632281573117955,0.15420133670675085,0.015446794578807951,0.8453316838987571,10,food
379,0.0395846137150329,-0.06408516564755438,0.10562653105173977,0.1839889766914226,-0.08447950108501848,0.07681526228409596,-0.050717476962829564,-0.030389709363078256,0.19525523714950327,-0.10567753612740213,0.014049132303767921,0.3355700946055921,-0.17427490453220013,0.8321684644694914,99,
380,0.04639185496306177,-0.2272955643191041,0.28419004955551647,0.23156211388814438,-0.2884322743996295,0.0985987282704006,0.03964312235760854,-0.05404331245141503,0.14196531018597028,-0.14034863900099673,0.1789550554811719,0.28776233314079885,-0.30346405244172975,0.7534022509915873,6,container
381,0.09723957249433726,-0.22883351541011604,-0.059688724303271636,0.06545449635398595,-0.12522460728433696,-0.12719872544688088,-0.2531184391871294,0.152701583365899,-0.07629357644719334,-0.12287825262418636,0.2601414219836407,-0.11776807975184933,-0.22500968059748,0.7506114359116121,12,furniture
382,0.141434318673308,-0.19854423126398266,0.19717248271288781,0.314127021344788,-0.2665657701068067,0.10132486988710543,-0.012166182628487768,0.04594136077518944,0.009120898616675753,-0.061718228347849166,0.14469901592073142,0.26412177572888396,-0.28888480244014847,0.7451633780466534,9,electronic device
383,0.13259396357931494,-0.11011724970872412,-0.046983536358440374,-0.11462702498333673,0.09052194127684858,0.12730021251192417,-0.11698364569669241,0.45845583787690275,-0.021314982010281053,0.12665969035028266,0.17778811161993888,-0.06473295529123083,-0.24112406871768424,0.833953792934735,6,container
384,-0.06732265532766311,0.02808827698181347,0.2704601615631111,0.04804167021402218,-0.15960754429644075,0.26728900659670135,-0.2215299953954608,-0.039920230461691374,-0.31439462085309416,-0.0315915680322685,0.1571376244346884,-0.01832740805475458,-0.31241064863637186,0.7494122070341583,23,tool
385,0.16754052493269095,-0.01827465298789106,0.2609936551635428,-0.09104704254115371,-0.16120628868861972,0.42686208048378593,-0.1069416386077249,0.11271604733476817,-0.24971802491120246,-0.15243267653048342,0.13678677231716008,0.03372268567116567,-0.1793837973239456,0.8173749947034122,99,
386,-0.06076947588468087,-0.11689007574086864,0.12311171629762617,0.3865258533089172,0.14919985370174726,0.10755190218340765,-0.15076878723145837,0.042370614708986086,-0.17656715181220176,-0.11505488042524376,0.07605465570941225,0.20128109793439886,-0.10000419916561473,0.7858503541815481,10,food
387,0.014244809945463476,-0.23066621264480203,-0.02628511535098054,0.1326270657112354,-0.08501449623285838,0.10090917179505521,0.07334165427677623,-0.29849079347686885,-0.27419857772250744,-0.21550693591697462,0.12068704152417713,-0.05601533145550463,0.014523733472543982,0.795378561455561,99,
388,0.13869910526003085,-0.1683426279046936,0.03483381470298862,-0.058304445731955326,0.2179102554174222,0.3363130958543679,0.024016149467764963,0.17760722532245285,0.11645216598421892,0.08150075388553997,0.10374573851299083,-0.12769777799068235,-0.37494276078901395,0.7481209976831654,99,
389,0.13091917398294972,0.15037426176393573,-0.09249450042583432,-0.06734514349899877,-0.13172800831892761,0.09409770510723275,0.17172673954037168,-0.2100523305059773,-0.04499999647254891,-0.060209406511702174,0.08047552747894939,-0.10023045883722977,-0.3489258090639302,0.7976111142793981,99,
390,0.05498360366458202,-0.07745120527990727,0.13440456457574262,-0.060145978647902804,-0.5236882779377018,0.30647715177880247,-0.06755264965898655,-0.07172083514275507,-0.34431752477577415,0.07793836574276418,0.08267078096511372,0.09531308882202567,-0.07084770939075395,0.7636276183017309,99,
391,0.13968074627054475,0.10113990072617392,-0.2541811434108354,-0.2171727248839746,-0.09536163276455475,-0.015268222266993916,-0.1970969319547012,0.06374945280857197,-0.4231637243044795,-0.19075773984245845,-0.05886102126613165,-0.08667194553155731,-0.055198765177965396,0.8020425622890024,99,
392,-0.016336629899502506,-0.14827071276068338,0.20935230645458305,-0.14089840007497734,-0.17588069063081402,0.3517528690321905,-0.12106794370501268,0.14804159363839897,-0.205095556831048,-0.10069262726710107,-0.03478047002231978,0.1814082123208857,-0.006000019446881565,0.7022710712335902,99,
393,0.3187061659808342,-0.029399081630771675,0.08400909722874447,0.0618869506574058,0.09560225362719832,0.19040912306091093,0.0665544627590535,0.36256084016246426,0.02153319786263139,0.1472999254986425,0.3873607827398027,0.10640009431675923,-0.09841262248437233,0.6960579435808095,99,
394,0.08726681146488885,0.021065607764816023,0.016838706195738833,0.004417491937505309,-0.47748636535768035,0.09071279765407049,-0.19830119711817246,0.37881574955128655,-0.37689648025689215,-0.0620198328679455,0.17802770938064588,-0.038647312123414684,-0.08086850494790615,0.7935265369681138,9,electronic device
395,0.089293080533758,0.10491994625219608,-0.1160021085789756,0.06867075892857269,-0.4217527727945699,0.07522199807138795,-0.2069545256798909,0.2782618041763591,-0.40352270632745013,-0.1358316809999098,0.21620474416536756,-0.028894767590435775,-0.0756207366568593,0.8187803239231819,9,electronic device
396,0.19540154347280023,0.38102138969306143,-0.010670012105149,0.21404220684065928,0.0636867880796613,0.41440252991708937,-0.30366527230522805,0.013097508765090325,-0.1611544146963629,0.04862693248541869,-0.11919644224168632,0.07369168967429596,0.2470173663941473,0.7978230052074352,99,
397,-0.18467726182022423,-0.08355450111447589,-0.03333725782772318,-0.1528230515357636,-0.4261924882232745,0.10679887630225197,0.12743296715709979,-0.16017158005803064,0.15572903475870686,-0.406038109736041,0.04067903805799316,0.11685329736907878,0.10865672403501125,0.8584613430268919,99,
398,-0.047002595462176604,0.042570373062287226,-0.11726801037604055,0.12775918860742852,-0.287283768515373,0.16911213150884608,-0.2715570911638725,0.36000480553576303,-0.10446675398830675,0.08615694695288638,-0.02980872703886605,-0.29858399255564055,-0.4335870289581857,0.8051929563039054,6,container
399,0.09371297615768616,-0.2095438572811993,0.26684983557761466,0.326826543978342,-0.22927538172092565,0.022526032700136193,-0.02434947765300188,-0.030096362020398032,0.006778682576963938,-0.11574286546611821,0.13934325632625796,0.28746868764476996,-0.39832801468201773,0.7652923962742285,6,container
400,-0.024315941279969062,-0.08955016663805837,0.1092178980893872,0.3735742468017337,0.16618838380649556,0.3199267841164752,-0.0483219976111036,0.18111654220818288,-0.1794982640884228,-0.104722866688366,0.07234084528146574,0.11715224315680263,-0.16417735115693438,0.8195325940277728,7,dessert
401,0.12277924013272737,0.012164630672504057,0.1713559213571347,0.06041574237976052,0.08261192852119975,0.3367672313015419,-0.30035889558215945,0.0585402309587061,-0.34711787457172405,-0.05436328059975283,0.14891429642562082,0.04106774870576872,-0.32461846501289826,0.8073834839913203,99,
402,0.05105637608783151,-0.031520446611259655,0.1100448097455784,0.2578536068719936,-0.0943518964465666,0.058790385370869995,-0.16872328312808121,0.17794942155447427,-0.25770062246206926,-0.06267296814439657,0.22116624220986406,0.15210064458994155,-0.3128402749748554,0.7448465311615103,99,
403,-0.06386201888126336,-0.24591418497641102,-0.13931408735294054,0.17618085541514036,-0.13611095058708358,0.04079498525879796,-0.15108373971433414,0.16168480416064293,0.02335218436408253,-0.14633110879806766,0.027485351080383486,-0.14048959555200577,-0.21213721664322552,0.7644638872165564,99,
404,0.21537068605615864,-0.18122729956797695,-0.15633215353889882,0.12323715401418267,-0.19845560896988154,0.17208055277156084,-0.19789863335216357,0.41793800331003383,-0.04085107437724628,-0.11146085720398517,0.17598702091883497,-0.14168926059046225,-0.39519226472614816,0.7825232557921594,6,container
405,0.14130096354049446,-0.007418739559226238,0.014109742363269354,0.08495937251993775,-0.34899448475568984,0.04951827017876297,-0.2712249171701663,0.31594517091251606,-0.3969517432268127,-0.020409652196167534,0.2257362412479327,-0.04179409275275489,-0.24224986371339444,0.7902783683153568,9,electronic device
406,0.12624122778873478,0.11556397047212455,0.08378281759178147,-0.0023030347916140805,0.05331378459370439,0.08428442654896261,-0.5447340390856872,0.20152525838711924,0.05369979651713787,-0.13361371437291683,-0.05287465212124928,0.16198670948341995,0.26910766289130755,0.7109396866377976,1,animal
407,-0.03452254360340074,-0.09271044774075472,0.23252142235382456,0.21205523182848313,-0.2563108290371167,0.02656842646288214,0.11043237748990437,-0.013155283673720788,-0.4559864059572918,0.0417491311696927,0.24056961926725653,-0.1222739656201796,-0.26508897838049766,0.7513022639260811,99,
408,0.04183287851267944,-0.15523924049836052,0.029190733382276606,0.32670660941758733,0.15650416848344517,0.2058061845135357,-0.04217195610298802,0.07217532517010368,-0.17846396124147235,-0.1459199252932728,0.07962298605600265,0.12229753656260448,-0.0664184275523206,0.7724683089012357,10,food
409,0.09423768025630593,0.03414524841969496,0.08371967796008514,0.028460868667216872,-0.068453863661933,0.1760372372033515,-0.0835083823210762,0.07257762912256903,0.20467896048188525,0.06574813748295187,0.03763430134349506,-0.09669182401852529,-0.17408688851736936,0.8216532463048144,99,
410,-0.13317408367131697,0.196849132432607,-0.022316875589725813,0.13160683861893674,-0.18690598124516747,0.008999054726156253,-0.24783281731547321,0.2508667580749366,-0.0936430279381116,0.1618986339631841,0.15011929653654849,-0.27954585053202824,-0.18325245516372413,0.7996000476488282,19,office supply
411,0.27343011140887136,-0.15784865070726253,0.4730542314867358,0.13511886563540096,0.06677269531328589,0.1374695784079091,0.14597813521729014,0.10923601223649253,-0.20296088862798103,0.22623805815742082,0.13423651728871533,-0.16353314873263838,-0.38011863555489944,0.7892602832910921,16,kitchen tool
412,0.10171636254431729,0.04490422654075878,0.211701137074901,0.3507530582991819,0.1379493426623351,0.13493204733379927,-0.04928073879662902,0.14425539812358007,-0.12735063495745805,-0.041117246956746775,0.293921436548874,0.14287610556376673,0.19733515928741957,0.8312369600748368,10,food
413,-0.04817421452898756,-0.09244505154159713,0.030947808860468162,0.3259427379662441,0.18103794291435635,0.19549862030984952,-0.022031828421326182,0.11521250995758887,-0.1156338887366106,-0.06657868097584828,0.07517331794766877,0.023839160960267357,-0.097545368179479,0.8001930759197402,10,food
414,-0.2297719943149786,-0.03130891705209817,-0.10066118221281511,0.12765800760225116,0.029393280861512446,0.11336270919786752,-0.22194929718531506,-0.08965216853559438,0.002923951573023492,-0.11908857932699825,0.21513005554065873,-0.0078008731785803205,-0.03814993279535473,0.8014486975178978,99,
415,-0.126899610162443,0.060824771356341886,0.2039052426911726,0.3463019390838241,-0.0174170599151161,0.28559059485612875,-0.09656731649194691,0.14506495897538274,0.06782114376098398,0.16120064495791625,-0.012790928914022316,0.10047231036892108,0.029251531689512764,0.7615444064462954,10,food
416,0.2458324385017495,-0.10290121306370198,0.0423991887204522,0.21998411829067363,0.10656714201202237,0.255140759523818,-0.11424290380635946,0.12122828078059922,-0.16091729381147418,-0.17643912756618144,0.26618779949051297,0.03744796312917921,0.0024781122124633297,0.7567532584494495,13,home decor
417,0.11898482748949202,-0.21579774974153518,-0.28967884835577595,0.1692105759406227,0.02539763544195147,0.2638992713529375,-0.09086266566060994,-0.22612099055651183,0.11196928080891572,-0.09421023577739962,0.13848776389017517,0.28640497786793906,0.10147512945171643,0.7759747182123814,5,clothing accessory
418,0.1373087563492841,0.047028181659940584,-0.45446311044557564,0.16582979611112594,-0.1193423511421028,0.29094384107352,0.03466033865505931,-0.36613058553408034,0.060052679150231734,-0.32877089332820475,0.1759857263607188,0.008763450815277617,0.2023238649100304,0.851196399639917,4,clothing
419,0.09725960294755068,0.1600199080922403,-0.5007807130428145,0.05978692889029366,0.1097122123420461,0.22662438971068236,0.049130535033498485,-0.32816138405025785,-0.27535359029412954,-0.297125536502196,-0.04671646221193887,0.02853629658403456,0.32274260181715575,0.8165460975542583,4,clothing
420,0.07602596808834666,-0.17634089797103045,-0.25016376950116354,0.05268667397628292,0.19041663778735468,-0.017371914329191575,-0.08302997027171129,0.2305348988320179,-0.06574847778098375,-0.12291085072776892,0.22847125351947703,-0.14972283127959357,-0.02616342221865734,0.7861604610245403,12,furniture
421,0.09960529785044776,0.03532996751502128,-0.11259836298784813,0.4515444340573236,0.1373490936289839,0.10091109044631519,-0.09406593809392738,-0.202085976158536,-0.033981925868015544,-0.1322522251799963,-0.19371376151839048,0.17790769234887333,0.06938979704118407,0.8194773348684952,10,food
422,-0.028694701365424253,-0.33179090240112735,-0.22033921993177571,0.0002846711187112211,0.051444173842491246,-0.01262816676797098,-0.1622890836007573,0.045421329470925594,0.05623965788620477,-0.23039019979907815,0.35974413970472635,-0.20588769059244344,-0.04272650528232829,0.7857332601410429,12,furniture
423,0.20108249024414396,-0.0862377677194202,0.03541474987481495,-0.15972863390904601,-0.14425011228348483,0.01750190250255904,-0.1964129207805432,0.06778843413308992,0.006516426243303649,-0.19105792938219807,0.1567708735976857,-0.050300622851646735,-0.11646361444442814,0.8062897158468404,1,animal
424,0.17056517615963332,-0.2367155838412982,0.0307648764789324,0.4065607865961902,-0.0985042510942445,0.08472505256653992,-0.188611515015409,0.16280051761400854,-0.02163974796650328,-0.13735916013798494,0.29799482652987597,-0.01527086785147769,-0.4045103397958379,0.7788555279871887,12,furniture
425,0.1366797964367981,-0.08806138675319257,-0.25928215542829053,0.31390275088212743,-0.1434322119987313,0.12266460602344254,0.07493649585142621,-0.002354055948088297,-0.1907735012314708,-0.11432532842619686,0.3075707320988304,0.11099331134716492,-0.07671630692799615,0.8080721100526712,4,clothing
426,0.33731682426900955,-0.1780689559372463,-0.04070871096029646,-0.010208382413925427,-0.04365300808269326,-0.028504698189084104,-0.045234150342936416,0.13624347156437758,-0.04127388303616014,-0.3024389774479362,0.14346004925705355,0.024940640797651892,-0.1170187757118485,0.8226635077766337,1,animal
427,0.1904958399373586,-0.10567138819723507,0.04695825000460444,-0.15706122700444156,-0.16501108528988148,0.068047793879987,-0.2303788107920597,0.08178624500016668,0.039376674655219775,-0.17366016540355103,0.13581016543836927,-0.043650083512849894,-0.1430964368194029,0.7802145706414001,1,animal
428,0.14193157837044754,-0.08618072885068598,0.1318545534570692,-0.1059619257389665,0.0647229361598124,-0.10842530901494019,-0.4048450800623118,0.3059793152993496,-0.030447664865250242,-0.23559485513138576,0.1608773555627576,-0.010511698989963467,0.02771515025835408,0.7791464069657993,1,animal
429,-0.07876019797765131,-0.09108536252136126,0.1049448598527287,0.3017271410810358,0.0767447019688908,0.31883531823537137,-0.04929693030110989,0.07458090997972185,-0.09493026280970998,-0.1898192940852217,0.05453591390298997,0.06470074444685225,-0.12853142504096743,0.8378458494425597,10,food
430,0.1328701231457112,-0.06252843728682726,0.15018326165331897,0.3370267680407024,0.05603790552038975,0.2890877053770996,-0.18637690081468108,0.06297248164645064,-0.08238356094762268,-0.24592636018777528,0.18666540346034044,0.044746602566611685,0.0980662905882387,0.7783509954137176,10,food
431,0.037533113393227936,-0.22048895621690287,0.08085162829057253,0.16635070180019043,0.1833232039889226,0.30343037086487906,0.09677229839642436,0.38106644132498024,-0.2521424642165283,-0.03773135025613147,-0.03482741415814851,-0.11378495842491373,-0.3930418181201583,0.7252877803744301,99,
432,0.2231289066325879,-0.12651042886657923,0.3123394611361397,0.12880370555545043,0.016876406787548665,0.23290071799944756,-0.08313356313824297,0.27168088591177075,-0.12313502281833275,0.13286214879333613,0.09601686525657838,-0.09812297128329503,-0.20262782552736325,0.7393284744413671,23,tool
433,0.012568755928715647,-0.07564806935427287,-0.08509961310767457,0.14309656941185706,-0.17514590324282028,0.10140420047300562,-0.07940970157793756,0.39987605540039606,-0.14777315738269778,0.10582762806142884,0.2482713692312876,-0.39093706985576293,-0.5217160056375042,0.7474236903693273,6,container
434,0.1728427910316437,-0.09504783007850766,0.09366766302726838,-0.05036322920169562,0.07389755081348535,-0.16491373266986883,-0.40908991461207905,0.2709222515702182,-0.012629237244068092,-0.24231981887769388,0.19713046304169415,0.039081453534525926,0.026375754273725804,0.7963402506878043,1,animal
435,0.4282652058116623,0.310420377199243,0.008764118629995911,-0.23095627473047578,0.1579250612532633,0.0735672578562737,-0.15913517321288295,-0.22241737413173515,-0.2597879170972135,-0.15149383614620998,-0.23855275297497341,-0.4024882304687982,0.025513090682697505,0.849686746220852,24,toy
436,0.14918909200458205,-0.21517396501769315,-0.0864761338908662,0.09058674386325231,-0.23439861640200244,-0.03861875174809975,0.12022670918411145,-0.3532674979811244,0.3496703377631051,-0.1427586499076078,-0.16105643777600462,0.0980698344136508,-0.16707083666485883,0.7999244559404799,99,
437,-0.09511734093779312,-0.24357824903390293,-0.05836657922762905,0.2809554177040365,0.1102980712236082,-0.12027265144613505,-0.06996877948679402,0.04670309651831859,-0.07166881850266665,-0.0899804303618732,-0.006080163917257025,0.020230224858666275,-0.22367113270613553,0.8045566647068275,10,food
438,0.16806607055574965,0.03801648910827351,-0.25932575344864756,0.02449373853368572,-0.4279838570096436,0.06224189832051092,-0.11303157028939222,0.14129830031519544,-0.3604183864176591,-0.18393862818927229,0.0625635527683574,0.15290229429692548,-0.04359819533599384,0.8555920319675284,99,
439,-0.012065318286186072,-0.24483504553792582,0.18091514946832143,0.2170494906134439,-0.05266404972877824,0.11153889098571351,0.11496619249498599,-0.015030536094822886,0.05595790562425959,-0.1623448200533409,-0.00030026659326777886,0.25431241570580193,-0.14221528071936973,0.8156504006241925,7,dessert
440,-0.05538605925148766,-0.1387080999428486,-0.03036212786282335,0.3550967233967342,0.14005099699694293,0.1678819922692066,-0.02168949513281165,0.09019057164196066,-0.17506177499908457,-0.1577792417560438,0.09850472378492224,0.13374701562240174,-0.18936528823989754,0.7782317562697346,7,dessert
441,-0.0475506182128454,-0.1441009286199853,-0.4237217107659497,0.051268567423586785,0.05334526383676382,-0.025557794884993594,-0.1354553105469938,-0.06955032579431691,-0.1616306591605836,-0.026658020022635502,0.12917241730260984,-0.2983033179520002,-0.2951978121629053,0.7829375762742492,12,furniture
442,-0.062417901982031634,-0.14511396765043735,0.027169178510748813,0.3189766192695331,0.22832759092649038,0.27325965519250994,-0.004483797446812884,0.08723228413438415,-0.18865211553327377,-0.11600737070639824,0.05676718804943086,0.07795901812617459,-0.05738686960189703,0.8344890765876228,10,food
443,0.19664208480507245,-0.14987995176334465,0.11776162200705921,-0.11966945605597089,0.14433427909584284,0.42567552565874434,0.17110202230090493,0.19459113555331403,0.041961921051888645,0.10369631849450751,0.07956778753959264,-0.17582298242080185,-0.22120756236846872,0.8114257864172036,99,
444,0.10381835161327745,-0.22007780965455712,0.4362441029084297,0.05096454412867155,0.23184887411352262,0.030281876766328607,0.08610525968211702,0.13103660167397682,-0.4993392710235106,0.10555835795813677,0.053648859866023475,-0.03130049165651759,-0.28367500876386786,0.8054995309568481,27,weapon
445,0.021774395681249947,-0.123066678933343,0.07141752526794282,0.37178417922977813,0.18256364190199384,0.25038959446477443,-0.06012672425912973,0.152151844327123,-0.09417462413392937,-0.15287769030688203,0.11429491902100967,0.056703372948303535,-0.1078384000572337,0.8180871356226613,10,food
446,0.17673903186486858,0.04589013582414392,0.05641843699431703,-0.09068264187876701,0.10864748531365465,0.11886116421518564,-0.28220007906377476,0.14953841879344135,0.02145512545217475,-0.21671032770738044,0.29421699437304966,0.03278137642441716,-0.12815414660535934,0.775565404398157,1,animal
447,0.18317822449532495,-0.03418446985521365,0.4492336182887527,0.0003462374469299584,0.1481976706983526,0.13913456740158553,0.27308085360306245,0.24310782864982533,-0.19568984075459658,0.2962073908707611,0.15493887233255255,-0.18667142537941472,-0.2487637053088435,0.7991368726124825,23,tool
448,0.1902327994256655,-0.1992323880151426,-0.03383362579667181,-0.15657808826798822,0.060172259068676515,0.4397874561474235,0.01028024567656329,-0.039024521272690745,0.08696906511754168,-0.1617688844649732,-0.06492212636583553,0.2466544843561048,0.08359471098616555,0.7926023777489953,4,clothing
449,0.1369539260730963,-0.08863199537861573,0.03600955931262675,-0.08080296091910844,0.2755364291940114,0.44173229671025377,0.22289619083166057,0.3931766608859322,0.11775030342194476,-0.07599406046014015,-0.0171305124265188,0.1655711532545672,-0.24196420135455612,0.8510406087638751,99,
450,-0.006441643417726247,-0.11624016408966507,-0.04082920590757301,0.21925188907573406,0.03644957461707308,-0.03933198264959228,-0.30197311712642355,0.35969214758133977,-0.06837963215182775,-0.24106227514647888,-0.3345909753920059,-0.005019688460528974,-0.06116999172300701,0.7832904809436293,26,vehicle
451,0.1802621187832514,-0.021792325219092672,0.04854665167823632,0.3072515282004008,0.2020599415878331,0.027093613314989037,-0.11800275596291585,0.31105981217491674,-0.01494339921723887,-0.02842109377185228,0.2303751829265647,0.10326095975990524,-0.03145706482208358,0.7607678856154467,10,food
452,0.04844796062764902,-0.2135092624130413,-0.07230597312329685,0.043638460077871664,0.14056319219635663,0.24385817807115062,0.23721224020354367,0.16928280461602815,-0.0920081886566805,0.1710395439551153,0.26318899084041786,-0.43575906255716473,-0.129097621691196,0.8131501730350135,17,medical equipment
453,-0.07405765867492363,-0.26194041311392524,0.3773667324598185,-0.023842920090811133,-0.4494843742976163,0.14707079851300148,-0.021068494433954334,-0.1072264741423516,0.10569546354279162,-0.23648724454476994,-0.008769705112202661,0.10490561241465554,-0.028080152206495693,0.8015676199123599,13,home decor
454,-0.024376741458453807,-0.010639006337909061,0.16059612779415303,-0.05012170586936222,-0.12194911435079311,0.063750367985369,-0.30907755879633036,-0.08520977232535325,-0.006812818690515678,0.13022506261417677,-0.07745390194343299,0.1765017443332207,0.1863888229199126,0.7989905547131568,99,
455,-0.1298920116291198,-0.2903835364306188,0.10352094156055874,-0.18551886663634626,-0.018148224243533663,-0.10705568649083792,-0.028226851990395898,0.19776840018724576,0.3799727149114593,-0.019335148625443555,-0.21425960452342885,0.08656856744923266,0.23344937248064768,0.6875635712525958,99,
456,0.11735103575850235,-0.07951660269662023,0.09948370535432902,-0.022873466411670304,-0.17482142646320922,0.36962575535514247,-0.25281677271724046,0.14843904429722787,-0.006492554396468489,0.08182956446175155,0.16403471274578185,0.0734624752789797,0.0324149218400073,0.7498329809305421,13,home decor
457,0.01440537544820862,-0.1754641667024577,0.1523511659412884,0.18953248314961763,0.23910841715313494,0.1734896294395188,-0.14965859374638854,0.03999156485074033,-0.08975463256981829,-0.0728533463371553,0.3577727509631272,0.18175200455960136,-0.0670598122969469,0.8129841195389977,10,food
458,0.18117609805469387,-0.189619699120986,0.20847927815944378,0.04768905792010352,-0.1367031946547011,0.3265405302847262,0.04816221612515566,-0.13191672220346815,0.00992769503034458,-0.10630105126712207,0.2347886284721544,0.07711932377994413,0.2221103139946038,0.8202327571730056,5,clothing accessory
459,-0.07416894150224032,0.02032092241417046,-0.2802342286872528,0.1886930411226478,-0.0406001689793235,0.20426154036235428,0.07005991836208827,-0.33508680567991134,-0.11669535376522024,-0.23780106488300515,0.31135146715570106,0.028596473520953236,0.017823240062399492,0.8626840993109967,4,clothing
460,0.16323732485057463,-0.20830406883786234,0.08584622091815707,0.2509862876338291,-0.14616147980067107,-0.2170513927961844,-0.0332626345620471,-0.12494476283145228,0.13429713451266942,-0.13817169053264003,-0.04507291761542042,0.24913671010534255,-0.41388335315935987,0.734692367253343,6,container
461,0.11101283103982007,-0.14325290492796347,-0.09124139949539807,0.43156689030948414,0.2693590477535395,0.23446101684433662,-0.1057178879993264,0.10200499416421446,-0.13679187213623484,-0.042089519954422464,-0.014266685414166582,0.19653653293642648,-0.13804163118271806,0.7910751661663948,7,dessert
462,0.09329728731398751,-0.03508399685331927,-0.15520268478293187,0.15230902855378978,0.041581738509636465,0.18389636413911345,-0.10318500118797305,0.33917844663941576,-0.003695560075741394,-0.023550475465161376,-0.019975484721758467,0.04629836616984948,-0.0746579410147186,0.7520901314586997,99,
463,0.2316104472616454,-0.012050406937839549,0.16339561935696395,0.05072986660773313,0.010284951349246138,0.007721709620465718,0.27890333925783517,-0.12789798514398595,-0.10296067535003764,0.0840336829108305,0.08101504396067657,-0.11605567439333286,-0.26582671210521713,0.8190761764368037,9,electronic device
464,0.05349151224162545,-0.11697731420912157,0.12062733832559179,0.3458510928498804,0.19163801054929983,0.20843083006057717,-0.04566075012355623,0.08964412158129838,-0.1640760113998602,-0.10820873794813546,0.14875664731092866,0.18607975646583025,-0.04157894759262369,0.7205892683308572,10,food
465,-0.08789806734922759,0.05530551523286898,-0.10514752181070794,0.20970571000663601,-0.10288351455923173,-0.12239741221154059,-0.18977753583456622,-0.10624800623493919,0.07409196191195709,-0.14182152939938653,0.29646016441405165,-0.2845510209199623,-0.13810887017524923,0.7100570106454963,13,home decor
466,-0.14404624942297983,-0.2658153702105398,-0.2785287542144443,0.09952571250443804,-0.007014470991342999,-0.29808382229898955,-0.09956327492184218,-0.3205307150869779,-0.008643971784095492,-0.24328817243757528,0.1028674839607964,-0.15312404687138415,-0.053113913395074826,0.7644859882664762,99,
467,0.1282698266928284,-0.1073476229423454,0.25190199764124366,0.23333863017100234,0.10845065454262434,0.04878709353150012,0.036986352527104714,0.16521578752439017,-0.15743478665416843,0.0839809827036312,0.17680941286344057,-0.03626166484484786,-0.47734916180837417,0.7985004346896831,16,kitchen tool
468,0.005887774968970743,-0.003154328741849336,0.51156590345293,-0.09347678170959714,-0.09816592315035515,0.39277749054162986,-0.06675304139248718,-0.046090504790339666,-0.14681024171201099,-0.16156629293781927,0.1508347062845562,0.05122775708381137,0.007465830238926955,0.7848154994075246,18,musical instrument
469,0.20274781305166764,-0.15734662090132406,0.4938601212501858,-0.04576709161077984,0.15596192721516033,0.10617438199881714,0.17367835898204287,0.15677409909154905,-0.2967145664935927,0.2550958830747741,0.059883309024525544,-0.00288468295981695,-0.3824915188040738,0.800143668915446,27,weapon
470,0.14274015717155925,-0.07453639062067999,-0.10488815653436907,0.017838715458663456,0.09463342584363768,0.21920199084274888,-0.24344675966151655,0.015990681530781696,0.08226383812310857,-0.12307227647465996,0.25509401838638973,0.26661494167213784,0.12231472225126655,0.7103318361606418,21,plant
471,0.24748343899318143,-0.12064922328246397,-0.06139649796803037,-0.07087612600410169,-0.08608492487028009,-0.014765808099421565,-0.22349689280808516,-0.09003320402196106,-0.05571305805998595,-0.22204773953419457,0.17083302484774893,-0.08246566365226145,-0.0903377226235814,0.8273198620328589,1,animal
472,-0.12486871673600497,0.017167026383843924,0.13465459517163803,0.12170296655897045,-0.17747577278781532,0.01313315845529581,-0.17235147151878993,-0.29070512836638485,0.049279886677930665,0.024330867019353393,0.035658194043568764,0.29750401361964063,0.1382112815561027,0.7075659485443946,21,plant
473,0.1375918744431504,-0.02795631185503398,0.35819804802635863,-0.08985349313584914,0.20080879347223998,0.08389957677921758,-0.07409001824482714,-0.03550936507796681,-0.21694554227435378,0.22646333858252243,-0.012334308315510774,-0.03000531522142974,-0.22790046694502242,0.7969166341371317,22,sports equipment
474,0.047542808041885314,-0.1480548133390093,0.29989754762879023,-0.05976104868890117,0.012503760883849533,0.3651271773887423,-0.13421561684540648,-0.12519684087379965,-0.3185164788000758,-0.07903347543709001,-0.06986039286178718,0.01349072263319199,-0.09365908682836054,0.7695936017341666,22,sports equipment
475,0.0594406842634524,-0.2084479577790737,0.15613602340772162,0.08899376792763941,-0.47388162629521613,0.28318484507822717,-0.14540393541583127,0.13564306142630997,-0.4356685315549239,-0.0013315387109218246,-0.12196263028457184,0.1253698800073254,0.053188445281439636,0.7511784574341842,20,part of car
476,0.1894486418104014,-0.15515833002956278,0.10268639897665909,-0.12851539683921062,-0.040123358073690836,0.07587575916917078,-0.1730606224729318,0.17075997298193787,-0.05901172801247066,-0.15817933500453477,0.12325995940351728,0.05338309551687557,-0.18355792499367599,0.7658427952561969,1,animal
477,0.14421603245762768,-0.13082286780225819,-0.07560422880014173,0.13079110589184775,-0.366653617138632,-0.0517346449552637,-0.09029322997480584,0.08177433891626648,-0.253636414888842,0.050760881776380114,0.2145783815551083,-0.034964890132149186,-0.22259543899895592,0.7351030937703412,9,electronic device
478,0.03188778792677599,0.06494158042107388,-0.40478750747916487,0.12294367352511872,-0.01882764747099452,0.04389516831441299,0.33130881366833964,-0.2943938862847236,0.11410989202191255,-0.17862210896831437,0.230333937843644,0.004712543189950144,-0.06359696782336426,0.8875516332191559,99,
479,0.35527077769470494,-0.1403736627336038,-0.07816633182885259,0.07013236472044049,-0.13237324471134285,-0.014540136627744366,0.06759581234598173,-0.34152000906416496,0.34388047472705663,-0.03458998414424561,-0.07204633716883514,0.06842542517876328,-0.063198841772205,0.7946752749361939,99,
480,0.16158332021809912,-0.19533891015305826,-0.08722560589070037,0.06673005752876629,-0.09400945219016696,0.0734084327564737,-0.21033813801225137,0.3287598221735648,-0.07740430953453271,-0.05443697607897724,0.3263071655716502,-0.35952645614257134,-0.1535369984363469,0.7668299086431949,12,furniture
481,0.15459516623287417,-0.12159693060074568,-0.04781409887492301,0.42666341925577506,0.17404462896653605,0.1938186478225806,-0.1133248586542605,0.038122928364104525,-0.042587850976378315,-0.11516641213889146,-0.09460486376486503,0.1286557075319465,-0.06810839255574384,0.7550978493051665,7,dessert
482,0.16423712080920191,-0.02220524246830355,0.055851742723718144,0.07245937327833649,-0.2834594741458191,0.006803970751593799,-0.09778563899137858,0.2390879292434875,-0.4124026001101692,0.10900301940161342,0.2016453565453366,0.09191378239072187,-0.168385351475156,0.740384112132142,99,
483,0.11344214033018933,-0.015347126512885384,0.22668752984204088,0.003149560178885255,-0.41663841858106626,0.3521032911236437,-0.13584839993707942,-0.05192178607296121,-0.3170552734821647,-0.08819525000660788,0.15406126473528584,0.10048605065352337,-0.04793213079537035,0.7935889289146671,99,
484,0.1504039613930926,-0.22642490501046494,0.14972703183737768,-0.13393931696514483,-0.2068251810347353,0.1996292267065078,-0.05579182066869665,-0.01622278038622152,0.14444170144834442,-0.21876256426886984,-0.07434776553405727,0.1663206584175138,0.31067265092813945,0.8138944817347922,99,
485,-0.049631060706891855,-0.030796201474820865,-0.4856154301484968,0.014350469657080756,0.08698269943372906,-0.34280930750662675,-0.09050978456022507,-0.47664818980862755,0.07816843343531936,-0.1254071022380093,0.016380946844096987,0.07096591751054175,0.00042150268361234797,0.8759429905665015,4,clothing
486,0.25056202370560243,-0.05989444573152882,0.09346273450197853,-0.14279095437158854,-0.08109345483162986,0.14459892187848836,-0.19976668467266112,-0.23975964107208345,-0.20965696973604014,-0.20426547471734557,-0.11107347085222687,-0.17657138447326456,0.12595619195764546,0.8124649853833065,99,
487,-0.017225612344271238,-0.03883328595036174,0.07519720398000149,0.3440139911582087,0.1413225006145657,0.14708667017964147,-0.0617995502308015,0.11142216613547898,-0.17581368817067447,-0.0543284593582614,0.13821319466885212,0.11899652008881784,0.0218654593973847,0.8639796273300767,10,food
488,0.09741274888047055,-0.22684333962818234,-0.1109179410262624,0.3236350963864814,-0.03976658541314512,0.13970741829513883,-0.05688965965316546,0.10436390838068878,-0.32844101050727614,-0.04307711732407209,-0.06417312497118689,0.06541007852130912,0.16318089022734522,0.740760780547366,26,vehicle
489,0.22969303063727153,-0.20548965588477253,0.12197486081372672,0.21391083214644266,-0.06416158842699995,0.28162724380079107,-0.08859757121317284,-0.10435416933722887,-0.04791726183781944,-0.30500715721612587,0.06539971037874995,0.20491511567679932,-0.14072618043458848,0.7707292861749127,99,
490,0.017246162051421803,-0.09371700386881152,-0.2521986695944841,0.194015893567404,-0.032891887804367276,-0.19449861259460421,-0.1708893460215139,-0.2779027371125358,-0.03838617892822565,-0.25499063747184886,0.10522705851587817,0.1430582125181691,-0.19378311671778892,0.8169233127117415,99,
491,0.13832102272937608,-0.07794950240931701,0.10070251471928895,0.3669799186559483,-0.2860530259341355,0.11954605000307553,-0.17625294953518536,0.18360643578009497,-0.2197254429546748,-0.028006205992505286,0.31359346909951763,0.056772589666745824,-0.33169803218665544,0.7866055642983428,9,electronic device
492,0.20820313893284587,-0.1972423992871148,0.10248522130344732,0.11351241836123634,-0.0016009042396391447,-0.12096952914483478,-0.26775661372157106,-0.2395192089884035,0.42867391763809454,0.07094942117599057,0.04772686555327661,0.2583968917406557,-0.22081749205250714,0.7984648165106347,99,
493,0.15808902503790007,0.23101014008175455,-0.09055495262008449,-0.0034882771337418025,-0.32687692332241025,0.14300936493267166,-0.1914901782381531,0.12621325823013713,-0.40606357819041405,0.012119035980966808,0.32807525556566686,-0.060418878097152656,-0.08031649466202005,0.8382478589192996,99,
494,-0.08174049159455155,0.15380127480270672,0.044674700854042,-0.0934544595300451,-0.02013605502666053,-0.03385229107026853,-0.32063769351954646,0.1065129423122903,-0.12199226732229737,-0.027709412295584938,-0.030217378056660034,-0.11036104416096534,-0.2198910046231067,0.784004402920965,99,
495,0.16579209671760303,-0.03728552781050887,0.006238837821745876,-0.09165093025499821,-0.10833835036939816,-0.005527980733971144,-0.16945358481473172,0.011723752590686299,-0.009086330486268616,-0.23256139881597163,0.0990275848528411,0.028634786582200658,-0.09674891177413938,0.8059431643013756,1,animal
496,0.28570932311063296,0.037179949774289865,0.18396830953497192,0.2581606906137672,0.1404314700085312,0.25027401467988203,-0.11821416662217495,0.28531051026091464,-0.1415070287610448,-0.250475412405931,0.17522342156693144,0.10124400726231764,0.06986086239147744,0.7961179198811272,99,
497,0.17554679827983524,-0.15728687287431636,-0.12562528519150234,0.071312776637071,-0.0766269085299898,0.25963554335020556,0.0045607843950966585,0.43328133892305287,0.03109107584430316,-0.009666560847530347,0.21203323034021634,-0.06341299372451244,-0.4532980486496197,0.7698467996776572,6,container
498,-0.06461140617876869,-0.07260995420390742,0.06255419526924215,0.07087355693594628,-0.20654343909609993,0.11311823166841967,-0.13108346930709852,-0.4353678044785144,-0.025875470955847114,-0.1306077774390171,0.010066203094643882,0.32620487793957054,-0.19647784335601123,0.7704501305535816,13,home decor
499,0.09232316745349953,0.1158585356312101,-0.3753264074176511,-0.10458679029343756,0.09669931204309429,0.27032250568553856,0.04894650671021776,-0.3057009354685627,-0.1571281867907847,-0.22445669404743085,-0.030770065503917168,0.11987991024573359,0.22459381041181378,0.8244231435373927,24,toy
500,0.1648316599646164,-0.09990284854209827,-0.27270612595735083,-0.00789952213559374,0.02722378289367175,0.24430404418737747,-0.1871012831297102,0.1794731195137214,-0.13631019908804712,-0.02032895534153389,0.1360604643966664,-0.06506152771965273,-0.2715872163137473,0.8062239465058588,24,toy
501,0.1144231959059799,-0.3298210746270275,-0.07549347789892719,0.17315578000433168,0.16288514963800266,0.29842035567203756,-0.026153560066985476,0.24708603243662866,-0.1845290855424844,0.2425467507659286,0.3457406199837768,0.05462169579868783,-0.23306821319674006,0.7225071748938411,99,
502,0.07011244944013757,-0.060142666463726,0.1011773323128136,-0.03277486355219426,0.14339556872518436,-0.14851286154465093,-0.30409602266638636,0.23331527590690732,0.09947870779080459,-0.3851783406992669,-0.08515127812261035,-0.024765886294938998,-0.0044964515851094984,0.8176752773786518,1,animal
503,0.10829704632976829,0.05634822686947822,0.14791404251385362,0.030310992168686095,0.009336981148662184,0.25943580870224603,-0.3116409871543666,-0.05456998294290273,-0.2999731119069769,-0.15512263659869113,-0.033264560421607844,-0.2786092456495896,-0.005172760710562726,0.8428340149621162,99,
504,0.29761352532551133,-0.16683647259921547,0.05267929298570501,-0.15927025018555646,-0.09110587792676958,-0.011232066012875038,-0.13347231474155022,0.14416535322213114,-0.11244872311406202,-0.18929533222418402,0.1701886262458122,-0.003892398107123672,-0.11044360899038318,0.782437103730187,1,animal
505,0.0152083444927368,-0.14310134992313206,0.2150985041668147,0.3068830999679824,0.07376680726404335,0.19958791078869947,0.1118635158668802,0.029578341970125734,-0.11896404729416307,-0.28724562619002775,0.02613809758916832,0.17154996638152162,-0.058051367344780884,0.8412805436433486,7,dessert
506,0.18669583047179988,-0.04960339325454978,-0.13291475580103396,0.07622713648815804,-0.04240689580329559,0.12002263594550625,-0.22519428870310385,0.2894489306167103,-0.0182858423669518,-0.12154122049539634,0.21888042555473505,-0.03709875125945531,-0.24666193913508205,0.716676126751656,99,
507,0.08112869888816099,-0.03434050137036324,0.21374935889417213,0.015865268896337322,-0.272321419781737,0.1991002366079474,-0.10044468877026294,0.12815309195523533,-0.14669232612735755,-0.013462804455207058,0.25179490239673546,0.06499317383357081,-0.16740943799732105,0.7382119597329703,99,
508,0.21064091931927126,-0.18768786766799353,0.23608639595469713,0.18368800161422297,-0.023602838367615512,-0.01909502156543014,-0.13888486729508356,0.003159209146484445,-0.07562596908623444,-0.01673502079533402,0.25894153290622557,0.0649455232722323,-0.30116747221099155,0.7882867725897872,99,
509,0.0888501943928987,-0.11415953614247958,0.18405909467124038,0.21957763235936564,-0.23726742762937922,0.23145822221680712,-0.0960308786292196,-0.09388242969880803,-0.04048177580837494,-0.10574795947969289,0.3091829993518253,-0.10601432337268038,-0.18533558300360328,0.7617261787207231,99,
510,0.20159853213858386,-0.17041276962933405,0.2627538434532183,0.03279708102889111,0.003781394122748237,0.0975565306893624,-0.02837718035181933,0.08984439023886218,-0.139368486976527,-0.0820700122302074,0.2959822251084164,0.07350472774656973,-0.2135826722841411,0.8024929483988718,13,home decor
511,-0.006308061525181868,0.11146187972853681,-0.13966959946816046,0.0980932034708854,-0.08495768084701938,-0.11332806052505405,-0.22378630742914296,0.04201333435888458,-0.08244247750016237,-0.05719675355094943,0.187519336450577,0.1171958673608569,-0.08926314679595468,0.7848173878280587,99,
512,0.017851994144583418,-0.02945666624050287,0.07738191176905396,0.22556899122330934,-0.08537481203320968,-0.1309050570829538,-0.15121915261814967,0.1977149753217591,-0.017313076862976864,0.09676840678715497,0.29678027163449633,-0.3897945415208536,-0.2812683807206378,0.8432928493308529,99,
513,-0.19335300752798545,-0.15358818664841814,0.08487991895665697,0.3382601276162812,0.04970304889719953,0.03384003958850904,0.04547797894448513,-0.11418693072277285,0.06324084245376152,-0.08276717794420889,-0.130502293030997,0.09154281008139725,-0.12538337939758296,0.814944149575236,10,food
514,0.13680315451378064,-0.1739484240842469,0.09642588624869897,-0.156078781221144,0.11686303793106537,0.054521088920169214,-0.36409630522916264,0.20427342482510258,0.02397261243833251,-0.11457499389479878,0.3331947301394835,0.08959477751990197,0.08159315044522059,0.8001677565320858,1,animal
515,-0.1012508632129928,-0.017575095778009787,0.27739630403443916,0.055361195851415836,-0.1059477731085468,0.07984227932008399,-0.20989937010727502,-0.08660548352310288,0.18811627620930566,-0.05282727847484102,0.04212362901165461,0.13849268111748111,-0.2902691123481094,0.7397494398174004,99,
516,0.11251898241652056,-0.11373041496870412,-0.14567193844204612,0.039963904059961954,-0.153061440001953,0.16542054944647597,-0.15447783031221413,0.3148617744291515,-0.004383874244044976,-0.038301367204748,0.3610528922926082,-0.29555658277739466,-0.30369308720327376,0.7859478216395369,6,container
517,0.2545243825591877,-0.09406495147497135,0.01192444674259354,-0.051032223311631424,-0.10562006054135714,0.18897382157442413,-0.07800752944086384,-0.13086774759720593,-0.023795896641380546,-0.030455443511597485,-0.0016982742713373103,-0.2189678308779112,-0.00978952430188166,0.8100129784759982,24,toy
518,0.0710029504841945,-0.03977204432038162,-0.40387208502313204,0.05949185308045765,-0.018318000385844274,0.19392655003572687,0.002995346663541819,-0.37206290304819317,0.04068023340076813,-0.28524172877710247,0.21604748228157195,0.10272967394785894,0.1816082190982937,0.7935971780604252,4,clothing
519,0.012274157377780271,-0.01047978339986515,-0.16273559764592302,0.12343577200511464,-0.24355981481663683,0.010538643069374827,-0.124671511068523,0.3051832641887561,0.05466533195449255,-0.043416054601010404,0.3681901523500717,-0.31012384849742713,-0.28967090137781565,0.7556807554088144,6,container
520,0.28326919316103044,-0.10705153174514342,0.2126281705474982,0.22379836964748046,-0.1834339760641229,0.06477812564327966,0.07615847041017561,0.16929107708680874,-0.25431251812336486,0.2815858552573093,0.2246447649517228,-0.1544073173156573,-0.31401058216666383,0.7932118371402381,9,electronic device
521,0.12991765556856197,-0.2619041354737262,0.02302194615617787,0.28807401423031576,-0.017520589721252137,0.13442857365537306,-0.08561610697695048,0.04259215379787491,0.16873066115579974,-0.06998281903416213,-0.12186470666958274,0.18161021495028853,-0.09141151086584669,0.7457865034694303,8,drink
522,0.08933244509497706,-0.13543958379189247,0.4110611886177979,-0.053520928807312435,-0.105197179924967,0.30027490741117663,0.012577691277544422,-0.1460230152573211,-0.08352736324703994,-0.1345485663241576,0.08190416047581171,-0.05504763285913701,-0.061681904934849686,0.7437413406639399,18,musical instrument
523,0.10180283548936885,-0.04103998386372837,0.47978292126866373,-0.07484347830181555,0.2314793897282578,0.30253698318882083,0.1865864445485439,0.11799529673536423,-0.1964103235652567,0.08265838311788974,0.12954361352968793,-0.43997100508455234,-0.1799753070814785,0.8028189936769438,99,
524,0.10292879436418795,-0.12695780659289901,0.05410421982399972,0.273829555850079,-0.34265988867643865,0.023733067561746188,-0.17953299829813532,0.0713535691257299,-0.1318760070787297,-0.08690714651658622,0.2614064991204368,0.12333502256307301,-0.3040427384720167,0.7761312874117753,9,electronic device
525,0.09975021305341769,-0.06221661110701874,0.07816488818572498,-0.1342845943852687,0.039146761169116986,-0.043588983511365094,-0.33617550759124526,0.20452396731262748,0.11716386817005026,-0.31062114326172197,0.005190784535945689,0.04763484146720023,-0.08054163768044455,0.7647920765255614,1,animal
526,0.21094387532161968,-0.07922048746135164,0.0614120789541069,-0.14030179160906267,-0.02413728379390952,-0.0009066505588534147,-0.3028010682778308,0.13165921626028393,0.0028757474079951733,-0.25554996152915066,0.18584279384317798,0.04155195669816094,-0.08775454411844545,0.7829263496452201,1,animal
527,0.03538585182032465,-0.06028230485965356,0.08542896064668873,0.006676505741896981,-0.133181584484107,-0.06141823236417578,-0.29228739633568324,0.2672735604094986,-0.11447674686303586,-0.034360532473502486,0.08873468210993644,0.07434126888992083,-0.2417853542262068,0.7524937807548651,99,
528,0.08434468033817874,0.06925206388470222,-0.03709899309306248,0.1463832873534813,-0.15406886747077134,-0.2244961281564529,-0.04385529034205839,-0.22530503913964642,-0.36843726385245007,-0.14406857776145077,0.1993278100714753,-0.0399436213198779,-0.28073269788004834,0.782720704208636,99,
529,-0.0833334187478315,-0.20165215173677137,-0.23470949726064413,0.13178809084104415,-0.1392916336484319,0.051686583608703915,-0.0839626629966253,-0.10613876245408771,-0.10636489968640199,-0.1796647872531059,0.0515977341018598,-0.19393201578407263,0.053196055769309754,0.7605720264725894,6,container
530,0.07422824041107504,-0.1228425950243985,0.1627097194315131,0.3012628610243756,-0.0228971693649687,0.33655047740778105,0.01779082583280179,-0.20687094340888754,-0.34367024014185066,-0.05840896897410246,0.21125802112537967,-0.0009407962146564836,-0.008570196732403536,0.8334134799985123,22,sports equipment
531,0.06546984650691585,-0.1529215188760994,0.03961604541500403,0.21146584556764947,-0.2150564145898706,0.03456967718794127,-0.24588528977100826,0.2668419878527537,-0.24034868113954663,-0.05658705009446118,0.27938638919933645,-0.022925818483715263,-0.399146849277423,0.7204301606005271,99,
532,-0.029535860484870613,-0.12431870189682045,0.061866008898414024,0.22705237180635887,0.17355872318840496,0.13999119516077577,-0.08949044848111742,0.13613638422917607,-0.13943334605433003,-0.12298852816563943,0.06037767859991864,0.054549270459665594,-0.07623309067589647,0.8041092316766257,10,food
533,0.081636825774035,-0.054030249422325836,-0.13806729135029322,0.07470634326429264,-0.31617788409539604,0.07078946567768764,-0.034822542994734626,0.4016753830055365,-0.10913913931918356,0.14828196224539258,0.215001601055731,-0.014206290071465368,-0.4263998721123164,0.8039110860103892,6,container
534,0.15765904907764453,0.20831589468962286,0.2242205178930327,0.17024689113673414,0.08994201808501912,-0.2814922602365306,0.005172361144876396,-0.3353941374730954,-0.10521530930907108,0.12384437440578176,0.14961854838246566,0.0084018098071197,0.03147630489230841,0.8010114208284941,23,tool
535,0.17552762523947063,-0.04073719048191246,0.009668324212204525,0.1458503904034,-0.03975191868007662,-0.2275392874498385,-0.11337028008667575,-0.10448173704587817,0.009193748864412382,0.08069610355490515,0.22599143952914919,0.09387586502602824,-0.30900079099949307,0.7985797480917023,6,container
536,0.05617008567462418,0.12922985307826496,0.11160385766398222,-0.20326829695858828,0.08372025717442713,-0.2135151887637826,0.004108517765743653,0.08467280984930232,-0.20518553007166265,0.17657931013950434,-0.2021731565246524,-0.1443712805832447,-0.3169484332631113,0.8611556271807708,27,weapon
537,0.11678951471290064,-0.012728883311458775,0.05285425323868503,-0.05769730346960084,0.08635409124716036,0.012758816232852454,-0.2825864696102123,0.3014505417566424,0.06944698718726296,-0.3509426246600255,0.040107468407828306,0.1079650277739282,-0.09437561249832256,0.7808778269304587,1,animal
538,-0.04707110384680092,0.2382587356093385,-0.20532597689004262,0.07115286402372702,-0.21701452272009697,0.20717900807613218,0.3958586068692973,-0.19031301784887153,0.08662661222316453,-0.497967899738015,0.2543274626350387,0.05242942706368844,0.17729255775247724,0.8889417528698659,3,body part
539,-0.0030910798299368836,0.28564189840770754,-0.10684707795261317,0.1677700816907696,-0.2701475158480671,0.08970260160410472,0.29340848795619945,-0.24721856050886143,0.21658018209185873,-0.31950664445051236,0.16530062309889634,-0.18362965062522654,0.14791442822442455,0.8301815570754697,99,
540,0.25208306929384305,-0.1473711374993917,0.0727876243870264,0.0683120474953662,-0.03868663353739028,0.28461882132020255,0.10937418417009659,-0.23229064908371352,-0.2629443776265144,-0.08514848296511704,0.15172643662605326,-0.06257583723606827,0.09512984811399594,0.779563935342578,5,clothing accessory
541,0.21765265220879795,-0.14920035274497342,0.1012889489468976,-0.20726093892907252,0.07107129949559572,-0.1379076593454805,-0.44103381920848367,0.16799219899263973,-0.01389186461995525,-0.07442114838452046,0.3791385705906123,0.037205692478580084,0.047755851663958834,0.7858384368821708,1,animal
542,0.047155519844999244,0.08324041806619262,-0.09174316839643835,-0.12341679976330981,0.0013451925330174646,-0.007921077524566425,-0.1374283015289315,0.37259783512188205,-0.029231401789629487,-0.31882625803723214,-0.05197681020216489,-0.0781206683191484,-0.1862643555701409,0.7605559525687168,99,
543,0.31919811967764095,0.06550789752456201,0.20952483900583763,0.24899709911181703,0.009058776915433303,0.23628935481208935,-0.20460740373690417,-0.03372233942434503,-0.08753618545174638,-0.40212118458469753,-0.008295605624996233,-0.01632204088214695,-0.06173890307055319,0.8174086712430445,10,food
544,0.0777143155132872,-0.13880259749238494,-0.10167886941221964,0.42367317840756885,0.2774317448610228,0.1461350797046165,0.03877390161265643,0.12224484252299879,-0.13667546062971633,-0.09058189644199578,0.038411859714156435,0.11604039683026533,-0.15210089550396028,0.8041024851339422,7,dessert
545,0.11967444529571,-0.01686363839044412,0.34598125089899817,-0.15155169005150948,0.21894532290409185,-0.11788942155987649,-0.1838558604570281,0.2154887021351924,-0.05807001643343679,-0.1302826170274249,0.09764943795508753,-0.06503987701757918,-0.1121058189823204,0.8346746311082671,1,animal
546,0.0834797294880436,-0.2483495883462094,0.23667586035760066,0.36230027736456827,-0.039397725406409866,0.1771535821753247,-0.08598887849415571,0.029029685823632426,-0.049961434241223686,-0.3586648493932907,0.1982569309302564,0.08390637817843145,-0.10895617437365618,0.838140771121486,10,food
547,-0.0048705488444686675,-0.15392413384660697,0.07481712232762677,0.26980425545725867,0.18034039537207328,0.1969506159030946,0.00013882207998490182,0.1136289679153333,-0.14435871060891875,-0.1530193867096988,0.09763851643758867,0.11161554888331465,-0.0832548547720332,0.8385834957410397,10,food
548,0.2198454461996702,-0.14252125899053436,0.36464127064584745,0.2898768287804346,0.006218823435631242,0.18332518342607645,0.07654744525919967,0.05606722452361973,-0.25754571611389215,0.06979700803423952,0.06447928173565103,-0.05281207769168467,-0.3243325891981685,0.7375879222931374,16,kitchen tool
549,0.10496266185261159,-0.2225621680632047,0.08902215275377544,0.29910437249647076,0.14184085367774754,0.15278535742459626,0.013501989027255457,0.08192812964397934,0.10638646184582415,-0.00475331938056002,0.010283310408277777,0.21181888381478464,-0.1923299169443454,0.8108843616465569,8,drink
550,0.0839731921578288,-0.01899475439370721,0.28697773622006306,0.12403956535705409,0.270989306878755,0.13620199485364579,-0.06714278444393962,-0.001040120415354567,-0.056718372539315075,-0.029930832175670018,0.3107724490940382,0.03980615764211928,-0.02425228219617641,0.8455095479944722,10,food
551,0.03974695755606866,-0.13547153064718606,0.23869834181835417,0.34905974677788393,-0.08407405116661483,0.012448366437304103,-0.0031859792166391105,-0.0795942821025362,0.11899746285983447,-0.32036237888195207,0.023506145711789363,0.13985928418104723,-0.18665062665116436,0.8269864892733038,99,
552,0.057404035416258554,0.10710993035067809,-0.3501327297684177,0.3370111406505247,-0.08553320504293373,0.06815852974805,0.27096961731229113,-0.1832820525982092,0.05891830876343943,-0.1967401960319795,0.2729629692640246,0.014180884528941017,0.12602708520658804,0.8526934882771121,3,body part
553,0.0815367756988582,-0.28844183083641256,-0.056980329174978486,0.07812986224292562,0.10989985469466286,0.12965471513721583,0.03233256948766956,0.41422244212419823,-0.3238107794650135,0.17958746717762636,0.09936175215457427,-0.07390153311348582,-0.3228447807409514,0.8316364805854537,9,electronic device
554,0.2039526540016226,-0.1282108554046267,0.07317044634326515,-0.1573846834300287,-0.111216176774651,0.03378971219585311,-0.25238073253856635,0.11694484199152977,-0.024629962437539458,-0.1775970172172074,0.14174619609409034,-0.07276207691675096,-0.1399601720110168,0.8207385448942529,1,animal
555,-0.11436898323288285,-0.1841122556893659,0.03208335673467633,-0.2325422534196259,-0.009585263257038077,0.15540996717614608,-0.289833922381054,0.10185965730370165,0.3382791134522635,0.09569040516367537,-0.013528250201034877,0.19382498414712573,0.24095259807973574,0.8041238335622909,99,
556,0.0030265595560584127,-0.09224369224157351,0.05102683577458879,0.3025890025927778,0.13297323713876621,0.18094792007973406,0.047736112110349616,0.09902026890088404,-0.13402995436434734,-0.10826256285538356,0.13125369358410507,0.04480807443327027,-0.058029503360598075,0.7871505835947149,10,food
557,0.21838539592760053,-0.05773526203271346,0.22174779183360058,0.25117930854338244,-0.11514662971760847,0.20935301452909888,-0.18151237356272398,0.27816368195987584,-0.4627783141231009,0.027411944389326814,0.0020084958772362757,0.06757080378405089,-0.10836480134762479,0.7037007701111949,20,part of car
558,0.1254078415329242,0.01865598996180582,-0.2421233107132114,-0.18271364437485627,-0.18518107454598765,-0.17796370542668763,-0.2784387566846422,-0.12853585163405087,-0.19134429107192863,-0.2708375110854251,0.089719694514366,-0.012978773954611361,-0.16145099963906426,0.7870745580756925,19,office supply
559,0.3435523844259957,0.15087025030154472,-0.006212472884339445,-0.07324218060109347,-0.2116617244135805,-0.09249708577272747,-0.08087160344790637,0.020294649783654525,-0.19369127486750345,0.02236608419172307,0.07736411704067647,-0.19828745375643153,-0.17218235743554883,0.853934515776621,19,office supply
560,0.08417754615622942,-0.19416329499371585,0.03526820473525483,0.36602159296334097,-0.07340317861613689,0.09779295679038072,0.08122858197677298,-0.01196151045807984,0.23400131988038161,-0.13252238726349308,0.04051887587374835,0.3260430464196732,-0.2207484112694763,0.7976876670240515,8,drink
561,0.2126730112774542,-0.23215271587502473,-0.022862973499886745,0.43437463146897215,0.05992989095558731,0.11895086953517915,0.09052028563237317,-0.04823437958131805,-0.4013144352884588,-0.0026149397565268543,0.11860270900281354,-0.11843447314172706,0.13570030119300558,0.8050185885835348,22,sports equipment
562,-0.02439719379142859,-0.019992239359627337,0.05139188153814154,0.08158229398129008,-0.20173274680909237,0.3309549900305898,-0.055781277893631444,0.05537273286428634,-0.287541798016259,-0.31215991296568135,0.0664422780513631,-0.037452875963554046,0.09018419616523297,0.7699574805739164,20,part of car
563,0.20407759996988015,0.014145348715353882,0.007445916042676647,0.012239692718403559,-0.12848446709923633,-0.026872733768884428,-0.04547734218875122,0.18299056569505304,-0.14247690904648977,0.14487048415611375,-0.13143820443001836,-0.06795164675017738,-0.2197727631214906,0.7723499430980699,99,
564,-0.18892517310677484,-0.011950285882013469,-0.16476610596738434,-0.14703177607780196,-0.41770337808451263,0.25129637314287795,0.15685524550300728,-0.11365119074118811,-0.0014544167480540038,-0.4387520154165059,0.1435793530035833,0.1490400364319506,0.21754372034916494,0.8402219146377473,3,body part
565,-0.18345050891575496,0.026919287407698507,-0.23630456359586197,0.02207674981500762,-0.0750060851528387,0.14815718577303233,0.18086650431353501,-0.24540035801789242,-0.19624049448347536,-0.30714284826487054,0.2317820130375465,0.04367029581073425,0.08301168458160081,0.8404914921763446,4,clothing
566,0.2683467483320318,-0.011649110455563267,0.5219549561196112,-0.12899223677748567,0.1190123169105702,0.04052355851265928,0.1041739324307957,-0.10278777466510818,-0.294863101625072,0.1970629127372711,0.13755530265890695,-0.23917623110235361,-0.3984008732229055,0.7905584779541779,17,medical equipment
567,0.44411799463239154,0.10781426766083593,0.07458563660399314,-0.1857931701660723,-0.0516162903202084,0.0038463514607846505,0.020170396430539285,-0.13509701115784853,-0.12545855252045332,0.1790866099429754,-0.01846907550420444,-0.21233374232120758,-0.29477571718301393,0.8666035104176956,99,
568,-0.1396196558506082,0.007024206076177899,-0.13432512125818635,-0.014537233927786468,-0.278996951732139,0.2761342965365765,0.1828930516159106,-0.1325771423028018,-0.045934790428067716,-0.35157440109892407,0.22803769627515652,0.14587408429428303,0.09750843182079674,0.7656638466940509,99,
569,-0.10085812796005825,0.29957223832597923,-0.31053443620297916,-0.006802135552352051,-0.17648853581727203,0.08557869331430178,0.2527738641142938,-0.08752680733050464,0.034701092271994353,-0.34640385168962456,0.2698997873780457,0.15212163499137477,0.06046796797881455,0.8797946633312489,3,body part
570,-0.1674907081161005,-0.0684470060381323,-0.21345673301233106,0.18189725064609655,0.03467887021358349,0.14300430577667905,0.14975025770405628,-0.14323222204410804,-0.2568184771741369,-0.24670943863286254,0.10501746567347577,0.05963247967642599,0.062358419484056814,0.7494073758027556,22,sports equipment
571,0.03662734574319881,-0.11101564737224016,0.24758003614451687,0.14703177290684508,-0.317547412901812,0.20885457054712248,-0.055128739343497796,0.017823169452322964,-0.13231172878933653,0.00688709331070877,0.1896351233471212,0.04253883988483345,-0.2509339956488383,0.744014754119284,9,electronic device
572,0.035330002273577125,-0.11432335538824011,0.04246395359702249,0.3073977612411893,0.17924550800338004,0.20785138637430736,-0.0009974395783827615,0.07797224148746866,-0.21475020160610978,-0.16532617374377603,0.12036127408599437,0.1492251348245184,-0.03739220832763382,0.7336425778498951,10,food
573,0.21811095601590524,-0.2075972540450124,0.22419174456035604,0.2587222973337414,0.12848115403538504,-0.111426896901538,-0.2580530643173104,0.04541013131369665,0.17810110457757378,-0.08588802303413884,0.11586901724835236,0.0636822906115891,-0.3022328196591205,0.8142765975644668,99,
574,0.050283691611806396,0.08273959029075137,0.18302400368278388,-0.0820718876864775,0.018768420325364535,-0.08594131434938546,-0.15046752527996676,0.09515744176105324,0.06795650182917443,-0.17889246962719127,-0.0031690052924025535,0.256489458727171,-0.03410141046021557,0.7620610723736565,99,
575,-0.06743776380191299,0.07713231618704297,-0.011092380112212998,0.07546784679591276,0.12760157735548655,0.342284633498251,-0.10505030627238982,0.3049296365820042,0.022187796107791806,0.07236863194149674,0.1759822977442156,-0.38211162547989536,-0.31979523506962326,0.7527912049574438,99,
576,0.15889883216161177,-0.16365098716584084,0.0903994366784615,-0.02478636539619437,0.18023672053453116,0.253539816843998,0.08216887462947865,0.4321639566248124,-0.01975740176172564,0.030094607860149586,0.08604853799956926,-0.11475595734945604,-0.36247575713530905,0.734653035698332,99,
577,-0.010588627591922257,0.0020090504574256664,-0.04642131435506243,-0.008922903809856457,0.17807040013882952,0.2748258529581221,-0.3084875667522835,0.11912320482559315,0.12312246850452178,0.10331944780467388,0.3618102165022923,0.25374577595741105,0.04695025709704517,0.7679033026594003,21,plant
578,0.1492377212291814,-0.1459061628201852,-0.03564905394014363,-0.10361157717755591,-0.14462989821531955,-0.17019312855631497,-0.18190151907873017,-0.11562885958231997,-0.01534265338307571,-0.1947093320243391,0.10392515713469955,-0.032381911738071964,-0.1302489546543452,0.804157111196031,1,animal
579,0.05900775839950121,-0.15194996153466922,0.14127016195926015,0.12882543168231916,0.02498165850234421,0.4846373222027953,-0.08398322894384852,0.0492269310309846,-0.27768718810450255,-0.22695370427562386,-0.29606913937065066,-0.0014047802765963012,-0.14380853918246306,0.7685726961468073,99,
580,0.06667784976654478,-0.16515806804544983,-0.061725826041675314,0.2127284305096885,0.07113365523505139,-0.008465498220592768,-0.22295804290408042,0.43196395926279746,-0.001043383301132377,-0.1451535552227563,-0.33436641694084757,0.057046798839677046,-0.036766187875562385,0.7367720241436545,26,vehicle
581,0.1068597495804791,-0.21887841806309863,0.06411221743423147,0.26851106752117854,0.027183048571754624,0.3011810646138666,-0.1955292680385198,0.061024469152404934,-0.008778725816620373,-0.2229313257817975,0.21240774863568823,0.1371736513514895,0.0732492790380531,0.7939499682474801,10,food
582,0.16010424077245222,0.013682705300585202,-0.10019847899961164,-0.11129316278441295,0.12453316315557772,0.3778969239406078,0.10379259785862077,0.066925782373226,-0.0762987958246196,-0.07644314522589654,0.015623767722943705,0.06729086721720626,0.054826509106032095,0.8164591336847434,13,home decor
583,0.17457537892425012,0.03422966900707233,0.35126683585569557,0.05315727662451998,0.07370172430054865,0.17982452143746355,0.003473804389185755,0.1249593987966895,-0.3859603926243694,0.1543648203597685,0.2176264606418917,-0.2191246410673107,-0.38961180646764126,0.7473909719577243,23,tool
584,0.10416023392897208,0.29241621594063283,-0.07479316233053498,-0.19383847763100398,-0.20920542166301895,-0.07199933399673906,-0.2486212092037056,0.09886581082505794,-0.3847107290563008,-0.1722229153665763,0.2504320298451257,-0.38669252787927977,-0.23067733193944667,0.7759086742320315,19,office supply
585,0.10247725800213221,-0.019680010921211903,-0.03998325344479864,0.04547780471510113,-0.3431717724851922,0.07829874938990973,-0.14766065359023087,0.3296981405118738,-0.25897290707605264,0.030633496304144026,0.37565435870529496,-0.060544104460191456,-0.40995000943097654,0.8616973748858695,6,container
586,-0.05977755447087958,0.04101553640175597,0.06484293682738627,-0.3333876909133379,-0.21626684889481518,0.15892347691367487,-0.08629383919850993,0.138529381635784,-0.2815032460867944,-0.15584555503508313,0.02741906291769069,-0.021279328746988763,0.003808300078438191,0.7753495098680863,99,
587,0.03405898250743835,0.13114811956575953,-0.11817138212574327,0.11010206029322611,-0.2747394215017393,0.010856068500738662,-0.21129447084983605,0.1386846912227241,-0.2664468436334634,0.19256988867588884,0.08413053612704015,0.011995325344363506,-0.33443790398312195,0.7960759074045339,20,part of car
588,0.15803620876242902,0.11547803628251585,-0.16388531140706256,0.27057900937915713,-0.18581050246470884,0.015456753380302621,0.32854446855754277,-0.17456173466316868,-0.04027969352959406,-0.19657711006737177,0.12252805549885643,0.034517609635210826,0.12469567344003187,0.8322343983929352,3,body part
589,-0.044860480603912886,0.3443574002976436,-0.11931088717638604,-0.008165773251449971,-0.26839333476533633,0.02946222947710959,0.10346692617921524,-0.20339071827580527,0.09120025482476524,-0.0573579806107135,0.09849476873422758,0.21994854402356667,0.1308960377245062,0.8244014115965336,99,
590,-0.11076930919060182,-0.013925375691779441,-0.1325629536333842,-0.1711898456964547,0.11461435097226237,-0.15963865365601346,0.07976356034616199,0.40179491420927965,0.058588001923807455,0.23248950472435298,-0.016098238021860157,0.0757488896906661,-0.030663896086869504,0.7108142563966967,99,
591,0.19071941216883456,0.025844143710071234,-0.07344169868131875,0.07770298342658784,-0.40103742103969653,0.07554254110613443,-0.15492876810307937,0.10766287424909468,-0.11908409639572391,0.04292381216241831,-0.010011725068402555,-0.21045668758142344,-0.14776372823561865,0.7970837529933441,99,
592,0.31926230946526735,-0.06504467536013633,0.21727470366062326,0.14388329074169792,0.08795420636023114,-0.0023116234665768653,0.15670188759194154,0.18057197488365628,0.12174727969358688,0.1771657878157446,0.16191819639838032,0.12201449190894115,-0.07897804671990012,0.7797996773577742,99,
593,0.042752082532039264,-0.10102714723674648,0.016562235166848495,0.018770680597474217,-0.02475700482516012,0.19383681835560423,0.033687006503467384,0.2294985959943797,-0.06478181625821089,0.004408482486399587,0.13952138339247583,0.10246229636209889,-0.2727537393983294,0.7352588738274665,99,
594,0.001607566031020558,0.29540501906228467,0.12808529359234327,-0.10969563942074255,0.10321152239032191,0.08069966469256235,-0.2700029323856682,-0.08619503113701033,-0.20273046880651513,-0.01817084124081222,-0.12423691565088793,-0.25023726660101503,-0.11832264082968649,0.8158309048724609,99,
595,0.04270634268317767,-0.08098510934102542,-0.21954574242373895,-0.025785253264616725,-0.019918960907068538,-0.07298150890732034,-0.05314114080096099,0.30559290114828275,0.00724684084185108,0.0748371155032166,0.1885600323589802,0.06447572905996961,-0.14869398817561705,0.7293436019197792,13,home decor
596,0.12692344338575784,-0.19233562355267753,-0.12476429083421062,0.16811446582796016,-0.2014602553094167,0.06640062476061526,-0.12657740503066606,0.18286830811272306,-0.20010054997305365,0.18504281602586745,-0.20508031246765485,-0.0547135864193645,-0.14477713002228296,0.7836841380167049,26,vehicle
597,0.058280454867033794,0.02112460890841241,0.011598593544994446,0.025483772134648853,0.1087620147936569,0.1673898066585609,-0.08404777334362848,0.47169645068571026,-0.008206610095873309,0.03107072061704039,0.28870469473275173,-0.1266803862754369,-0.15450264575234524,0.8008774895615511,99,
598,0.07107023328848924,0.17076598090386433,0.11867418337884304,-0.15438502104952695,0.1561364927719665,-0.09273924237400807,-0.0016849202946509021,0.1485718763803335,-0.07056047273647162,0.3179513862884298,-0.20678090569298496,0.12911838011498974,0.029648049784507906,0.7867177797623062,99,
599,0.1842529126431242,-0.05996652139771609,-0.19175803051117077,-0.1324992074747515,-0.14921924085279448,-0.1927331002815975,-0.004882311249750391,-0.15292601636696723,0.007174952838913789,0.15350770719686418,-0.035387463722941354,-0.11180527977696206,-0.23854111472680023,0.7673022513032443,17,medical equipment
600,0.1843368050843622,0.013215647498111915,0.020275700410603944,-0.1332548210468079,0.04588590004527885,-0.26335567084224093,-0.3704546317451976,0.09537946978597424,0.036509846458385925,-0.3724418120774085,0.13676861438450755,-0.11311213793342187,0.1391448240691925,0.7933594071716086,1,animal
601,0.22151478141792721,-0.10731743672775958,0.18115568353564548,-0.10376727317886342,-0.12137939386998016,-0.11477668429216306,-0.46874763625217486,0.19201650655439806,0.1281437064364723,-0.425428104691009,-0.04459694498660099,0.059330866318732925,-0.062346949903397564,0.750053016467217,6,container
602,0.07030018305008226,-0.11174200529639547,0.4381188775141089,0.01482088754004516,0.10788348396348876,-0.06572610809233968,0.01636670878404123,0.15849346942108308,-0.3900568686361282,0.16309137745758154,0.08572611863179244,-0.1033745587009986,-0.3108298581262278,0.803292300857568,99,
603,-0.0726885565561313,-0.03354862748783718,-0.01722467947123168,0.11054630523473327,0.20908433676666488,0.1377714730760111,-0.1938740191668134,0.3682349207165289,-0.08546554430867657,-0.2174463737457747,-0.024414756991668125,-0.2563189563925465,-0.23509550481734878,0.7778058731854968,99,
604,-0.08644558646993271,-0.035321159112873604,-0.5264964292738807,0.22987906817353884,-0.05513513247383286,0.18217470345576992,0.3025124831642786,-0.3361639209789342,-0.036142629632941035,-0.2867514941801874,0.10354478400858436,0.142032928713114,0.0548723609646194,0.8477985176035748,4,clothing
605,0.12273796425740152,-0.11974147231963973,0.05618216535596533,-0.05068616390983712,0.2025477148100019,0.32007202155343745,0.10720279407872065,-0.012469657057297589,-0.1353680904354504,-0.0055120494569226176,-0.011992238953548852,-0.03850469138738285,0.06142715866731424,0.7819154728149779,22,sports equipment
606,0.054755055430696094,-0.07256917902095293,0.24679273107038002,-0.02134532900417435,0.2783744951836613,0.26486519560935273,0.3450279389232968,0.2418197296127953,-0.1320525840077712,-0.0247626242453489,-0.12786274200711933,-0.11636528792801146,-0.2177352131395209,0.6973376217278657,99,
607,-0.01309190286296421,-0.0548164295067201,-0.015756292382975046,-0.15209947101352095,0.12164187828315237,-0.29026663110622586,0.21153634894305642,0.29122121473127877,-0.13944104031161603,0.2029805059083286,-0.0677016833745802,0.2968756064500633,-0.1695772003675395,0.7731890791215134,27,weapon
608,0.20061865609940033,-0.08677371236153897,-0.01629582660248252,-0.06515923674779174,0.002103497023128776,0.01803231692583453,-0.23378156487922203,0.1888533556332916,0.05235680147409428,-0.330567754928141,0.049945095927842305,-0.041011154556469705,-0.020360419677962784,0.8099609201181731,1,animal
609,-0.0024927855156430716,-0.16942642124161764,0.050423767392340745,0.3850586422882836,0.04495566164841614,0.12715380544399785,0.010527120854523318,0.062150000133997914,-0.0022856171333175985,-0.09715828605069589,0.03460636217128038,0.17613253973335397,-0.22447247865555794,0.8344992219156325,7,dessert
610,0.025875983075796926,-0.0039309487890867995,0.06261216934542273,0.024673366473904033,-0.25958661727162635,0.27425704406205764,-0.1436520025468268,0.18653434689968648,-0.3819040712216973,-0.035897650921037666,0.17639657391261632,-0.02091925628317203,0.08809764192308893,0.7067501858001756,99,
611,0.03144273914843059,0.0038095514432479717,0.23217365515693947,-0.01671115241259097,-0.10925334914971867,0.12623244691273447,-0.008568219631378113,0.08084200594191399,-0.32500491068379805,0.14842211953025242,0.16944466258604088,0.057791743444572025,-0.05754787804198337,0.7949615168701953,99,
612,0.0867427115029262,-0.10137222301793848,0.09694353360682376,0.10844498486897083,0.04222972964456534,0.1453715694671159,-0.10695489614583704,0.11190702691491983,0.1284524233065384,0.08492029448877672,0.05629448673889241,0.26478641245210155,-0.28026670239692963,0.7648809344157862,6,container
613,0.3216117780824573,0.023947591650999998,-0.0038998873667256745,0.026669777274700827,-0.019477709020194633,0.17753900641383924,0.11881878721311476,-0.05615490201913651,-0.13769819943805403,0.10004412601462412,0.29501842884389196,0.06628776812422227,-0.11799721156533617,0.7926541857703605,99,
614,-0.021346283262698607,-0.17663857524448917,-0.36884138939227057,0.28390194081963993,0.18436199122146224,-0.0013962858655427804,0.06010931103834075,-0.1537865519004265,-0.1044445806135759,-0.23346405580541835,0.0752793717916951,0.10497939721577665,0.36900424417134337,0.8600506519855643,4,clothing
615,0.009398029036107012,-0.06293308300944937,-0.1020447628060617,0.1805937636678801,0.2113857186355502,-0.09309414232773135,-0.053418638081014776,0.08729689135386974,-0.05559520691908114,-0.18924715597048244,-0.09203898630320012,-0.013380431717725974,0.40394406734675314,0.8329379252407807,22,sports equipment
616,0.03748090227363394,-0.10638120848335093,0.07474808976837358,0.06751319797361521,0.030508804774251958,0.1576333743831764,-0.20179362918871038,-0.1356444159121657,0.11137483074923164,-0.3278771710577834,-0.19568738387473916,-0.13117694176846406,0.22211422658671318,0.8298872198262442,99,
617,0.19821638657673754,-0.13931843165305502,0.03570000478630138,0.12548672047352402,-0.11198399543767908,-0.21276628996973782,0.0638660573191639,-0.40679103087968743,0.023759181675613784,-0.05016959199078522,0.0288101989264354,-0.12394970123376953,-0.291906173681837,0.7738843243326998,99,
618,-0.0963929316883247,0.1864407798533723,0.14988591535929452,0.33590185766475383,-0.03212910725876754,0.16868467768987558,-0.0190237514400821,0.1030232305303816,0.13355735062378785,0.24158998394957062,-0.14031275510605867,0.29924488647305625,0.11272060060267282,0.7537450107572061,10,food
619,0.11935850361277527,-0.12515763646402717,-0.09869595344866412,-0.049995864556359494,-0.039385319077064225,0.2354101647874692,-0.2676863287018464,-0.13278339352002708,0.10408988978129458,-0.20072295131092635,0.17431045391594585,0.23653961836679094,0.11522194814535584,0.6642099424561091,21,plant
620,0.10430502140204617,0.032755368384016104,0.41217958169060115,-0.15227355976498488,0.19972362745780792,0.43033287303957274,0.17621381654411664,-0.05136160264704116,-0.04897486695094253,-0.0468128369243798,0.18859747770146051,-0.09501000155140936,0.009851074963188582,0.7716947083526181,18,musical instrument
621,0.14623624387560777,-0.08785809653258624,0.05398185033193667,-0.2025932767873623,0.058244738780705775,-0.07929124903057211,-0.4592506859490659,0.22413979817714016,0.07772414458812056,-0.11465831110424947,0.31394782039962865,0.14629219164631324,0.07818076906542087,0.76666837466694,1,animal
622,0.29545464688081646,-0.07228266062753198,0.2327271767764488,-0.0856407236083736,0.048031905748740174,-0.10888141141433086,-0.35310803299597227,0.14388167832715254,-0.13498049811318222,0.02204853359782612,0.2976455996463312,-0.011050227206829317,-0.18136342866930785,0.769851645183248,99,
623,0.07057755565172068,0.15802449119869927,0.1283555830833772,0.09148978542728532,-0.16493913029668372,-0.0076119787918169845,-0.2300025728201783,-0.12984855386439753,-0.12569292171144023,0.0733490643573756,0.10661598616195662,-0.25936571504313416,-0.2620928887629554,0.798069199883355,23,tool
624,-0.18899155524494526,0.2703601777232061,-0.010261991100507378,0.16365303511229626,0.009083193004844819,-0.0837056089977147,-0.15869079452260745,-0.08254907519335496,0.035710593032881,-0.04943752221058996,0.32818292441161173,-0.19025973552016043,-0.014042293890467357,0.796721822044239,99,
625,0.13696321027511793,0.22046259233093995,-0.23439571234457238,-0.16928418880388668,-0.24542577997719706,-0.0936800471499382,-0.25297961203242075,0.10328814602528578,-0.3789028778260234,-0.17144613752603477,0.15155990173003828,-0.3153737554836878,-0.10694990080281323,0.7625245292864783,19,office supply
626,0.04522818525859397,-0.16436456052184406,0.03655256096455023,0.18609176544203948,0.07091901259048485,0.11126519870293654,0.03298338031012186,0.05736137242616851,-0.07499091877304116,-0.07229279236454919,0.003037790545548449,0.21013664679530758,-0.17042171939311263,0.7924019286912979,10,food
627,0.18650667608334717,-0.2138198884835482,0.35982690717520244,0.35599703809628563,-0.1998720844753139,0.11784991283952984,0.01894198490339373,0.04081663712061476,-0.09104953103766872,-0.018424838281164254,0.18330437295845328,0.24437683973720334,-0.3481440031678038,0.70936981289998,9,electronic device
628,0.08615085793737207,-0.02292886575532962,-0.35272839945271267,0.36733285294802975,-0.013660208901352527,0.012155426591053935,0.30175440122503894,-0.10353496181510075,0.09516402384563244,-0.21951344433225423,0.1724207909298153,0.08675599457777684,0.27334390493902744,0.850340631818451,3,body part
629,0.02786200770770498,-0.2587745704009711,0.09711213474674227,0.11904631537549888,0.1354321178531359,0.138813465246634,-0.008668081560729075,-0.16383786514671958,-0.07091465437038695,-0.28153807697709005,0.02933226057427555,-0.16978505717430922,0.3692425744915549,0.80228106904563,22,sports equipment
630,0.01109525546127197,-0.13335996906581435,-0.026225938680791747,0.2569862309075288,-0.0011506138808310019,0.3081601232032499,-0.07876775988005787,-0.15754057839240102,-0.21585049872367923,-0.38698696986838227,0.024891644857504492,-0.12789627790625913,0.32596892813006473,0.808904458025928,22,sports equipment
631,0.2018325869487534,-0.10580702336332802,-0.242055568577993,0.38082574968322963,0.017241505121836524,-0.13023396960503192,-0.018565672961491114,-0.06207676196141165,0.28933626533494655,-0.2526410003951364,0.0470779292719042,0.11063533940924901,0.055156788980866865,0.8197003927347316,6,container
632,-0.06704007956668717,0.19397848710863264,-0.23986776373432173,0.20175321697153095,0.08377420753217933,0.02657672849084264,0.25148598426422897,0.15142555296289845,0.15532784989123533,-0.10831032036539268,-0.057419146122265265,0.16407619223407138,0.4600107469842562,0.8565091855528313,99,
633,0.018377950145812224,-0.17139997580603683,-0.2632355137317057,0.33326317891342266,-0.04557691271113064,0.1236602281557711,0.1378917246024507,0.028570530985696143,-0.2096569898466349,-0.16033776772155753,0.37468169070099855,-0.027257510510640216,0.1914411036019509,0.8157273433807527,12,furniture
634,0.1931900529456595,-0.1957324684532451,0.3118839783991855,0.15580781385388068,0.16848015579373765,0.1833029498347949,0.08596170362623053,0.05464380715362164,-0.22643098315094135,0.08438320166992366,0.16180561158209625,0.004946012325011972,-0.4118645110073914,0.7944118193771148,23,tool
635,0.22563686319765305,-0.20910337187375116,-0.08662987574331996,0.2820753123059747,-0.10882383105845944,0.11946584660364087,-0.07979186459907855,0.35035799284764574,-0.3937110998366852,0.15773442437425828,0.13979975964661648,-0.2539171903135543,-0.24025140847296536,0.7828844799851534,26,vehicle
636,0.06109207303258084,-0.007016695814090838,0.0560967736039403,-0.13183460768364655,0.08492387469804455,0.0006993723270434862,-0.4993775416904802,0.3295134921233613,0.07559367599777413,-0.18521959242359826,0.04695512320303982,-0.024261975400252437,0.04687194818989289,0.789064985108101,99,
637,0.3368483060123538,0.06165314155766417,0.360866860347437,-0.23577677580292025,0.07473990751069337,0.06444973964785591,0.08861740896096662,-0.037779966679577365,-0.19725821609445307,0.24050911219357254,0.09720479646226499,-0.15984297455460075,-0.22222210003309245,0.7804675885163691,19,office supply
638,0.23346270075791847,-0.13725054941411496,0.04143883473850623,-0.1347287877796182,-0.17558357205891645,0.01347337587887225,-0.17731371587788278,0.10987103798995737,-0.01886611242651613,-0.16896170675031152,0.1723415754900173,-0.07467253449831311,-0.14267375377332414,0.8286589878381215,1,animal
639,0.09285820351625913,0.035003790980082876,-0.08861002522526829,-0.10981725725381446,-0.14384913283101514,0.13079424425868738,-0.27140027444537634,0.3067457408654729,-0.09676875126395887,-0.03199150960477619,0.13353201631119316,-0.04777566299191054,-0.14520273624041258,0.7575586676196434,13,home decor
640,-0.0408864951746775,-0.21859812737190829,-0.010068913672354476,0.2939117184701586,-0.24435078067306368,-0.12801464964797216,-0.0996075130974964,0.2672542160812196,-0.1389210157433392,-0.01770911907245603,0.18346381756314584,-0.0024753788744241406,-0.3894253519356998,0.7320711030755961,9,electronic device
641,0.036852676348028066,-0.010490133682593024,0.12554923300689008,0.21107651087401993,0.27955708495378895,0.1956790741702977,0.00342198421887812,0.1595420588989775,-0.17011403756074953,-0.1407746631689866,0.11749979111126713,-0.027698698368719164,-0.11301517601459508,0.8272889249883458,10,food
642,0.15390386717077412,-0.019784433370537313,0.4102380497059414,-0.08975710991677066,0.07469511526915931,0.2936438095183679,0.008788512206629623,-0.07011335684760057,-0.03197141010241786,-0.09628457301994418,0.09855500478831584,-0.016988289057523313,0.15915328240118856,0.8360521613146851,18,musical instrument
643,-0.0012469624317540044,-0.1120136209542365,0.09331126353921856,0.09263433746351464,-0.2054219821950662,0.17356911355688673,0.0019495884245360664,-0.28990909180932367,-0.11885066173546942,-0.3232828781175964,-0.2369766665863615,0.04158038981268887,-0.006367716878823964,0.8144565303407888,22,sports equipment
644,0.09660613915518604,-0.13314158404364987,0.04752322422348063,-0.2400513778670392,0.0676851966001232,-0.00860343970500086,-0.4415548121690926,0.1161240827394469,0.0876326877119983,-0.029766844021521528,0.33619058254284856,0.0996442757916491,0.04223584353211435,0.8016633421475649,1,animal
645,0.18198988491336213,-0.0901854742889518,0.15475426038768855,0.2633196565469251,0.09082641865899803,0.25953638639475296,-0.14578608660426784,0.059887816105932024,-0.14884583496120216,-0.19116335834103373,0.2802078670962542,0.11469386618974811,0.04469217351308877,0.773721767877961,10,food
646,0.05590807639455256,-0.11926860558059652,-0.04500887247665075,0.20810113059574445,0.17044521961821638,0.30071112815822,-0.06733453758378594,0.15111511370642183,-0.09433867987301885,-0.07772783334109594,0.1328050261448266,0.12600599371059718,-0.016441801726581575,0.807044073355049,7,dessert
647,0.11172099442367563,-0.1522783927121577,-0.0063115307938662255,0.44333982371697056,0.27528270438409697,0.21216135730133445,-0.03209631696832778,0.22628615294139393,-0.09015460333032685,-0.1360375173513304,0.10397278099493959,0.17875363621073925,-0.1541432537589726,0.8600748064444707,7,dessert
648,0.1052183764120301,0.17560057711883703,0.06414762846800191,0.09111851592132118,0.13325792376087145,0.1692274223664212,-0.3524766530967932,0.2684759960927892,0.006180087806630574,-0.1111232908366852,0.21669508443303673,0.16892031244673456,0.24996440853271681,0.8086147895244608,99,
649,0.15448704805532198,-0.13397665571816686,0.19447351196315094,0.24001077454036535,-0.21776797149453178,0.02882599315592692,0.0038499313647103366,-0.1788053512841899,0.19117141817641706,-0.01888167855000677,-0.0716260607587828,-0.05676164419582057,-0.23217323602048717,0.7738879915548723,16,kitchen tool
650,-0.034904865928783314,-0.16490549390978282,-0.4032421313275235,0.007110713576804566,-0.03768391430152608,0.04044793511752132,-0.02632851532064378,-0.20028024914624218,0.10767807148472852,-0.22435941560366549,0.04557294644259747,0.13276863075269676,0.1684018902829519,0.8033125911816543,4,clothing
651,-0.07011860387499733,0.0008682145790603309,-0.10847976443592942,-0.07020230539339642,-0.1687667644186813,-0.19616296647659356,-0.0022885370163228795,0.42108917920553635,-0.14577759737548712,0.27376807136706865,0.09428519326747659,0.08628210467283029,-0.21097014417685406,0.7469533515265224,99,
652,0.3089529548384664,0.06149748334320896,0.1586000247157714,-0.10375230830869377,0.039715681636973144,0.03756336136334792,-0.0891832217096289,-0.07159392312441491,-0.1839678399067533,0.06689510073796057,0.007129276706937182,-0.11078165089198197,-0.20316304170851018,0.7916561045158382,99,
653,-0.10876841083974292,-0.2107951624017063,0.0948478494495718,0.04910355887551295,0.22253868760465564,0.06466636571801476,0.20111151808986566,0.3397658621109205,-0.24676526327232942,-0.07403614939948798,-0.006866969645602497,-0.11490216078941931,-0.3955938232372208,0.8370549515045664,99,
654,0.3297727921208337,0.09157981588010466,-0.04789029220188959,-0.008475267562677075,0.016975767452341917,0.19577018798754597,-0.2586365133273993,-0.054227705783303,-0.3347091523956629,-0.20952674483697728,-0.07079049257574412,-0.1618972570281469,0.01162659416358091,0.6790460555704461,99,
655,0.2083319813164921,0.3357049585239486,-0.0056463937924194265,0.027939351443796626,-0.048811146054120645,0.11993856400178776,-0.25007438448630437,0.22905015570073664,-0.1254301115335485,-0.014003382215231019,0.05751677088578504,0.1794976601830847,0.19517814445945394,0.7812158923842434,99,
656,0.15907437038191816,-0.1676079875898065,-0.06045197569486302,0.2199377324424985,-0.19831275349974953,0.12372446648775799,-0.0967043508717874,0.38353776289865305,-0.16078227592530187,0.19138921554323765,0.025639688384163556,0.11392044047689927,-0.1718128640933184,0.7518792995622265,26,vehicle
657,0.28076699600862687,-0.15511815455864614,0.08090101265960531,-0.18333133923330355,0.17959096255140072,0.20825477546846577,-0.16269849396775632,0.32590683045285535,-0.010767974513487419,-0.1207420010655727,-0.018684129073157314,0.2330402992205991,-0.23567126985466283,0.7783303713736467,99,
658,-0.10276616106511018,-0.15788962815326713,0.10989248853041879,0.34235495567843943,0.04025945340540359,0.1827309480488661,-0.10580058099951202,0.028384612964645103,-0.029169420174804173,-0.18057062690898673,0.2458435173381586,0.15396574372459138,-0.035783964297015344,0.8030209584554004,10,food
659,0.05469739836880549,-0.16722312377510087,-0.48802619704029065,0.16062029559003066,-0.11493176575880841,-0.014896105269161197,0.08756374936840597,-0.40670150026202223,0.06911444201751013,-0.3043351874980282,-0.023713799853856726,0.20972624564283499,0.1318683259532438,0.8444900514774311,4,clothing
660,0.003968435279968472,-0.05161330092384858,-0.12998532979213764,-0.10308660690663919,0.04607268906702537,-0.15907607794178094,0.04456303749023356,-0.051347533241038266,-0.12869406008037945,-0.1338924358826991,0.1798753239236732,0.3141206720486639,-0.13509314661617514,0.8492385885758801,99,
661,-0.05984999398808234,-0.0951926678591231,0.30064496318020756,0.12952251699818895,-0.13674863349491598,0.25053404614931674,-0.08581316399914468,-0.0046388863358979345,-0.359762322529431,-0.1413778148003472,0.11467898784899165,0.05752809263726198,-0.234352943957466,0.750683809163673,20,part of car
662,-0.02745729107340807,-0.0667114252291194,-0.0642557899553581,0.05319920762513969,0.16040155536406742,0.4473067260395262,-0.1274385584774993,0.22565532165690333,-0.22875460731786884,-0.0030355657306679216,0.12885099036363779,-0.14625167663788882,-0.5307325980066909,0.7718650547316175,99,
663,0.0088241360019643,-0.17132313177442213,0.1898612157537595,-0.02490057458818975,-0.5274895094456827,0.1728691477184697,-0.06498245423036363,0.027336982362527837,-0.3469218805300131,0.029567881571697256,-0.024240348361421703,0.2286318089202099,-0.14387903323798876,0.7018113094332609,99,
664,-0.12118961240050101,0.06409365113593021,-0.2685956820848776,0.06208271626849538,-0.11037689732828193,-0.30545710071950616,-0.2712988467508817,-0.47808506051359984,-0.062485670843164816,-0.10855351474792294,0.009299596089461978,0.11404259164575559,-0.20015370492809545,0.8235122761518783,17,medical equipment
665,0.18247847396028868,-0.08406592899391563,0.3234134615270437,-0.005057193443882493,0.0271192094773161,0.31157597296173467,0.13125901243557445,0.04444027099802643,-0.03615674912344657,0.06692339204989399,0.24470545812896172,-0.23410407234373376,-0.23545765974714564,0.8055438971597509,23,tool
666,0.20543217614568673,-0.12548015782515437,0.06118984326996308,-0.1037886781929692,-0.0895424774602396,0.026806902176793233,-0.190253424371068,0.13330721077865043,-0.023374164208315115,-0.15844489756556235,0.18201989038711933,-0.060139477872387694,-0.17442702329672743,0.7967075137775393,1,animal
667,0.02146393724767272,0.019455552775001404,0.3579227594697262,0.16882285910878167,-0.18608645157775797,0.2738186290393654,-0.2882129657270611,0.09712402860655012,-0.3384057980372332,0.03150368176876462,0.08889768461484981,0.16377797614596515,-0.1968206998520945,0.7887047262567832,99,
668,0.19451133104533153,-0.10292755541255713,0.10783729981489124,0.36933637908279776,-0.14724256976354502,0.22228721521395883,-0.0663963631554232,0.18863929489921671,-0.3296200710367856,0.048441645706022045,0.054668500910933567,-0.08501346913245664,-0.08272139018492272,0.8188918172677914,20,part of car
669,-0.08993301732173228,-0.2768680830070581,0.06334904755488112,-0.05883319328305243,-0.05986624791574387,-0.12200193969151217,-0.18389495841111422,-0.0410555586637627,0.32836839677641827,-0.1167022979274171,-0.14392321587492812,0.15371920784003737,0.23621729342538886,0.7649146479285853,99,
670,0.30085176929721985,-0.08029292629723944,0.168338656005022,-0.08590243794614884,-0.07881581371682511,0.2779553470815515,-0.07938746703104814,-0.010862951516211432,0.013200394352122967,-0.20800864757070148,0.021964980771582224,0.133714069686791,0.2681485036728786,0.7939517630066412,99,
671,0.2206777695500672,-0.13986263715993477,-0.1517539358688456,0.23195565714098873,-0.2232842428950085,0.25437252720813747,0.017230738591199276,0.3255616264247562,-0.25959052811195826,0.19048055097768493,0.16376798783097826,-0.05737315130098287,-0.1400637605488089,0.7410465686701246,9,electronic device
672,0.1625012417727535,-0.012751942087006278,-0.39329979365430245,-0.05545352204204323,-0.13048519824007745,0.14837968377693495,-0.24525133213371822,-0.17376808250634815,-0.1759900860220942,-0.23699510958136055,-0.08895602098332722,-0.030777997867792468,0.02023528926578144,0.7877529313504924,99,
673,0.003949672907012424,-0.05358526047819452,0.0484571323774014,0.27584166716066444,0.13760556029261928,0.22453191446719656,-0.12864566938888033,0.1746844614694109,-0.01621362029287474,-0.04216295394496838,0.14079894389882733,0.0734805901951357,-0.08139361265411874,0.8341602213374313,10,food
674,0.06794462616057888,-0.11068575491514104,-0.1110835696664556,0.1854497511999283,0.12804938970855534,0.15311207625528336,0.04956145144627881,-0.10512121283879627,-0.1818606204817123,-0.1948795915616918,-0.002116664604880518,0.1786397831214955,-0.15583238372071126,0.8552100826632877,10,food
675,0.11756212675335757,-0.10333802230251232,0.07785287578521287,-0.07756675771830475,-0.0373984064508153,0.15734408775100445,-0.15793132589813247,0.11510446627663003,-0.004746338922306796,-0.15217578174438448,0.12823554754195407,-0.13368563999504696,-0.17750148309858088,0.8277390846830834,1,animal
676,-0.04139413443762427,0.19088115678092238,-0.45345093262396047,0.03668213588411442,0.0036106186587999,0.12820815344211217,0.1522882206943397,-0.18040183743565336,-0.12842059055985852,-0.34590298980329265,0.10229770057191546,0.061799206830796,0.14587189743587664,0.8535576872921665,99,
677,0.09975851618391136,-0.33043436612692867,0.19052827342251752,0.15245765943952458,-0.1925066864408482,-0.013749948989546384,-0.09343560918919938,0.06536576434708916,0.306192453799506,-0.1129401123139727,0.01722799667396278,0.3335291610454486,-0.25078488519440223,0.7572302811419375,6,container
678,-0.09077180061024916,-0.07067731690111599,-0.18409010831598965,-0.07027356889932489,-0.24763743241353747,0.23412787558622702,0.13332799872335171,-0.11758050822928866,-0.14354920216211733,-0.23783589691973545,0.2772564688194756,0.013792876877687823,0.11180114333115387,0.7608900714428164,5,clothing accessory
679,0.06476584479443603,-0.1807070842853769,0.2507352820124874,0.008055241525835019,-0.26584311359878937,0.39627274916804023,-0.16012645094621542,0.1117333400798258,-0.05894552488483559,-0.19179350428345004,-0.012189174624494358,-0.09428536166904505,0.03312932975118574,0.765314137712039,13,home decor
680,0.21121114764311505,-0.10811973953618534,-0.24078746988853195,0.22664898430312191,-0.019489266210686775,0.08787627864831406,0.16507495033753414,-0.02827619450120581,-0.11890788894070749,-0.14300427508097502,0.26982049405845576,0.005874161651854369,0.07253798656009874,0.8019675676084274,4,clothing
681,0.1991549808121375,0.1672806101555483,0.08889107535881471,-0.043228102498767754,-0.22784745160467798,-0.2069353576016383,-0.09931836718107247,-0.16422277937021645,0.027154742685800932,0.05619583115352518,-0.09443822384471584,-0.3796177353545864,-0.1352105859958888,0.8125601113219408,19,office supply
682,0.16720832314260628,-0.1392452849199089,-0.07314729706987225,0.29448456458350647,-0.018534298949497326,0.2735328698702997,-0.10821252722411091,0.07223724482739112,-0.3499896919734497,-0.06396992176558011,-0.131080569395375,-0.06640913051521805,0.1468326652707869,0.7798769237049159,26,vehicle
683,0.020218635357158538,-0.2006494328393021,-0.07818178395702698,0.10067047379504618,0.18396908410825097,0.3716221112823936,0.010451450589173078,0.04384493700009091,-0.2701855384003316,-0.0840168488565599,0.0012753198719551268,-0.13317555041959922,0.06038761174134517,0.7899622022536016,22,sports equipment
684,0.2120315937744337,-0.1543859102500259,-0.00873974871292672,-0.11486422549951558,-0.0744504279517261,-0.030848284101328196,-0.11094632630785876,0.04006453060003677,-0.03224477748522723,-0.22071875077631728,0.17552351926652043,-0.0007678810436898473,-0.11965766013258149,0.8132787507386353,1,animal
685,0.19442378128106788,-0.3005311386108235,0.23358523072881662,0.03733720132097922,-0.0006778356454893053,0.28557450500300513,-0.03353264063401874,0.022399033347362214,0.15472538826985227,0.043744310222125576,0.008642049526791384,0.4034486241594551,-0.19812186542929394,0.7539217637384582,6,container
686,-0.15669868397798647,-0.15253875676786138,-0.13931827907836825,0.010928378456369634,0.015754874099819887,-0.0009961192843822627,-0.002942370600856184,-0.06123511141581853,-0.13677976242484158,-0.3528766022575822,-0.021950336184971227,0.05673178357834735,0.335858473582331,0.811686659448342,22,sports equipment
687,0.07558338695062929,0.07940441921466004,0.2944758349788855,0.023110892938510267,0.17611508192684125,0.2552160575903382,-0.22216912802463573,0.26516514126397606,0.06549307825779727,0.055267504389488076,0.07375989025280412,0.10059635238670414,0.19313059940283248,0.840740819110524,99,
688,0.18370994083353168,0.06039450601735493,0.11946532818283344,-0.012884080839315887,0.020298204331771062,-0.23610432576074875,-0.4237336237200426,0.248747638558292,0.06628945195566043,-0.3000776415339945,0.06883816350373079,-0.11824721726209075,0.0513414990312048,0.75688932376994,1,animal
689,0.13976453557743165,-0.35747405101487695,-0.1546582514020919,0.34766178465952857,-0.0230030898622538,0.145914596223765,-0.1373597119075936,0.2273497263702007,-0.3037964582996041,0.0692599006048876,-0.07012756886648458,-0.01619468976805539,0.08524420297479603,0.7732968454434185,26,vehicle
690,0.17631365930495102,-0.1775458135924608,0.28504077511380826,0.16036133401556305,0.22869129513726966,0.20413406911935314,0.16480549121092938,-0.030860532200731584,-0.23988600665414295,0.027255522404793262,0.05895168088236259,-0.1182503017148172,0.0026958776640419436,0.7760507980055628,22,sports equipment
691,0.11194435087394303,-0.1407711288944655,-0.05795637910928089,0.14109575224355497,0.08550346334594604,0.0669483014380575,-0.02070847993976372,0.3261469526568093,0.04318167909661376,-0.23886654150279057,-0.1653468415591838,-0.0069152542689657655,-0.007629926981963766,0.7556833044531569,26,vehicle
692,0.08446888233866873,-0.13909655318128925,0.489056363274379,-0.06981890231703726,-0.01975141100085305,0.3900622142655921,0.07130045790832101,-0.03446340194443284,-0.11992285715563542,-0.1438008065326986,0.06779245800952867,0.026218890103657203,-0.0701876499995002,0.7223080586252307,18,musical instrument
693,0.1695320691517623,-0.04285090520905823,0.13984477525220668,-0.13798562644708304,0.03374636232867792,0.06770497118784924,-0.2319822125965029,0.18479367263001817,0.04482645846523926,-0.2529390903833869,0.15140619010530154,0.045903365319861396,-0.11639590491581338,0.7105738138893627,1,animal
694,0.25207097812433427,-0.11924693050130056,0.05097440379881985,-0.1730148751910763,-0.11124547855659848,0.1131553377164892,-0.17011492819558952,0.07212299914782454,0.0315471888447103,-0.17848883403332766,0.2812042296893599,0.02380691982642322,-0.12308998555602332,0.7975147743644271,1,animal
695,0.20934117654621004,-0.055017637597366637,-0.0088206968292175,-0.1052657558961069,-0.18165980024179096,0.0626248074427595,-0.18569246049368768,-0.028433963727361733,-0.032199613194403925,-0.2347878927617091,0.32206217402349985,0.00534601676883209,-0.06621427188982128,0.8619434268022201,1,animal
696,0.1359707202172315,-0.03680650679870546,0.13248375232630974,0.25694119616127126,0.1567181007023545,0.21780377980206,-0.21417074859207957,0.13394470650116935,-0.1589941842156945,-0.1744889588831853,0.3567482197694319,0.14371851051648674,0.09492213033713393,0.7816792007609799,13,home decor
697,0.18114520514496985,0.12350681918824637,-0.20798485011321252,-0.03451519064689259,0.02938963521601094,0.2695365699383926,-0.18224910611644907,0.14652358756387718,-0.18030190126638124,-0.1056394612637116,-0.21125814108011653,-0.09538486341541273,-0.011657781014807626,0.7634550970313169,99,
698,-0.003391075352424666,0.1859542839629545,0.24482395796569387,0.2909272178153885,0.020418240136560822,0.3217668387791497,-0.24019508807087545,0.28075107282348455,-0.04990931984236401,0.12188683623898496,0.2047847726276698,0.12884570316518323,0.06605940603671873,0.8182594135869802,10,food
699,0.13323721687544143,-0.1393786485990163,0.39021982362353785,-0.06968682134034525,-0.059280046502639946,0.40452143132114293,0.007322559633402606,0.1488239649316444,-0.024885892637249156,-0.1331818092561103,0.19483576699313415,0.07406311032319031,0.009061306607943872,0.7968117421837161,99,
700,-0.03431529101586461,0.16035865286148604,0.11652126878460434,0.09497965056807117,-0.11999881550248154,-0.024903276440333,-0.43525381997901713,0.16548884598636732,0.11699365776711632,0.0625825320397913,0.09131320431632335,0.18845591983686444,0.19375046890200615,0.7057518818863119,99,
701,-0.028734673739098396,0.1438111555097712,0.25149589621831525,0.4392902222713076,0.07172223904733775,0.27823119654264067,-0.14195992313836375,0.22259013974444264,-0.023968771106292586,0.1376642084647927,0.19051955165523213,0.12356761399923644,0.17498946529949172,0.7595822448839137,10,food
702,0.1624735850742314,-0.15416654831239165,0.17568150615834066,0.2162900300736903,0.13343133855544023,0.28250292606977573,-0.20736134311620488,0.12090962096471719,-0.040168666622167906,-0.16352676516146283,0.3817934435914238,0.2875331654557099,0.06342255344719616,0.7858128472442069,10,food
703,-0.01800040188037287,-0.17972024322341226,0.13804456742315135,0.3425898435926016,-0.11362386681946073,0.2092586272200355,-0.10053354800543342,-0.01755812806016988,0.03880713402362905,-0.18373076392639667,0.1184848449375892,0.04476500015650349,0.02801871985321358,0.8049596330793156,10,food
704,0.08093309420700366,-0.10099141958912745,0.014233304192151904,0.06748981232178479,0.14205995029349633,0.321896132076594,-0.14441992952830865,0.2839687587933906,0.12177652599997571,0.030998058242729627,0.32723589655752516,0.18912215504137955,-0.005885188645225609,0.7097087350839696,21,plant
705,-0.1006819288255193,0.10687437984716922,-0.02001519814763239,0.06619896654884563,0.12634698099578054,0.2913238300390414,-0.22511022621083326,0.0766464965274325,0.09349043233209514,0.14883149656639252,0.3957464359045462,0.23567182092828926,0.13836660840945164,0.7720608757222485,21,plant
706,0.06595496128508231,-0.14069781515704397,0.12363820840437548,-0.1926669443333754,0.1511001078055003,-0.04674593980404378,-0.412964390062357,0.10201211782902084,0.11574094271223712,0.010128393998601798,0.43733075786269826,0.16136453448563032,0.03497435903518895,0.7626091965373095,1,animal
707,-0.06372709030194999,0.1286184757147983,-0.05579478744380942,0.03370611441297742,-0.11223552558924799,0.19806549825782718,-0.2901618938158266,0.18026978883076794,-0.16838464997265626,0.07635201094952872,0.11652756677132721,0.07098936919127086,-0.3232620324934659,0.7289902263510963,99,
708,-0.0554314880210801,-0.030760727678601156,0.19126769328411258,0.2655493941907033,-0.03965997143469109,0.20999156658460155,-0.19006176667167907,0.03482168669656053,-0.20041133481762696,0.06139588598981715,0.25037591391784897,0.2075661985584112,-0.38621546106504195,0.8629256503373961,16,kitchen tool
709,0.0026178878804389016,0.3072733844590948,0.06164151462949995,0.08122997150875072,-0.044372201704365656,0.2832241216167646,-0.12053134469286435,0.38888756479197356,0.16423330494280308,0.24321311029780132,-0.001345211045593278,0.0911540811987655,0.28502004020948557,0.755371877287646,99,
710,0.18038634929857905,0.029867930937978304,-0.1408348196180775,-0.1814587680967138,0.15275180771889665,0.32374529464942314,-0.014427293723627435,0.4608314119027531,0.10264473170216012,0.02914512432734048,0.06684825870795925,0.1981660346157408,-0.09307273962829042,0.7858260597656144,99,
711,-0.05114468811705162,-0.17009015999773433,0.16040439811698642,0.34553299085543193,-0.09687892966713295,0.10084137097433853,0.07708195287536194,0.00842197633102717,0.1791113329378684,-0.1735503563917034,0.051241535494766025,0.17404526389600597,-0.1769183995566521,0.8341426692107743,10,food
712,-0.08687926085583757,-0.10566951421914293,0.10469234526524239,0.10037483462659315,0.30417407463792073,0.2621817090013353,-0.2403932933347762,0.058859262880016944,-0.10406712298067211,0.05143859534883625,0.42482803427375426,0.19891329230866364,-0.07219790281599874,0.8178260845943774,10,food
713,-0.011393470248543636,-0.09095589400204165,0.2288538664794906,0.10942459846666118,0.050615356972400015,-0.1293976884690071,0.06045774624221842,0.0572944160001824,-0.2916260799367084,0.06161956152856928,0.0791834632696449,0.21517473092228223,-0.20453102543802193,0.8540952874723438,27,weapon
714,0.06484672481280401,-0.12448533775563532,0.11601868109867598,0.18793728376149643,-0.02553886432423882,0.21924933733190588,0.05471744126134162,0.13582618646594255,-0.11443374791738223,-0.010339027382375533,0.16439999565767832,0.20639287876329004,-0.21094506919866957,0.7713702055325934,99,
715,-0.09624382178731418,-0.004766080276997885,0.04138609750562616,0.14348720173884544,-0.15097754778249647,0.2375672572036962,-0.3122246567393488,0.08856872050248993,-0.2950783476526404,0.08097261883007101,0.056279922354220975,0.017661510198419328,-0.3066808662072408,0.7666659524536724,20,part of car
716,0.22226907479228286,-0.09567949474691995,0.3365099206727388,0.23311496844118193,-0.09846322927068946,0.1755171489530634,-0.1536293611109405,0.1509264097699871,-0.15741100149373716,-0.04756731788542081,0.129530278586305,0.2785200374555552,-0.21989881120854038,0.7432696030257007,16,kitchen tool
717,-0.038401059559144156,-0.1017982424859741,0.0878354018084515,0.3207148733272744,0.1474405627928986,0.06741625628417629,-0.04818889910885805,0.07531450271174601,-0.0952045648399493,-0.00320201247991566,0.15401032095627495,0.12421402773435876,0.06152680770093527,0.7981495162780056,10,food
718,0.22368100526708556,-0.1198677288071655,0.032877645925169154,-0.15361987638864064,-0.07412139598648793,0.11960947634735727,-0.17092134190547031,0.04253415398965735,-0.05110577161886819,-0.21372395779446138,0.2689513756644181,0.05012543352032953,-0.09460588144922327,0.7759985570416356,1,animal
719,-0.06867015183454034,-0.25182815742345616,0.09500381163707483,0.2269888029380914,0.06370389004708976,0.27694828871308136,-0.11616487619798299,0.009838642432235811,-0.07998850085649845,-0.12132378442618853,0.30108945418520666,0.2718905095496854,-0.03011241071671551,0.8051237193689056,10,food
720,0.07258704807040603,-0.1039383416082949,-0.021836767103267787,0.07672238820756822,0.040354129291361736,0.180612016971115,-0.04726334774260733,0.30788730637299944,-0.11743596058220475,0.0057156761372314365,-0.021208158253785518,-0.012253190630104303,-0.2727283910605842,0.7275102342229001,99,
721,0.18714395607806464,-0.09129665583378456,0.14448906590824043,0.0056507833236613455,0.23981888243537058,0.23951890340356266,0.10782576595796578,0.30015792689075316,-0.2841042844021105,0.10550580084570407,0.16124734194089088,0.07200641121039723,-0.37995373895927875,0.7013443742011655,99,
722,0.20130660231071043,-0.05282630169943238,0.08903669863058318,-0.07615089586599287,-0.13723675605804286,0.02832041281336614,-0.22373543079008207,-0.00471038904399459,-0.055012057664393536,-0.17393562725503747,0.15875121800947453,0.05216456512424775,-0.037607838590578965,0.8264693166599095,1,animal
723,0.13071099421282417,-0.03498113304526596,0.3642085293490607,-0.06771170366532055,0.028148920463337765,0.4828721074564609,0.04204332072106622,0.022920278452617664,-0.03371915796299751,-0.096603393098996,0.23178368285286094,-0.26628781077060887,0.205515046824803,0.7721659192151283,18,musical instrument
724,0.2863534376982575,0.13894860549288354,-0.13689664744037594,0.10670283816487476,0.05003905795814454,0.09652693320584561,-0.21605067465051236,0.09225043150751719,-0.25197060273240984,-0.1832590053650523,0.042875464344060386,-0.07153040422852094,-0.1714081327782062,0.8494017562454662,10,food
725,0.3470946012567641,0.18691988783521196,0.09537732667199939,0.3561956515012869,0.16243402326604547,0.21265059265952097,-0.1948625410240514,0.020431486100745938,-0.18456626964562564,-0.29167275995663133,-0.04069498324841769,-0.06709848683734514,0.15510230867210004,0.8177841805890588,10,food
726,0.23699810732424406,0.1503731109840067,0.05465612076651875,0.4277283284643462,0.2048322039002316,0.2242794944446866,-0.13418686539708788,0.08280847319521473,-0.14979516411199365,-0.18606426073498358,-0.09097820637469596,0.0775989401904743,0.13071768695037844,0.8690017735656727,10,food
727,0.09643054657927365,0.07459184614045271,0.2434643414903514,0.023037868381599935,0.16332940734619938,-0.011802518879420125,0.03614021116415152,0.07046104796358425,-0.279427189493517,0.1418987141368707,0.15899963101561204,0.09350651720105363,-0.3044416792056711,0.8816901506487516,27,weapon
728,0.17238097582273046,-0.3062096525385943,-0.2579578669847649,0.15042361203053808,0.009772606193637626,-0.09234664340133958,-0.07205856201737391,0.03654499948902403,-0.16081282305436612,0.1680441953772772,0.14253400002096764,-0.3107222029914422,-0.0889604832566963,0.7912191105936356,17,medical equipment
729,0.035966570890275794,-0.10305663425969212,0.18616630930444758,0.11999438678619267,0.15577177369412049,0.06784975964994089,-0.13147530094934926,0.26890256646907895,0.15110037441001814,-0.04860940581281791,0.076560716103155,0.025421822006174138,-0.3763342298528114,0.7778564066238015,99,
730,0.00283574120694384,-0.12257624316991086,0.023137547673607813,0.279288962556352,0.20290875436572683,0.19510199661665562,-0.06180695610139997,0.16427232026422223,-0.20043397127486662,-0.1607699777424405,0.09570237416425806,0.11215016985612589,-0.030211156810752805,0.8180241008807747,10,food
731,0.1322585700966644,-0.180727650218525,0.4182264861082815,0.004179951243345241,-0.12652978049921104,0.22875683575478029,-0.07367885519471873,-0.10294941899315364,-0.22518286094132503,0.0012737729968319619,0.03150341483790427,-0.05214484206914985,0.023148227159828956,0.7220534157183335,24,toy
732,-0.07374558466052651,-0.2032495787293202,0.17772467039833328,0.027298145939901333,0.13540780062701557,-0.12042261916140244,-0.12361724303036321,0.21492209058381373,0.2712866618755665,-0.0837500573085824,-0.019468555703181716,0.15397872239484173,0.28393661276401355,0.7899436982476137,99,
733,-0.05489742646110639,0.23419427276700452,-0.3392121699565277,0.0763401029067784,-0.17243255054164364,0.12044946078040213,0.1016047082542759,-0.28479691423554687,-0.04264336640860652,-0.24163293364156613,0.16996082211347213,0.15301536126539467,0.0643758967584552,0.831551859673035,3,body part
734,0.17816940121954392,0.09573357781485536,-0.020662489849393825,0.06782800886564559,-0.07458879623241839,0.0657449536568872,0.18379400609995383,-0.20944958767311198,-0.1150117996436013,-0.055433808131562685,0.1844373379533077,0.04305912391769192,-0.1794344862505205,0.8089424216474402,99,
735,0.21005776865022377,0.1371943835224208,0.09082090860089478,0.16271638308255676,-0.1184050052389715,-0.10948783787557292,0.022659923216024065,-0.21041672325297106,0.19184314057135265,-0.040750411413538336,-0.012557672389970177,-0.2873629253464055,-0.02003813805406134,0.8163056014018788,9,electronic device
736,-0.12106678827348437,0.1183301268313684,-0.265085392842757,0.0876949620736401,-0.1718650386776283,0.09596638663553951,0.029097834519803398,-0.4614312469950889,0.03708338450724804,-0.434341216795713,0.21242914760527362,0.3183417036655331,-0.004915376066472781,0.8828794574682267,99,
737,0.2209373639584745,-0.08441314842178685,-0.13094264947408826,-0.03673661182422967,0.07636825874862559,0.2743645661726564,0.02676621049443702,-0.27120376158428344,-0.1478888383323926,-0.0824202860811581,-0.05666669826809993,0.031486794989541746,0.0927495098153007,0.7824030508914231,99,
738,0.09734491547564304,0.06319190841356676,-0.36834288369341606,0.11144717286886807,-0.1996498047169448,-0.1276296105586815,0.1914769775468406,-0.2813775582992712,0.22396270666916862,-0.23075467957706838,0.06314274230276967,0.09763586034739022,-0.038387175897329213,0.7962061741592371,99,
739,0.027083619992882,-0.2124243971953062,0.05222351390870424,0.2253249568998892,0.14464187179343266,0.2059934244234885,-0.05909325969393086,0.06833179249347442,-0.17201297059243856,-0.17540480094569785,0.08063947876871318,0.08463780470009954,-0.09342962598394713,0.8037951676954797,10,food
740,-0.10850577798466876,-0.15674365160835507,0.17938751258806998,0.3074394045095062,0.02002859712681904,0.28220588723909984,0.04493133014928927,0.023840418948443895,-0.07288576169344022,-0.19951620646930848,0.02604094918719098,0.08221306548973294,-0.08429120865390505,0.8074349053291199,10,food
741,0.27031035447518437,-0.05067663148235516,0.34031518698744995,0.15135430012192883,0.1300643073661999,0.06972666543625561,0.16751221648239403,0.1421282537891448,-0.2104377247673698,0.23403122398135298,0.27976666565044106,-0.019968473199586424,-0.26063748671509995,0.7935994525579041,23,tool
742,0.007057924667663552,-0.16047067223159672,-0.2547615653702891,0.1074475022747434,0.23172309776708294,0.12392564546974662,-0.15490935400234565,0.10543457853535426,-0.12222201989610908,-0.1706194981539091,0.13641214765519927,-0.10243212782743118,-0.07960375697759622,0.781166011008609,12,furniture
743,0.12131375956133085,-0.04320080570665215,-0.018931607614564087,-0.07205466577229268,-0.10067304863050965,0.07326791726602476,-0.24380290826116388,0.020327907289121438,-0.07347956616493063,-0.1762677547269517,0.1932666634104072,-0.032844847090091896,-0.15651770176772034,0.8369478352784429,1,animal
744,0.10190324382847926,0.17190838610512665,-0.1425744882035725,0.2679393716410832,-0.0926038749299738,-0.010929267012074641,0.3290623473114712,-0.18663675275317415,0.07628226743186856,-0.13213356520087097,0.2649982653435981,-0.009823493960501695,0.014495649585994138,0.8240967350700525,3,body part
745,0.22037304967452906,-0.0929048042551291,0.12674000056760548,0.25217046328218484,0.02579072439866762,0.16428465906363676,-0.04895310021298242,0.051283893020454295,-0.3406139504625641,0.14346183023060294,0.05843919478862669,-0.16365961198225773,-0.10816104594481366,0.8251430325208023,20,part of car
746,-0.15086484094364577,-0.09391400358727744,-0.03312004138418542,0.3675426790346986,-0.0596737032565851,0.022781035163308525,0.22683970806348436,-0.14775853165980382,-0.28906254353704175,-0.1542127216186098,0.1165886706759017,0.09825585063401278,-0.09990983894240939,0.8608448951089711,99,
747,0.09052107258699373,-0.13706226295994922,-0.29765477913457,0.009339014300090213,-0.09346619628353828,-0.1503682971066959,-0.09722021854397701,-0.3137243244821818,0.028515976440613523,-0.2912264465005306,0.06588954548873521,0.11180938741740219,-0.134882951928284,0.7764967900856403,5,clothing accessory
748,0.15754871838561382,-0.14366639795466124,0.21810136212350295,0.26639650745211907,0.04031843817464412,0.23474164101593523,0.12178363963096074,0.18136757888423857,-0.0656323684717063,0.23487407382041697,0.24563329483501617,-0.14437095498887575,-0.24747291220050255,0.7892414143734009,99,
749,0.1173217691744708,-0.3174711061534719,0.037110713478889945,0.3134760328768687,0.06448574469436737,0.15312739003796388,-0.05701899774560475,0.047836771582108514,-0.3577159043576337,-0.024555383833496314,-0.1863841141896792,-0.199119743226542,0.08523763773955483,0.714093660247234,99,
750,0.21072981659349613,0.2727383610798479,-0.2494363430608459,0.09820465531635254,0.15811571711111957,0.11894406999940951,-0.02087335792066333,0.05876097171752376,-0.15620436742944682,-0.2434285877110439,-0.036586235596856975,-0.08416128015277903,0.20376711314582308,0.8269917582417583,99,
751,-0.04634012666560552,-0.2056002066877262,0.07691412278466134,0.084630703754499,0.06440400142770895,0.06635337652116678,0.136125767629503,-0.2164021491203848,-0.1900139156883212,0.007117134915680658,0.26131865697788625,-0.04757991703807263,-0.12812619918999368,0.8385592683800093,99,
752,0.10600594671955113,0.07172069501187617,0.11576769510722158,0.03783885472462938,-0.4210990824581425,0.16207414290563468,-0.13961888923986243,0.23137000169324548,-0.4731967074148223,0.01901131990386315,0.14858924411723906,0.0022118534844713777,-0.07677372864137161,0.7804778554956078,99,
753,0.10508458675743432,0.13468480025242277,0.213184466791488,-0.10916612688288975,0.004837321615271855,0.30580453462802243,-0.17388859416304422,-0.06595617458535664,-0.23531335551123414,0.016580754152071123,0.22265239824586766,-0.06657665575542496,-0.10191527950739597,0.7207412574473334,18,musical instrument
754,-0.07887387646328872,-0.2758658095288351,-0.2579381672035381,0.3656754028982853,0.04998889291253138,0.07590743884810482,0.17136109447726802,-0.09748806495962847,-0.38808209818827094,-0.18827436084189839,0.1779802462010314,-0.02771194805346172,0.04840632241331319,0.8213911964405695,99,
755,0.08666016313067575,-0.1388830390530199,0.23366420050781914,-0.028139687187997125,0.1420686588781261,0.4083829475107888,0.10612418912912956,0.1007664449412813,0.05202542428884943,-0.0657028627517037,0.17954819858220228,-0.2609508032765671,-0.06074196895166713,0.8067049437155344,18,musical instrument
756,0.02818672338426942,-0.12709083506789545,0.1663145091608676,0.2825300076148101,0.09723646985903694,0.20714165171717017,-0.09288131400132468,0.09044887725901142,-0.19540774525014512,-0.13039815577837813,0.13947410133348537,0.2402832333987043,-0.06360603971844944,0.7452082081712521,10,food
757,-0.21501274051953842,0.055824233843560236,-0.26324510912644794,0.15324338968849485,-0.007836757981144459,0.2631536468014238,0.10936081814438843,-0.2512050461606966,0.03980759446748472,-0.25376264500431994,0.16939735534231742,0.08276224008317497,0.10160119711271554,0.7896889466303498,4,clothing
758,-0.17570522123515983,-0.09102381182194684,-0.0247911459321581,0.049038821214254805,-0.2310162963319063,0.2707383554277749,0.06064210337828809,-0.062055456102489054,0.10450097843647062,-0.17331519632573145,0.12178789374543904,-0.103949670710425,-0.2165902637335908,0.7507347496676765,6,container
759,0.1938275137204466,-0.10424108915698015,0.22519477147842007,0.03476489053080893,0.20047506113242078,0.14810189840491123,0.16218410821307935,0.3819676533822112,0.05089258168372092,0.16451529803457463,0.21131092992884412,-0.05239471368036042,-0.25351971261173756,0.7894001831501831,23,tool
760,0.08986638994262315,-0.05436321033506638,0.1422733872051845,-0.12998632510280456,0.03781305648505258,0.011858901102107076,-0.3355727851537656,0.3028134734029922,0.05954247097437223,-0.2705422018361752,0.11253346307323359,0.08201854118831699,-0.13211296113626844,0.7490875613600828,1,animal
761,-0.03754297718900056,0.19203858584116473,0.15983926899451517,0.19566368252961056,-0.001474676998257013,0.271735823643281,-0.21917609436531366,0.22465500279408773,-0.018465614285461663,0.28106682151007617,0.17851380365335878,-0.03710749825849034,0.015411878185939927,0.7456540621390058,99,
762,-0.17247248909757257,0.1653079590287483,-0.36745236709017626,0.1860894765650452,-0.13599058521378374,0.1135619320673179,0.140161329000895,-0.37659276563408284,-0.20419942962966253,-0.3457546132996192,0.1576035229177788,0.10662619185631964,0.09049114225666031,0.860218906926224,4,clothing
763,0.09394127112702819,0.01072048375208804,-0.13434823040660845,-0.058302878977073015,0.0786601259383681,0.1759939425605584,-0.10871694375734231,-0.007941996946920687,-0.0584304105290217,-0.29764684115258094,0.06931971836323336,0.18050963010985652,0.08950803814472173,0.8229635524870921,4,clothing
764,-0.20340282684845237,-0.09053942671170621,0.07507121251393609,0.0013914339812850307,-0.2664734147201024,0.034329155828460446,0.08643381374339419,0.15297404190779704,-0.44269462371595053,-0.01360724008827757,0.21700180582636133,0.02340516119819322,0.04665808388209643,0.7254619751771549,99,
765,0.04951272250633824,-0.33234021548977677,0.10818819370472636,0.13551632134470531,-0.44843758865422634,0.24390252485769362,-0.13830915538692948,0.1549977706368815,-0.23118168744302586,-0.04102686453908302,-0.1179760182760866,0.12381813846437459,0.0255669733701543,0.7401249038817042,20,part of car
766,-0.05218118809435449,0.09215569828410233,0.13421786129968621,0.09117143414792542,-0.21618156940203637,0.35536178187338885,0.07180975183783295,-0.025011472560757905,-0.39460811003170737,-0.22497391171156783,0.31455286018707335,-0.06707628764521108,0.1930070457515419,0.7531521745558134,99,
767,0.047247480744104633,-0.2905048693110467,-0.15204419752885473,0.1184650227999141,-0.10138700742359051,0.008923047458697047,-0.12308402443816994,-0.0022237116757258917,-0.25001694197261176,-0.11917600382140499,0.14924998996702823,-0.034554848078866676,0.0010692513081812793,0.8270263045078701,20,part of car
768,0.04457004242780704,0.026241171227192998,-0.5114752886968625,-0.02932315489921855,-0.14744914978989504,0.1990110353530303,0.025989162446766582,-0.35495604188656044,0.1068055881690263,-0.3660534394588342,0.08960501074348323,0.049316070592905235,0.15271913800549083,0.8905258867149114,4,clothing
769,-0.019981476703024068,0.05833088659781469,0.07162660533775347,0.10484205687252951,-0.1882505593246708,0.4204566152467371,0.1178436221576965,-0.04958958323881857,-0.36848514380723074,-0.14270815784527446,0.18533937645827103,-0.1727101473971024,0.1937013479814331,0.8238400049968136,99,
770,-0.09137939139348485,-0.013322780043541609,-0.03631573264245774,-0.06007141301481476,-0.16180594944641183,-0.008552806233291249,0.17730570012801022,-0.13694386096930858,-0.012387763345934071,-0.010428215165194706,0.23279482078368208,-0.11084052909143975,0.13694965243284185,0.8515097031346887,17,medical equipment
771,0.12744268595035715,-0.24336565400331045,-0.16491461118604117,0.26889088617067186,-0.08849746860417104,0.08607261106812325,-0.17278105941889324,0.14500387954265473,-0.22288561910987034,0.058398991237420095,-0.033188352623001176,0.017863288247889776,-0.1371091237471639,0.8143180124325825,26,vehicle
772,-0.13524489605925277,0.02564018117203894,-0.0592638015715269,-0.04480689523281535,-0.27475875414561596,0.10601582065299239,-0.12654999845136983,0.21944611683691712,-0.314050745013309,0.13157054958304706,0.19624695389432686,0.04287540363869206,-0.3034285557623779,0.7494545989800896,99,
773,-0.01928003005917567,-0.055570054186870284,-0.12344834418653129,0.06680521439342398,0.13679274454937831,0.2440540088814695,-0.09585199412501616,0.22884730224556776,0.17311909362987876,0.10836542304491759,0.33053679568231964,0.20114266729915423,-0.07038819662500509,0.7763171685473569,21,plant
774,0.22249674509015246,-0.03212335529485282,0.06945678977725994,-0.22284883354269863,-0.09686174878803061,0.0217053126339655,-0.2556105408872731,0.08002848657071375,-0.03571393416703104,-0.11400426673477074,0.2640270988132646,0.03569491111810791,-0.07001769139796221,0.8268678420821897,1,animal
775,0.09023415281969233,-0.13373680157684595,0.07079652531356301,0.2664082714403742,0.10338907890734722,0.15747622304939862,-0.10968339736545808,0.3941397167118434,-0.2766853454469938,-0.046579486508399985,-0.2086984746567318,0.025187855440735426,-0.16118439557597775,0.7315700816682397,26,vehicle
776,-0.11061834711778346,-0.1502288669543744,0.04688892546482707,0.1828165178911786,-0.1697013203082723,0.06906458066664821,0.07075711523326166,-0.2064122946397118,-0.11761869492801294,-0.32542238754322633,-0.008265534391184612,-0.07207849293102453,0.19838693475845165,0.776772253895765,22,sports equipment
777,0.1578252173023944,-0.2135743463944798,-0.3623128746066451,0.15177657969059283,0.16134401221644132,0.03494344103722235,-0.09230834018551119,-0.023463150195406145,-0.30308895277891834,-0.023809123003123357,0.12929215174986688,-0.1424350330379466,-0.008866460690786178,0.7566377673079393,12,furniture
778,0.3932976830387066,0.34850771744605297,0.04979201085360466,-0.1400295291090693,0.018957148400495796,0.06776199088905806,-0.19625959985599623,-0.12825165705087407,-0.2394050893273129,-0.14539278052201168,-0.13633680163766268,-0.3694299217428143,-0.07175438179231187,0.8409340962340113,19,office supply
779,0.07963117192386873,-0.15620653034912932,0.11669817934377481,0.11106884170667902,0.004713569054386068,0.20028336900845972,-0.15842079536224274,0.2092089746066258,-0.14559677777659255,0.06556488535766712,0.3231018226610082,-0.1592916903191417,-0.2986508740652634,0.82071327196469,99,
780,-0.007493989373607363,-0.058615426677433254,-0.4693542546708391,0.23079648715725715,-0.12577835876133464,-0.04285736027622502,0.13019784518863728,-0.29879609506106203,0.09782271384036295,-0.24244570352978387,0.26410032104608805,0.07502739359507811,0.08470504421850814,0.8788328300818224,3,body part
781,0.18062878945911057,-0.10436770908947757,0.06813735012814712,-0.1676700917060255,-0.05719691465403826,-0.08548857777239738,-0.21660464449414224,0.09854573576188894,0.014543997186861033,-0.2879073670562233,0.1578602928616056,-0.03950172945730572,-0.09207501976010006,0.8218433199644205,1,animal
782,0.3197101053944961,-0.12784709614458145,0.05685857434304759,-0.11447947933895881,0.22410332887136725,0.21239151877826526,0.13762739987627495,0.20996914748953466,-0.18294041207709438,-0.004796280714929429,-0.05129668939795418,-0.19809318711091425,-0.002503942564444386,0.8349635103420175,24,toy
783,0.03462338762276808,-0.17200745903429812,0.27878079100617587,0.04134704101806721,0.2858752501869035,0.3141898993903448,0.15033184282169706,0.2408663043158761,-0.07165192163555573,0.03277919953052353,-0.0019520008569416727,-0.4240941356594407,-0.05817507008447099,0.7694392301200375,22,sports equipment
784,0.235848644141186,-0.11542755679270682,0.06280269581140185,0.12921205522754683,0.11656957105827012,0.18369204360647642,0.2874649957930732,0.2332515092340344,-0.1154043888889741,-0.009034865915703514,0.3950750389568565,0.06739679550546938,-0.09631892131569184,0.7536032965750554,23,tool
785,0.02898813244168647,0.07237749978916153,0.16483192898616905,-0.13067598230254449,-0.19068069369431986,0.20748891151435248,0.07631662673250729,0.20901021930259983,0.18945358728428205,0.005149631355756384,0.09485000633995404,0.19189959072787835,0.0463284955979958,0.8120821157381838,99,
786,0.0005602282936446037,-0.2287683015648993,0.07244939544791588,-0.023545749680069283,0.10494546301045073,-0.009015935358582305,0.05106570831368928,0.09284472230508904,-0.1162208231526261,-0.18316778935912228,0.1633544392553735,0.06155204010202593,-0.04885624635037933,0.8192689168410876,99,
787,-0.07287913281325431,-0.05038276066046038,-0.1245662515480907,0.19948963641399897,-0.02844760142405162,0.11975095241495938,-0.07686153040631918,0.01872335926455446,-0.12736426338456472,-0.0662669384637658,-0.10361208488795376,-0.24785874370463537,0.05765302644459881,0.7410347007267859,22,sports equipment
788,0.15700464177413165,-0.228769459646602,0.19424600467197822,0.2988618579759635,-0.07229354312287664,0.0804455940990996,-0.09081862427539035,0.12885260561058123,0.2070052232712348,-0.026516376452641422,0.06196359901782241,0.1138429533119935,-0.07004542092994659,0.8253372266016683,10,food
789,-0.16781776318022912,0.2559880766760837,0.14241283256431536,0.15203077267574905,-0.08118024973524292,0.10519766128662336,-0.28997969939839485,0.14505966301756537,0.09306206448186653,-0.011799154410787552,0.2162310616261715,-0.08480656472229829,-0.08411716530509977,0.8132277339136278,99,
790,0.33879974802402857,-0.11011458571279832,0.2358104628812586,0.2324628531062863,-0.07643667082895937,0.08793766128582206,-0.006680432298694665,-0.11356664836355997,0.10717993971830572,-0.02781448576469315,0.18749237968114216,0.09055479481968784,-0.10509414675175544,0.7217839017531607,6,container
791,-0.10071519216724616,0.0026604568264234274,-0.3667439331315022,-0.013584172685850023,-0.010107824521646524,0.07478218624611013,0.2240703751865151,-0.20171078989921484,-0.007229454780280311,-0.4696804620416777,0.29500176148881896,0.07878428945642049,0.10480530873017921,0.8236967205307654,4,clothing
792,-0.06315385190896837,-0.04170683916091192,-0.44592584541015845,0.1718809053462415,-0.13823987498616966,0.09743711778367502,0.016204276536320106,-0.22778096287803226,-0.06296931799779076,-0.3227347770780108,0.20033877529101662,0.030767705004432364,0.28582438257357556,0.8527153986115984,4,clothing
793,0.18079821495149057,-0.1306118361735473,0.21131372327988193,0.14106686767194482,0.08477217738151976,0.09026750840670042,0.13131834023624148,0.11247474794445286,-0.2004074345898178,0.12197106235687082,0.18780867972400458,-0.2217673754454668,-0.3515780621037032,0.8023897744152079,99,
794,0.03114709405104499,-0.19302169740660705,0.39574426051171746,0.1713119274764964,0.06572639259286317,-0.0021411712948039337,0.09794159276048357,0.0802484728014951,-0.2601257706434447,0.09704916929411476,0.12019360090630793,-0.27750974320928046,-0.16499692605620223,0.7520253089382415,23,tool
795,0.17998493372309077,-0.18088801538559404,0.28459002862195915,-0.07407568335164537,0.11632239648879986,0.09331620045477775,0.1260719277700458,0.09185700821218765,-0.012809674189605295,0.11735226346204726,0.06386426718403716,0.1053751632043098,-0.23706526474096776,0.7359827166245653,99,
796,0.04066554737512889,0.13964564774707386,-0.38031340812875514,-0.03837277345813434,0.04972428104607027,0.17168926735459666,0.07084659966863999,-0.15130691949332298,-0.27497625863247266,-0.2332947228285813,-0.06307947686146305,-0.019974761445939695,0.19056854121679168,0.8246516195970627,99,
797,-0.009409881244802886,-0.011790848524211311,0.3875534932677343,0.059600134698784016,0.12740671323317304,0.27673955574598247,-0.12642409197856885,0.18827842306636416,-0.17602301469432816,-0.21383647614245868,0.0507729377250505,-0.08202174247432716,0.01355779493719493,0.7321185479296655,18,musical instrument
798,0.2805119304955449,-0.2438704362224934,0.018358098799367364,-0.0873340194885744,-0.11277705316688105,0.05155897400229928,-0.10660616870504329,0.19911970413405816,-0.08595091959122728,-0.2103061360985123,0.12426376587103377,-0.050496907399787426,-0.05974036958733289,0.774335911874436,1,animal
799,0.24113711716808026,-0.19108368711493812,0.16794051053216744,0.06029067879927764,-0.020066954316238138,0.051382576543560786,0.08254377932366809,0.2058422711243365,-0.27466351024075525,-0.13878459643148938,-0.016393028837741675,0.015607094856503754,0.05476625933716766,0.7952204950908993,99,
800,-0.1335638593205096,-0.2042462805808678,0.2538019327457259,0.12587365820387067,0.013113525370908468,0.07238683034151638,-0.06327615899885114,-0.12757716895094756,-0.06548874089825969,0.02237662480018036,0.21221433319505323,0.04602528680551741,-0.32936229478786927,0.7909693974927429,23,tool
801,0.08899483605037997,-0.28149750540649765,0.03248268911082015,0.3630476700183068,0.004539735693560446,0.09948841841291799,0.02026533682329899,0.052977571746018796,0.1473475189505575,-0.16562987831905251,-0.0043751227469654855,0.31192266208781794,-0.23126476642990884,0.7896379766886829,8,drink
802,-0.020230558191729184,-0.18088567415294252,0.03914255893068549,0.12032941402763533,-0.01735782312135765,-0.0990500846411519,-0.18739116134062214,0.2161776562025809,0.28039106925480334,-0.22971442448621796,-0.16303946203495304,0.10728066907719806,0.0035492053884969565,0.832388368941829,6,container
803,0.043535475750123905,-0.012075115760969122,0.07214233516239532,0.10454893794089787,-0.02445050025509134,0.17683651413050108,-0.1413530530305816,0.04957311414964925,0.05276617910858313,-0.41998725735967657,-0.3175426796343082,-0.008942416051924147,0.039137852095029964,0.802793782317494,26,vehicle
804,-0.10063038569580371,-0.11739254579247288,-0.09008437163110626,0.04571927620698873,0.06525152129935209,-0.16341686299139305,-0.06334056080432991,-0.32245320870834177,0.23669169982341473,-0.058237628344197864,0.16211241343606442,-0.1849117899278811,-0.11389757544309356,0.8122485104546932,6,container
805,0.09454374772185303,-0.06481198476784418,0.14611595842827824,0.22463603264287127,0.24033571827359687,0.15473376682724163,0.039340891889296806,0.046797334353552,-0.17117028363334247,-0.14857187000043942,0.03163068782876628,-0.05886548382175924,-0.0851029814937826,0.8591645820304358,10,food
806,0.06396636686778365,-0.13502072038064353,0.24043601340506168,0.1769116980323049,-0.2843971880180539,0.047104303846297546,-0.01130775506568981,0.0986916405706567,-0.1886923099780857,0.011009783973742623,0.15462177330205182,0.1680239673198649,-0.23124088415538305,0.7440899236323081,9,electronic device
807,0.029617655223608975,-0.28103563366314177,0.13196860227820006,-0.05137083196409122,-0.2854326778346312,0.10960803626252308,-0.019631427840172605,0.03991820184153905,0.055424833326702685,0.03050847723221494,-0.08222881945411666,0.25549720048372365,-0.01613907113312269,0.7862474717348183,13,home decor
808,0.03790063760377329,-0.10276046351041992,-0.03611762474028239,0.22673478144194847,0.04286458861817782,-0.03254104782175915,-0.20569486445355378,0.33005801916497685,-0.1464674001547201,-0.10601048659810462,-0.30529277700884183,-0.01625128427127801,0.0042761365644108556,0.6754398028319231,26,vehicle
809,0.049908370873614764,-0.16317003781915976,0.3533097741177702,0.2054195367988209,-0.16643573036362497,0.27183050571326217,-0.11701351121721393,-0.015618508350708656,-0.2976840481939276,-0.033662703705760876,0.05080349072911016,0.1311853168116571,-0.1047735308255369,0.7457278062434247,20,part of car
810,-0.058532888677743714,-0.12774541757047614,0.010723375030959664,0.15950134246652264,0.06250644142381043,0.30198801308953094,0.14965837844194438,-0.2594550955338207,-0.2689921687915414,-0.21913025308277903,0.03990441406460601,-0.12619955185994147,0.18193337088910538,0.8534991177521666,24,toy
811,0.21456820125671472,-0.06733200907297168,0.13332690866998656,-0.16586382473192635,-0.02350774278685397,0.05608976913090698,-0.28075871037248046,0.15739892076227258,-0.009717861392997282,-0.20011329271442543,0.06358841978499132,0.0015806184731897949,-0.10912608229342516,0.7679296448546308,1,animal
812,-0.013609400047820925,-0.18045598205813163,0.1745073694747845,0.2680637685002943,0.043059178812957365,0.24797413553364497,-0.0355378090135521,-0.004236690427968704,-0.10249318238022712,-0.17954850714411744,0.06863115762692731,0.21512872266701072,-0.11121685599615587,0.7941612038946481,10,food
813,0.04290813052624446,-0.23849200874482113,0.049211429771673795,0.26637888875367965,-0.03918347514675746,0.018967184414174762,-0.15019457537482117,0.2927325433769388,-0.29851225239892937,0.08842989367386876,-0.22016946342278923,0.05319675859798637,-0.2944518323018162,0.7744849194985589,26,vehicle
814,0.245448694039411,-0.08759260448432969,0.09519815560534085,0.13470259297451234,-0.1251565598996041,0.18405483737221018,-0.07851389101003083,0.1915330129983916,0.08281836481388957,0.08203438139327635,-0.07349129069964329,0.11385414796909366,-0.15967620340396008,0.8167903703550985,99,
815,0.1849394179451459,-0.10974456350650937,0.11895832621844761,-0.13744522339350543,-0.10730371922645618,0.01527044770702506,-0.2549835606338968,0.10223509451709017,-0.05348458365064576,-0.13053657282019568,0.13939029776149797,-0.024718200392754013,-0.21886222390522733,0.7962871605020997,1,animal
816,-0.1296961435751944,-0.30538948778822683,0.18301248332307335,0.028875107549704213,0.042900256601586605,-0.25291305211187315,-0.19907918432765334,0.21606287878644084,0.4432147399486349,-0.04964418847439335,-0.12454260911075075,0.17811287889123242,0.2444226783338434,0.7165210631742817,7,dessert
817,0.16995117546136504,-0.20598039718388314,-0.012235054205867017,0.4528841400896121,0.14917213919654723,0.17390088749791305,-0.07081487184071944,0.045081728138043835,-0.046517932858159444,-0.11910491088280287,-0.1055800173328797,0.23140059303473062,-0.11129592480055064,0.8472377161106004,7,dessert
818,-0.09932841657686325,-0.2283538149915978,0.06189172092258005,0.16642367462698324,-0.02061745697564325,-0.09943963268202599,-0.07909835915914769,0.2721868978584512,0.17131065498179895,-0.13080875972413322,-0.010330207257106785,0.0443523530376668,-0.11668352402418182,0.8126606066914156,7,dessert
819,-0.13201184587788262,-0.2986363343357891,-0.159064953990428,-0.012607224022806847,0.03545229515080586,-0.2512746617774047,-0.07203164387999231,0.0009233324415618867,0.1990085169236883,0.058634944187551136,-0.024273548269722365,-0.013217613509278019,0.06158278609722245,0.8151904590814365,17,medical equipment
820,0.028104231011045627,0.025407403015818925,0.09504027935712814,0.39156808920937963,0.06139161030645618,0.0705458068956768,0.06613533879190364,0.04930377733115846,0.05474204388043102,-0.1161144893048165,0.0785297492092122,-0.023991971586484712,-0.04106566306006317,0.8630705168814926,7,dessert
821,-0.01843122351843383,-0.2983393027696866,-0.0025746909862144006,0.21887380104574836,-0.0845220167201341,-0.22372701560867403,-0.10625560145696765,0.07919262423890744,0.012365224007763178,0.005840808192619604,0.08791946641042278,0.0036019068063247,-0.17825789016855123,0.7154995430768262,9,electronic device
822,0.03196350835652451,-0.2515499768583381,0.40593744057951164,-0.01258509170302934,0.14280658081386752,0.017838989710791224,0.1820885230276762,0.23164729472866805,0.010338030060721948,0.13699686360514005,-0.08985750709391058,0.011904279314422476,-0.07110247666772188,0.789984377888002,16,kitchen tool
823,-0.104006639166554,-0.4211093495555056,-0.21699224382286567,0.24430238565237508,0.14818229354178686,-0.14388848849393038,0.16355904598358562,-0.147961018179709,-0.06549727695189074,-0.09847995669831595,-0.1847123335541347,0.027936954730513545,0.3585599630153224,0.8043075391507448,22,sports equipment
824,-0.16624483108617255,-0.28180371573611923,0.16612549914226243,-0.09861516681287133,0.15389997583660375,-0.056925460123252836,0.08615565146876897,0.30360396890183317,0.31817083577710054,0.09941307492543941,-0.23151906751806045,-0.050328380733646455,0.09081656006062186,0.8226143944131751,99,
825,0.16836694124385196,-0.06310326983408285,0.1581513206839393,-0.1496464996125916,-0.07442522195857174,-0.07080671984347761,-0.35558259723832514,0.18296069453216918,0.005906215296049218,-0.08683617334864185,0.2834396928558097,-0.07085963446494213,-0.07828234369480147,0.7933837005274517,1,animal
826,0.10580180980397985,0.07736627483512588,0.2143194371695435,-0.18816977931145887,0.14867647536161677,0.21666168935837798,-0.005049916880424611,0.11898996435701781,-0.15852114108099374,0.23994163633005522,-0.10938476801027901,-0.21685567324636004,-0.1783718513224802,0.7265252905851319,99,
827,0.09456502546069905,-0.016788316945565783,0.21788372432741268,0.0970593323541247,-0.21496147473576344,0.08624210554798632,-0.2231963723824886,0.34683887950297954,-0.18517667309680988,-0.03953582891196883,0.17701315358758177,0.10607374731934671,0.06094926013480399,0.7604146370259754,9,electronic device
828,0.2871129412292325,0.07601667405396557,-0.14467790641642406,-0.1234812016953101,-0.137421984033422,-0.122542479879691,0.030341025725997985,-0.15338053274469454,0.28964436263597093,0.17279728396400487,0.004134815128011346,-0.14684583142146573,-0.15814710308893498,0.8536416344557746,17,medical equipment
829,0.35919972934453365,0.07719690043854281,-0.024600785059398403,-0.055569072085659,-0.13291310752176724,0.14604383410728058,-0.14848992157662833,-0.11520910800540811,0.08406987998970314,0.06312787808348937,-0.010870090015880584,-0.05442132789670947,-0.11373972195650026,0.7828623731358995,19,office supply
830,0.2715367469394347,-0.06668968147348402,0.24284516622305288,-0.07489932810435644,-0.19114829901509733,0.2777814942220515,-0.07487032203513835,0.12850463428910516,-0.03594155495735326,0.11564376437022372,0.04537810369560273,0.047631981077255935,-0.20814338467389856,0.6818172469017002,6,container
831,-0.03762480841299096,-0.15515047576867574,-0.4074373330047204,0.19523097326058061,0.10321246181520713,-0.1216139335184196,0.16901913122253615,-0.22370665150710367,-0.02292614370115019,-0.17882974833166032,0.2012411192483504,0.011486503371022593,0.39987652730658674,0.8049111408515581,5,clothing accessory
832,0.19734853111970352,-0.11300087809533568,0.13989871537991388,0.1744915495905421,-0.2026585085854512,-0.013637198958572903,0.041935171608686976,0.07178635673053482,-0.11572632137611392,0.03164861156965568,0.15600142190719707,0.14512077536445384,-0.2150738555012942,0.7826940428164595,9,electronic device
833,0.16267430880800696,-0.19280853068176051,0.00041254080830246606,0.19847691638353326,-0.0007835979121325054,-0.021705205300234395,0.01567288737678481,0.04015684333517089,-0.17169835150355137,-0.13615399574299672,0.26752604519397943,-0.09606798310233619,-0.3048323010158922,0.8043799426500864,99,
834,-0.02245617900678299,0.08566081565436726,0.017485723233683928,0.06691115816775216,0.0997474235718896,0.2562194308109912,-0.3382767953735534,0.16710304754498836,0.08844282546793907,0.09087719216091121,0.34627834803020635,0.23902207768255002,0.09388637995421553,0.762256317791027,21,plant
835,0.2748101408806597,-0.3158511726281052,0.03297706663554357,0.23879040688103317,0.10534958326558154,0.1907397034899515,0.0790277216812531,0.2890107336923809,-0.36188193607744046,0.20371614866956234,0.2995614873053156,-0.08662733713384564,-0.045886651220740836,0.752965779493715,23,tool
836,-0.06706035625974664,0.0004128795912408034,-0.42054630080031946,0.2355455211361749,-0.05695522175745401,0.13232524290054395,0.02620517655996733,-0.16412413629844957,-0.15748710789168538,-0.27103990370865266,0.2817138133412011,0.07808686046553145,0.15292260443075037,0.7410177775063997,4,clothing
837,0.19960107168618274,-0.1302381958335617,-0.007880083151130084,0.24502936970596487,-0.05729734741105521,0.12205694910946872,0.31196735751594734,0.19324616551043686,-0.32211868653222187,0.056342895384803915,0.2316968113506461,0.1232949567406194,-0.28445645733154945,0.7702674869209876,9,electronic device
838,-0.04518505895858461,-0.09081464196559809,0.10581228289456192,0.1633803079197875,0.2687762480739174,0.2305060373455349,-0.20518889254270442,0.05763268282039223,-0.05560229499252834,-0.032138489218481045,0.41740265619350275,0.2664247563576506,0.009720467985109746,0.796965937357465,10,food
839,0.005964730358968145,-0.2342620631314306,0.08413945187994172,0.32229815381893584,-0.016272975399795702,0.20124614161739893,-0.04415226474243499,0.015839588019279198,0.019909447255948606,-0.1626197975632781,-0.049229243461955195,0.15446182277053186,-0.02408898736382375,0.8242629504152925,10,food
840,0.04863584133459447,-0.24342237677007694,0.1897650485841797,0.09148467266917562,-0.2229128247408957,0.08167869493271326,-0.07996319806004389,0.08250499446191496,0.19980389191203915,-0.10265453774002517,-0.02901714090403955,0.242855714212735,-0.32775090729385153,0.7675402052999836,6,container
841,0.11023399306168642,-0.18344283560222535,0.28327334490475975,0.013483649408921314,0.16629247346864903,0.15349499418542834,0.19043375839121807,-0.04688374632173116,-0.30308087880105383,0.050535714611022846,-0.1269218885159478,-0.12020946845003082,-0.041367398367455156,0.8279244782314087,22,sports equipment
842,-0.0214761416169828,0.012537990049214343,-0.47813004061364656,0.18821078886410203,-0.05180950424723095,0.10571600597029887,0.19269339245398862,-0.22125893988616352,-0.0701534250009981,-0.3361086846174124,0.26735238529906524,0.10466465101321303,0.23334900335020226,0.8161903973596945,4,clothing
843,0.1661637009211135,-0.20403593980733772,-0.10882529666145413,0.2690846925775881,-0.120520578974722,0.19308145861808582,-0.11622524325538203,0.17402453267545717,-0.2749062343786413,0.02543467989157789,-0.11211846906371443,-0.027147214578983177,-0.035547691503007774,0.7537355584082159,26,vehicle
844,0.2817951954142643,0.2421175989226962,0.06554402838468132,0.2821428213982062,0.20601385916391277,0.222592223569761,-0.1931373689673412,0.05065594439982594,-0.22633047576315402,-0.31956173371261115,0.009734688909475568,-0.031669622590232295,0.12057281180435075,0.8164957150416814,10,food
845,0.053090417989476384,0.008115698848926723,0.20288798254764132,-0.048764395882184584,-0.11555443402053206,-0.10453444191590841,-0.561898979812836,0.19097771531008295,0.036907596180984714,-0.26953884619207247,-0.024004483665927178,0.035124891719673396,0.19937778172646484,0.8050888394393784,1,animal
846,0.10502558902775005,-0.10714445116470347,-0.22214272485595524,0.09922755543899014,0.08981353497730588,0.12439938862891738,0.012167837457681744,-0.2883982823411863,-0.14397603742553658,-0.22828093998397508,0.15122018071428406,-0.09940545301342266,0.4138697494944897,0.8167088060990502,4,clothing
847,-0.01020908073290302,-0.017569146787299934,0.22880729522519003,0.17167776202495202,0.17714488219099334,-0.0020184810627047302,-0.11068388268518778,0.44446596424333695,-0.18793155159961106,-0.14914826333498837,-0.22768651075423824,0.1547310950192169,-0.266696621581658,0.7205138575455321,26,vehicle
848,0.09742029647188609,-0.0850101104521467,-0.01051040181150404,0.2673656134850053,0.12395386325095581,-0.1093338233693891,-0.15917489086165484,0.22580448976065173,-0.10516946905724865,-0.12466955177374343,-0.28933379237463747,-0.13720429835909304,0.21857041885040218,0.7612848761162684,26,vehicle
849,0.22886218779651085,-0.2769283952624142,0.2632456099503524,-0.2156520345205419,-0.1865260433594654,0.19979721436567185,-0.013679908772314184,-0.0393471879516805,0.1673928149180878,-0.15487026616121272,-0.0644683422843811,0.13775414683173895,0.19254869354053136,0.7901132299384382,99,
850,0.2129359462769527,-0.19732659436689987,-0.03255973616099742,-0.05010317907046415,-0.07655055269816634,0.3737009289364051,0.007849069370614964,-0.20378525485525611,-0.08552710104348726,-0.15064348164821423,-0.0660983689384675,0.06738596853788081,0.1759620941496804,0.7387823524589504,99,
851,0.26740021083566473,0.2103147564309088,-0.17197959320660555,-0.030729145976619434,0.03134435529912328,0.1531824133293782,-0.3096701174266229,0.0463215481467994,-0.18601031202077745,-0.13904517776769518,0.07703071176513043,-0.16968404018070718,0.022329275497760745,0.8444734104760697,99,
852,0.2511269059378565,-0.004986244236720258,0.1965089376930366,0.1511098981330122,-0.20418810619150402,0.27309244685070305,-0.10221228287717456,0.01810526733690665,-0.3368647740548029,-0.0060791661372017,0.03417307222421963,-0.11594902865292073,0.08691558906841057,0.8002677895489192,9,electronic device
853,0.21700028851314276,-0.24060848363346046,0.24320481166529853,0.17142426247485143,-0.16363953121425973,0.18889855514571108,0.09472798946011736,0.14600545869817216,0.3027030463773604,-0.11556860175149562,0.01374583928066579,0.20214118407218468,-0.16076048053134717,0.714413403842907,6,container
854,0.039651440160478016,-0.12042798542267381,0.10868452860734877,0.2737211039252655,-0.00279553415714892,0.11795278950086235,-0.05453497067005958,-0.007349073717326689,0.12418790870079116,-0.09440219776947145,-0.0306095314341196,0.019692206543660593,-0.0781096511943586,0.7826586248081515,8,drink
855,0.12115154463360511,-0.08899329658415747,0.23119398876887665,0.3503977401855429,0.002741027469731104,0.05027675756945385,-0.0361879772277285,-0.1689804056030217,0.08044906362569693,-0.07705525070551467,0.266206396405185,0.21308126899246077,-0.1401447111482513,0.8593323895474088,16,kitchen tool
856,0.24667975919461582,-0.19164264344299817,0.2064108185540091,0.31158944573783254,-0.09203085337207033,0.20537927372438494,-0.14798415706578147,0.09947195451075523,-0.12798177170221367,-0.002914432656421476,0.16508243603219466,0.17098944772107968,-0.2284315359046982,0.7008760387891356,9,electronic device
857,0.31646089100632774,0.03783793804095074,0.172432235041822,-0.14887675813754203,-0.06836379243196064,0.41815988716803,-0.03940698406034385,0.19301801427066012,-0.1336617087450048,-0.023834419007275766,0.09536471205674377,0.05129736951184867,0.07403346407188637,0.7810085630442104,9,electronic device
858,0.007547465769645996,-0.09715898278795322,0.28311633971840267,0.20694895230792254,-0.09491985592329492,0.039872838693723656,0.13784028948654486,-0.1776177132167547,-0.25039812743652096,0.06054754525358696,0.07045196507090318,-0.34882134583717284,-0.07052609759848544,0.7454790655276627,22,sports equipment
859,0.055434468493388275,-0.14043784281385419,-0.35740160371452245,0.22388306383451215,-0.12234994630368975,0.0769260435668525,0.07421757880134229,-0.07667523539496386,-0.15138636274962755,-0.2860690773112103,0.13658923084868357,0.12534826446253824,0.08709884114119036,0.8320317416311089,4,clothing
860,-0.1274438297982612,-0.0768200931580781,-0.011570229724881954,0.1877161823900546,0.14490393449468691,0.269409153432382,-0.29570609198703895,0.015784032228712837,0.010876711716699738,0.1547435451846403,0.42341842457622053,0.396203785604641,0.0033790490055518804,0.7816653954358824,10,food
861,0.1487639539902689,0.023074217584622275,0.18714486030918642,-0.1313006201160408,-0.1576172511412745,0.464782926041431,-0.2362260709335564,-0.15071694889748202,-0.13709078310024272,-0.19376728549738756,-0.08793609219418413,-0.023299398368703938,0.11334348965905211,0.7743403871133595,24,toy
862,0.2737405870040027,-0.16542790414776115,0.004219765150414398,-0.10276741667688273,-0.10609453791341078,0.005165370739648888,-0.1796330799692573,0.045714735446715726,-0.07065047324943176,-0.22173302144913473,0.17797588088353714,-0.018849789993949474,-0.07599317219485112,0.8125395345483712,1,animal
863,0.114178348493889,-0.21311199936310593,-0.043413347092087495,0.09487958939190937,0.24390507098395733,0.0280536118417923,-0.26459400260965205,0.35372449387272037,-0.1423702264737919,-0.08100103904634771,-0.1862540172766404,-0.1406978297892324,0.15653152912432483,0.7822064920748844,26,vehicle
864,0.28321006580893354,0.09452659496280602,0.2994738460738648,-0.19143409885604276,0.21700242579294288,0.030916747005049965,0.03706693688466355,-0.3113048092293372,0.01087504732820863,-0.010055075799626967,0.06485965439197594,-0.19446226352175577,-0.04986957852356786,0.8044071772603629,18,musical instrument
865,0.11566357122081154,-0.030965641170422477,0.1058621116396594,0.13940461044608618,0.22298460259026,0.277510658898526,-0.02999803296672624,0.07895657458197977,-0.24912938717207542,-0.09771055071545721,0.024559175534671896,-0.13637924436339974,-0.1419819569807835,0.7780538059501475,10,food
866,0.11256569892135306,-0.05360253126193879,0.32047987105417414,0.12142969916312532,-0.04243504245173248,0.23041396242185627,-0.13489959964539927,0.24300334120441974,-0.14668497535865072,-0.012387150503675913,0.11883294896064991,0.22736814887420856,-0.27742020878861384,0.7800773366081454,6,container
867,0.06370431899560691,-0.12064056948050901,-0.0268840043527843,0.23311192245400209,0.01985267033042061,0.17487970135919667,-0.09695418110652182,0.05503146414579732,0.022068003901461592,-0.13198024336037198,-0.11798306798044494,-0.05292960958733695,-0.0839232387547677,0.8127896205316852,10,food
868,0.07140980786131217,-0.17787585174330925,0.33131661885893526,0.2954822456528371,-0.19586846017547743,0.12665445938924666,-0.04662115144948814,0.017585232869822092,0.013106183444781212,-0.06758155051860378,0.17254367748928479,0.30754332335641205,-0.24392667549377692,0.7673225825664852,6,container
869,0.19911036702374998,-0.2105410817097773,0.21822126192135732,0.07245984280535754,-0.19086107244836695,0.1981571214537721,-0.078757684464863,-0.003946892374139266,-0.36081822805672514,0.1255079628898484,0.147568005455161,0.12210592375088632,-0.18539920638301188,0.7528491226259134,99,
870,0.08689848904007144,0.1427011966992396,0.03562976742924875,-0.12646840137715445,-0.039463754614629254,0.32336130593093154,-0.21597008331676035,0.015630754312749965,-0.27054864666573925,-0.08211522457376484,0.3223830753906265,-0.2094935109984642,0.0355171727325783,0.8036200008921448,18,musical instrument
871,0.020167787056342795,0.007426667453897584,0.2128665667924718,-0.08284635560970749,-0.10375671566051443,0.25062263114348954,-0.06677608548691175,0.14413072580849973,-0.12017805268669537,0.1571147277627125,0.24169170931089085,0.11103763406349687,-0.2322804826137264,0.753546737223344,99,
872,-0.010729373114170621,-0.1330073672176542,-0.36679325814208663,0.10555533940741876,0.07784973841096549,0.23692155968472356,0.013127468207083055,-0.2561975598935365,0.024377542399864276,-0.11850924236747784,0.33732785003915816,0.18232235151003445,0.1824947305572363,0.8640272833950627,4,clothing
873,0.15266034495610967,-0.015459973266823362,-0.3748774961501112,0.028451819756820085,-0.07771390712476331,0.2602209656768583,-0.02201873262107212,-0.2421752346504914,0.08209574209656077,-0.3671072843286042,0.059065559708672125,0.09954651791138713,0.2004386855037922,0.8046676365996008,4,clothing
874,0.1115898179851551,0.043816639750122746,-0.05777837178772774,0.04915325570076686,0.2646860565386216,0.01582701713948257,-0.15323253466253786,0.06217947080597032,-0.134138600398496,-0.3903980857681787,-0.24682739579330087,-0.01292781877554215,0.08074690353025919,0.820577641571686,24,toy
875,0.21770155691890597,-0.02383317567263252,-0.045385525786642136,-0.04632855963214496,-0.06142376711487407,-0.026061550604075005,-0.17732970189231764,-0.09822081567954621,-0.0922016703313741,-0.15643657243617032,0.1503713768139321,0.05915647664168403,-0.13717173854072723,0.8423860734817686,1,animal
876,-0.005471660631034568,-0.2517087560020447,0.161293725265523,0.25974123108447733,0.08488887547168289,0.24560498675054762,-0.13731227490589293,-0.029064438342336144,-0.01916005903930238,-0.12096349532470957,0.34742376943689146,0.23167952663934363,0.011010580478086467,0.8073218330166715,10,food
877,0.03236698734592794,0.010717029463359899,-0.3175357429539861,0.3832909310089415,-0.07646455097256935,-0.016260214477794695,0.3631552116704242,-0.2880001642809674,0.13624948626061395,-0.26097326291743916,0.20338553248550637,-0.028344771573444026,0.0925524313742465,0.8727571819515186,3,body part
878,0.02782180820160445,-0.14938499047593704,-0.35318423368943735,0.34972214073439106,0.03854175008117778,0.14842878314224636,0.17209106118277592,-0.1968608874035044,-0.24276107734193317,-0.1867069902136675,0.3051106142682102,0.04758278719361588,0.2830674590511066,0.8566659598691853,22,sports equipment
879,0.17597450802611816,-0.12889043366424818,0.3948511451469729,0.1709684511296804,0.1897167105876418,0.08769760712610146,0.14504127750251655,0.18165239637073094,-0.27902646456120334,0.14599876513942964,0.26258858640633165,0.06035836884842034,-0.4175030980543332,0.8023917148820873,16,kitchen tool
880,-0.1055767631889275,0.11225848821434384,-0.20462385035402142,0.04238856217051838,-0.0689960834964349,0.05175700182772799,-0.2043204185255209,-0.2591523758423996,-0.23157940535027316,-0.017043462839650123,0.08518041153219463,0.052559044511674535,0.03677978470711382,0.7767517028896781,99,
881,0.1683662888468013,-0.024413078728042277,0.3245021263195001,-0.1020855788689426,0.149981201780622,0.23340214228724218,0.18524720412292128,0.019688356040362866,-0.320171379020704,0.15889961021521254,0.07907982746816378,-0.43170061615883326,-0.3534677628725879,0.7747644086058721,99,
882,0.07439201563410618,-0.2867399014881823,0.33446394877924124,0.06756780691727864,-0.25204293761129043,0.07889870855701078,0.013316993590075635,-0.21977513075164717,0.15194199881470957,-0.20685379160701411,0.08153860329103431,0.014253661938018266,-0.10879147712400675,0.7713710813398846,99,
883,-0.22204546464037023,-0.10960503083808756,0.1717950542076616,0.2555558063367089,0.1118583573601752,0.011230494374665036,0.03454760344175011,-0.23296560276839362,-0.24256417738046152,-0.025405513927054334,-0.09553051332195706,-0.10165382421707028,-0.20416765509826545,0.7919102070016705,99,
884,0.20127210721756514,-0.04715682814224724,0.04714148589370061,-0.18462172990638864,-0.14595920481420235,0.02713966055042748,-0.24618830179141196,0.09943226277935824,0.0387087162255421,-0.14807007970284136,0.19272832547446525,0.018715000333676887,-0.05732933126605328,0.8072622848943806,1,animal
885,-0.0975734652779494,-0.09511644568903382,-0.45607892298242036,0.08554292524634177,-0.06776676100067638,-0.09665281853600376,-0.05380020702470556,-0.20577468535488208,-0.08279462975161056,-0.30594552563655414,0.18189884884073426,-0.0187650878394932,-0.07894512416912403,0.8050503888544609,4,clothing
886,0.05196849259152365,-0.35750619432553227,-0.05406752189457717,0.15940047773282753,0.12907283791045632,0.3167940244402614,0.20478093448057744,0.26838591932188816,-0.2724070739478724,0.04980087579087075,0.20800831389475508,-0.24689198866527773,-0.41934598482322655,0.75815256559159,23,tool
887,0.1515329235716785,-0.2381116079844572,0.2873052955787493,0.10904540736714484,0.05989373126049435,0.33256399690916394,-0.09928412479653409,0.018041155176792285,-0.11772110574911304,-0.09346356305093419,0.04894834095866599,0.11493571827829302,-0.25209040014197037,0.7753377240713076,16,kitchen tool
888,0.21416242464656587,-0.11152639992265921,0.08445921881518366,-0.1180124246907663,-0.16407891430525126,0.08518354126167917,-0.5078599587986021,0.08365831529629009,0.07836354237952964,-0.17962841019309586,0.24096130797967186,-0.060671862124293055,0.16673461253614077,0.7984412170225597,1,animal
889,0.16546689943131124,-0.1648889216925102,-0.01178451992625188,-0.09122993667336159,-0.0872516037214425,-0.13508884638992785,-0.06633289191947682,-0.04961023778136299,-0.0642618514987598,-0.21201110821484823,0.13903586026344053,0.02116512613991227,-0.052851874203987056,0.8119793478967902,1,animal
890,0.13409182683791415,-0.19146425178095972,0.11323816662652315,0.15081840710500302,0.1658231876351716,0.23876555445711098,-0.020232143997542557,0.11327673597276709,-0.1872782961748506,-0.17822593614953233,0.14713375353030786,0.05403644646220304,-0.13108322826927413,0.8033331643087741,10,food
891,0.14836908045412334,-0.05114234977777973,0.1453984725288627,-0.058750288728161355,-0.15326190495469924,-0.0004907284611723433,0.060573413900504074,0.12846897669225044,0.001422319220263979,0.13929033367706142,0.1747816526379975,0.010437241290246186,-0.030497609825107165,0.7351849213950529,9,electronic device
892,0.14155489684868794,-0.12338415058288249,0.10281880612404327,-0.07245866243615806,0.1776800209312686,0.47132513625403216,0.1485590691985436,0.2638519164050478,-0.01621958127860919,0.15969630772401647,0.25093508907099443,0.165754966214286,-0.15124176186928834,0.6716846502639876,99,
893,-0.03369975035592305,-0.021808930453589944,0.11794600477372286,0.10114324557318216,-0.19908696259674682,0.17859642578594914,0.02275156251073888,-0.2547550530778147,0.046597213741265714,-0.19662614971879286,0.37496858230808205,0.04863046463232848,-0.2464800281582222,0.7265416431114106,13,home decor
894,0.05635657854499332,-0.06401273137218888,0.23889533513901362,-0.034095088342535745,-0.1370833642731246,0.17514442451213474,-0.021051090874040446,0.18072446377502605,-0.21610855885129238,0.0741891399871478,0.14464855733018536,0.23550060520384966,-0.1937990546838665,0.7428476516840775,27,weapon
895,0.09586787943107776,-0.17520613788928688,0.07829495139330103,-0.02273984311209907,-0.03424294284137875,0.23594102338037484,-0.018550634241277852,0.23615873958235312,-0.13601652042722112,0.0704210560582756,0.20930922526165657,0.20708956308025298,-0.13643006093504567,0.7130253184493649,99,
896,-0.07721005715649072,-0.2072705478110206,-0.010321245583918011,0.11276901682758232,0.03268894523860228,-0.028196068699622337,0.017950270221475134,-0.1552703589473555,-0.39805394530806115,-0.10914371180076206,0.08162514991069553,-0.1773588105394882,-0.06415549858887246,0.8167227851093342,5,clothing accessory
897,0.17354108586519673,0.1194688403076157,-0.03861879120503409,0.08161011143091942,-0.3925246892633097,0.16376665588966208,-0.18627382169206422,0.19810134904024373,-0.40391885728033666,-0.015223886625518077,0.2728862148464529,-0.08747566674363112,-0.05625710339489898,0.7901874643485834,9,electronic device
898,-0.0007244491672081599,-0.12021651474459312,0.02894637818240971,0.31359501484965985,0.1391298686953703,0.14419829300891343,-0.04198437127208249,0.13322617595945227,-0.19159356127246246,-0.11728744817387149,0.17872027045881408,0.1084040646576652,-0.11398218259308021,0.7804802604802605,10,food
899,0.29196590431688185,0.11949837797640908,0.31220032094210015,-0.13584451587073146,0.04028277312945764,0.14598049299569685,0.1241421999547066,-0.014897090591496416,-0.25892418981339915,0.16126722541854704,0.10156740818179161,-0.13387948571021685,-0.18722602262617621,0.8286877079560008,99,
900,0.17337765256961735,-0.07396624997456085,0.18694927494891322,0.13291508419272763,0.08328421319282998,0.06665581840637429,-0.037283227736598555,0.26496703869306437,-0.21676485813285956,0.053334341202875606,0.2882252758158437,-0.1613145929849993,-0.33412815436595883,0.75173707228005,99,
901,-0.04570640009733364,-0.17795578333413262,0.014205569993641561,0.48372451711245307,0.07157663584409675,0.1271809045156112,-0.03143858159404412,0.09655759459467715,0.0976115587233745,0.010243912668173944,-0.06605640789765484,0.20008436443594388,-0.23400199777633143,0.8617754653921423,8,drink
902,0.05277232921083433,-0.011515228527093423,-0.3084317911300814,0.14209514822534489,-0.1193262313182103,-0.06805747693250769,-0.16959920549743465,-0.12104043837957147,-0.08001770192614183,-0.20797521314018283,0.2341549182063462,0.01146563559100772,-0.27050138466890794,0.7939450282481003,99,
903,-0.16605844105652595,0.14655828848976588,-0.04062312667193413,-0.24094738807585409,-0.05134324056937215,-0.17768681830663322,-0.12217654002414846,0.3734518160107731,0.1703576194427589,0.19961338872205453,-0.2512565570470379,0.18642856477413733,0.2016666359234687,0.7930013779901457,99,
904,0.04663745755294442,0.21078610349288326,-0.0376838389651839,0.12822383837146065,0.12083550689385697,0.3328086344115979,-0.18232065625196248,0.1763398730569102,0.11621229419100179,0.06381018211512456,0.1337927189391384,0.23007097827419717,0.21017183944008333,0.7865708309305871,21,plant
905,0.16981201100829382,-0.18431469695261976,-0.1320889894466205,0.20372597543364157,0.0704262835968713,0.23493403347116343,0.0647087446439793,0.10194723197733402,-0.21032300329471665,0.170272639946783,0.37017898841470376,0.18505285288190235,-0.0012029596327187368,0.7546162144600532,99,
906,-0.06090276997818213,0.08939609399457783,-0.10189684931172271,0.10755164037784307,0.0033178788782482205,0.11746502347582777,-0.20316071128194796,0.20934739906578637,0.2152136002866358,-0.058921838307346625,0.1789840030724674,0.01591712102720317,0.1234817044517383,0.7732232979751414,99,
907,0.07353458332253314,-0.2542393815741357,0.07259091334329222,0.06514881170619119,-0.11329368371318836,0.052404647116337695,0.022161996496580186,-0.08040742269006598,-0.4125779826162647,-0.035828224424343406,0.15651517762750644,-0.13681907474333344,-0.0036125312660010367,0.7710782411009299,99,
908,0.20961850196979565,-0.16279328497799322,-0.09530485395785483,-0.007160247589915011,-0.07356935112121968,0.27272390357836407,-0.05896732589186543,0.4193126059179151,-0.11038823960778568,0.07131762810828397,0.2394115450671547,-0.17882449710729048,-0.19825817556389952,0.7513346961838621,12,furniture
909,0.1767407718236495,0.10395606109987561,0.1722991687720698,0.0236326867503235,0.1279558051615885,-0.053307149469523286,-0.10032830062830847,-0.0006549199987068214,-0.13583285717492635,-0.03541430891758542,0.3349982068371377,-0.15926329008884427,-0.05895888917832948,0.8152934518395492,1,animal
910,-0.08619051107237982,-0.08313159872181411,0.07751434185241839,0.09438434740355137,0.21841072061181763,0.2599688175446849,-0.2068558866781715,0.027202977802363117,-0.11226957053865473,0.04616059600715503,0.4035439785087074,0.15763092666472447,-0.10495168238917735,0.826016779590234,10,food
911,0.09098376018642815,-0.04001135061006983,-0.4391089495791989,0.28817997633634673,-0.0467232837996081,0.158693433255068,0.24957638671579607,-0.16763607777167686,0.03600018598619361,-0.21652279152367584,0.1319557925258931,0.11046305282956055,0.2501809897665158,0.8554621683905651,3,body part
912,-0.030588182307031694,0.03275609026360581,-0.3778547727943391,0.17223413526629672,0.03541727481555817,0.15294269442017705,0.14032670988122098,-0.2790718904007739,-0.07753267231632228,-0.29104121800517524,0.199212149898458,0.04149214073662807,0.24675755681552658,0.893170716990201,4,clothing
913,0.29180897925227184,0.41426340519445104,0.009429625696650127,0.026132152543581172,0.06242355476745232,0.22460048483176898,-0.26526702732980934,-0.009424902490238099,-0.35617224340803333,-0.2006414175223751,-0.026406119244748547,-0.2595316827632704,0.11358553096238631,0.8641975254144312,24,toy
914,0.1224157493104528,-0.11880133255750797,0.2194597870002845,0.33280705519559706,-0.02355792191063252,0.010921106052229066,-0.044603110777788404,-0.019423236227678994,-0.0394660030387539,-0.15589218887372291,0.3457760831137397,-0.0018005670317008126,0.143877069057041,0.7653446800568185,10,food
915,0.09702639117969235,-0.23184523998001924,0.09188379222952302,0.27768483654888015,0.027224333946636523,0.09079465597165778,-0.03155133841882709,0.015739927103528315,0.05394687671360351,-0.09815960645800145,0.07206659943377149,0.18525662091277637,-0.03764278324141518,0.7930503537042464,8,drink
916,0.008075791438109728,-0.14358442377669814,0.36277202238491485,-0.0030810934615662653,-0.433408987666554,0.05391234554816322,0.09045975769257918,-0.03910735364393132,-0.06268024831161119,-0.12480608719627843,0.04067173949931243,0.09487220650943785,-0.039317465082519654,0.747248966138531,99,
917,0.1386099127415093,-0.06218634504323474,0.08060756940347837,-0.09981872311399016,-0.10673384710461256,0.10114235887561764,-0.27611291197892485,0.08387335470310481,-0.015948802662121588,-0.1305304595347312,0.12178268741122876,-0.016894941333454858,-0.14526594627586153,0.8247440020892179,1,animal
918,0.09345120555103831,0.09321119636184026,-0.2905050692126358,0.11790928418512245,-0.02582527394192248,-0.04591265009555337,0.1315015261933769,-0.2703986241593799,-0.055915137070035155,-0.25747893535201705,0.14494990472558303,-0.07264260108194723,0.3608138085960722,0.8696742758903321,4,clothing
919,0.24674367340555717,-0.17227653484100985,0.33511764916380016,-0.02899006913946963,0.036066646388010416,0.0027955911840519213,0.1989926650623541,0.05274052907308217,-0.33565405766037837,0.2303957184979042,0.12538067524797455,-0.03857713098270952,-0.4261909150524031,0.7666840157774047,23,tool
920,-0.1038897497121273,-0.18981762299142868,-0.0016827191761162818,0.17345874833540947,0.17548924427282434,0.2514336666044411,-0.22089750528350924,0.022763526538350287,-0.0347857217276615,0.036478186119128474,0.4188153624820801,0.32260322178249007,-0.01954551113308322,0.8165022426366727,10,food
921,0.15136733510307682,-0.08781820921137357,-0.12486896627057129,0.1021567360581301,-0.31424367195595737,0.0823725229275251,-0.27165008827156284,0.25267502125298735,-0.4222742241009376,0.014567217683358953,-0.14771624927028948,0.04315150018344921,-0.12894611585759091,0.8014329992301902,20,part of car
922,0.01873066680480749,0.10252212535455715,0.06796455781766028,0.3269150124500096,0.026468366132284368,0.2644501668448537,-0.23771078814568924,-0.13709576609906193,-0.1028196954829199,-0.10703551552722904,-0.1535539977256207,-0.1459438532523788,-0.06725642436259406,0.7989401590369875,10,food
923,-0.07610077685105346,-0.03379101592579195,0.09812465011159444,0.057594134644217136,-0.15379845778063062,0.05020009122577112,-0.16396177376105103,-0.2566242776487129,-0.1019280895559068,-0.3865875550665293,0.0993256162173247,0.04648363477269958,-0.3219439560470777,0.7833918817185977,99,
924,-0.015463893430297398,0.0246214079322278,-0.06281795415880986,0.04599117806686311,-0.04523072322033979,-0.05635431666164589,-0.15553235579455765,0.14624918198267944,-0.1704728035689415,-0.11192316876028734,0.12565801222014314,-0.3839643715079633,-0.16343834621716907,0.762020842140144,4,clothing
925,-0.06202867329052915,-0.11940319841876873,0.17461318191098055,0.10156516492868306,-0.14724002494147315,0.19226187223356053,-0.06634701277429407,0.013681224534636374,-0.01758868426807515,-0.2556836092986301,-0.18288636485375773,-0.12827954583724663,0.03284419748895551,0.7325105155533713,99,
926,0.017707049671009754,-0.07187379659392759,-0.14419360319829502,0.0014619456655759755,-0.3728163579712319,-0.14187137773242595,-0.22638678954164693,0.1398300624370912,-0.29002337006124884,0.014773183444907169,0.24491412773300006,-0.0032599778732001284,-0.2596813180605872,0.8154707803881391,99,
927,0.04996015946920904,-0.21543411726325135,0.32248171003082166,-0.03678654973537755,-0.4118708043821317,-0.07745150475890834,-0.12772661472139415,0.08105903601896652,-0.008684572090165234,-0.10760206314012692,0.07188276719862739,0.08501007428632062,-0.08629181334966136,0.7198429754527316,99,
928,0.266387135279176,0.047369520411323016,0.06084922448839682,-0.24585197237811482,-0.08572611296019904,-0.20635827699787193,-0.06594361608794758,0.10265142714680045,-0.005063410714601988,0.1564649281090366,-0.04722373099705674,0.2243338711756946,-0.215616493535312,0.8084400152692837,23,tool
929,0.11897261872736842,-0.08351750919345577,0.08384832184664844,-0.3389274133775578,0.0249223169305252,-0.28135436810518966,-0.34249185712617214,0.2732519387115191,-0.0015755692654431496,-0.07359078813298858,0.21793829426028918,0.12523899527312618,0.09254859550394845,0.7431581122129903,1,animal
930,0.02271732909513134,-0.14289598876478635,0.10979474004267264,0.24936146243705115,0.22105458095014846,0.26062467851309135,-0.19531786949770932,0.02553755218228954,-0.005536079981070097,-0.014214637540727918,0.3598576473688512,0.2998879647153542,-0.005618575478665269,0.7928540858075594,10,food
931,0.189758015557562,-0.31830253030259437,-0.1835537648022909,0.3039875953858337,-0.161131937346436,0.06133614431593887,-0.1603029560489499,0.1058646656359883,-0.17287698703826274,0.011511809472222433,-0.21105413271598694,0.0038370108074150125,-0.11711092225916596,0.831296749824827,26,vehicle
932,0.0215147858528331,-0.057939785618407236,-0.5463360640490944,0.13735422925801913,-0.13631121217562753,0.0922579870266381,0.1496786222207123,-0.3643032219583615,0.12782839630417558,-0.29616128270545394,0.025727375123975882,0.20663831017872794,0.14886504951456472,0.8553577831117612,4,clothing
933,0.09065212510027831,-0.05166536612446824,0.043768156119702445,-0.08025865307326438,-0.12558684400545972,0.10748122394175488,-0.2472524705891762,0.03663909892251649,0.013830899965171919,-0.10613415630387199,0.10596175438998304,-0.0894921659797551,-0.13514255831032004,0.8273298161004226,1,animal
934,0.5077012170313684,0.17971581737813522,0.0025703573532858542,-0.26736328725367337,0.07986493402054891,-0.08899051987232019,-0.03827467764999373,-0.25261860289291954,0.0004598327265654537,-0.04731296488137957,-0.19468736562554317,-0.2846144763508539,-0.14721902738313988,0.8388465345942882,99,
935,0.5310823132448605,0.03613880885612038,-0.09773122497084083,-0.10831942661283277,-0.07001214561464437,0.10493339404382575,0.16365010181274683,-0.2431288700918234,0.13701481982138164,-0.04081026384629161,-0.29749519808826447,-0.2315463769055215,-0.09288984225798091,0.7904607886598812,99,
936,0.4664935889149563,0.0501022194283715,-0.1752525803182318,-0.10033898538373545,-0.05589314025981371,0.12753981837365252,0.09068907021709213,-0.27190479785644167,0.2633612602803808,-0.05535638147349556,-0.36210687609533754,-0.1855910848239216,-0.06029816503924281,0.8329408260204302,99,
937,0.1711268955946926,0.047890575625504715,0.08347191533849915,-0.20734105186331747,0.021301136895498046,-0.011603779970603995,-0.35352144784795064,0.2175005113514841,0.07185155398135913,-0.18472357870110276,0.16835197319238354,0.0075202708295370995,0.04601170611297762,0.781574421513446,1,animal
938,0.2217605523255423,-0.0693570012369838,0.0780665171812221,-0.11554229068741391,-0.12954458848459585,-0.06280469122268365,-0.12524013476888743,0.10388655954286148,-0.05221113470321296,-0.19349058483122653,0.09694555197714966,0.016721741460162087,-0.06647693100409206,0.7770983637709936,1,animal
939,0.18916941739099885,-0.18578961593033233,0.09239562896474394,0.036278831957657416,0.08622290090009588,-0.04920924243381916,-0.3679918170056479,0.3175863918967226,-0.14985408680934761,-0.2636129398232373,0.17599241395418957,-0.022206000524162148,-0.01993633646199416,0.8209571084293074,1,animal
940,0.11169575422623519,-0.06254607946315865,0.09978394188633644,0.20444583526495178,-0.1339869110576601,0.005530332099732837,-0.20729506312924842,0.1505783339649009,-0.11295137016399306,0.06682993208945698,0.2929418372815605,-0.12636624576317992,-0.305081865433389,0.7652541780140893,99,
941,0.0629896239774653,0.08486414303518222,-0.10747522709474219,0.010443969071798986,-0.2328844102860735,0.24809420600295545,-0.2769324947566086,0.0640531846742218,-0.20877322491975145,-0.07148491628058212,-0.005483828206487242,-0.4141976049253761,-0.22947559116971067,0.8090967638533731,6,container
942,0.14142860748791006,-0.1173220215164247,-0.11213110302707195,-0.12808083240794146,-0.07562906668968536,0.26662475998395607,0.09401584512465998,-0.10811985630084277,-0.15461459047523052,-0.19298782301070191,0.1460793424454001,0.09413730538640515,0.16890393765503658,0.7779370512105909,99,
943,0.056417819933812216,0.02403109219005499,0.23460026308314622,-0.10770938341489102,0.28042769836253306,-0.015015055049078085,-0.12401952238966998,0.44412677329856753,0.2464958640377173,-0.04406331473134148,-0.012762104682053793,-0.10763575991120573,-0.045478059927641826,0.747629576777523,99,
944,-0.014879189534388597,0.08671567097131518,-0.34742593779135095,0.22596293964608857,0.002639459526729821,0.06132386826813171,0.1240432519205121,-0.2975412292646128,0.014729831178637822,-0.3238831071697086,0.27482907850454513,0.0559201656684489,0.07579921439586018,0.9011730683024007,4,clothing
945,0.13357092713667307,-0.1661657927294215,0.14781035709321166,0.11846671157385705,-0.20210717166129147,0.1895780598844545,-0.063244033460139,-0.17392863192135682,0.12614634254003496,-0.09481282865136441,-0.20682739458131655,-0.19177469019802093,0.14408621772283506,0.8096221415031682,10,food
946,-0.04056254706079026,-0.03760207782851697,0.025125757598774893,0.02970444940012576,0.0690757461297972,0.3150722801317428,-0.07163663559569859,0.1079088415463259,-0.1723286782851379,0.022305014249819406,0.18387015539232407,-0.2770302250512809,-0.3504899927265341,0.7439397176962762,99,
947,0.06961651323121856,-0.20391591506275641,-0.36237574766236785,0.03776917211655449,0.13003569703708023,0.004137961329200054,-0.2506419229414049,-0.03556917588532416,-0.07207186502819693,-0.07266733547459135,0.2866489571644205,-0.09622863309619036,-0.12261991070724604,0.7998311261569446,12,furniture
948,0.011731306318301354,-0.1803452681012177,-0.258447050147831,0.11972704207734809,-0.02265704631148069,0.26660798524118967,-0.1015766001956646,-0.05572604138905184,-0.1998717427686157,-0.16593646678609947,0.30063457512879177,-0.19473398924653876,0.055561176987321936,0.7967367503785431,6,container
949,0.06737540244688758,0.02961602574735688,0.031227300131385805,-0.01955867880084573,0.12799833277755762,0.14619129641024003,-0.06019086625470083,0.3449739315062809,-0.09570557558079683,-0.0028194746272928797,0.22318241078930492,-0.4190534569999126,-0.3423607286330112,0.7840581852536282,99,
950,0.1328728010188341,-0.016963471203872704,-0.1597737415894006,0.09700257226892842,-0.13136032903414005,0.04402059507150267,-0.26213727001882375,0.11860067095504923,-0.24701696248465563,-0.25210581258357856,-0.1380633651215114,-0.12442033202129131,-0.08077485593271883,0.7755076870575159,6,container
951,0.0023720339998217167,-0.10253940257941002,0.18680661206741747,0.4332190870090304,0.12677233438918714,0.17514840769163523,-0.09505951772907331,0.0033099431530182457,-0.09729606998014094,-0.24659062625464775,0.17295878624709124,0.1289209679825461,0.04433497625826516,0.7817945607271173,10,food
952,0.18718019101718167,0.1349746142763993,0.21956697940027353,0.295966397061471,0.2199392617450749,0.06792018105305746,-0.056891504432696555,0.12265092839652528,-0.20354973648959895,-0.1537168520819846,0.25728562169881414,-0.006909490457604427,0.10516344042258732,0.8682468209297478,10,food
953,0.12318267373258428,-0.08077436366424547,0.3174617357838583,0.12196499115946524,0.23554523865141586,0.07477364335987187,0.15354138269665138,0.1268275522216362,-0.2002454689518081,0.12857973794818175,0.2949268438247486,0.14015988964398643,-0.2494182790534539,0.8008751057035233,27,weapon
954,0.06716524061780335,-0.06528633365300414,0.15067362914370527,0.11637795974582327,0.1470077867408346,0.019634201560290235,0.15829969919948575,0.19360804199307158,-0.31970325164166336,0.0657941042966746,0.015719653370721624,0.17162121396525126,-0.29483978533248567,0.801437328787482,27,weapon
955,0.14243897394560506,0.1098598200013628,0.19647039049901335,0.06953431345346203,0.06187121331323797,0.07959783682754637,-0.5416762209109534,0.18184926124050454,-0.17671311135440226,-0.09946370059679412,0.33144523709128454,0.05676844376485274,0.10162660934329533,0.8648679252270619,1,animal
956,0.13133648503905096,-0.1466135810513611,0.2457952710145533,0.08179949799771175,-0.06106748746958568,0.09465868735870554,-0.052228501295274024,0.041976675162645916,-0.17999568260148363,-0.04470823862780478,-0.036383100355693705,-0.19535135032239748,-0.12694469665940228,0.842098549100109,23,tool
957,-0.11651505650651693,-0.24930855113485953,0.1659608528791641,-0.14975718671573446,-0.3674880292642253,0.12358167445935024,-0.2342362085702088,0.3157061517195053,-0.2327077051614985,-0.07563674176491716,0.228431774845387,0.01265508170855602,0.05604079026985945,0.702941824435727,23,tool
958,-0.09080446455166796,-0.1268862239254981,0.3931100150962682,-0.21826669305593666,-0.3539000747132279,0.2242146796048727,-0.05013309807313077,0.12501713362591305,-0.13896017904017524,-0.013862980035355514,0.17354854344876042,0.15391709499787945,0.02346234904787268,0.7550673933659725,23,tool
959,0.126245044253986,0.19352691117135112,-0.19579209831282993,-0.1997083220603971,-0.23237741277050933,-0.1465442895126955,-0.2761013914312151,0.1413190692494196,-0.32748438400294566,-0.15271609471146105,0.17306836405211729,-0.2368645521572454,-0.2607115349695474,0.7628354200000542,99,
960,0.07873754859823347,-0.08769899564422988,-0.09603143378229685,-0.08116642990322398,-0.31601903229370404,0.26039982820886964,-0.05699606032797389,0.3082106341477956,-0.21196368721576442,0.04263727878561728,0.169286064165368,0.2664941113142455,-0.29775680908269603,0.7916580207937272,6,container
961,0.5054434188302175,0.1419415558430691,-0.24225545576492805,-0.005036884405353693,-0.1133476250620403,0.25448384826743653,-0.03650355759204397,-0.16217509135400782,-0.10358697542632471,-0.3437952841433844,-0.12147414870928087,-0.09274524654268429,0.130602897062865,0.7671543128459046,99,
962,0.21564196895158497,-0.09834784054327933,0.324048927348434,0.09242736499360464,0.05699909212942953,0.20530687485838603,0.15068560338905274,0.18108250440427026,-0.1739483414279415,0.13394147625491928,0.3270088058356971,-0.21411021575021838,-0.2938258822244184,0.7915065351582522,23,tool
963,0.05985501257941062,0.04945458106159214,-0.37253391486701415,0.09126573551683051,-0.11364585315600009,0.24592712054841148,0.023306560042329186,-0.1750710354096647,0.09661286107157739,-0.22653091156194852,0.2762086992726673,0.13251586305876784,0.14034548966075625,0.860795011709646,99,
964,0.13073384060826235,-0.042268268056899864,0.05691947117851049,-0.1367228010935914,-0.013837197466018358,-0.11600397514505416,-0.3467774961421378,0.20950654321685572,0.056815526291592026,-0.2951062178995708,0.08312424029693605,-0.022112170532801356,0.018654639616252883,0.8185877941413886,1,animal
965,0.14867204025118821,0.0003753124113796901,0.429564250477242,-0.03862108242713915,0.03588909442926315,0.4147497027143037,0.10755607626016843,0.01876836539181361,-0.04425461035404889,-0.06068849245709232,0.2265892151235574,-0.22770956280524718,0.1407992233211187,0.7562815947891478,18,musical instrument
966,0.10331497739875188,-0.17502187555512208,0.1436256332507534,0.36770769405914705,-0.0677651774800328,0.18091385743891286,-0.18449706141764693,-0.032899351861955514,-0.058718748149215155,-0.21748484522069417,0.24307652936669638,-0.03888460187867228,0.08482733729504797,0.7628390163033094,10,food
967,-0.026342095125722484,0.024932175307323848,0.23842493583632776,-0.014413972405876531,-0.12834892105257026,0.23110724090328805,-0.15483006743898622,0.07837682228162521,0.08470128524360987,-0.025270417224470165,0.05340746604545729,0.1918555526248581,-0.13809989294532732,0.7828048721710468,99,
968,0.054007727874145636,-0.02059612294351282,-0.32011088072224303,0.03756210008292075,0.004067917580060293,0.05857516588988157,0.11954978430602081,-0.22779332745964387,-0.08999246397983583,-0.299410468739774,0.03604252082107946,0.08581829007887253,-0.05072113240778788,0.8416285806827757,99,
969,0.11129387107438464,-0.08734871526330946,-0.16666267705817145,0.08992744108124168,-0.14974832846113834,-0.16623584032268626,-0.1630052120563444,0.06835352178252879,0.04578984361082996,-0.12981641131401356,0.17187652697049183,-0.15700207693840182,-0.42696406756790256,0.7115078665489898,99,
970,-0.04334785026168202,0.09975123962875419,-0.25833452210372315,-0.11665027321573575,-0.08268191413362716,0.12584014150952896,-0.14170106929479814,0.17699105795075287,-0.26570895008366474,-0.38156054202370326,-0.10575052117996275,-0.0036214009013875513,-0.021878978832287017,0.7407831647864872,99,
971,0.2497882039722241,-0.26855215479396716,0.15925343192547883,0.24758223109556865,0.08174528692726238,0.1452834983955265,-0.16363915142064228,0.21240779518080855,0.14293647893022804,-0.0842089610894368,0.07515791603257924,0.13889482083481167,-0.15237140446247144,0.7842111434778315,10,food
972,0.13817105397589044,-0.1957559426242298,0.36282474243157414,0.03381724985093765,-0.13884782156838632,0.19464628135953832,-0.21843422669514112,-0.13263009267874387,-0.012986945184094885,-0.31224549211988056,-0.043847562470140926,-0.03221104392455455,0.31455371517019304,0.7848414168091475,24,toy
973,0.13729988933234888,-0.23809352894894406,0.0524338269529063,0.28521399363189753,0.025779463555145175,0.18986378361368253,-0.05827737968332689,0.020709210361550424,0.13397973574824126,-0.13807484146695753,0.04471602909365491,0.3048688609260447,-0.030942551538633456,0.7934387497583237,8,drink
974,-0.04200000878961018,0.054056688161646604,-0.05849123425405734,0.013869584405143924,0.15696297100079468,0.11482670134001706,-0.3374431753471724,0.06559036356024292,0.13783099328698542,0.180803185703871,0.39857948604224813,0.3687620902236931,0.023689141397823268,0.7961078344920823,21,plant
975,0.4343170870316784,0.19524371427768153,0.16656163521930634,-0.2306038620799244,0.0644176718366255,0.052638699236465934,-0.0923372600146004,-0.22272904469942045,-0.26456847235908076,0.0429226939432523,-0.1804989676284673,-0.36821114238701547,-0.11163871227555787,0.8557308994952665,23,tool
976,0.08419074495008524,-0.1666726214292945,0.128635192078428,0.26715924983819966,-0.08245671416116555,-0.06727355193575917,0.09272535721877846,-0.028465070735043414,0.2587474974364768,0.021220504488657546,0.03431617187142363,0.1221623758145288,-0.056637320010986085,0.7967666625458741,10,food
977,-0.02969738609569249,-0.2101373660525139,-0.06861545682287604,0.3583690098270179,0.1385613042399307,-0.1579525879217015,0.06392609914465112,-0.07921972272325525,0.029630971920013197,-0.08451195469108606,-0.08923584512975058,0.10473395633796151,-0.10069658000019441,0.8200895705431702,10,food
978,0.2454927730523574,0.05929822102110081,-0.22593746630324052,-0.008532911060765676,-0.1904867537252053,0.15602260440153565,0.18857324012683893,-0.25820968988580534,0.016703726565753533,-0.20092050229952318,-0.03406341563434472,-0.010567851290522507,-0.07283270537977682,0.8229557425275379,99,
979,-0.06731479195459299,-0.20105659587747152,0.05326515195943475,0.26380657562958376,0.08041717195483815,0.19409185476130458,0.03901860008441477,-0.027817541559166853,-0.040501510610598916,-0.18955079604955785,0.04672750917401666,0.1970096406483088,-0.12971925094460315,0.8034477463593318,10,food
980,-0.13028392400957492,0.0762853770092317,-0.1606957023365741,-0.11540704120790721,-0.0013671481652312084,0.15698324207134187,0.1443389141618498,-0.09478984552131671,-0.08816336497748747,-0.36462449426869564,0.16846554482764425,0.17154173236581902,0.15303066625670617,0.8223018380848933,99,
981,-0.06859376321172786,-0.17018903354217826,0.045910230779265336,0.08466951725105286,0.23833569474489516,0.31400352696018946,0.05219259533651433,0.378846691982806,-0.1894476459041176,-0.1823092116681694,-0.13824148453985527,-0.14561256426451244,-0.3487557998893058,0.7137632278234955,99,
982,-0.20694236858113257,0.13481704277024142,-0.16854481225148732,0.17515893585803186,-0.047805795579731775,0.1643099530705985,-0.28173061352972295,0.04316280204078357,-0.06268105104804225,0.11273322996092872,0.10865017045781727,-0.11604890013010162,-0.2736524852320685,0.7695886337112737,99,
983,0.19810205392936933,0.05683723632258415,0.20310071556900103,-0.28284574444056937,0.07015991105671082,-0.15710164714050118,0.27135440738098293,0.14378168084341622,0.021344720702242644,0.3455219892288285,-0.144383672996317,-0.18311612143166556,-0.41388358847540657,0.8288955901081902,23,tool
984,0.07509225191826044,0.10308732065431365,0.06706379855202184,-0.24923270082989554,0.01811522164354775,-0.18593650409180976,0.060777407639163984,0.2683076841532891,-0.10313425599549847,0.26510829505540945,-0.019525525133346426,-0.13501848116344256,-0.39276264529397104,0.8151151638743811,6,container
985,-0.1720457124138477,-0.15552627213120068,-0.2793576089330706,0.051652070723575194,0.01868099636243712,-0.2085363819016102,-0.20155196327912567,-0.1478379723414117,-0.01066954267926583,-0.18363806605549587,0.22523689152023932,-0.17386766993209124,-0.24281205252188837,0.7971430641612194,12,furniture
986,0.14754443769491138,-0.27127121154794226,0.2619127356917654,0.19898183324189542,-0.3851028390027261,-0.026493314508770467,-0.04575735103208095,0.005979555078919868,0.064523551304191,-0.009607225381309994,-0.001705375319356715,0.35739416216810743,-0.3096841846605009,0.7825384001457607,6,container
987,0.03948953125682296,-0.202591781230179,0.04530156550426721,0.14636167460339622,0.1318048654296047,0.08870085017188833,-0.010332959908534533,0.13321202671609098,-0.16440668582621062,-0.24116694110910938,0.146485438489309,0.13577447597561335,-0.15816553105847242,0.7986619293941305,10,food
988,0.2146948265095112,-0.13643739495843457,0.2016480032881111,0.3840463014680377,0.017332049358178267,0.1867260445004502,-0.0253488331457623,0.05792040696148963,-0.16818765979043024,-0.08700354818190156,0.17820829722099635,0.17872742473882922,-0.21389387244582014,0.791839538830874,99,
989,0.04790992639085858,-0.11550566595554171,0.14812133042745698,0.34480912604518854,0.03717605811088875,0.24573212626496502,-0.04506224865053988,0.13431662371973846,-0.11215035885487362,-0.206098974086401,0.17784727444535442,0.06130533212033031,0.018537464716010355,0.8181336999685939,10,food
990,0.02491346583999063,-0.002133446276094828,-0.01923726480515217,0.31293907457275427,0.16449265010706957,0.23973336090588626,-0.09342058947258448,0.2586563207950224,-0.07122369839704591,-0.012588027586493265,0.04690290757272513,0.10740107354566922,-0.0759263427879535,0.8112023005048874,10,food
991,0.03949099951770747,-0.2262919088643093,0.2234707518519198,-0.055261662287688064,-0.14057059565728258,0.30371395189996025,-0.07566770105328062,-0.1475968465043079,-0.2312766455547751,-0.08093354639619577,-0.019406460433755976,0.15063898797027936,0.09635756014599531,0.7656136278523039,99,
992,0.19878849182908465,-0.06037429925137891,-0.009384411894822928,-0.21674958997129656,-0.1211619320579976,0.0991205637858314,-0.1268051557808963,0.04218261797507665,-0.028935728247824154,-0.19205055851187494,0.20331275945427063,0.06808651413938212,-0.09720257404958703,0.8303868541846225,1,animal
993,0.12759326127012496,0.18007073705052584,0.3129717878392512,0.06235066825881512,-0.09476223135194095,-0.02658226812852177,0.18266417546078986,-0.1084758421770088,-0.08391586278298453,-0.058103237222093686,0.2127787966188254,-0.19606268798082158,0.27229159167204936,0.7812754211983995,99,
994,0.07684696965671937,-0.18023205819796195,0.23984600986980872,0.3452485347046287,-0.04083068903954999,0.13260325566504905,-0.1028277969728413,-0.03192525639080817,0.0049899539737386835,-0.23761553334102337,0.32455338781457593,0.0393664571435172,0.1786327875039849,0.7568612540995143,10,food
995,0.09776236395284091,0.027884763872476126,-0.06814474559062918,0.033107629867158185,-0.377487041708229,0.08735001178954914,-0.13721511119816762,0.1533326526888184,-0.4126044066321076,0.01936101970992806,0.26749774101078166,-0.07317430587467944,-0.05389178860537357,0.8293585774530897,99,
996,0.06986069038445358,0.07050361990456994,0.3256069109527303,0.10949716373467788,-0.03587696656227672,0.26372002317112925,0.15109229979801567,0.28089302427856366,-0.23497183402262758,0.039209480188501865,0.14921721181235892,0.04136319980175923,0.019946796045756495,0.8280118464864487,9,electronic device
997,0.15871065299136364,-0.1258030113536743,0.18953967276381425,-0.07081356979588274,-0.16133766418521006,0.4120826811994432,-0.05764559405508207,0.2732262776206907,-0.3086308857327826,0.06175072052062636,0.20116182733757973,-0.04422341154945928,-0.11059920278950454,0.733162725329705,99,
998,0.18596159112260716,0.13879013806418575,0.35149079410966627,-0.03666809507755836,0.05923436602033317,0.3285698375635991,0.09917324401469282,-0.04326023469027475,-0.14901676040846887,-0.05862691442657641,0.1261933400550552,-0.13302154906636368,0.08458304925025963,0.7530886543980255,9,electronic device
999,0.11314831530232441,-0.09672485140814928,0.25360619193929285,-0.12618979828973234,-0.244390657174837,0.1363380919024636,-0.24301310158278297,0.29274612329589633,-0.2592440097161608,0.02924815433733709,0.18464103314745922,0.007395162141985276,0.03433406639987475,0.8026879044300648,99,
1000,0.07898935622141383,-0.14642954211379366,0.04073495509646412,0.3428215499504303,-0.33512156498227064,-0.0235210016816437,-0.14200669323217646,0.24361157198028524,-0.2407907294163939,-0.06974739849005178,0.2108094194054104,0.0830625036887413,-0.37416905575382736,0.7736059136867418,9,electronic device
1001,0.025536296314183627,-0.35006877011313836,-0.03492072799247982,0.3064112808847214,-0.027992365642829406,-0.1600060073878666,0.04233477277936573,-0.06746172836719685,0.17518704596078863,-0.07079008354358994,-0.08846460249403877,0.1592600614153174,-0.2506806468384265,0.7434205662245275,8,drink
1002,0.10474881608316486,-0.3270383490981016,0.014565400310568917,0.42450687865620385,0.11460632866074337,0.06985106025952964,0.06681492292014238,0.13977387597478333,0.08896291074067339,0.026451790307467853,-0.09696555523279303,0.2873059608653869,-0.14883216726225304,0.7930380134580276,7,dessert
1003,0.1269799281624447,-0.22270403123477142,-0.1434224428717254,0.3545074718199217,-0.14539775934722726,0.1504515543980866,-0.1564947752410546,0.21064520410499787,-0.32122448154011074,-0.009303245319710711,-0.06992916505682481,0.015508752781501869,-0.03896198639645108,0.7291710334967548,26,vehicle
1004,-0.027110109007279812,-0.10876462434358426,-0.04123166074936106,0.08922781722057174,0.22197421004211804,0.27264838193581936,-0.23318310000798698,0.05809552772645292,0.019876053902213843,0.028217482605651135,0.4091242183743623,0.2913007628112385,0.0335507851538971,0.7605786951682553,10,food
1005,0.0518195292504664,-0.24995505756523437,-0.016294440364954633,-0.10771570447848654,-0.2057806529683108,0.2041116503034537,-0.18323943798198844,-0.025751658520835014,-0.05573895259052801,-0.2684658806667766,0.12152165649104955,0.1042165756406251,-0.1452618277999153,0.7505048959608325,13,home decor
1006,0.05699917669729263,0.05411281786765571,0.3807511160384424,-0.04380033578526368,0.25677046548166305,-0.14782820661941865,0.05219214846473541,0.3826178191080398,-0.20110793523937073,0.08658131875071647,-0.24939093279370625,0.0634228512389289,-0.32562171015132046,0.7809239397550204,27,weapon
1007,-0.03973427784556046,-0.12625513948901468,-0.12094607003164058,0.11027530731552532,0.19228168100365794,0.32230702861593274,-0.23627975068254034,-0.0884492934520741,0.06811509884487857,0.0965164533976059,0.27761250211561483,0.36756298065726034,0.0886263615597181,0.7108601350433368,99,
1008,-0.04438689441883805,-0.08135202612702182,-0.3290608406485783,0.11750725371122613,0.03205097223746688,-0.05597258587152274,0.12275469690243991,-0.1654982216827368,-0.03616794924082878,-0.12550442874666365,0.04906575835094412,0.15440648638321877,0.2880232289019729,0.8145273087346259,4,clothing
1009,0.22950542310981176,-0.15047343177494382,0.26307429201751903,0.4588993256059666,-0.10979285672629958,0.15961909890967227,-0.036898867108389855,0.11175722859160553,-0.12448447736277123,-0.04714454466261343,0.14328141752851375,0.20062387292349643,-0.2899665187661726,0.8092256504709487,9,electronic device
1010,0.05677882679650702,-0.12486917302724929,-0.3354107006064421,0.08682397613955042,0.129968942255266,0.11623289179186987,0.10417502921204815,0.034297034790090206,-0.14330675094528414,-0.20261556223551044,0.09744610202388908,0.07239838655129652,0.33877431042444806,0.7685048871999598,4,clothing
1011,0.08666164637433807,-0.005209848223650071,-0.01403170835257384,0.09389650061938425,-0.35906485977245256,0.010597549313075966,-0.0791617713941392,0.1114091724191546,-0.32386196981662513,0.029293916058030826,0.06708180796153539,-0.030244174034473548,-0.21060469931790468,0.755186078023571,9,electronic device
1012,0.15921636340748024,-0.006263574972691111,0.1945840029057801,0.20072537498134035,0.030137903108197958,0.3363646925747552,-0.19388168553232554,0.148152236237173,-0.1493381874369033,-0.11553102034186256,0.1756403652358808,0.16233297125253235,-0.212311577983182,0.7911341629168829,6,container
1013,-0.08537916813075284,0.09278518175885932,0.056451168914307834,0.14762857201453325,0.027017400896119044,0.00703296654627273,-0.19756646515625717,-0.052384523452376285,0.1320760427018876,0.03352238478132503,0.030377366961991042,0.2785673981343449,0.21237663828462067,0.7996396657982024,99,
1014,0.23566121394774187,-0.05064557098744699,0.07355102215188143,-0.21166355127270195,-0.11254147384004273,0.086682538210699,-0.2769671819480413,0.0585435629101464,-0.0060403720018951754,-0.13542297145721413,0.3041418702926746,-0.0010640329409140788,-0.06468173229111687,0.7920199245944837,1,animal
1015,0.11378229802392842,-0.07122004349767083,-0.2715643870829042,-0.34607579607759087,-0.27513682536319817,0.15453427083583818,-0.17385693876090502,0.09876615242359621,-0.22896695932313693,-0.095983731503485,-0.032490146016467804,0.19871682326045279,-0.04963294736242902,0.8682627064847862,99,
1016,0.1758940996886042,-0.07788668725522058,0.02189562799217567,-0.16984478257606664,-0.12683371960712975,0.024524691791934203,-0.21158207873636525,0.09857645574120924,-0.002468136943853931,-0.16848103540241638,0.13075168464489756,-0.04776597693109258,-0.10891086108067981,0.7768909289090202,1,animal
1017,0.16457998431552967,-0.08108800271960773,0.007356939659746182,-0.11108122649255969,-0.13684803228814454,0.07148849733348142,-0.14523447323246155,-0.030887582266004753,-0.07174851951168934,-0.22239048538618622,0.2791998436274367,0.046791598038624434,-0.08048533779606006,0.8195261841282382,1,animal
1018,0.2916899077871211,-0.12701910366988278,0.012815419485354423,-0.14234452639846112,-0.050660630494075064,-0.001663437456286054,-0.17030634024773927,0.21874474272919714,-0.04767704547068763,-0.21981459094454803,0.15000496807688865,-0.018615472724003056,-0.03922138559033894,0.8144801595138568,1,animal
1019,0.043673912931034606,0.14096956743541406,0.08764043733095353,0.12122817054348684,0.11849251186716639,0.0607885572823541,0.0245521677362424,-0.007072590335488568,-0.15057811814846966,-0.0026630642974779612,0.06908065738993036,-0.07464454997733795,-0.23835500783753066,0.8050165061063284,23,tool
1020,0.2313305531594723,-0.12849217651251843,0.1133713538064561,-0.18065836930890206,0.0474554246991087,-0.0702461259073287,-0.2437362282238752,0.22283248103106074,-0.011660162066892311,-0.12650488010401326,0.2583340126498063,0.05970790912296155,-0.020589207354755605,0.8297823873984269,1,animal
1021,-0.2419407889774247,-0.16155439971908458,-0.37641975093106,0.04022862025739664,-0.12293643155466069,-0.047327935336481795,-0.10766020943054885,-0.08192219715250662,-0.06509449769096137,-0.33444547385344403,0.267982927491018,-0.08211760462346168,-0.21966404683021207,0.8279697281263438,99,
1022,-0.057506563783309844,0.036654386968795666,-0.08358507743289573,-0.017072140091955738,0.19928483111805748,0.32940507680944686,-0.19833766883663975,0.19737921225403826,0.2139203117206086,0.16437733529709553,0.25154291180811666,0.2758843380899412,0.10475084945008734,0.718366416713657,21,plant
1023,0.07068879950403113,-0.01880286495864792,-0.054791381608471836,-0.14552846600608144,-0.027553369250568883,-0.08631006956711107,-0.4600924734163465,0.072703022237479,0.05044189547881269,-0.14449888171499065,0.23490248848015757,0.09434021040744701,-0.013617971033041814,0.7492460211101326,1,animal
1024,0.08480072744831478,0.06922401143587412,0.08676534166130073,-0.01303074355271007,-0.39258713255548267,0.21892501161801944,-0.2553077864178403,0.2424970702792073,-0.5052550839991629,0.04326597552154869,0.1435866062860237,-0.005271653223312208,-0.17210052261658637,0.7828310966703957,99,
1025,0.22845885975110974,-0.3194184460173514,-0.007368231810650721,0.2614083798195602,-0.0943882007471381,0.13448864078134426,-0.11983773013236168,0.19722612379092555,-0.2989075921348386,0.019551696353434428,-0.2508056281187577,-0.009070501877628744,0.14288030719159894,0.7540429218478,26,vehicle
1026,0.27041342664388396,-0.09179679542147327,0.1135374025819625,-0.15305709750902294,-0.15991819420419173,0.011454597880977363,-0.2060615517006576,0.07558047999828779,-0.019349029106683742,-0.18199899668774358,0.1990663455811704,-0.01673206940653514,-0.1321596337070788,0.8100026601744492,1,animal
1027,0.1755218967275449,0.09061981223773917,0.19955894322204637,0.0587111048995647,-0.2924971812829221,0.1590671987704451,-0.10801486338796835,-0.025606482224484625,-0.3923994576728745,-0.07968128722102795,0.29955872252330623,-0.08606049198646001,0.002653588624910984,0.8111503345266818,9,electronic device
1028,0.20032862861968198,0.09178928146822232,-0.12645243268508427,-0.0886539360942483,-0.26465502108205924,-0.05412948645935514,-0.26373642291368227,-0.12307714595494121,-0.36736885235853783,-0.29836135704838723,0.14034139719160563,-0.13383142589191946,-0.0112644600921661,0.7781958883165708,99,
1029,0.20765558548245358,-0.2680594986465661,0.12000880990397365,-0.004983357439571699,-0.028405912612018493,0.006197796456142304,-0.09087445604159768,0.2728777011887124,-0.413160818760512,0.20329516895131813,0.29311515535641114,-0.14194648891923153,-0.4238796191685534,0.8233737219833648,99,
1030,0.056213885450229935,-0.23778289544964443,0.12088566027402166,0.4617215467901752,0.0548436769353321,0.17913954066836996,0.05574252166890981,0.0068288129061543894,0.06566105349411912,-0.13812666353133649,0.003221524622546458,0.19493297132558537,-0.2580740253580455,0.7870781579623043,7,dessert
1031,0.12903475333187342,0.1433539669328085,-0.466247370909972,0.12089635682812663,-0.20087319235477535,0.2060776932580137,0.31194332116415896,-0.3075709044510393,0.205151347689447,-0.3837718655655541,-0.060468024189084583,0.07081973326063817,0.15893124680845158,0.8349041171219277,3,body part
1032,0.16251534270971524,0.02079157132846,-0.18271301942214715,0.15737950502109677,0.07462961006376706,0.06964690454309093,-0.044362711914606445,-0.3519243446900337,-0.19713202893003443,-0.15146725930056246,0.05179090656077418,-0.3431490817868664,0.07150738462601039,0.8197861189940439,22,sports equipment
1033,-0.08184312954700575,0.2392093049041173,-0.022285123302064606,0.029705742124543296,0.045916558208368166,0.16210160344863322,-0.12431096906646992,0.4573685045856465,0.23898308669705143,0.20933261871755907,-0.14692082877222715,0.07629416134343775,0.32006123061186476,0.7709444609253838,99,
1034,-0.00513876785925072,0.0897571673457129,-0.28579203729494307,0.1221416854616785,-0.09150125642166296,-0.06246433383079504,0.022881606881616216,-0.34273577091689245,-0.0024731385818099116,-0.13788844365747302,-0.05200713801508486,0.19628865703873258,0.10888215528377383,0.842297544431691,4,clothing
1035,0.025302658306832405,-0.16017484591532608,-0.009361886362846331,0.42171842471363613,0.10169921506178763,0.24777859791080614,-0.0015409635014074765,0.09210441802196816,-0.07646243406770789,-0.09602136381402161,0.04934818535169216,0.14150253764310816,-0.11832954121909954,0.7828881439513372,7,dessert
1036,0.06555311309185785,-0.2521724992963918,0.14609442785108953,0.301633475065334,-0.14095665280055453,0.027379261069059756,0.041749321973687976,-0.04537696129119523,0.19636947780959293,-0.17373380422109744,0.1353653504593525,0.2885739979538597,-0.26250835006102774,0.7949379021922299,6,container
1037,0.15995853588376277,-0.16447784548737754,0.0145652159724276,0.32985157848173313,0.07423617994110329,0.27017561152850816,-0.22510693672005552,0.04960611132871438,0.010395729835313134,-0.16422711961515946,0.25901481635165785,0.10199529998774101,0.007244844758153773,0.8263016280538746,10,food
1038,0.13592551608257794,0.24008331016171952,0.0853610303143709,0.04203713935622494,0.07798348845362539,0.20609456005296095,-0.3036364751472947,0.34021447381256537,-0.0012530213837537042,0.13007105133585628,0.32626668574894924,0.1660429729976549,0.15979758166450264,0.7551666490690881,99,
1039,-0.09822104186282597,0.20977888309661705,-0.35005782485181425,0.1754377906236451,-0.17112292743149338,0.04519675510141205,0.32863211207399345,-0.10645838459074804,-0.07080386935004666,-0.3881712557627373,0.25465626303474975,0.08422287793306744,0.0873928351688997,0.8812077193156096,99,
1040,0.008933754691282518,-0.19354496180590064,0.14217732890253407,0.02436353635771545,0.02851859381994624,0.19520475121887795,-0.07644142638582548,0.09572655071150171,0.18437373333986026,-0.1639823065288345,0.3826388486872322,0.1490149029988814,0.041796062995167554,0.8291089998467355,10,food
1041,0.03382526789218808,-0.04188927384065553,0.027533243110652725,0.0035521021736229924,-0.18826962674448666,0.29083240213591494,-0.10565505234045977,0.23645909076907107,0.055163766868726316,0.10290469790238828,0.17250365190803196,-0.1819981984908989,-0.21420299129637957,0.7045220682415805,9,electronic device
1042,0.13389972717675117,0.038550352129646456,0.10030073898693843,0.17726878299053944,0.23559660359539047,0.1518431114231106,-0.3374968577325974,0.19729166302292922,-0.159772769376595,-0.21299502335692042,0.3463487368872891,0.08061380494825222,0.0875747156247786,0.828849638502582,1,animal
1043,0.21050470099712085,0.24027657469135963,-0.2713865708463035,-0.008305763610805756,-0.09474890512730796,0.02858851279303979,0.31758107573622724,-0.19505501124981817,0.06830542341404541,-0.20635801456170674,0.2676615865896875,0.09387610141749128,-0.014091298335233288,0.9100840481856233,3,body part
1044,0.037036067699745906,-0.004400490646080408,0.17163797656648022,0.2850181910444436,0.05691324360997378,0.03791399031449098,0.08256074483737383,-0.06626077356558571,-0.056073893672288044,-0.04173105400120496,0.1783472033797013,0.023981060695431912,0.06718191265019138,0.7919231151097065,10,food
1045,0.056961138760482956,-0.08360517405951683,0.029723647034649844,0.33606586842966113,0.19611075781652537,0.2693296881920784,-0.1332548100453606,0.042533935915055915,-0.2448953054829452,-0.10470078975392455,0.034092133499267645,0.1341656618811181,0.011184710273007083,0.7818441531997972,10,food
1046,0.23714408390553973,-0.033769221064994616,0.38490211163731797,-0.014585982423998037,0.17292450030837944,0.1536139277080885,0.17692019186746524,0.21673594285803735,-0.152382547059146,0.2876679121273964,0.10185475478862871,-0.13947419247066317,-0.30513516730870427,0.8032491140065642,99,
1047,0.2800759022990463,-0.02011334448462492,0.21297606689664247,0.1563954131686752,-7.186757885106103e-05,-3.0712099347478174e-05,0.16456963573794456,-0.07356913038049473,-0.1969471327395289,0.1463918686204598,0.19697549849670912,0.00654449682147988,-0.17597847811690745,0.8398510478692173,23,tool
1048,0.2885159119309027,0.020844064979135865,0.13227521864905717,-0.03670189747564778,-0.009267150463512615,-0.06983900021326815,0.15473034024854992,-0.16436508833104307,-0.15204266752831438,0.10461653801687551,0.012374572610409635,-0.13893655144142963,-0.37869365785844744,0.828927276877392,23,tool
1049,0.5334540557002516,0.05422126070560309,-0.18592981303590533,-0.07890271803652303,-0.05410723423053681,0.1532938536675639,-0.023524055989951435,-0.21819797472475758,0.026852373274395658,-0.20532211280648763,-0.19697591340776993,-0.09813234891447185,-0.042014850603076324,0.8483479049222676,99,
1050,-0.03600851559211676,-0.049461727301276105,-0.20390709514069677,0.04624556761231552,-0.10625924295956524,-0.353024678734821,-0.17728345891317515,-0.17795464458021715,-0.14382085774155134,-0.19986197762129748,-0.002513383301581816,0.0807905144198866,-0.2627808929465279,0.7548974387253247,99,
1051,0.15627933692178705,-0.20069622885076818,0.17346053000729605,0.1120640492736982,-0.05869904360608949,0.2445525413254095,0.05184928379011248,-0.1268191106003986,0.12080616604750123,-0.3098892856281901,0.1627987517701081,-0.07808729960137743,-0.11934146768246498,0.7697599937124653,99,
1052,-0.014277867377382476,0.13898261957419575,-0.28418035698005767,0.3071903140322737,-0.15436973738920987,0.036596271308236554,0.2949565649400486,-0.3241336123549627,0.24798912964788927,-0.29233946788485543,0.08760495918295463,0.06153090209499182,0.03550991127077624,0.8735675559236252,3,body part
1053,0.04659119985061892,0.08114017290640753,-0.3425118300503987,0.25658723572041914,-0.14347621955043804,0.0975561424513187,0.3688351078492675,-0.19317342425917822,0.17821692946007517,-0.2808589941031,0.1868553556580244,0.1222347529287212,0.11369666675858678,0.8761149022038057,3,body part
1054,0.08683146426470754,-0.07384236805294037,-0.05181124581372606,0.14235462313855576,5.450650535266974e-05,0.15492928869247963,0.0009068113455255129,-0.2982602494070461,-0.1695232704581476,-0.3066753946009728,0.11249709775459976,0.03677729461229237,0.19962651958173228,0.7319436220173601,99,
1055,0.21897716966777758,-0.14944821423905788,0.3916684572507029,-0.04003022001047194,0.023530841747041148,0.019667390468376948,0.19805305289888317,-0.10897669332499894,-0.3684924914864016,0.27271361526095594,0.12012367154924479,-0.10772855226020653,-0.2977734293074349,0.775964512868191,23,tool
1056,-0.16071325378332688,0.05617346900239985,0.18064972738434593,0.05486787404850811,-0.2109086050058107,0.17698404899590442,-0.29734371653394,0.06016930697049692,0.04942460934361399,-0.10279006710460692,0.16458749289001168,0.10815108859928345,-0.16796200111328677,0.8347180827033788,99,
1057,-0.20775571559472497,0.17496378759898576,0.05955042824733049,0.0607124956158179,0.00512252487810547,0.17875440694990874,-0.4247243551349617,-0.03126528492013392,-0.2533923556224955,0.025295141064028873,0.0981423583915162,0.14232029707352115,-0.2685212825954045,0.7599754672925406,99,
1058,0.027185237821685217,-0.08963821851812769,-0.3856732661176302,0.1969938913218126,-0.07816026792648192,0.05695281321106289,-0.0018749837271920431,-0.19866002622082207,0.0005401908427463923,-0.3337657538767234,0.35516260186212095,0.11817067204954326,0.043386171203731755,0.8313305543408239,4,clothing
1059,0.16320806585660444,-0.16845759837682428,-0.16393968324766867,0.07650900755843637,-0.12095233197891045,0.18473276806327904,-0.1456677070447058,0.34684601968431145,0.08749831387117793,-0.020349900432316465,0.2753649776709773,-0.13208248658758825,-0.34418151831636673,0.7808060952903348,6,container
1060,0.35721475522183166,0.26278436363996016,-0.02052588700657324,-0.25460927305150177,0.22994050632844537,0.09113799963689607,-0.11123065819196383,-0.3275805246427593,-0.2720058610880677,-0.20978752573735684,-0.19788893646311048,-0.13696754178213297,0.0341132747344228,0.8008894577319509,24,toy
1061,-0.06306495973051895,-0.05465355905414759,0.18429323491866775,0.3401512381681888,0.12987371083876414,0.06947100637774004,-0.05236136668124413,0.004064947151578209,-0.26329900009653584,0.0013642045636758993,0.10382821447451827,0.05793623650081123,-0.03258962579639157,0.8339457903357202,10,food
1062,-0.1613408455805807,-0.0900134056960774,0.10981321984072452,0.023228672140911108,0.12451509996118194,-0.13977357146657476,0.2092672254780284,-0.0613904289225963,-0.2429093435235608,-0.05922640560219561,-0.016581073410557468,0.06387585174015187,-0.2749893398633602,0.8208109979451443,99,
1063,0.059086869345113785,0.21784065058387125,-0.3269141575258984,0.11777701124341447,-0.15678706009883778,0.001293648676034655,0.3519141365013446,-0.2592321756880538,0.23965750003422795,-0.3490155068533392,0.10633535891641983,0.08919790136855288,-0.033407334257778865,0.8532418757123152,3,body part
1064,0.006252146824333928,0.05347723757803276,-0.10589079479606402,-0.11273596363494352,-0.25346946533780035,-0.1402044270034205,-0.09585220922257005,0.06853207355844312,-0.2680521934581452,-0.1041002976661134,0.09335068126032242,-0.18840297896802738,-0.2677472019763154,0.7368384051999808,19,office supply
1065,0.04388196435484172,-0.02794961160386093,-0.18620758048102737,-0.181700794424033,-0.22892861160296415,-0.2530501878492215,-0.1467486246409769,0.05214911221376003,-0.1671584843219057,-0.0933815104243841,0.05647668406192978,-0.1291140067071483,-0.2023223019814918,0.7626552093050959,19,office supply
1066,0.184040745259175,-0.05218124962549215,0.14651374643673734,0.35349954685951945,0.21241702454534858,0.26728971989176703,-0.10249192909447721,0.2478771255813053,-0.12853569870042458,-0.22600993602066335,0.27860135009285675,0.09426438737891074,0.025449502341198256,0.7788538110751668,10,food
1067,0.2172191335097216,-0.08528909204618654,0.43898167740759314,0.1809367085130992,0.09511507577627756,0.11325824385490475,0.11088925690095638,0.08191157763806448,-0.2841599882241062,0.14770497066566354,0.27298552388268854,-0.0002257866818989396,-0.27923340376122907,0.8220176220176221,16,kitchen tool
1068,0.10739766596962437,-0.10126516770880532,0.29413447371261964,0.06930056168085531,0.26688274580181737,0.14720950791466483,-0.00293908559789147,0.3620232779773257,-0.05721599189112884,-0.020201829915448354,-0.1422647153742694,-0.3866855330439868,-0.17451810775373783,0.781360277549948,22,sports equipment
1069,-0.03074369817355381,-0.04628856894553706,0.11934979255943483,0.35153916058977946,0.14980144321391115,0.23606780241638198,-0.1271726577564001,0.06857648970892558,-0.134300006298384,-0.08972344330529415,0.1107558558453267,0.2261325308087117,-0.0054179922574940685,0.7509391810318481,10,food
1070,0.1586171472118692,-0.0707639053894339,0.045660383836504094,-0.10838720833689217,0.04025282227376726,-0.1015837122746415,-0.4562863140696959,0.24654813709418205,-0.004678289960520773,-0.28758873945554164,0.12072703787621093,0.006253365719454974,0.10204060638678168,0.8193536931468687,1,animal
1071,0.12646553885017103,-0.07195515999148097,-0.023893591093458174,0.02521737199529621,-0.42353960147678366,0.09397207100287884,-0.11048213654047952,0.16467313577098666,-0.5416548655395417,0.1208531720256575,0.021438355252359,0.06945622894101017,0.0029055211888857277,0.7291432039154784,20,part of car
1072,0.2872165796857346,-0.23189870829115752,0.1685217525367733,0.10683190576481937,-0.015712575267973247,0.0817434628864434,0.004089221801522855,0.07869186624264968,0.1958606596495496,0.02924175302413793,-0.024752086003267105,0.08714875308283543,-0.10889276909023914,0.7823526910114998,99,
1073,0.25558498355360343,-0.22597902163502062,0.1700898950805445,0.2135323375071096,-0.11765829481179181,0.09513970221131848,-0.08055147342117912,0.2126011821519121,0.1731596571384415,0.006316600589722592,-0.034680137062892066,0.14919996453365883,-0.1929081157816153,0.6719191208520477,6,container
1074,-0.08923606253156226,-0.10935923843028979,0.1109888886047919,0.1062397386633144,0.29092951415163976,0.2587655056946961,-0.20334072808289727,0.0281384526854018,-0.10109744886828044,0.023106747992961883,0.4367919794915872,0.18143625106460448,-0.06346589839805623,0.7591551267161024,10,food
1075,0.13479723467013466,-0.03866656314460353,0.23280123035470474,0.33486442775206265,0.19527813493512208,0.1895638770310123,-0.07794457967556534,0.12410690266266133,-0.13066666129288534,-0.2014501855769859,0.3344421404027241,0.1696789529026024,0.10680612701049604,0.8145459274075271,10,food
1076,0.007031319707411481,-0.19870948940917707,0.0925734647095631,0.31067323530092344,0.1178318004096606,0.19233939246985887,0.04568253580975598,0.0857342119772463,-0.11000496782030762,-0.20235174556895216,0.13074786372772818,0.11124662647769383,-0.12310315755345695,0.8071705227394544,10,food
1077,0.001623285804172668,-0.12893913163299098,0.2667557277279644,0.3533655262814265,0.04467901471815669,0.2581220621493402,-0.15529533667119302,0.0918233810144064,-0.10996552870518764,-0.1843489502255879,0.28480077867744763,0.05597132880957708,-0.031683687097453395,0.7959273232829075,10,food
1078,0.001138669273757641,-0.11470243377451969,0.18683853509084944,0.43274876656174444,-0.08936043904045637,0.12199631034125077,-0.07567244115670373,-0.0008793467192608868,-0.00116469622017532,-0.15659955425438576,0.29096743700237443,-0.094328871425574,0.1385792965039271,0.8123692038111469,10,food
1079,0.09462729315454801,-0.019168053496870934,0.12317284429150654,0.22659025108244987,0.04721822124866834,0.06836266662658856,-0.027054502857062526,0.07483992078726376,0.09048466832675338,-0.057683494138609986,0.35428824004346077,0.06685559791399176,0.10529259397745504,0.8044173049488359,99,
1080,0.17193965969341313,-0.08978648439455401,-0.004104638587823212,-0.11985001413543175,-0.1715166275602779,0.06739615104755323,-0.19863312412827983,-0.017241876551536795,-0.021749090493827478,-0.21770427866158637,0.2898159715748101,0.05979883189973206,-0.07374212391759255,0.8372790585708908,1,animal
1081,0.17409492168184956,-0.22969163452703337,-0.08339863252001299,0.011951819964480418,0.008007402990928003,0.1310140912275728,-0.1645241434114219,-0.09415670465592892,0.09962860988781895,-0.11252832305831453,0.22815172188134492,0.1925699769369817,0.01670044735023447,0.6593486463304482,21,plant
1082,0.0008929314840564453,0.0032457505211985556,0.15051132801059958,-0.21189865447705192,0.08064691328087871,0.4877039631920574,-0.13176213570379994,0.19202685639527878,-0.08225234816824946,0.03164361773623666,0.17001683671215398,-0.21028019759657007,-0.25172120267541276,0.7368016217610959,18,musical instrument
1083,0.25873630010637205,0.199875988447847,-0.23586295247643976,-0.08980151323559042,0.032404458750388804,-0.031434716426767983,-0.42784633687841794,-0.169017788587483,-0.3126479939648742,-0.2869411090104333,-0.031610236263043795,-0.02680494151371206,-0.006080659778378223,0.8130722734437905,99,
1084,0.19946026371164804,-0.10348136842413949,0.0926480179641645,-0.07713606512685627,-0.028398488646393556,0.0728407496931598,-0.18288947773315675,0.15745824726075974,-0.03252406311244563,-0.21843077728116012,0.1882070897258807,-0.0016940251803478786,-0.10526175861362655,0.7913472421261808,1,animal
1085,0.1563564412124156,-0.011154823241847758,0.1041516911353809,-0.1781975201150904,-0.061950786885563776,-0.02470470522309396,-0.2934588760607386,0.10893571815995577,0.016413940630585204,-0.19766839056368188,0.1105942753597698,0.014544587992675351,-0.061751109739505435,0.8379294660860388,1,animal
1086,0.0498023356594918,-0.1806545396139837,-0.25570875328045534,0.13621170541754885,0.12347463445832403,0.04900444569692959,-0.21511479580133475,-0.042829053785547,0.0029488259552455168,-0.14040678403519796,0.45524940490972515,-0.2471523622840677,-0.08504726728866507,0.774644110106241,12,furniture
1087,0.058702713316787204,-0.04427378217271182,-0.5034313599103684,0.18858326768223843,-0.12557258284212322,0.1649000412373623,0.17427449485930652,-0.3039021016156546,-0.00612771126231971,-0.3401146464334231,0.2146232620798758,0.11824179243361922,0.21410465837332562,0.7466878480597994,4,clothing
1088,0.05401477186088017,0.03031935880771986,0.032980027068082125,0.17623268387408392,-0.29447930498466646,-0.049887296762602756,-0.2482356888419568,0.21434705614031369,-0.19883109526867937,0.08637500603918444,0.22269349691361237,-0.07182408341138193,-0.26370633687983697,0.8247239501848124,99,
1089,0.09152667288741047,-0.06674304252320065,0.038665826387501386,0.3166652624107207,-0.17492061388074057,0.1407906862455065,-0.14184450091005546,0.28417215562245135,-0.3054953629923309,0.017624317228214087,0.3252185909350773,0.08176428211787348,-0.23732839862292326,0.7358932744619524,15,kitchen appliance
1090,0.10753851393814971,-0.1228679087034537,-0.4544883768832271,0.24114300762052626,-0.08245244680653994,0.0842479086432612,0.2365430516645937,-0.03511132293965251,-0.13065144758245523,-0.31043431312653486,0.3294168186812203,0.16569376623992074,0.11806919640330141,0.8169146194717515,4,clothing
1091,0.022587892456844096,-0.020938764587809335,0.07605622346789472,-0.22662113188903027,-0.1182545161285221,0.0057173603074573785,-0.20381523791880113,0.1282637778089928,0.002332306443977594,-0.3201118941067525,0.23594065018951002,0.04158910116790026,0.010956304474389639,0.8252828097179831,1,animal
1092,0.11735261663088753,-0.047652905807818564,0.08853914465309058,0.1820431616695572,0.2012067712466982,0.11804940402946566,-0.29815239826631745,0.2821773583398087,-0.07575035725189089,-0.26863846160680327,0.19979225152971164,0.07861399831760109,0.05277543314368865,0.7765371356540256,1,animal
1093,0.07003252520618312,0.061456938090763205,-0.2291174087333342,0.027974974512381772,0.05209386188092752,-0.07438572034905981,0.1866334045671492,-0.34328909166152677,-0.022487851492574335,-0.0837767674019728,0.08820950235324437,-0.049666171115795514,0.11444098803515539,0.8237424255075091,99,
1094,0.19608365390475693,0.024042008403516155,0.29351110145960013,0.052205234853163314,0.2920474292814789,-0.046798995598638087,0.11177535565186192,0.23184549480128658,-0.13503815356436022,0.008433383290600704,0.04795629425474575,-0.32379839618931244,0.03033516493213477,0.78854988079956,22,sports equipment
1095,0.07137355739229713,-0.10571803196214985,0.12648820042578707,0.17662763402527626,-0.03533100043968774,0.12639512075329218,-0.054703184417706094,0.18433045865796435,-0.23844858703542177,0.0531590143660171,0.2032177959968141,0.04052783144037816,-0.264115462110281,0.7907130611032134,99,
1096,0.4528658598215809,0.19927899691531326,0.08762718592155966,0.005902154925767702,-0.011900425591874698,0.1743916412121635,-0.1876088717400771,-0.11363306809444801,-0.023192181198298877,-0.19824228172484093,-0.1921140479529891,-0.2284992298427544,-0.037140575888802686,0.8054977985930472,99,
1097,0.41289847418880693,0.17231989751394286,0.12151479516512777,-0.15527267177188805,0.05951513027471271,0.19153510774414906,-0.016316969536037222,0.0050542618429740525,-0.24910504026772687,0.02310222463226952,-0.0005685174033616331,-0.4246099235782667,-0.18290045507690336,0.806776444899836,23,tool
1098,0.271368023778406,0.018414929129451814,-0.05444541830059519,-0.18149628818162802,0.021830942419577302,0.3408593898423351,-0.22077178988203958,0.029478897991248514,0.01252157855912747,-0.05188801761301193,0.042935656213998356,-0.11593152265805713,0.012231771733315607,0.744775285749291,99,
1099,0.07839133004368576,-0.030551118319308724,-0.520676214547595,0.1384732894014714,-0.15646931072002243,0.11511048648093083,0.07866457947194909,-0.3117236897914961,0.05028263764877963,-0.367974271381463,0.19809946949926288,0.09341064386340694,0.18162977188907317,0.8178504165847464,4,clothing
1100,0.3651967065068279,0.10201549587693673,0.013619540149320784,-0.21747882520802655,-0.03187170655748322,0.36629965309123763,-0.08453865378847586,-0.07232193260734521,-0.060851231328337106,-0.14948027403822972,-0.15088004339270616,-0.12239793673275537,0.11632212854808832,0.7808822399964891,99,
1101,-0.09615588746363996,-0.03085690724082495,-0.172481074963159,0.1639022667558592,-0.009629980628574049,0.20741706402428403,-0.17109040262863182,0.3360677480801555,-0.0348741824748763,0.0689017360640953,0.1793989469621852,-0.38892950184491415,-0.36706612792090243,0.8059252806813784,99,
1102,0.004178817301900823,-0.031917079892818986,-0.04329036700104501,0.15019612058048534,0.22957070927546047,0.25421811433390196,-0.16040816424403495,0.29598189392883006,0.13907093623977326,-0.17773061272201313,0.1053918887674452,0.1555093763451307,0.024097959802554303,0.718945794814343,21,plant
1103,0.11924903923125908,-0.1309099597057964,0.3265680765926107,0.31153000635781763,-0.10413191888497342,0.2225756553181445,0.058101076673102166,-0.06263668192315384,-0.11528361486841077,-0.06670242661538353,0.23963747289025408,0.16709765236986976,-0.3850889789794348,0.8016121567087502,6,container
1104,-0.03452589342263287,-0.14736967914270446,0.09062338662898352,0.26579748077856813,0.09210183205239415,0.19678649358779154,0.03658925558376341,0.09962617287014423,-0.14516282979814923,-0.25796069380947523,0.1316736352639669,0.10538534984195326,-0.08311469757988746,0.8411493385046988,10,food
1105,0.1864368114860232,-0.11714309131196633,-0.018033559464396203,-0.17142008001379852,-0.07385933358882617,0.04207728952276505,-0.2052336732096807,-0.0891131028262106,-0.021227437400295708,-0.12171612141701807,0.22353243080360718,0.0053518334990803156,-0.0756900032753209,0.8169805125879551,1,animal
1106,0.21608655301243607,-0.024950653003113187,-0.040361129556447044,-0.10768378135317934,-0.0850328954752396,0.1391648172501921,-0.22261203957570427,-0.08932297423820702,-0.06323518823660786,-0.1411083309081069,0.35277439179688025,-0.02761312320462088,-0.056117636180426755,0.8605984621395917,1,animal
1107,0.11542034888615067,0.017673827620433968,-0.573822132330325,0.2385013667636404,-0.13652576310346146,0.09902103141793993,0.13623527554005363,-0.34203451468736584,0.09462224785051426,-0.4506488735226875,0.13199810191873043,0.1173607743250112,0.2285641058474079,0.8938838529178709,4,clothing
1108,-0.047695979409416105,-0.0882752233275306,-0.4090361669497898,0.1940217614570595,-0.03667054754740688,0.05709625692799625,0.0732540409088497,-0.2760971351308657,-0.04520484893823771,-0.30858660528954407,0.30920526179398095,0.12844295330280778,0.16644612538761727,0.8077469903454895,4,clothing
1109,-0.07588609259139625,-0.10543165069402624,-0.482818850253611,0.12367270895521433,-0.06607011574249215,0.08839933556029213,0.030598607452150286,-0.21678523545891729,0.07702623550429273,-0.22501879232301392,0.025065155708016127,0.06766840669666854,0.08179159520806685,0.8024771201199314,4,clothing
1110,0.05816779237684127,0.004593220480406936,-0.41431344880821197,0.2577861495043784,-0.036626967734244426,0.11673371214431244,0.31972886051670324,-0.2952678598260539,0.025411703937114106,-0.2500772988551081,0.2600280305333337,0.11766537787008408,0.21806554377485618,0.847468342526109,4,clothing
1111,0.06025258668933422,-0.11843648386534032,0.1434743291581942,0.24851926696491194,0.1323206661038075,0.21690202772946124,-0.19976242921491383,0.0315054890480515,-0.11474203627872916,-0.13507632320563073,0.4367668905599578,0.1425121918312402,0.08091138328724246,0.7894457845677358,10,food
1112,0.09453455353409505,0.15190784711975805,-0.13177938216544757,-0.2384994577983034,-0.3384144643008378,-0.09532335827841701,-0.20244077829869728,0.156680005410532,-0.33068215886907,-0.12104288555603422,0.20585839569764483,-0.22733317618679233,-0.20834467591153844,0.7307764603817236,19,office supply
1113,-0.1268861723675859,0.15685316839621563,-0.22281332112879337,-0.022031503101153187,-0.11660828566605327,-0.12509292377392683,-0.41952701900565187,-0.05792813552985526,-0.0959080650988751,-0.1740537673563919,0.028905290163161238,0.003605438109732975,-0.1827903555618302,0.760232786453365,6,container
1114,-0.0813310570572601,-0.16732265989926606,0.08443818126421206,0.13282011204087793,-0.19835726679214172,-0.1408858735903088,-0.06772038184408519,-0.21229084225009706,-0.09650731992980885,-0.3011206767027805,0.004468402922720265,0.15561492288223533,-0.36571638545002516,0.7657988257357231,99,
1115,0.07166338056212167,-0.15655136583557377,0.012761623773321023,0.13251209675290973,0.05073224125831366,-0.27406214814709856,-0.06673880037130914,-0.24408986313956327,-0.06359131306785898,-0.1639244598769071,-0.04335384025985424,0.1778395800714461,-0.31712234261276717,0.7798382985069213,99,
1116,0.1561346144746901,-0.11147039388807674,0.2711681275037977,-0.007029733765688757,-0.08514460634487399,-0.015143357749438343,0.03174889250743788,-0.04265333575445843,-0.4457209930527892,0.12226062541994744,0.12209110940511989,-0.12698474002742652,-0.29431571675139556,0.8371024255689014,19,office supply
1117,0.14328270558506656,-0.2708454975426333,0.07253762299064989,-0.1511546044740759,-0.2904885588618039,-0.12294082528393609,-0.21887732720107306,0.11705072865401162,0.1027436353149459,-0.08216978533723598,-0.023156040174639164,0.07734601323314873,-0.07812630850471357,0.73713541807345,19,office supply
1118,-0.05495023235238701,0.0025932882841563348,-0.06531099875088708,0.1121817188839517,0.04867713212142833,0.22544588058539283,-0.12644293430912856,0.03649293935618364,-0.06202389829360923,-0.4759252075891168,-0.4020855922559189,0.07158788886095044,0.18121291979552492,0.7794772626953925,99,
1119,0.1790354834685632,-0.2465970708987057,0.01034962699178717,0.4456671060176145,0.18569654716764836,0.1654217293290477,-0.046910816138031886,0.1267877829801842,0.009058362975748652,-0.07957168388060988,-0.059163214818622786,0.21032888931470484,-0.12320359750066615,0.8297678608654219,7,dessert
1120,0.1560592755479179,-0.09435397820577883,0.14332077719623607,0.08417824236268673,-0.21546908237472917,0.4162623518298534,-0.0382866127336781,0.22112675039444715,-0.3468586662287565,0.025068733972572196,0.09393297701137168,0.16291204781849566,-0.1055969749921454,0.7621634392266837,99,
1121,0.3150590754412353,0.06865239716485733,-0.03656938521260539,-0.11511820072861516,-0.05193065973149121,0.07730341449045443,-0.3751118080757987,0.009443633442006119,-0.03843448494332425,-0.35885861871068664,0.03801399084397292,-0.113356421748429,0.020334537142763235,0.7914725797003902,1,animal
1122,-0.05772062292255016,-0.1707878859794654,0.04158103648109932,0.16734851687932314,0.17058789071877475,0.24102357129696966,-0.26746330640423893,0.030089946486621204,-0.003247504371328506,0.13759913364370346,0.45117213500746595,0.37651130638887376,-0.02820799526777134,0.7798157159567254,10,food
1123,-0.04533688887493226,-0.09247746839256078,0.1349864227542311,0.3467467906054408,0.11325660393938854,0.08048689281478835,-0.03453684350851828,0.0510159320914448,-0.2429912236980995,-0.08873267608189286,0.12426010604974495,0.08188597317623048,-0.038771665068816984,0.8362706273369916,10,food
1124,-0.0767444144157876,-0.15660291947703714,0.11335807979736362,0.3520851076923064,0.06763360304168087,0.20036088052176945,0.027479194101998103,0.08880097310951023,-0.03401600598157151,-0.16526981466319088,0.03029272281637146,0.05868288347047287,-0.07044486026188214,0.7719544263708381,7,dessert
1125,0.22187039265209746,0.13185218559260745,-0.08986792029492398,-0.09221034664886944,-0.07358754843816014,0.16769768246517885,-0.32890694240947294,0.04461371004308402,-0.42050701034280086,-0.30302175598778786,0.0007142477308130441,-0.09645299120473122,-0.045086250799774574,0.8209170765355436,5,clothing accessory
1126,-0.08454448805233447,-0.11735016382686776,0.23261564688071915,0.21756361642732353,-0.05878795239016372,0.2409709983478849,0.06800596177200992,0.048362143926359,-0.050052982109459764,-0.1724916504453336,0.11439109140857093,0.11538408556316754,-0.06271054501764098,0.844998750555735,10,food
1127,0.18814141130800963,-0.031249526418121544,-0.01670729673295406,0.016251812607290052,-0.25196657393046684,0.3726501433628682,-0.055176522892389376,0.4333653935457146,-0.3448388917763036,0.06496997025405427,0.19429369504770944,0.06209664535843852,-0.15616977709984411,0.7534269289647736,99,
1128,-0.015774775647755708,-0.13825523378543297,0.12522009666200284,0.24080098558544458,0.21214497868911097,0.2699085058656985,-0.2403516055909115,0.03472002093930937,-0.08309907388894741,-0.09182690622830743,0.4081554714649137,0.21047701674065178,0.048773416947955214,0.8087395185483395,10,food
1129,0.1472232156935027,-0.19338793387033673,0.06519197956264353,0.39586250962882097,-0.005795591801533323,0.2480003141542627,-0.15710747423781415,0.007468228689117953,-0.05263594034094926,-0.19573999512725543,0.27390994623820486,0.052234102142368725,0.07306217443881717,0.8216193583695579,10,food
1130,0.24236534524556455,0.04684326125039669,0.07432288463219724,-0.16605917683972182,-0.005276175631839108,0.2211572973848845,-0.5048512242840869,-0.02596484469393395,0.010950985655358066,-0.25891627935364275,0.17652518218822202,0.15024062731225044,0.0455427763236241,0.8075595005264082,1,animal
1131,0.10613231776989418,-0.09105983928093467,0.08811422710677662,0.29894248905969795,0.16666688708935726,0.23598282077761187,-0.07615263079002334,0.25774184309798914,-0.01905661568541514,-0.17194321748980837,0.24436218017446631,0.13075375699903027,0.07775380278556464,0.8247722392375006,10,food
1132,0.1287118656084842,-0.09703698443289631,-0.0445051593278005,0.4487175676787682,0.2531466644047141,0.14860979209103536,-0.04482468559205098,0.13787861498441656,-0.0702773716021046,0.006104010341956227,0.0357205056403919,0.12061664214844058,-0.1660763200591549,0.828893311356035,10,food
1133,-0.00868123159503079,-0.2580341213275883,0.08533310712097768,0.2812842872450764,0.11917052143553548,0.22226417835904386,-0.1707551330198335,0.07932239351742827,-0.029038258958545796,-0.13358326052458794,0.3741706748192739,0.22265089347997985,0.03497623088331405,0.769681799474766,10,food
1134,0.13118512427413612,-0.2730824146102802,0.12731309686653594,0.00041701349158782767,-0.1486257671969962,0.004515402284028689,-0.16715905606617368,-0.04983352488291705,0.2035153404249527,-0.3444870752620827,-0.01613059504136078,0.12920318209178716,0.2003390008483433,0.794519248402432,99,
1135,0.06929633016881698,0.013004342154836626,0.16261190041360674,0.3830352615025217,0.14428609951148594,0.24813935202860066,-0.18692363334015524,0.19126505441217787,-0.10553179991560299,-0.13971763567373763,0.24598309153876025,0.13190222174504115,0.04847939590930976,0.7730348364530157,10,food
1136,0.16379135658704488,-0.18540676159148178,0.10938783349090846,0.229121054534334,0.09353706369795745,0.18878437272904464,-0.05796579048994504,0.19339181252071014,-0.26986020122024024,0.08000397844174571,0.11062297687203249,-0.059559483109912575,-0.2001893197297676,0.7107637488940293,20,part of car
1137,0.07487658536703203,-0.08123509542281969,-0.10199273574304026,-0.01860989903881108,-0.543914902709519,0.1841696179583879,-0.15695974333627155,0.018082437019158897,-0.49957948482822057,0.09938145379462117,0.12334462930707886,0.11697252816244698,0.11452165605258921,0.7489723860150691,99,
1138,0.2583416559192873,-0.033364182593769526,0.3725362457497586,0.22483934618237916,0.06594620557937618,0.2018299559006725,-0.0010164413502069059,0.043203712482836346,-0.30282301573177456,0.08283213239219223,0.26844099467293286,-0.09382229660462152,-0.3429826270737673,0.7998688085624688,16,kitchen tool
1139,-0.040819855652654606,0.2739717758030242,0.2509650115529168,0.11163676806000757,0.12231591856788797,0.15294886911805847,-0.08743966824319711,0.16162936320787571,-0.07790083780205605,0.06566694641408011,0.19803752552889273,-0.30706882067289554,-0.08185496349164703,0.8086712061673573,99,
1140,0.10128959636184268,-0.012463169735840862,0.12719547222934693,-0.14091820552127207,-0.009519884556969102,-0.10772837592340852,-0.22377159749740638,0.2177530713775039,0.0873933455744201,-0.38394070512296774,-0.026458361763140353,0.030560255902860416,-0.13967312808872273,0.7370041769888716,1,animal
1141,0.2691515835543548,0.17179617572377626,0.32652058279273893,-0.12658895117557542,0.05957166197176072,0.10974462635613905,0.19074651747173788,-0.07653193332757136,-0.28086086979597996,0.15929160363379613,0.1947260548633163,-0.3033670674967081,-0.24684085173441658,0.7257566112749041,19,office supply
1142,0.2405130421759937,0.060010135188018204,0.3170831863423461,-0.19112337606956714,-0.09126468251949706,-0.04240650577632742,0.15064959767290748,0.06623875117276101,-0.28725433096200415,0.22594535186523815,0.058919194205204015,-0.3434420999340939,-0.2529790435258602,0.8093545626869507,19,office supply
1143,0.27928404235627047,0.02602908627754275,0.19822831875982483,-0.06058635234546409,-0.1523577257207338,-0.008548176588197383,-0.12971068864603652,0.07884664887790938,-0.3045761837422117,0.11526009376494588,0.12403089890787548,-0.009680091596986382,-0.26868406194235417,0.8016444429554186,19,office supply
1144,0.03539672179562417,-0.1391325166146189,0.4489758276028127,-0.13853081725651453,-0.005910247596078214,0.2805346619323501,0.09007042747900645,0.16023361797130833,-0.16176554058591827,0.1598298216912959,-0.009960837489017984,-0.24977649986871525,-0.32145429096148903,0.7977103327143861,99,
1145,0.03227931660302137,-0.06392186849275641,-0.02701893415438742,-0.059235178797620094,0.03318174524124122,-0.10512737445569031,-0.1586782932370732,0.065410669558466,0.05213832560269297,-0.22668290100933286,0.09066000534634656,-0.09114453136335796,0.07364951347434466,0.7873366087984189,1,animal
1146,0.07267727353388799,-0.14280167956564546,0.26999959042651994,-0.2673318575408258,-0.13874156484417086,0.09024467188488079,-0.13828939716827277,0.028812634668940275,0.0761428847708152,0.009355956945366537,0.006978381784881537,0.07480454429797599,0.15032553751122082,0.6723666537369143,19,office supply
1147,0.2504569437999799,0.08829798935938009,0.29120700701991287,-0.14430954094918147,0.08701683640678325,-0.14320059658006054,0.22005456598380477,-0.06959502823627645,-0.17173373549689797,0.15482366473501014,-0.0024957905954059935,-0.14949929704152187,-0.31197816359327935,0.7791740285544553,17,medical equipment
1148,0.19641015870465459,-0.054076411036311986,-0.17762251785723004,-0.018836936752945545,0.08218718234634453,0.06458551421329352,-0.12903906716724212,-0.25451432682004044,-0.31902181691846454,-0.26986406891103265,-0.2022823615472054,-0.14123576214133327,0.13418177787648045,0.7602974981626428,99,
1149,0.3464321775679314,-0.025060284257913484,0.1517163880679139,0.30159794419471886,0.1281299428551904,0.3174015373024068,-0.0035660853517927088,0.1635134952227254,-0.09376462370508891,0.0551418055566925,0.24402766450277408,0.17361502449912644,-0.2584183290246916,0.7737146245682832,16,kitchen tool
1150,0.13620285070182162,0.23209596542887634,0.21091963150102003,0.23371513843852212,-0.014391566542159093,0.2341919852014111,-0.23167886748407981,0.19555091313417833,0.0402025758476185,0.1783469907725057,0.17347378973406088,0.38250437080004523,0.08270280927479559,0.8256912356398878,10,food
1151,0.04533854904646903,-0.09253335987625892,0.04139266887674632,0.29250520891607906,0.07299733091579647,0.2687882045485599,-0.2549659203054503,0.010887581091922182,-0.043261002173393175,-0.1151390561199311,0.2970636046887853,0.13583695555915035,0.09711526301437758,0.8047571674611836,10,food
1152,0.23184053711684213,0.011594073921475847,-0.038509294930633216,0.4009194814457199,0.06238874432629638,0.29976056929237804,-0.11937219189471285,-0.006364843951325234,-0.08029629424880759,-0.2583903257330826,-0.1915117140961541,0.04263465160355802,0.06351545661949115,0.8630245014230894,10,food
1153,0.07864267789897045,-0.08060439390832576,0.07399023133497445,0.2874108627899802,0.02708826887076782,0.2742275841724266,-0.06930867086898618,-0.03455036609642694,-0.09140101556978451,-0.25935651165418017,0.02924587293656376,0.008741381119820037,0.029886809394709134,0.8292318115488849,10,food
1154,0.2724912627785617,-0.2996417806008757,-0.029990525680004876,-0.05344913113518607,-0.06472306067557444,0.16483612223445915,-0.07624309973378363,-0.08776722765621159,0.3416828064056056,-0.04336361332551899,-0.05185734760090438,0.21137257393683012,-0.004352330415790221,0.7344095299770436,99,
1155,-0.04357470929142256,0.02241099089607318,0.07905566443555069,0.015163375521018572,-0.09735915266386702,0.18046023461977373,-0.03834071179775952,0.2556148043139926,-0.3805391569002665,-0.21203478781676238,0.01911399183519565,0.10412763763089286,-0.03886831178683293,0.7817490740036044,99,
1156,-0.003802863783221845,-0.1589993257261227,0.09893193038383326,0.2119276332019367,0.21233340850199933,0.21248805076477936,-0.0946820021848829,0.11310657964376498,0.08315746070019041,0.14497441294899763,0.3178081537019963,0.3132721307985315,-0.09484223556623952,0.8308068747357429,10,food
1157,0.19084630633475838,-0.10417646851553991,0.3312412856293409,0.2881658140824374,-0.04169387853188579,0.20157441238398163,-0.10206206172750117,0.10478954506491037,-0.06277443028357588,-0.322382911922937,0.14359543199344296,0.24957690187173895,-0.1813059941915562,0.8134062753570587,99,
1158,0.04562265033072507,-0.17356035243124945,-0.21052597799490083,-0.013638519149779274,-0.0007088673159386485,0.21030453158934517,-0.21794443257083362,-0.204115418709568,0.17961898207456664,-0.2194058725015391,0.11193891497614303,0.1904232092261833,0.2136777587077057,0.7951316298877275,99,
1159,-0.11437280123022078,-0.27498171141220507,0.35046809555389724,-0.17090825723049372,-0.4970039700362504,0.008633134127855501,-0.12630200717730822,-0.039706152041110956,-0.072403050077217,-0.12625817912861376,0.03750330686428539,0.11860995046689995,-0.177315797584013,0.7910801905049957,6,container
1160,0.27826143262385633,-0.045181471062855846,0.11384498601107743,-0.14638145727801322,-0.026573476216725227,0.02443303186847921,-0.346803645958797,0.18374067786268147,-0.012342296768555024,-0.32028052504202104,0.08182995312188326,-0.021882177365369952,-0.07558281563838445,0.7423778037713615,1,animal
1161,0.09005894717862518,0.03706768756289307,0.03515854653039152,0.09988074103297782,-0.3291217919993573,0.13998443210680162,-0.04643814479586052,0.06315770762957709,-0.22249355574414256,-0.08244602875363491,0.15410695941371094,0.056059942604927984,-0.13910428378997416,0.7763412174540841,99,
1162,0.13550557792939982,0.021000312225629193,-0.14998043124533061,-0.035425802293171715,-0.22212590320200704,0.4464193931317611,-0.06639400422312662,0.3109898403563101,-0.1471516789575113,0.005798021118571965,-0.06921214920427672,-0.051597850640932606,-0.18745928228957523,0.8120393042063,99,
1163,0.05663697632320849,0.08814944494378546,-0.3562413912040341,0.14966369955815037,-0.3823754061613071,0.25145496661478817,-0.10774802275060953,0.20214862404360914,-0.25423938172334326,-0.20888306760515357,0.1370986797429196,-0.19111636910644508,-0.05457351261357836,0.7738051009039457,99,
1164,-0.05279005283055363,-0.05496761873034653,-0.3619756430245907,-0.038639623993457314,-0.11105638692921314,0.27641198019475316,-0.01949857593131021,0.13437266333705217,-0.2032068917814164,-0.25107089923006115,-0.028740175734966643,0.028658721048931853,0.05917728600320141,0.7661410405312844,99,
1165,0.19426837251744172,-0.09095970345872945,0.044739504430475335,-0.0025867701996961133,0.0734084985832523,0.4569159864353449,-0.12168313818786128,0.1363581574088576,-0.07315206663018622,-0.025784223622673408,0.28580176217638387,-0.23035720120698863,0.11724798937996608,0.7583633429318234,18,musical instrument
1166,0.2230475654110031,-0.007696039267987704,0.24354558709492719,0.03411347639861734,0.16048104939968003,0.15466746387206123,0.2481654876293598,0.3391763563699632,-0.11890033849411437,0.2039853154565426,0.23551069097526453,0.01886480270164379,-0.19095076932881672,0.8066998361347483,23,tool
1167,0.0040420436596779775,-0.19013560165410823,0.20382427018375654,0.2006433297106225,0.25114660060907507,0.13332284222869253,-0.07782179893912404,0.0029620437515092573,-0.029001322523827925,0.020095428245618652,0.3618268602964493,0.10289529938884776,-0.002013814191779671,0.825537649101,10,food
1168,-0.09846458445596584,-0.1802392520197857,0.12166870861119616,0.2327107748345274,0.05083602817375973,0.2816027735061276,-0.007049014304444005,0.012160493710760336,-0.037715956356285336,-0.16327612087671473,0.044088542907130636,0.1706539681179609,-0.12449096029209866,0.8270549837717284,7,dessert
1169,-0.1225864614486892,-0.05948575241604009,0.10788444944583873,0.3761507881854734,0.040458008876965365,0.24361181431947662,-0.02576204541368195,0.10893741114516302,0.045234863238285294,-0.02125492825649143,-0.05690567060541013,0.11637745250041692,-0.21691056035701473,0.8329005990841379,10,food
1170,0.32516211972826464,-0.13527742076696175,0.04655028293745442,-0.09392054934530428,-0.10356001461717453,-0.03304236530642333,-0.11244666600959391,0.21096344132634018,-0.02909201563371528,-0.24828037732778915,0.14352707682867266,0.009163018833389078,-0.11989398036824363,0.8539656497676993,1,animal
1171,0.17063454024288627,-0.004435188935529277,0.09074968750706593,-0.12307101932859307,0.002458029454946575,0.05031997654740139,-0.3121880491133454,0.2651532458490488,0.04979463715607173,-0.3195802810395487,0.11336328606695288,0.12424170215862457,-0.10065111151949194,0.7627127739611694,1,animal
1172,0.17197068609871904,-0.20233714542174627,0.025705740905459257,-0.07825261469361196,-0.20163238150852741,0.015584174528994094,-0.10530372864605085,-0.23810516694080666,-0.05210091511380903,-0.3073788791061821,0.17088830777239988,0.028103312903094913,-0.16038863750531646,0.8148931777528018,6,container
1173,0.27188743597930687,-0.07039715943822437,0.003031344180997727,-0.09783734815133002,-0.09758210699113211,0.010357119064829078,-0.10006246244576787,0.0777969965831987,-0.12468634631781474,-0.2723212783204199,0.14274365139769193,-0.042997633751656654,-0.0974584458385856,0.8320831099794516,1,animal
1174,0.3545202413287622,0.11925690153622565,-0.06951623897131609,0.02967773343790413,-0.004077015064261001,-0.05026155981594569,-0.017803513641163213,-0.14134618972658372,0.11580369940897137,-0.16549555689584616,0.07767081649071264,0.021541710837773276,-0.032471849690839244,0.8157640476769803,99,
1175,0.26787592376793984,0.1492685015641776,-0.2113595825622734,0.009810660324070429,-0.1543274614285007,0.0045813072660218414,-0.01551171536083588,-0.04751304094858037,0.019254621795054196,-0.1442796315414218,0.15764542179668864,-0.021426603205588677,-0.16164282787738243,0.8267429047916856,6,container
1176,-0.04795568885591098,0.0011787263090154813,-0.2740011602585076,0.09496689147468569,-0.13026775624637205,-0.10273440106742265,-0.14829649852484986,-0.1667292620269507,-0.008926219468247433,-0.145577726916384,0.1319178822628496,-0.12439839473564965,-0.022997663633852583,0.7237279880413824,13,home decor
1177,0.2931621392481733,-0.07821662662291048,0.14145092663503317,-0.09711500409163794,-0.006023232183154552,0.1019485273376808,-0.0058028100777496715,-0.19280463777759635,-0.2899205821026332,0.0819564105994804,0.08576037263517117,-0.1069066306323477,-0.1659617221232501,0.849513384916775,23,tool
1178,0.3062677026114756,-0.005227268312846137,-0.010592620451961358,0.01033485177417594,-0.0711249848385143,0.41974966361168536,-0.26020886830904777,0.013116221636554489,-0.2942375360464291,-0.07308633776768529,-0.21553309785176816,-0.0778343872087856,0.15955807438526082,0.8054118250885406,9,electronic device
1179,0.1536552094749859,-0.10486436844689617,0.025222643346707697,-0.13760819296300805,-0.12945147435557727,0.08050626322378941,-0.03576283094345276,-0.3661968040537784,-0.27057753465810624,-0.08005806794487279,0.0888402345504055,-0.015791807047773512,-0.04166353351597105,0.7977901552092899,99,
1180,-0.1313527746836928,-0.041547993499580535,0.015679180147822817,0.09181186050204979,0.1652489164906863,0.30634229977417426,-0.29574636649011926,0.08616595195072903,0.08112050902562074,0.231125004428166,0.38882970223987456,0.20766053213132493,0.043952035029386285,0.7472184348928537,99,
1181,-0.03884450236783586,-0.09285708158637813,-0.09400684964707406,0.04951353635730616,0.16669814876979003,0.3250239425393385,-0.1336262348180665,0.16963454680132295,0.18275468748173437,0.05916686980026223,0.2680562035203703,0.12803240946288982,0.03848715318511971,0.7260133391616809,21,plant
1182,-0.002958417253703238,-0.18695674995751782,0.13611226906350807,0.27529224647389533,0.09687313688889171,0.2569334625210989,-0.22853560208287652,0.046938587265591636,-0.015071716875464136,-0.07693090582622075,0.4328530107060902,0.25632095109600717,0.04245388184817322,0.7953147364331575,10,food
1183,0.09075866798287126,0.12523132335913242,0.16559206796449397,0.21897473801088096,0.09821091899100559,0.2851103315948662,-0.323774055227847,0.21546912865984086,0.02452406469211528,0.011205821058662732,0.3398125745122944,0.17004042517933898,0.07667913306097342,0.7624152205254618,13,home decor
1184,0.06628087229751489,-0.1772404308986082,0.03702674999838527,0.12427490198769107,0.0699682095873962,0.07301448765511201,-0.21668493507785822,0.0658874845721605,-0.28990009173427517,0.0019425706891070798,0.17835440876264305,-0.20818842742205662,0.02485122534130087,0.7660719632454185,22,sports equipment
1185,0.19246335813275275,0.1817973991160495,-0.0462507543368661,0.044142144850312606,0.08756827313599433,0.17928360822076223,-0.1426956314100912,-0.09217327604616249,-0.027319420343381768,-0.26788383848194125,-0.19461666586750812,-0.078885213658782,0.11129693798301009,0.7830486773602949,13,home decor
1186,0.095735933097036,0.2331344762252687,0.05597190788277284,-0.18717044806441352,0.07975827847641055,-0.08087243967208983,0.35161880199706974,0.017192258221906162,0.1546022569796368,-0.035661995553042405,0.16366447727469258,0.13196190625647677,-0.19567053590383188,0.8295554619596432,99,
1187,0.14624828109099855,-0.03612007983650355,0.27847853488255164,0.08437017336948538,0.1671146661283372,-0.06533550314479922,-0.1116464007366224,0.0032425472251335456,-0.10775531928206043,-0.01142614757248698,0.0692172947183063,-0.2679202358323155,-0.47863581190157406,0.7867486802801906,99,
1188,0.12924504674747755,-0.09017254321504337,0.15027583269852965,0.31021386699453796,0.17781934693682752,0.24815529382831686,-0.1640362370029637,0.1672519397583704,-0.09662531716712681,-0.22040333483673832,0.3168087044291574,0.1435786259058563,0.006500445563603788,0.8165357597401885,10,food
1189,-0.10887439303188871,-0.14630863547293677,0.1584723466887103,0.24303749789706772,0.06965408392545695,0.31764682533175986,0.029745982504595776,0.05546790019227704,-0.05966139709113685,-0.1641869548187052,0.03270158007029053,0.033288838643614135,-0.10948332175308899,0.8039254640666709,10,food
1190,0.10342101518839972,-0.36013267097183116,0.22837667699226175,0.12924082765235312,-0.1582968011831091,0.09514219031914148,-0.03353213805222256,-0.050218048880537755,0.2876408151936488,-0.17625081887553132,0.12192211977649234,0.24418729658909843,-0.1880646793427223,0.7581539135518599,6,container
1191,0.19626821769547734,-0.16794268854438965,0.2616185306782776,-0.01803790539146564,0.16829156052777758,0.219515819829729,0.1389803227268708,0.33585528318442315,-0.30083905615812556,0.09245788308108566,0.20703226553216875,-0.027202445754508253,-0.3597836111831789,0.7894980904280712,23,tool
1192,-0.07308887988907543,-0.15564998925890758,0.18470875442573126,0.2245524363120342,0.00888066767618059,0.26669381810258475,0.06181153403883043,-0.006648519875561585,-0.0994514908271601,-0.20514336717336318,0.0015478177101477609,0.0998416852770291,-0.06632169995931465,0.8399780009059945,10,food
1193,0.09184445887041938,0.03597698691143556,-0.2883564461482355,0.010992832312803005,-0.09347597219673513,-0.05033297052234004,-0.3843701858702068,-0.1323897306062915,-0.21852810549776652,-0.23991785783991798,0.13336447065408,0.07750839145207622,-0.21912534655291874,0.7602955554245968,13,home decor
1194,-0.0745127590998587,-0.13305215301204026,-0.024827520443622634,0.09436647813350081,0.18830448466693106,0.2523285225717752,-0.2836149652377029,0.08000062739599932,0.13012819742487872,0.105665276899932,0.4158676989418678,0.3395645167428568,0.0268154127844048,0.7044869694379353,21,plant
1195,0.008893201602813887,-0.20396121811400164,-0.37153539773867267,0.21160958304973726,0.0845537615416945,-0.18948566586523077,0.4132803525255866,-0.3856263782635666,-0.0141269977167785,-0.12373612913453552,0.09211176196881757,0.03175630766495556,0.12903353839082077,0.8465381045500162,17,medical equipment
1196,0.006219873021098764,-0.11257401051396783,-0.031642487984410966,-0.03008249802781652,-0.11709766120461845,-0.22415064665243992,-0.1626669497303499,-0.25705015551933225,-0.11306693908375119,-0.2882416236714957,0.003620318445893781,0.1820901067195677,-0.23800678132277478,0.7848045528840135,99,
1197,0.0384389837601103,-0.28017138253285645,0.21730692375692437,0.16025138242663567,-0.18504612340624968,0.07020826036386779,0.009752660298416477,-0.20187174179707199,-0.02413590305937646,-0.18109480120682844,0.009289367335012403,0.1990685665844772,-0.3065961253398607,0.7568846709065925,99,
1198,0.19996641836646184,-0.12883275550298132,0.07873460790173341,-0.12094388155681958,0.05917935424155227,-0.11727274766019447,-0.4182222319270548,0.27237579713848326,0.14574413668672526,-0.22800588448408488,0.20876333660365542,-0.08964208606520888,-0.027613517290226243,0.8121584644501163,1,animal
1199,0.28568563767394506,0.08467132248088927,-0.19073323175769602,-0.17818079864001338,-0.049985156904651946,0.17525316542395297,-0.2758664782396622,-0.09724114729727322,-0.24690962252698262,-0.20339271453470098,-0.11854246532888373,-0.14116903822012164,0.08206111729415026,0.8538887396217905,99,
1200,0.04453265821293156,0.10852425433222158,-0.3458015879865491,-0.010868339040741904,0.056869934680397964,0.20920797629517962,-0.055862942490000615,-0.05546715348201653,-0.38040384861970794,-0.1075811275273813,0.07019860343037078,-0.2631346639967075,-0.15034444701904595,0.8023429739245441,99,
1201,0.24157702608115988,-0.1675255699423398,0.27786336949005164,0.17174765290929697,-0.03624018448148371,0.05012017671841816,0.08965717582370065,0.09667781209420868,-0.35274713206178754,0.2026137528055207,0.3535511390222282,-0.0008802874382329862,-0.29650658389641643,0.8332091059272599,23,tool
1202,0.07137364519918414,0.039476752290516136,0.21904678765349506,0.09797144177600096,-0.16725013067617903,0.10502426328940777,0.04738095372234449,0.027958692549410108,-0.435230202682031,0.1956508930542095,0.3576173749688767,-0.21974558157054414,-0.2556820013946721,0.7963240186430668,99,
1203,0.10614295918242057,-0.23430221295413503,0.1225063755906543,0.3365303454222262,-0.07713597270672311,0.2872563809581637,-0.1585658639404945,-0.06826222645413992,-0.0364083938665128,-0.24374027699167974,0.22753534786379193,0.027503921142657355,0.13699124781379016,0.808905442914344,10,food
1204,0.28289546387475156,-0.24962825996458338,0.31692786977816884,0.1476772825496892,0.07865510250286287,-0.06148021884477936,0.11831416206092356,-0.04459937586335255,0.074032089018059,0.028317526893774134,0.14699067103621413,-0.12142223634946407,-0.34886793639650965,0.801122867206914,23,tool
1205,-0.011279767888934419,-0.07723856740277016,-0.3966757959138626,0.07014682177880811,-0.08471369821847717,0.06713955834825207,0.026951895786102346,-0.14358630045130133,-0.04730566366402153,-0.3099934250399851,0.2488937354563046,0.10880884265257257,0.14741457439012617,0.8081932034856457,6,container
1206,0.05709826617335155,-0.13500280686201027,0.19669997660500022,-0.020386737950110336,-0.4666919435458931,0.3579818493602994,0.07502091273937578,-0.03707258417331903,-0.27248895267430956,-0.10338739492841453,0.020008216922862445,0.19968120671490167,0.09284864283068044,0.7848184817050033,99,
1207,0.28574504447743543,-0.07966621253052444,0.365511512889664,-0.03416331673464688,0.11027814536890944,0.129731062309826,0.020656658110166357,0.14038601265678027,-0.3117077781625401,0.21988684176971782,0.1535406251798747,0.08126298798824483,-0.29920941617705366,0.8090530047021888,23,tool
1208,0.24526865387140687,-0.21608521147452558,0.23364611891357379,0.18426456066630467,0.22709700018522141,0.2985094146365399,0.2218734159278843,0.10603806901001171,-0.4029460706767594,0.12333216168865709,0.09492460751988044,-0.19862638912625993,-0.07812943163210845,0.771753957743748,24,toy
1209,0.10486570546852805,0.021340018033294657,-0.16056521764965417,0.04838663805924383,-0.025240714352600568,0.2534662424374023,-0.3783934666333453,-0.030114942460227487,0.12024008804436963,0.003705140732637488,0.16941110179107444,0.0036038361873396607,0.1620851405881043,0.7151463724806647,21,plant
1210,0.2314034743616151,-0.13930681273106318,0.4648454131307216,-0.0935316980588758,0.11317413332312097,0.029611715175057115,0.22462838690131717,0.21821636352528265,-0.3155952960415722,0.23289120955003348,0.12133172989398593,-0.1396295530723199,-0.29954905778060636,0.717137118091868,23,tool
1211,0.02131263083510047,-0.18001666061037033,-0.004134752597117016,-0.11227520943723229,-0.09173008531030434,-0.26073660153910966,-0.08810558963498948,0.0011309904364348172,0.15527180003136717,-0.1594093537655116,-0.05418947062636855,-0.06543084582182783,-0.08979547682431789,0.8128356485144034,1,animal
1212,0.0410946598169448,0.22025913969283561,-0.21926033534079353,-0.1213532934523513,-0.2746588026420068,0.14665246440784976,-0.23832320834034354,0.029941950929211238,-0.36746596940530235,-0.1837324317439792,0.21435429464692907,-0.19487721535960353,-0.10900847217268725,0.716518737672584,99,
1213,0.09034642625649401,-0.16899463408064042,0.21704635042503187,0.017131974619891584,0.29200442284215516,0.32932696188188904,0.14065674960931804,0.10938592904234057,-0.05340697955736581,0.1392079380670048,0.1688241692840567,0.018237917731138396,-0.22173404710724043,0.7360733717258184,99,
1214,0.10951759704655704,-0.13459889767246397,-0.07491090680978127,0.2261332736760056,-0.08971269786840223,0.09279112279263055,-0.13050051929853038,0.19655555426818586,-0.3100521936171831,0.11227471654364558,-0.1245315423330265,0.06370838278469139,-0.21078712388354867,0.8351519819736377,26,vehicle
1215,0.26925825978111056,-0.050063562294276734,0.20093156169348236,0.32760948251469646,-0.1546761280867112,-0.01633249629750924,0.010146061055394723,-0.10096729271550543,-0.18623974783184558,0.11361659398795369,0.09998360955927262,0.07181550389851514,-0.10042362896047331,0.7593751970402439,23,tool
1216,-0.1754796706943604,-0.0986321511653249,-0.35112581224103545,0.11026559756973628,-0.00819506850346779,0.194543052718488,-0.05176450627711382,-0.2571392506528265,0.06899062852669378,-0.06331143666152032,0.3513424824424611,0.22481644902177333,0.21700978091488263,0.8360027065642495,4,clothing
1217,0.06104993442905238,0.014263782089458731,0.10047957861914113,0.09636595996830993,-0.3070950662743646,0.10088109491674221,-0.1642336923083277,0.21341991228120358,-0.43654034937784514,0.06904919742351351,0.11693898864062838,-0.023932188371579465,-0.24549420119712662,0.7622818116892213,9,electronic device
1218,0.10813297999343484,0.18957612493817147,0.14192297089934663,0.24920351014151862,-0.13721531538886256,-0.006186377614166774,-0.21551732407995353,-0.3956796269466184,-0.07270332330403159,-0.12581524968455932,-0.23500487229429545,0.048502764819818765,0.3189631996007816,0.7899021089569871,99,
1219,0.09456988090231822,-0.15585446009789825,0.12396634545263871,0.31832386121261186,-0.05754353746181541,0.3269577711275902,-0.12759781229902534,-0.0753179948657161,-0.00711286035079689,-0.2688157073831615,0.13728924337330167,0.07830530410940838,0.06567821467868051,0.8366151238102458,10,food
1220,0.22945874524070883,-0.05664553666629142,-0.04412324998864224,-0.09180041773487387,-0.12291626986111479,-0.022035768084745305,-0.09249206755070306,0.12301023753415317,-0.09873200287485394,-0.20694722342380195,0.060371333584486805,-0.043674919182591476,-0.10032073304557397,0.8062470467996452,1,animal
1221,0.11122375749185011,-0.11200036720077422,-0.10178510826128455,-0.041328495757219405,-0.10668661073067047,-0.1783745411262886,-0.07150368275785149,-0.263570638829769,-0.010132919195402988,-0.21637905499599078,-0.03336705765086371,0.021004056571019253,0.015281680557665805,0.8251091201267711,1,animal
1222,0.30734892236093414,-0.12544944117082585,0.08684506133620509,0.1444956275604444,0.0313264826216523,0.2689231984223326,-0.20680457925696236,0.11109207956359861,-0.1362945560930294,-0.11116136459686002,0.14961122346074002,-0.31660448463928414,0.027468903664183433,0.7872129902617709,22,sports equipment
1223,0.0779633769144713,-0.016706599596712488,0.06786119556102527,0.41251013488897215,0.25565547511255354,0.18511971572264482,-0.08852123260933965,0.1348966062229939,-0.21746643744766672,-0.08727649850513061,0.12178234166497907,0.2170850011940096,0.0934776545026101,0.795885346140593,10,food
1224,0.11601164256209152,-0.018430254294492944,-0.13302726602392403,0.11595933683523625,-0.07465976454548097,0.24080687611372326,-0.2388706907840669,-0.07196365271948776,0.16655889322674952,-0.06900199464120849,0.11714702960656682,0.052211475362578835,0.11692307813060165,0.6858006289849441,10,food
1225,0.07083065719845862,-0.15092665171772862,-0.039956981153066715,0.39345732778770126,0.27180300008901503,0.1682331686778124,0.04104692439624687,0.10741847978380964,-0.05615047765676373,-0.0665836303950729,-0.12402506169583052,0.06928698440244686,-0.010411898137709118,0.8476455985725472,7,dessert
1226,0.2375024358152095,-0.022488914025669705,0.16714747012532052,-0.17168369511823173,-0.1354017570841922,0.046655126139618426,-0.28837598908834516,-0.0058989112225548476,-0.14663013008867642,-0.00097178447802229,0.2314498616858894,0.05736842185403685,-0.14024172734402837,0.7947790184070672,1,animal
1227,-0.15599226914424777,-0.2568692085400653,0.36627218509051684,-0.0179481175499936,-0.20410958633912457,0.14529583649786199,-0.22893467896590722,0.23930406560901843,0.01741460649359759,-0.3017514594961302,-0.09826802428421655,0.04430027779711278,-0.06806183976622346,0.7721203571360647,99,
1228,0.21943831418178295,-0.11327041867188492,0.019077181856771448,-0.21296460756869848,-0.13960671407246522,0.00804489503336042,-0.18593598671114656,0.04043437610276634,-0.02602700078299162,-0.21449470675775623,0.2806408189183409,0.024360822803475533,-0.08993762169227082,0.8297486708725029,1,animal
1229,0.14345719422836897,0.2338335279172167,-0.14920747510979213,-0.20018332672549427,-0.1936177631425225,0.20153290992000134,-0.2167584375968324,0.1932767859778948,-0.4496902593033494,-0.2669644649625872,0.11688433984836451,-0.12765836768440242,-0.08345935209948895,0.7201744430268628,13,home decor
1230,0.058983694997983116,-0.1803253087889561,0.21854575646448918,0.32176192521173896,-0.1127002536554297,0.031936591361644846,-0.07431285559565372,0.13920269829811968,-0.08388200902436375,-0.048175681887075286,0.18115398341791397,0.34039794338067164,-0.304161207545486,0.6949563137261933,6,container
1231,0.03616471734793398,-0.08748690308111395,0.19134271993167215,0.3681274737615832,0.050019668537389456,0.2018310824380639,-0.07512023567496202,0.19761012598932498,-0.04225333940401016,-0.11933454224713691,0.3443362922892592,0.019285734313699374,0.02258244129967441,0.855930325834507,10,food
1232,0.1230796478683895,0.030662872547167132,-0.3540208389317482,0.0744871138736006,0.06756661040662025,0.03707325019041912,-0.22443418785874916,-0.22794184839792744,-0.17268710021266154,-0.33783329059117084,0.12023085882876791,0.03381783341883926,0.022671386195515418,0.7928198644088981,99,
1233,0.06475281614707465,0.11086393652400939,0.056270624477651555,0.041112254702912916,-0.16261072354790615,0.32215868690734856,0.003961692098353729,0.22639708613543597,0.1207573997537196,0.09202022523050943,-0.08074401163718271,0.11562790660207502,0.1185525336516246,0.8219680774123284,99,
1234,0.019545526833224452,-0.11031346791562241,0.07489525763997537,0.3091199841749347,0.13516971267741318,0.21945504441983088,-0.09022540767798493,0.11743284448559378,-0.18705374544814612,-0.09581587752242869,0.10412730720626837,0.12453182726700267,-0.02199268259115865,0.779908099693805,10,food
1235,0.29164608751750093,0.01735981602132373,-0.12804822870998692,0.008008669334229765,0.04439318944963298,0.32994003112349685,-0.32959543269448616,0.016545777503962515,0.0028049153370534614,-0.06373804096245539,0.17021986944238646,0.24455082459547564,0.2028033414447453,0.721732920481316,13,home decor
1236,0.04156690108243455,0.11197975116158723,0.0811321593125643,-0.0063684156959024005,0.1468750962488371,0.1404158200498891,-0.15881884121746112,0.15416497219736616,0.2705304074621881,0.2092371530219905,0.04729647907898407,0.3433493459838822,0.01989048450052973,0.7924112760614193,99,
1237,-0.0346922356446356,-0.08997074193503711,-0.03694976919656414,0.009100780903927498,0.08686078656994578,0.4275439077235772,0.13709604072705792,0.3436753010253355,-0.21178435915671348,-0.031224402893108166,-0.023312102863563715,0.016967393605957313,-0.38957091118962306,0.7251555347993089,99,
1238,0.09219887466045235,-0.1636916967012816,0.05748863886454227,-0.21311307992188072,0.10335180468109256,0.03483861543644446,-0.39968776645893656,0.14105585266240495,0.0704187152143988,0.022848981847663704,0.4069129701885599,0.1559429882191414,0.022099027138467557,0.8113850380125827,1,animal
1239,-0.026641183146191714,-0.203648589762265,-0.006019321873831692,0.35848308682769314,0.22417857342711697,0.1964240147114653,0.01659282837879796,0.12230903892574962,-0.2367016378665518,-0.13935542791984207,0.10098419778184096,0.05417806645027313,-0.044182750348595805,0.8369752314108985,10,food
1240,0.1256604401271819,-0.027952926869215626,-0.11479089564420979,0.0760203703606157,-0.4021687220285401,-0.19036528531045016,-0.18752577366519466,0.13209016222216716,-0.34717021411324867,-0.09770959668766192,0.13581356490601545,-0.055273303704155625,-0.26581801332363725,0.7265480142121794,9,electronic device
1241,-0.054517377429039206,-0.1470079937695191,0.21698163158549383,-0.2765713923275904,-0.1086746627868408,0.13001764745623873,-0.05218001232215742,0.32753078525996393,0.07184135983301361,-0.0035002245190156843,0.0044782654243526576,-0.0020814770094445397,0.060886656426377264,0.7546082064456846,99,
1242,-0.06551329771495205,-0.03445147538405266,0.16875013623784407,0.011612892132704031,-0.4351034745762322,0.17994053522074807,-0.19974315523940805,0.14412693415427605,-0.32866297339406286,-0.1839362733665698,0.18513016260172688,0.002944476960456094,-0.0371784151422936,0.7645126678922244,9,electronic device
1243,0.1430879987460636,-0.017101518595823834,0.3194555506375695,0.21637788687591128,0.12494842341398323,-0.06495125069061604,-0.05129135972914718,0.3062369722727299,-0.14519393974352887,-0.04372458390327329,-0.0640369782555575,-0.013126016544242936,-0.20003977952407354,0.7213695994351726,99,
1244,0.13936081451665508,0.05375303226562797,0.09897200338908957,0.2849530884426381,0.17378786955205033,0.38353119327241536,-0.18246166461612576,0.11190517376884887,-0.1346305176354702,-0.15675272010811367,0.3077856338256995,0.1273093905005252,0.08022334479748004,0.8040880346740114,10,food
1245,-0.06586857628463404,-0.08517438025454767,0.23519607037279516,-0.0316549333087163,-0.08181526926717808,0.15090336984250916,0.0131673831909257,-0.23286208875135958,-0.10370464035710027,-0.0894306588716583,-0.059729971597537575,-0.025022531705824257,0.10033543457169192,0.7772922484939607,22,sports equipment
1246,0.10711337342175864,-0.19956224011525003,0.020163227864877675,0.40402537144869943,0.15185640397705844,0.24627022986693822,0.02751566828464321,0.08372486020638563,0.038733488790926134,-0.10284329088969228,-0.032484588269545124,0.23569369938991733,-0.17662094309176352,0.788640981436232,7,dessert
1247,-0.04888519199434285,-0.07244082652037553,0.06874706239114473,-0.031583649704900685,0.07069439988061664,0.0761415344504918,-0.14182847151440078,0.25704547193884425,0.41430444727361654,-0.12210493830145389,0.0007351443783085478,0.28011045863692546,0.1702903936702214,0.7640636679554877,99,
1248,0.1042331447601861,0.0006067998223653424,0.11577777350164693,-0.11840438742932226,-0.04043498253857457,-0.00900563607994408,-0.3054038776446782,0.18023204594141887,0.034431908962902436,-0.34591759267855887,0.13133152073665738,0.0035612338617341576,-0.07488615629481939,0.802248352152075,1,animal
1249,0.11655415960526899,-0.05910252819063997,-0.016770702701703243,-0.13894433929640287,-0.17666490995053521,0.02962076069557977,-0.09044761303169609,-0.10164737748694512,-0.09308986888369768,-0.3070245649729201,0.21173560733914112,-0.0002663155147204542,-0.09043775806439584,0.8528724013480112,1,animal
1250,-0.08267872274586123,-0.15330302705110563,0.2821918543086843,0.17294246166116276,-0.12735800890273902,0.2713016157959815,-0.014517449317553513,0.10404902700537734,-0.09434607288093112,-0.0030011798983995345,0.01855814329108312,-0.21798859508958163,-0.23488159897442276,0.6925981688016349,23,tool
1251,0.0781521141110017,-0.2882877807654852,-0.018074903683562182,-0.01292045084281681,0.06738070969828712,0.46433743632512253,-0.16299977131810772,0.23791105439484841,0.10706082822665997,0.05163343201680267,0.13823262462115327,-0.12914370566773034,-0.2476440118159089,0.7101076496453695,99,
1252,0.28260381529895284,-0.21496214589251267,0.2442633300213641,0.09724575192927429,0.10288617725074145,0.02706102167941451,0.008848496872996662,0.3517579165373603,0.10582542302218084,0.007469057451991456,0.09723104183145406,0.2586801173995985,-0.2588814355441139,0.7352156639976332,99,
1253,0.0442782014340277,-0.060739685659939646,0.19750920219964616,0.3457824283868574,-0.04785576261662908,0.03902635443388487,0.0010945923805100542,0.13516353480037022,0.06690228401395404,-0.1702657370623575,0.3464013763568472,-0.056772770262700584,0.1407711325543611,0.8029696994211941,10,food
1254,0.12086710518543993,-0.17630162517899936,0.15985407720862627,0.2851145997438921,0.011810571113790622,0.25941186459065585,-0.11651381321970253,0.018233953317670075,0.0956589046100759,-0.20622817030516008,-0.023311068029708684,0.15544919759946213,-0.0006546211379710011,0.7784589522333628,8,drink
1255,0.24278514210425686,0.028981137989582413,0.3249577732447645,0.12820086763910277,-0.057066330709951506,0.09397192265592963,-0.012560548271931815,0.10641575998277457,-0.3849326142642638,0.16446106786353137,0.3114482658626703,-0.09969532124139183,-0.2280043781944499,0.8066298149555073,19,office supply
1256,0.10587237602982753,-0.19385173362620967,-0.03667310960352324,0.045732080663385605,0.35327968998349535,0.23942461241023183,0.13789840620306001,-0.09960071094921885,-0.08909565825523878,-0.08096080894027255,0.21669584872862244,0.025757199213756812,0.02977287590323945,0.8263322791263726,22,sports equipment
1257,-0.03767436045542608,0.17091766158438795,-0.3810858485347297,-0.09403382373361763,0.17237871301796923,0.0940909379635133,0.09696029652726519,-0.25483867339480043,-0.21315089905949092,-0.2513858231076813,0.059608845031376305,0.015497479728915018,0.11613526386279191,0.781972620378192,24,toy
1258,0.07536247817047156,0.03911800026035962,-0.10107772768147968,-0.05887540498535857,-0.05158461944768251,0.04836364896777383,-0.11205305766922703,-0.13052242777577897,-0.08017319140432037,-0.1701189964475387,0.09303972928382602,-0.050727665942877684,-0.05350824175734031,0.8261954041136825,1,animal
1259,0.009356463277121177,-0.3106593147773458,-0.45085607596118604,-0.027033562904144187,-0.19972525175367567,-0.07149647935668886,0.08112716552114774,-0.24317514394020387,0.07728183155352689,-0.27245874655830254,0.01835020885593248,0.07687313265881575,-0.025317812321359802,0.7894967445192093,5,clothing accessory
1260,0.1850650266537529,-0.2647995267127801,-0.013022412886379297,0.3113637516170988,-0.005156541707869623,0.1402590933143763,-0.1896508347478522,0.26266972142538814,-0.41181427427721323,0.06274666045123418,-0.11127072192350333,0.021355232277271128,0.03833228326612353,0.7607480755587304,26,vehicle
1261,0.030631469136744256,-0.20830326094326437,0.03110350085524026,0.2229299082664807,0.15836020713161164,0.2484626518822637,-0.02487904149546562,0.09837803249480875,-0.14625457176316292,-0.19994160351837986,0.11333499692784088,0.13093375581246425,-0.08381845814511865,0.8161111546473484,10,food
1262,0.007071369720547644,-0.17259828047177403,0.06991733617268986,0.2544940058919228,0.12144522039994056,0.2735876328065951,-0.031101703365350463,0.09991593137324327,-0.1582201536127424,-0.15048563544329482,0.1704267304687513,0.15861890132698933,-0.10136447639573203,0.8010871553301119,10,food
1263,0.32656279809547595,0.014809375449499809,0.19775812488404831,-0.14795904326260015,0.057310902751894856,0.09874703918950596,-0.1708400294702331,0.009004342720985548,-0.09426724671455723,0.038992603063264436,0.15119379429815719,-0.03660388277698368,-0.2292357777825073,0.7846570773400042,23,tool
1264,0.12596864527509063,0.08198206133003827,-0.3582397009522847,-0.05966346192301983,0.010115798313815948,0.20088937089224465,-0.28568327584540587,-0.08216559387106753,-0.13164271625474652,-0.19613254996347682,0.09177627551062048,-0.06284273622482597,0.04047726746241157,0.7676316549057737,99,
1265,0.23701884809649043,-0.1482692766498377,0.0788024687509319,-0.19921376811980024,-0.10468837694397665,0.0741118194107481,-0.17780940566447348,0.09941338320960569,-0.0024272994141139146,-0.20381782817737837,0.23546572490963236,0.062316260320150224,-0.1114735928398118,0.8172249848978456,1,animal
1266,0.23353430106658524,-0.11918292414250044,0.056291154444187884,-0.19063181862545908,-0.08735280915222997,0.07729431245033705,-0.1870009955346411,0.0762790544311739,0.018712632595791714,-0.1755270948285622,0.23348381174862948,0.009088617803541062,-0.1222530521522313,0.8188888306950053,1,animal
1267,0.27646872767543146,-0.2781932505925861,-0.0029764730271886466,0.029174764568207775,-0.050473740394130294,0.07788477836787366,-0.12771599127168343,0.04013760261638308,-0.28861255734289487,-0.20644786001707094,-0.01348213634577419,-0.10642502105882755,0.1151795907791539,0.7095712909048807,1,animal
1268,-0.06421747588382762,-0.20304052278972254,-0.0009286503012179332,-0.030793162991166113,0.03927215522359503,0.3967042607968247,-0.02903184086836171,0.16678778195917324,-0.30469946877541215,0.052958766095208616,0.18678184752653368,-0.22216873450763094,-0.5051196484659615,0.7936324099082074,12,furniture
1269,0.07391505123691229,0.1458433564086928,-0.12957220232934913,-0.1764302300277262,-0.22956291214846483,0.01695695680472517,-0.2919063674584228,0.23814797408867644,-0.27536187576620397,-0.1634470365768014,0.2175115160590924,-0.3931017511184121,-0.26810613081060536,0.7641595852697995,12,furniture
1270,-0.027091244433853634,-0.1401018213308112,0.26284203416388074,0.06021386469476211,0.09254441521511898,0.34007390062304044,0.05049695174956752,-0.25018190178277355,-0.1517109371566576,-0.04939905217229612,0.03519979365388681,-0.09383865277187384,-0.026032308353471468,0.7731748379194421,22,sports equipment
1271,-0.1388291607608484,-0.14169720630222415,0.21198924758561696,-0.07920984790752994,-0.3434019748609573,0.2758149591323903,-0.16979363297834238,0.2095039415855479,-0.24741311254272222,-0.0060614118139423285,0.11909047378281981,0.2013700343061842,-0.09340814223751219,0.7552557617464551,99,
1272,-0.14659415031279427,0.1004145560442563,0.11008347527267753,-0.022858122529041913,-0.03803271477282681,0.1730108773017818,-0.2445864504159865,0.09756565393094192,-0.24693166235370143,0.15228942172895324,0.2261690264259729,-0.05297583857209244,-0.4634908101677284,0.7904342965318576,99,
1273,-0.0753636328504525,-0.0007502392747727939,0.15598133866502648,0.034019450952189584,-0.25174929490050474,0.3494119365515521,-0.2656078705848611,0.11186484891244454,-0.23362035700584488,0.13499439962669185,0.27724385869915324,0.07254261065088036,-0.14173625543580148,0.7403355243149853,9,electronic device
1274,0.14395009507734513,-0.1420696993978056,0.10205919636763329,0.33393012202465533,-0.0027421965497041478,0.2694952350467791,-0.20014972861635005,-0.014625475100534219,-0.08420501492029211,-0.2338467512829297,0.22164420269089688,0.05163884426711636,0.06845669708917612,0.7975370022930999,10,food
1275,0.0942418856048854,-0.08051147505469397,-0.1558582923562531,0.13821497777190267,0.1487066930350242,0.0272327893032083,-0.15371664735688773,0.1269811487855763,-0.10944654771453709,-0.31290063877854746,-0.1873032786159468,-0.09732038984462935,0.08516409517733216,0.7939746420079332,26,vehicle
1276,0.097377888228424,-0.004484362471864494,-0.20977379167642293,0.064777515080511,0.03388675203878171,-0.10838361346050267,-0.14880186148413102,-0.12807254788539726,0.04840434143042649,-0.055657679861943025,0.12464420294381565,0.21219769430064264,0.05006389043772052,0.7445218737901667,99,
1277,0.1271597853654276,0.014007279495388889,0.2335701203909455,0.06515304808778269,0.1869802269716111,0.17489150811940085,0.05020333083297285,0.13987908194018625,-0.09289169019051861,0.06433269912252265,0.174184584047219,-0.06486646031923034,-0.2957541698465095,0.7769316945849977,99,
1278,0.18081629642084956,-0.19825898220349306,0.22237929591317646,-0.15359318542596043,-0.06430029830492393,0.07987154364794267,-0.09460491694920833,0.25769772982853123,0.2247348587223584,0.10714041626489562,-0.008693715720190074,0.2860430400179691,-0.19295491637778958,0.7117785106901672,99,
1279,-0.08813525105853338,0.03249471188741042,-0.452186071036683,-0.03515788046855098,-0.0553204569653191,-0.0691081547011284,0.011206215098286388,-0.2687220971602626,0.12690303256489435,-0.4442353374476676,0.14845351101530221,0.18935626368548042,0.16009867514397721,0.7645179099580872,4,clothing
1280,0.15211868725594394,0.08652451767026069,0.09996973900439166,0.3052043255648873,0.22830202812490313,0.324351780621891,-0.15275542957584667,0.1534004908460388,-0.12002121322976739,-0.1507138172475025,0.30914234666566603,0.19552574969055236,0.17503360473855423,0.8184348006880624,10,food
1281,0.0964537054596122,0.07428940965437522,0.11711699348078533,0.11385548559005977,-0.005280714651897316,0.15901462232417934,0.19417529469447428,0.06513233290379553,-0.14794651080598717,0.11389597999884536,0.3360344845053309,-0.1738109158992255,-0.25979290314700043,0.7911366846944768,23,tool
1282,0.1926965591360423,-0.1037045894460656,0.06330809632214074,-0.13954925682489586,-0.08757721521187381,0.022194701217847997,-0.1469008247931775,0.0797453223319319,-0.029764982879437213,-0.20322662007244718,0.09773335391175152,-0.11931578229346967,-0.14391424159430188,0.8160949920349484,1,animal
1283,0.035805806517090116,-0.2639379682822209,-0.23046244200508628,0.20012617798770918,0.08947755956277131,0.11244520130361467,0.004112802654050211,0.1624854596181563,-0.1315011355028349,-0.00666802823068329,0.13538829524712628,-0.08039135109207107,-0.27862723823554875,0.8039954335886622,99,
1284,0.1354840352157309,0.004136557504966953,-0.014704851616559059,0.36099894337846844,0.07221114731023287,0.26129961392444584,-0.23484917784458154,0.023023151033243962,-0.09396710339250726,-0.13378308995628702,0.10089999352615349,0.06450841296631278,0.03352545078725532,0.82084238071472,10,food
1285,0.2736694577145441,-0.07535181634906728,0.06967437116403287,-0.17388579742322718,-0.15942806447078478,0.009004646767734322,-0.17896849516752594,0.10177486615203209,-0.03928859343591853,-0.13668563944640524,0.22977224387684855,0.006805200020465309,-0.13716178638104595,0.803736152059323,1,animal
1286,0.16990618832087087,-0.1339696344497506,0.3952473153906484,0.10719584426574799,0.044670665554447486,0.1386731779554653,0.06897103340689188,0.08931474667487638,-0.2676556059723387,0.19113022067490051,0.20785326205882973,-0.048972111913639475,-0.26812496518125,0.779475867951587,23,tool
1287,0.038970836152736596,0.2004407872901604,-0.07625809174142831,0.072219299000015,0.08343431920612938,0.03338848557838896,0.17765602357705298,-0.4133996937563211,-0.16171190819956124,-0.21663045420977586,0.0393792074708046,-0.11273702780685713,0.2077831936238566,0.8041919968409655,24,toy
1288,0.08970509051464613,-0.16992243107843824,0.18465127523994238,-0.10776457233423667,-0.08993252292862758,-0.1006461990777007,-0.2137225985564627,0.10097555961868006,-0.1758945531938791,-0.12371624862790698,0.20953884608843446,0.01617955459517637,-0.04998392316987349,0.8522403455245203,1,animal
1289,-0.02243923301277054,-0.13291655702782215,0.017744078622899596,0.28062639742201523,0.12628586467282427,0.22064925887928274,-0.05882419148618039,0.09134141781922213,-0.1806134297748454,-0.1744356396831464,0.043161067146081256,0.04960348698572668,-0.01269377563453486,0.8255144569744737,10,food
1290,0.283961629302597,-0.041684678829254744,0.1196400261195117,0.10466800608633628,-0.015976133639636625,0.0219390313573559,0.07627756175298545,-0.09208545572640031,0.13980476153820137,0.09717051643662927,0.17553375929614298,0.06175764331716195,-0.33693664454501754,0.8205272691472949,23,tool
1291,0.18899837896952698,0.17999304412241357,0.0991094602095373,0.10092577190846574,-0.0959404954759323,-0.0013164248971484094,0.05687332694473974,0.00035913547625560744,-0.20538980268166218,0.06819559712179078,0.18478071934499538,0.07123846705540357,-0.2910464157157378,0.8045783081233444,27,weapon
1292,0.005526094978995534,-0.12041498216935952,0.02125313905077977,0.2063310812889438,0.05923904901529395,0.2210232393776517,-0.03301327676327765,0.20437423442397912,-0.2741934158954172,-0.1392200405219401,0.17571438508602655,0.0750097131554854,-0.11475628517764826,0.8413940364167253,10,food
1293,-0.17548901853877413,-0.07576101472438548,-0.13167668369661836,0.17888742359483004,-0.31896336495630606,0.18771943084516207,0.08144938979886152,0.029813897468038364,-0.23450183398261773,-0.28700561998046104,0.15894522563767857,0.02811778570133842,-0.01697368982101273,0.6884963444414663,20,part of car
1294,0.10386432700758826,-0.3074862270564927,-0.25276795600408686,0.07777126270259749,0.18122035135736436,0.10218264184585722,-0.15129308320390905,-0.03834170774642621,-0.0575375831537238,-0.1085764590043165,0.44777869555704924,-0.23454887421725099,-0.008122095479454756,0.7618304791269909,12,furniture
1295,-0.006610687838425028,0.12046990055728786,0.3209634199551207,-0.06505403889362332,-0.2917725733072028,0.3868508947279713,-0.051535039993559,-0.17010821223087777,-0.23994405756188517,-0.20245831478786944,0.16239510360137185,-0.008383680376907473,0.011925577751157601,0.7720378279187652,99,
1296,0.10468153961433796,-0.0408521126467419,0.35133184136079615,-0.10875681873400107,-0.2844840855765296,0.4239407024136874,0.04046739331840554,-0.0009071107400873234,-0.15811199104126153,-0.14567807836828253,0.17128785196663907,-0.05707720218878548,0.008251254066598343,0.7330505849520613,9,electronic device
1297,0.1922387235369784,0.09890632904136294,0.5085688516024631,-0.16446560426691728,0.26151424762804376,0.2273613233379951,0.11401675595749748,-0.16878228473313875,-0.0771236341317342,-0.033156569949818734,-0.007637223125496092,-0.35880329426589613,-0.1342765126885064,0.7597018405001211,18,musical instrument
1298,0.1630065980823688,-0.17616437787527583,-0.2872368250703897,-0.06678976773215542,-0.037998114092937595,0.27591482038735377,-0.1867775717049297,-0.10219685125967462,0.05373205855924302,-0.24278082158908912,-0.1187572054115351,-0.17616196365806855,0.04149012244824744,0.798105234009782,99,
1299,0.015504646202676789,0.10474252631420886,0.2299914490434061,-0.07251985944305685,-0.2749029739791723,0.4221915519160892,-0.15684117686777896,0.025858071143261226,-0.4732945997689147,-0.24927005133537608,0.10567194688981299,-0.18277905279100434,-0.1475947695917697,0.7260128690616497,99,
1300,0.08959086898077405,-0.25347783827053977,0.09029784386089991,0.3189970583256586,-0.1257276081078181,-0.05674713534507506,-0.05573485673053196,0.22892418914651744,-0.10553564915006632,-0.016228681375702256,0.14575711822965556,0.10410685322946503,-0.3729005935923695,0.8193330865426502,9,electronic device
1301,0.2200840118492603,-0.2719440916545044,0.08187565262103441,-0.13080335892362074,-0.13500600431005877,-0.1029058610800541,-0.06581639523438838,0.19250718383313808,-0.12761543119887128,-0.20472048757471512,0.04389605701725586,-0.13162475249854738,-0.11168292252083373,0.7325105511194564,1,animal
1302,0.1919341891697209,0.14342588251460353,0.017970680191329472,0.08803256466375177,-0.19322835184448514,0.23812096214825582,-0.05256052032374523,0.1124398931797551,-0.4085304386581682,-0.010206688307684453,0.2829835268117848,-0.1373807219081375,0.06578234259191945,0.798864391645433,9,electronic device
1303,0.09288695915800134,-0.10297681005942157,-0.2427665565402875,0.031728315664222705,0.014332895091568345,-0.005749750246460443,0.07438342491013095,-0.3523626263082543,-0.0573101748314293,-0.1402177051735293,0.050474483138020276,-0.21100230820527568,0.06665680580213627,0.8173635895555024,99,
1304,0.14511571165043877,0.005819234506885965,0.3685822150642611,-0.017723646585456318,0.2314059363313874,-0.08730077729631405,0.07984162235777999,0.19317205346108587,-0.3012398504052485,0.13686493574852596,0.06856120796742246,0.15435897408994115,-0.413392531836665,0.8568289237390204,27,weapon
1305,0.033246896997981626,-0.3636536173425137,0.1030732463348193,-0.04941691182645995,-0.14659978154608833,0.34738778385094293,-0.08855587893446935,0.19146393602925496,-0.12568087293317015,-0.09457932884285532,0.06773043318508883,0.04783301020461998,-0.31975968513170605,0.77997013969769,99,
1306,0.23221220144428087,-0.12900309692691178,0.10094609300763291,-0.11058569191459579,-0.14154525178843108,0.004717616253909596,-0.2148841185038486,0.15480395323838286,-0.02793281697198744,-0.15540371493948865,0.18315291032730005,-0.06302366594711477,-0.15911364882859486,0.8554656556180947,1,animal
1307,0.118410777781826,-0.08136101206472371,0.004617031108516638,0.16100136114384417,0.09709903222942932,0.25080666398350804,-0.1097522137913991,0.15022694754743246,0.0005381305190416556,-0.0441700387398435,0.26337900776569806,0.07110964999602543,-0.08257759977061804,0.7880571970660407,10,food
1308,0.01563376914843469,0.0899614010001431,-0.11271450850612007,-0.015341868321307049,-0.059629884814104195,0.1073946563197131,-0.48217666492106775,-0.3056873325636911,-0.21083508057899278,-0.1142474025554012,-0.09075120647103574,0.14601174441946002,0.13791167189962153,0.7900271002710028,99,
1309,-0.054946548600473544,-0.10994075127408483,0.19849445579311853,0.33908471247273825,-0.006126467982312005,0.1412474665413464,-0.09712428163764288,-0.04677040030858859,-0.12139644086112909,-0.049716354876424985,0.045501659817871895,0.26513825386511863,-0.14418285310188603,0.8286313620970458,10,food
1310,0.26120670823610154,-0.3701266815146589,-0.16006367165467608,0.17580617704818044,0.0026586523559218264,0.11732485811501688,0.07675270225808355,0.29135731325812275,-0.2700578286557453,-0.008757037700386026,0.002077111054152584,-0.1495241251001914,0.06038441008177227,0.7717167461687761,26,vehicle
1311,0.19216766037106087,-0.06900319755711888,0.46020720281662475,-0.07887951242359953,0.2891935572955116,-0.08764137546591645,0.1553739246964001,0.2604356180178117,-0.2574617976813211,0.1050514358539621,-0.017108142148119235,0.018627617232736288,-0.39051253506328426,0.8277584363886868,27,weapon
1312,0.04571669361952565,-0.21678913954212875,0.2633949584986697,0.18430511953393822,-0.20794873260990282,0.2763619461668125,-0.13778564582830882,-0.047194438161444606,-0.22906767697453193,-0.030593109357655864,-0.043756367860971444,0.1187392129349284,-0.11161782032186639,0.7357918671333076,20,part of car
1313,0.1992302811370528,-0.144233250920429,0.19530038143100292,-0.07201061678264258,-0.06608754676285021,0.29675526337372143,0.08465214221850283,-0.12916314274707025,0.09489695632452995,-0.07828935548772718,0.11876872672365932,0.11335987067146826,0.15572747637751255,0.7720713959356601,99,
1314,0.07180604747461095,-0.08085135392074544,-0.09321494478989194,-0.07763110833234739,0.12043249143860521,0.4185271094893634,-0.16653337621746725,0.091544912365857,-0.17540324968104012,-0.17481710964841266,0.1610911945582622,-0.3590521501300575,-0.21094270491365424,0.8151506328902813,99,
1315,0.15379096402831754,-0.10632635982050305,-0.10117705362415744,0.0379771409346279,-0.10359425174355869,0.34646090230133975,0.0175350270186766,0.26547163295324533,-0.1573530564944016,0.012174547766747748,-0.15426308607381123,-0.002574254320050411,-0.01731201257851285,0.7681021855765117,99,
1316,0.2533774522562254,-0.2227617667948008,-0.12911746736511293,0.2983456366569084,-0.16619519385276024,0.15534988780403097,-0.059310739275528566,0.34294129219517866,-0.32000111016254196,0.12805746704286924,-0.06359942348551267,-0.08705003756555091,-0.14690016710023943,0.7561816331195221,26,vehicle
1317,-0.023669844685653398,-0.133019669103712,-0.4628311226257472,0.21943642886923945,-0.13999716620919472,-0.2189603399418307,0.058390631379509554,-0.29411352385906386,0.1051094748252353,-0.28860797557412926,0.10645256413804821,0.12496380218003614,0.03041804489522213,0.8191010592968233,4,clothing
1318,0.30892587587726006,0.08827912009329356,-0.08785285709333358,-0.009691028464697188,0.05390840520209086,0.3149990237175038,-0.11021268141452054,0.026857819560279567,-0.5173936497482856,-0.029304735293219718,-0.11832227548214921,-0.03655043494748367,0.1765342464075691,0.8137344781096785,24,toy
1319,-0.04302777807440254,-0.005679474672015973,0.21236202387222058,0.015079722006814676,-0.09586201830537625,0.2922009497866033,-0.0854404708944028,0.31889424397257193,0.2945096522298044,-0.11893343181567302,-0.07513295654981275,-0.021071124680215016,0.1670356961299912,0.7544438607711784,99,
1320,-0.03247037381848346,-0.08176408157520045,0.2133167136931925,-0.09502345437044545,0.07306160383980961,-0.1885007645761374,-0.017585094407799227,0.3646388351302984,-0.14201264748221712,0.060568604206355084,-0.33937572871035115,0.16214091987214616,-0.10627077905582526,0.7500686046005871,26,vehicle
1321,0.10195717233601563,-0.2627887504438157,-0.21334090640635314,0.0556367580845964,0.1892815509123461,0.24056548370323136,-0.06343528990937297,0.31643368372039704,-0.021741792328043064,0.09703871864872707,0.25041197738449994,-0.36081985172222836,-0.08559718586120671,0.7887351423754226,12,furniture
1322,0.37230574691713114,-0.27052498230255767,0.046688677648490946,-0.17212274490243332,0.18949772319077798,0.25046020413584247,-0.10401986224836815,0.1714594102569182,-0.25465206657202405,-0.03190428256869476,0.009659065709401574,-0.10846926014421393,-0.03300719021493758,0.7703711348209364,24,toy
1323,-0.13536836183525275,-0.22096090907130944,0.06418357136264767,0.2889453554244222,0.13064650976038306,0.18087208511782216,0.04967851650238168,-0.021950123885027168,-0.05291686852122497,-0.18410510482067172,0.11803526645451322,0.04797395284409556,-0.03822531466712715,0.8106287655997333,10,food
1324,0.20245644068276966,-0.16916650991233464,0.11352068791451705,0.15093942007055117,-0.05851642443211094,0.29883715424434515,-0.005275005766078814,0.3195241515698503,-0.05799203158856001,0.13034697436957385,0.22506448431108478,-0.06515012180272375,-0.0889883223295593,0.750302413921946,99,
1325,0.04135253212424583,-0.265469658360493,-0.0379687249239054,0.2791890029635099,0.1800454815979878,0.33011085591887385,-0.10427448419643995,0.15023163649234494,-0.32734497062697027,-0.1489725987999812,-0.3230972462038514,-0.15750725318749814,-0.09130259316378397,0.8005844956724667,99,
1326,0.026679565527343935,-0.214817871557064,-0.12442799165370663,0.3360172111436267,0.0680398727193118,0.1436593476551339,0.06343729987482138,-0.06321968744719049,-0.33677261464608704,-0.13539850992720284,0.045051580028841645,-0.027727517282870633,0.3725300813059729,0.7856556478022582,22,sports equipment
1327,-0.013475322372508635,-0.23068408656448605,-0.1452404173286173,0.2082891489335196,0.1605589844305989,0.2996676012498183,-0.04587324839504665,-0.1437939094469516,-0.2598680347822896,-0.06177748341540594,0.06991895307338789,0.03777780845990645,0.3699966763698808,0.819986711400868,22,sports equipment
1328,0.2815526560359144,-0.02666385252538601,0.26730099231321164,0.061704427027316634,0.2491158849002481,0.12774317857099118,0.024837889618485272,0.058342059482170645,-0.08497879557507292,0.040620377217913346,0.0866933686083974,-0.3191912866135654,-0.32460234957605416,0.7665868176538909,16,kitchen tool
1329,0.04564627569289874,-0.1308597211273687,-0.048739038293361424,0.27431624186693826,-0.101964781822243,0.1165021588176102,-0.30105436946724584,0.32959191277467714,-0.4075193559700367,0.04892672727983983,0.10040775668962738,-0.02414094932391604,-0.3028769061363227,0.7056277471114994,20,part of car
1330,0.3149485202153772,-0.07186521444057188,0.09838467263381252,-0.05757020337776019,-0.14411673040693132,0.04665744202486512,-0.241604903342843,0.11970612729187712,-0.058016639585776554,-0.25111180926023147,0.0964850525894837,-0.08292753193512892,-0.10204877725972766,0.826774787754449,1,animal
1331,0.002377736294587294,0.057485670969586566,-0.03540697583576649,0.06780652759076311,0.05859993904879209,0.22540107035376908,-0.26730759962046335,0.2838289985499232,0.05822170326210373,0.01817036653510419,0.2635465147485133,0.04498084404014623,-0.0033632158353233987,0.8057412406997675,99,
1332,-0.26176792550238365,-0.049322857810564946,0.08919057684595354,0.2597074264585034,0.0596578858748117,-0.03967204754208239,-0.15680659206792594,-0.020050550808726954,-0.30976804470857805,0.052166622044701905,0.07125534053689175,0.03555620295319318,-0.11153283946029165,0.7778407432282222,23,tool
1333,0.12098015975674549,-0.09930740059318459,0.14836932778919357,0.103519763270375,0.1050147120291053,0.29863834831799685,0.11653995869337701,-0.16360617269610378,-0.17166722193208458,-0.13575782743774628,0.16602059502133706,0.09551888919978851,0.0185008983672778,0.7862794140932857,99,
1334,0.22062509957495258,-0.13526336328412908,-0.23869320266002322,0.03615553979306004,-0.025058337768445516,0.27296262587742953,-0.1814337780166087,-0.13558654219087354,0.181226654435668,-0.1696058250266947,0.10679921671227591,0.19553212491156852,0.16140434668694434,0.7510337946681676,21,plant
1335,0.16265716912904185,-0.12817216317633953,0.23532264530279806,-0.12363377487318085,-0.16536845784999304,0.4937702035997928,-0.10988534448060074,-0.05472141324877431,-0.13814183030837054,-0.1367529249727258,-0.08450561790837613,-0.10823260079257742,0.010278303890373694,0.7843519968138872,99,
1336,0.18163875765456897,0.08208302706593114,0.07153884776147776,0.10257601001219498,-0.39510940586418986,0.14667917959147603,-0.148938983372253,0.18014639425696663,-0.4268207731509243,0.007138599826829107,0.25316757670779655,-0.09294863131822777,-0.08867530954370673,0.7520168764389463,9,electronic device
1337,-0.07876419008561339,0.029588304555542313,0.32477288345479577,0.00441351841046423,-0.15274155541794476,0.11109108767231798,0.059608576202565614,0.03714618527363054,-0.12470196359113828,-0.03310738623601657,-0.017025644172320865,-0.03052049857641157,-0.03268947841958428,0.7828880656143173,19,office supply
1338,0.19539669985271443,-0.24499386858671118,0.062179145863287454,-0.15655181450858455,-0.3541258840659851,0.2931794033021146,-0.08929729718125408,-0.061660887514152454,0.22738854353753063,-0.18137946370751604,-0.2222437665058235,-0.032252422080080244,0.2662642007593618,0.8050328105121073,99,
1339,0.14600621042131876,-0.26569166880065204,0.039272168511678876,0.12803383884612865,0.10609112971102931,-0.02250027729005495,-0.14943307284167115,0.3281028670772498,-0.11636568364613503,-0.1119829240807272,0.005392779508019803,-0.3193032741618028,-0.12948139580489854,0.6991942653097154,99,
1340,0.0137431145459091,0.009501054995372918,-0.24725315379926677,0.008374883992916226,-0.02526338256789105,0.15974020526016625,-0.3194718640801986,0.08640876345357158,-0.011030623498847956,-0.08852068164126695,0.20938859923691738,-0.05950838479043829,-0.08015121134863858,0.7947967229386889,13,home decor
1341,0.10265522492234062,0.005436760223159847,0.18360753224732207,-0.1408607746586838,-0.11150848452650494,0.007912323347016862,0.0020669796323776347,0.15015796554447405,-0.3177349479146673,0.13902745309618672,0.14242641244799611,-0.3434866753086163,-0.28271241310357365,0.7936604753332315,23,tool
1342,-0.08273513801357606,0.19087598989538157,0.008808155269365268,0.07636728023900932,-0.016738182353338973,0.14312050531475104,-0.2492223471495668,0.3768538403583101,0.11519316369859219,0.2044992995696217,0.023158234954364323,-0.0025994235725039666,-0.028961174311735137,0.7251829611283157,99,
1343,0.23441724367336086,-0.3630364985173413,-0.08969382669978034,0.12217309323683045,0.020130865283995353,0.030487479034351568,-0.04175568782849944,0.08369497914715349,-0.20760038673512865,-0.27355706899772886,0.03097347571603001,-0.17524487299497207,0.08122803818165501,0.7927116473181448,22,sports equipment
1344,0.24301972343148986,-0.00991892720944806,0.23486358939296217,-0.03273731757669243,0.07389863353133128,0.21462030273706534,-0.09461275537799349,-0.057434475576168736,-0.372768237746548,0.044063326766532504,0.21818896973672675,-0.08895431009438953,-0.14162383979219131,0.8037270629747195,99,
1345,0.03243115600298439,0.09559261361476806,0.22337616081351147,0.332725964318707,-0.10028915633092103,0.1891060572114892,-0.19856827896063484,-0.019127643866012886,0.012262621836615868,0.048831977533957675,0.09976774599383749,0.10094930131353276,0.008220116788056299,0.8098432606420529,10,food
1346,-0.13584389066079067,-0.16837866934856044,-0.11510127043767186,0.20785736820619946,0.17194769128019186,-0.05425322806226764,-0.15034376018965065,0.20778200231677738,0.011581825040657247,-0.3327701989648898,-0.2987722650735792,-0.07358533253693393,-0.15035776106893572,0.6846525223241796,99,
1347,-0.04789779182300996,-0.11627947219025384,-0.12327888909907016,0.2273100784162048,0.15149353691070896,-0.11696718866474103,-0.25538926762559727,0.3259026998904,0.02339568225262619,-0.31961535507964683,-0.32968665437378375,0.006417310908509332,-0.0876244814006515,0.6855126402623194,26,vehicle
1348,-0.06769285510871575,-0.19346621297008768,0.05047574290059379,0.20420867131870432,0.17912836292985448,0.34251814688535676,-0.1693981090723478,-0.0026567915636519198,-0.08713709370930349,-0.03009224885098501,0.3130440841387861,0.31228902140601694,-0.0017712737519195963,0.7193780832289725,10,food
1349,0.04378008358387231,-0.13577809105220856,0.19855869192737116,0.14417927697376606,-0.00515017924826096,0.277477386559915,-0.004991328573622009,0.09250839714867135,-0.055738253672552966,-0.18325978527575312,0.040920863481604904,-0.008236443925078961,-0.0477143541401536,0.8592781790310674,10,food
1350,0.15066473751444132,-0.1843116498629176,0.19491899097063903,0.30204784442783883,0.05452270086782344,0.1371862883367247,-0.03020811008847531,0.0025622758189784607,-0.014911073555518817,-0.06947422212106495,-0.01795918903335666,0.08940993433627176,-0.16481904922513915,0.8148595133471578,6,container
1351,-0.2422798583054005,0.27939211036488504,0.05273193135441584,0.16970531449455353,0.00023593279346020152,0.215826271012466,-0.16749346881591498,0.35857525929893935,0.2688130119678028,0.22398478871671496,-0.16851319346208316,-0.15238025205638828,0.14491759604259757,0.7936224575276475,99,
1352,0.03212348293751602,-0.046096439222010746,-0.3891514366348489,0.29549140960542436,0.11189918164732703,0.10318645007368771,0.21955468747710397,-0.20350761990677882,-0.1705162966026107,-0.19012879795560947,0.30733589777449255,0.04523205773271256,0.3912406133309708,0.7751206240363478,4,clothing
1353,0.0037769407747099354,-0.045276209007071536,-0.2103497192570235,0.07610986781320356,0.10976804779506369,-0.07344706395570953,-0.06446353661126863,0.05728480519608441,0.03168924984321073,-0.2005120933646041,0.030832817208382747,-0.03373849639636127,-0.10692203836048668,0.7738984158425772,6,container
1354,0.08375938381479937,0.032650488973915176,-0.141133974115516,0.09312291061746969,0.11216653162687494,0.14062366734566678,-0.14080302312140544,0.3339736032860167,0.0352276716275151,0.06760615152421788,-0.07853148545877922,-0.19838762685532735,0.03951673214562704,0.8131095548022012,99,
1355,-0.011224912096009057,-0.017675125212824386,-0.17549780707415366,0.0019092740027090137,0.26320651717888316,0.3893963912736397,-0.09085758541541916,0.3206963692708508,0.1881241926055748,-0.08064042362077405,-0.27807113971435926,-0.02521811622541502,-0.0203084854148737,0.7810525655569617,99,
1356,-0.0756441045970999,0.10091342751489077,-0.05219830036693185,0.06655874280299619,-0.13703704463666067,-0.08455313150845145,-0.1094627204031319,-0.026598766592131586,-0.016822028024510875,-0.028438234606141487,0.23702298954853693,-0.19110111054136564,-0.21188795409353128,0.7735441451904866,23,tool
1357,-0.1096716493786958,-0.08082035849627633,0.03376200188391784,0.25980760003974734,0.11194364694108994,0.2783249741717691,-0.1083597333910464,0.07881176111409996,-0.14882945071741926,-0.06394060084622237,0.061067289682898464,0.12579520131615626,-0.16086939753406046,0.7874460384858332,10,food
1358,0.09116787815654168,0.006087827920372192,0.03442419181248971,-0.14531293309452817,0.08177334689417191,0.278150972657955,0.051599125179925265,0.2722259215086877,0.12104220393257974,0.060896060942970696,-0.018305912598559487,0.16206797221587813,-0.23134462402211997,0.8068716683045952,6,container
1359,0.07444093040888605,-0.020724833540929303,0.10981821893256036,0.03785446489510967,0.1997978974539756,0.002069312891320292,-0.3602767596206272,0.35964241807186287,-0.19646581400386223,-0.32320883199989286,0.14818976803266212,-0.04940307057569373,-0.06028490292733957,0.7974470456894256,1,animal
1360,-0.08782068421789883,-0.06177582844106754,0.13139306728435196,0.0561389894577783,-0.08711605640605977,0.21156357195698228,-0.15082726538967217,0.4770440488322516,-0.14581484866477992,-0.1995456524617128,-0.21492976070183606,0.14957140687072865,-0.13396355408220054,0.6988164105542155,99,
1361,-0.006841607053556106,-0.07509280593363603,0.2212544285794963,0.07673452256809635,-0.2721888407646521,0.28495821220863216,0.11747349681408248,0.15418829524855787,-0.10994208306969586,-0.20103500881782294,-0.0923979414325969,0.023153943094422022,-0.2169410756696231,0.724115518627714,99,
1362,0.23717673108586312,-0.07719592030481365,0.08792086219938833,0.23129832815109788,-0.05149582424914948,0.1533186561364618,-0.11432885940993189,0.10554348177593752,0.01413991491317969,-0.06893505889668772,-0.11353390360987918,0.06452592491789261,-0.20231175340416752,0.8039971462190243,10,food
1363,0.01634056227830439,-0.2618763698670837,0.23402924300391842,0.2088680346769033,-0.18286357800697675,0.061749480233734,-0.03580962833388875,-0.14352349754194105,0.02703650856044713,-0.2016325990205878,0.06381382943027693,0.25294496708958647,-0.35336874836551435,0.7037836277449153,99,
1364,-0.07836110034037753,-0.0764973073563356,0.13373222540430574,0.3911073899998773,0.1621472814874966,0.09891713073007728,-0.2481693704211836,0.06308111204281802,-0.08237275265429175,0.03605116524889816,0.10279097656624321,0.1679534811140023,-0.024124637197326337,0.8526334468691534,10,food
1365,-0.04052933261384964,-0.0856454950989427,0.1193824738287534,0.15833730174563235,0.16103883314130685,0.13106685738802454,-0.05679616254720573,0.10670953220703827,-0.29121972822456393,-0.22617456759028387,0.046644426976003135,-0.11831247890712704,-0.277483291751939,0.8728133764160778,10,food
1366,0.24019103879788534,-0.06050270245128984,0.28251867100634,0.10433973819642257,0.06859363707791319,0.05242539719825628,0.13719620860630852,0.22572855652932947,-0.2141884282553733,0.2437549940596078,0.2976527198428188,-0.06555928803824364,-0.34227993027547937,0.7818551268302222,23,tool
1367,0.20489422591726963,-0.16524255907443006,-0.008103649829896982,0.11503998739501822,0.04408755774355812,0.12503245631460677,0.10667870948286232,0.3163434187294793,-0.12136826901402019,0.2037101326209116,0.35381411675126506,-0.3173350550238486,-0.40632585342819394,0.7284178727776288,23,tool
1368,0.17391288555578888,-0.08429425906548486,0.4096755249385135,-0.1549384760088008,0.16100356435486132,0.48790306844997516,0.016092517423739443,-0.001215438603789028,-0.08053627068474413,-0.05498601906011267,0.10672065527112082,-0.03251825607314294,0.044015021334717803,0.848866776809018,18,musical instrument
1369,0.01125415505870335,-0.1687755387902174,-0.036959993497436686,0.06276781023096019,0.14992207695323675,0.3374033380455119,0.06895518872980458,0.20695547548461107,-0.2430489444747404,-0.009694557719220932,0.09133434902615425,-0.13484220541088338,-0.4165823687450946,0.7235362330868015,99,
1370,-0.09163749738088209,-0.13639311013429192,-0.0717066722195963,0.09362741253566863,0.07419889507473512,0.3694424151288968,-0.046657937015341974,0.22545696984246533,-0.32533545769462,-0.057077871600848054,0.060483415057299025,-0.16878751475273274,-0.5725577598950794,0.7457053358850536,99,
1371,0.025696844625869554,-0.16011883415681996,0.18979387154378227,0.09605529976160924,-0.46369724544463314,0.3033393526911434,-0.10024785767707152,0.06767620246407223,-0.38776312937610735,-0.0028783097064825807,0.07491048136559895,0.1612808718635633,-0.17640394410450083,0.8024529942597233,99,
1372,-0.07735007190467606,-0.10644219099636623,0.15465789568026997,0.14805602695043044,0.22052404888312216,0.27411420057376007,-0.22357529409387525,0.034241022781886225,-0.1964453850873755,0.035992653284127964,0.4145287080399357,0.13759982159422426,-0.10428404320557935,0.8461591818074489,10,food
1373,0.07616999863664907,-0.16314629691121094,0.07288594818760719,0.298226798275111,0.16805556417328654,0.1945783841505197,-0.06697159399899998,0.15422038389519166,-0.11941470532227666,-0.23999660795974218,0.12452306206540467,0.16291978194913548,-0.005599074672283691,0.83348537435187,1,animal
1374,0.233836321476719,-0.04318146613342925,0.23695712626638937,0.0211627157835521,0.014936296416595328,-0.06101959070455189,0.2132990300465608,-0.08784833205998147,-0.1848298453496641,0.23794060554677762,0.18320063366905806,0.001573494292189399,-0.3380535697227731,0.8144850146726319,17,medical equipment
1375,0.09625674697806581,0.05782560349323058,0.00497358368328945,0.08507047344994728,-0.47491964737208864,0.013946518039878212,-0.20310248919322352,0.30009844545498987,-0.41448447513624287,0.03619832337729335,0.24268384075355676,-0.06467845032370786,-0.26378408584441126,0.7414924506387922,9,electronic device
1376,0.23984275815608155,0.08467547910993341,-0.24072286990469816,0.0306337392285703,0.11202719855480604,0.24700428193840154,0.09258487699676136,0.0041269357086722025,-0.22713190268361844,-0.1293218732876593,0.11550785134146752,0.17864999840193813,0.05120561740263805,0.8269704617088339,13,home decor
1377,0.14403523608675564,0.10858408520886922,-0.3441451030194802,0.0984137068044168,-0.0936418740396806,0.1950036094072044,-0.12707839386435815,-0.36217179446719744,-0.04377159950675869,-0.4124919474531905,0.24732397474399145,0.21699902617061337,0.2029941594011548,0.7649147787385915,4,clothing
1378,0.18641601970971808,-0.10650196992825907,-0.0427708703380951,0.18726263749756528,-0.07080999168886809,-0.02145480375922591,-0.09096342464556484,0.1713704722902007,-0.2969390001902158,0.036991797994234896,-0.08107625624290969,-0.13988350044954356,0.03123262198065818,0.796010656358598,26,vehicle
1379,0.18178222179574083,-0.06922703383854902,0.20226456418257396,-0.024551729823901584,-0.07679316712256828,-0.03631852849936617,0.009179141903560922,-0.12099013561385454,-0.34431496507539644,0.09239541923710098,0.18707792524922762,-0.009094975770362002,-0.3343168564858131,0.7824798422278368,19,office supply
1380,0.03631057001910066,-0.11860020648256128,0.05932951710175231,0.3094745543128966,0.19361717096420752,0.28013788288862845,-0.012809154762332823,0.17957400657170478,-0.14041649547180238,-0.1468267418512971,0.09368348437309815,0.06618326566904836,-0.09717798154558065,0.7668558897446667,10,food
1381,0.2142443234123663,-0.1697679857589991,0.3358809430194123,0.23291933525900532,0.060754584510811484,0.1304462765046368,0.1329258094384424,0.09929027921557625,-0.11688054442237641,0.09158037881060793,0.23760353722878402,0.10579242527817755,-0.25229984888033136,0.8083642921314954,16,kitchen tool
1382,0.22920333546328106,-0.2559719494384965,0.042948209595695626,0.22654957343523222,0.2755799145843968,0.29972272830309205,0.043695165989672796,0.1736011084961665,-0.33243308034400715,0.11073575042051534,0.011853928849404624,-0.15305924529158696,0.13010019052298244,0.7497670033883632,24,toy
1383,0.20195486081699562,-0.0004526106338699308,-0.09970692492065146,0.03474581509647373,-0.10991969270015263,0.12861532847227505,-0.049672630187256844,0.2266874188940936,-0.4527780366797124,-0.07422475675341907,0.014251377855313769,-0.15147403002526189,0.043245860225268856,0.7835502005448339,22,sports equipment
1384,0.22553863463077434,-0.05616447103111466,0.12163824478398241,-0.1923874796791978,0.06312990154846548,-0.13434152787223436,-0.4033591098052764,0.2235634619456803,-0.08008698206879397,-0.07379574616647533,0.3390156592717501,0.04629690300212589,0.04938874209792844,0.8131667113374432,1,animal
1385,0.20416794041794314,0.1067319570353577,-0.022136343641774924,-0.08342712299520544,-0.1350493281110985,0.2255718110681069,-0.3239832900312428,0.10983276780118821,-0.42549288594926277,-0.18793190286003897,0.027756757804247436,-0.1943306538828097,0.03175412497599564,0.8639255561511661,99,
1386,0.008651925703489877,-0.06161879707189169,0.12722910450522734,0.3055626876583315,0.15054441752081416,0.1096716014963236,-0.057531299395462955,0.08382496239652619,-0.18314267355540437,-0.06609533164789892,0.15648495377509772,0.09006658328086725,0.032081255371707834,0.8188676838067083,10,food
1387,0.20327200782033322,-0.06631171379495779,0.2801016422268998,0.14055364556272681,0.004514872774808881,0.06115542403913726,0.07430393838301476,0.20761923408934918,-0.19245692779684692,0.15468939714108149,0.23325656638565845,-0.06680174269060146,-0.3333399542223721,0.8087281589337745,23,tool
1388,0.01840207830538252,-0.02455854995312104,0.03628429634331003,0.018912868883671614,-0.3110294666818462,0.025161625038305456,-0.20951961935452806,0.25236654613071446,-0.34924546789775107,-0.10361516581269233,0.2034986493082177,-0.13126810089722102,-0.1423171058180945,0.7298589102687764,9,electronic device
1389,-0.17493537256384942,0.1974521838353935,-0.06547232778723464,0.12390600810361423,-0.1911057405538213,0.26588063617429,-0.18370817741730266,-0.029225632153507618,-0.17299228071716238,-0.029097826109140683,0.2243512597181524,0.10602560489540659,-0.3414003157604738,0.7663884147517009,99,
1390,0.24368662687353687,-0.06608463746388882,0.4449071275497828,-0.021162093482763107,0.09087590532566828,0.12729174969660098,0.1373712007902192,0.058863763686305054,-0.3245369768737209,0.3355578074213423,0.1378581884442006,-0.24369434982845478,-0.3829179447153388,0.8123826464570733,23,tool
1391,0.39902087702690703,-0.026467306841367666,0.352673364446876,0.09173201659377617,0.01233972629335053,-0.018465805192431385,0.15823777573803177,0.08729141809186639,-0.34014392171138524,0.28512870708012544,0.2757499152415252,-0.14616818126093645,-0.21902380387304804,0.7980864528425504,23,tool
1392,0.009467377734031336,-0.12089260959026868,-0.1286391196085374,0.2349600313506232,0.11217510586120114,-0.015240091894699088,-0.1298290152743769,0.08372591589283333,-0.34294150303395077,-0.1312640204470451,0.03186926213787296,0.004331035761861161,0.14976855607665226,0.7097574224168799,22,sports equipment
1393,0.05263580884370233,0.05557090912213483,0.22328401827832162,0.00477953999948332,-0.08702974886809099,0.06315991209079892,-0.5362799114121312,-0.02248176822059597,-0.10555331577713649,-0.006662016651251433,0.08121083767630566,-0.015110609028838113,0.011599128686417801,0.7562768362083724,1,animal
1394,0.17355834526876301,-0.13088984685540375,0.13444784772448826,0.1305111696040683,0.18445191302462963,0.060110837949939246,-0.28471398366880035,0.2700229055856057,-0.12918957610334436,-0.2359639912876721,0.15708728550458442,0.11094390546874187,0.02960277526965706,0.7265287017632235,10,food
1395,0.12881337137658874,-0.13238425792604175,0.03489073751576392,-0.04742636914592026,-0.0063767623890290445,-0.1264262600505838,-0.22729610163562422,0.1655029020379178,0.11196134289221552,-0.3652125077438142,-0.04204291718143126,0.033962646667390815,-0.17240759995261565,0.755854951771004,1,animal
1396,0.22534502037048484,-0.02473229043297586,0.16689739195864994,-0.18853284180149144,0.12216878733776607,-0.20770467906189255,-0.3872868861470474,0.24303970552012874,0.020930505849503872,-0.2266607105955338,0.182213086563495,-0.11522720072901957,0.14327155863563373,0.8230134346220861,1,animal
1397,0.1266497199481415,-0.13960656589618303,0.06240181166156402,-0.11115976797335454,-0.10418543489660242,-0.15795109288472134,-0.2217604360027174,0.10755852522044031,0.09983102447658158,-0.2962719441376373,0.06037319291605387,-0.08429653231796498,-0.011681226331184484,0.82791797754449,1,animal
1398,0.08669576742807213,-0.10243112144273075,0.04192952275357139,0.21087849863475988,0.08892925401881396,0.04105653240254532,-0.17948294632275988,0.4645640850525577,-0.11971071148105765,-0.23977115879320832,-0.28566721747149815,0.03757705343369845,-0.08807960762512237,0.7915109639733701,26,vehicle
1399,-0.0026088461491626507,-0.17344668784481213,-0.10157235780027783,0.3037860021648797,-0.1064265336103475,-0.022933755366974118,-0.07057368003510409,-0.11591190774734933,-0.3182078024732962,-0.04357703316351741,-0.014424916400800366,-0.30526994011407393,0.08204972872502388,0.8084851542493561,20,part of car
1400,0.07454014008389494,0.07508852492179782,0.139100258902536,0.11814257547140035,0.09063067565320518,0.1180342345423115,-0.5694304484385299,0.16690225787695753,-0.09702891582877005,-0.0625493541896723,0.2178466422523611,0.20147893231976202,0.24139058079137624,0.6957036188743507,10,food
1401,0.1921077613065686,0.06676852801478275,0.2858077357263682,0.27956124919584885,0.13387779053737228,0.20127494414691344,-0.2147643929871806,0.14125271354686597,-0.1283611027117752,-0.27693125509698474,0.3195174945920924,0.18630567887677824,0.05524978137944782,0.802002022603068,10,food
1402,0.29042879962258766,0.0363931633243213,0.05317472807360111,0.014001308959589363,0.35912487084877287,0.21919986070472108,0.08478998781063168,0.18411671593728507,-0.23371446322719253,0.07563239935429131,-0.04093017297818781,-0.42781163381557546,0.048127024235325895,0.8165328261482109,99,
1403,0.07017853179684169,-0.009082744406406064,0.019165915408586424,-0.0027162792070794975,-0.3408072695935119,-0.010493691466653847,-0.12180168383839657,-0.012119938790478735,-0.4159605337016544,-0.03824099420160234,0.035397140003945574,0.06429382926809599,-0.28547593931474313,0.822505011610939,99,
1404,0.3179694714109879,0.23758272191201416,0.09303900096148282,0.05775148089218122,-0.1341430329925449,0.26660008654534084,-0.30623465877784883,-0.10731857179622484,-0.08797196438076048,-0.23776402860209178,-0.08595404250024351,0.039377475494498576,0.23336822907315097,0.8043349778168741,99,
1405,0.22773640416957247,0.011236511300047082,0.14727502432284292,0.10040941464275993,0.2006105472516521,-0.13640837212737286,-0.20232916746935495,0.31917175777704876,0.3391166816537751,0.03573328300695617,0.011450659260115187,0.05687618889443104,0.017240504753764156,0.8323400400792522,99,
1406,0.3727815755237787,-0.004294109941623846,-0.12289643256998962,-0.01687326434061337,-0.2357408977175165,0.11207279410974108,-0.07160743873906554,-0.10279920533739281,-0.30443052495208744,-0.11329282265631575,0.12747604430681753,0.012010227532300978,-0.09786322247016137,0.7591489004905133,99,
1407,0.2409834824855062,-0.06696816213607976,-0.023976883522692134,0.20219595884841168,-0.23126131408039596,0.059381734910988235,-0.06921234617798985,-0.02236496892361254,-0.3141529839210164,0.005816513217835233,0.20193697272758174,0.008276629705014225,-0.14030375870971573,0.7951421767746738,9,electronic device
1408,0.22677623984136291,-0.23184151046190818,0.2560991562957275,0.14706109517406557,-0.003684930001503583,0.29948603166018606,-0.08306135971180749,0.0936180265833343,0.02270159600519812,0.015728616959723166,0.15820031543399427,0.3308068002522783,-0.20452185241358528,0.7558553518706668,6,container
1409,0.04297977632457277,-0.09955185114068907,0.1450259214796563,-0.1624781660224966,0.05269592399433938,-0.2888242885617896,-0.34528577482882444,0.29067834229655815,0.08082772294357073,-0.3212128355691955,-0.10908477841275634,0.010145099313516193,-0.047167467040277425,0.8066603770617213,1,animal
1410,0.15133151672309025,-0.09974042809240571,0.028058079465360656,0.3195438383842601,0.00040657260983104526,-0.09427403081645844,0.02586668841223439,-0.28403504082412645,0.3622199997664431,-0.07647236704733021,-0.1873732603350211,-0.07138588942291586,-0.10433893795812389,0.8377174793376246,99,
1411,0.07011410034500834,0.024542311708364073,-0.3971902056740634,0.02428363002439027,-0.023703558199279193,0.19348136738676236,-0.07876417297770681,-0.25915611865980026,-0.01939391012123718,-0.2564573793685386,0.17568270079120765,0.07930198319524022,0.17291510635820193,0.7883753023289629,4,clothing
1412,0.20550602351271055,-0.07084349145377002,0.2029806803365477,0.1920564629514473,0.04761506586671017,0.1669316586028869,0.061344696229271134,0.1439525792814878,-0.204722528042122,0.21347591897398774,0.4240781676798552,0.16805454741694406,-0.1910538298348317,0.8251367330363958,23,tool
1413,0.19440562851512458,-0.11327317110550822,0.19928060067845033,0.03677895186576767,0.17037383384514446,0.08651415104227929,0.08044271065526279,0.1002503275847042,-0.25096058106317537,0.01160130477147316,0.22967319396751418,0.09045047591104124,-0.17820249181843584,0.8011883558839257,99,
1414,0.1353481521443112,-0.08616885019391349,-0.023943999131563563,-0.038721176793911294,-0.08380578467424321,-0.17661816420772067,-0.12956423600597336,-0.10604491352590942,-0.0863087092876684,-0.1907730140082067,0.03076224927850475,0.10270678031120695,-0.09058931100662389,0.792395697121307,1,animal
1415,-0.1356432801846777,0.025780624432727224,-0.4005005452945109,0.1506599663046169,0.005063206081660621,0.0973612238037996,-0.24537890183602343,-0.19313052439979156,0.07619400691850745,-0.18103169215704948,0.07095377114565712,0.02905123371485124,0.054095328277923176,0.7506107310232709,99,
1416,0.0028415582783293,-0.0800547010103924,-0.07816116737945925,0.07542574472958369,-0.14202009024514042,0.026844356953506253,-0.28275428949615367,0.21643782047559776,-0.329051793778741,-0.0875993207688573,0.31553252221223416,-0.22689953949676225,-0.48089875067738946,0.8025139850877978,12,furniture
1417,0.11601273729281911,0.13243281939439117,0.2850152978340673,0.04128035511766772,0.26531770560496437,-0.021323586875267884,-0.025156206815596244,0.1371440269712567,-0.428355623962694,-0.0030303863582429864,0.13651048460139048,0.08883687826290405,-0.220520899937743,0.8114457192969022,99,
1418,0.007478231189298269,-0.13404680624624737,0.2614237218942779,0.1037031731913327,0.029143336710537017,0.1092515168274163,-0.37046510982171055,0.20779976040047313,0.033776353054378885,-0.24933511946199188,0.12767997426542796,-0.09919149329143985,0.15098363887790106,0.7735865887161619,99,
1419,0.11747049166801923,0.23945370947325154,0.1835623608846964,0.188256860927722,0.14739428253358422,0.2891790354434449,-0.37448486094788325,0.32358849013077584,-0.07538232390350821,-0.07671736809923506,0.23402103208534863,0.12437841374188169,0.14907983235062724,0.7851616560523329,99,
1420,0.0754692300625746,-0.06603060985606798,0.038322919891789334,-0.09501915622812784,0.17562565894970258,0.22033113153521622,-0.18149039057739114,0.060327012295470196,-0.14952151932320137,-0.09803001486589145,0.0004071251940981275,0.09214908707107206,-0.20347649486341723,0.7663128956694427,99,
1421,-0.008080488116451779,-0.1859789878906446,-0.049672928345282814,0.08931575521307389,0.2044134874888987,0.16161948543269228,-0.231774870792371,0.5154733746283388,-0.03894659214714203,-0.2281840723829929,-0.2428756723113183,-0.07661625325663526,-0.2141890993379168,0.7279449044017838,26,vehicle
1422,-0.06167550433699574,-9.264776026726837e-05,-0.4896210571882063,0.15261578651058105,-0.14303060519716387,0.047944651271947344,0.022640221030139143,-0.3488366191276535,0.03611214647841597,-0.40695700806287827,0.11838399600347783,0.11765517834972204,0.062178938911795816,0.7606358997560076,4,clothing
1423,0.00019143538707301757,-0.13297161179031913,-0.34168191054363256,0.26909313091467163,0.040669222431163214,0.1100607764418438,0.06079020747251503,-0.19630951515201658,-0.2418429690336146,-0.16367315567102683,0.15795468184568717,0.1163204283734165,0.3342978871350229,0.7680353494265936,4,clothing
1424,0.19922911293439532,0.02779774637931918,0.058455927612490854,-0.039008784458285393,-0.1522124451354645,0.17652212520444255,-0.039066719864133785,-0.23771768356891923,0.046119433413222014,-0.09117074929255979,0.05936863836988901,-0.03838346290837493,-0.07538522194556044,0.7683206445364252,99,
1425,0.2149794149286502,-0.07600437135621113,0.2442876306176817,0.13888986976394987,0.09324817150800772,0.16402657880694743,0.0788075956643042,0.017502288627720304,-0.253431472128075,-0.03248031623158071,0.23516611665077153,-0.04093447936723588,-0.05483734681798878,0.7386354922930961,23,tool
1426,0.12425147131994599,0.1499044821101675,-0.11535455256818791,-0.030676390417000814,0.08319418062748646,0.11085312298276159,-0.2216243328459886,-0.19368806105118833,-0.2521264574577644,-0.2196331699631836,-0.08360679146044024,-0.3162350663558467,0.0017242003869699521,0.8210555162446701,99,
1427,-0.10022080162598498,-0.18779791647919913,-0.14996964448297292,0.15711449922025225,-0.19485321597209504,0.16990063307667508,-0.22935289953302784,0.0738778214872282,-0.11743245597975456,0.13739548831495363,0.33909187265141477,0.06986670721979342,-0.396927701707787,0.8260464975403999,6,container
1428,-0.022513375859970326,-0.2807032845722171,-0.048672276756109675,0.23397944751506294,-0.07728474088481378,0.2372958631065352,-0.154394283918126,0.28812083518370146,-0.3859247355799441,0.1715516015103974,0.17008363199057833,-0.01896095789751045,-0.3982261055906678,0.7941107132728306,6,container
1429,-0.019170064862283964,-0.11061441002800801,-0.058728365126691655,0.4293249435937648,0.19241253860920637,0.18825321658676883,-0.03342747438226367,0.028767388148522366,-0.0961698275359525,-0.10665777913233872,-0.020473482644510512,0.04385528996772435,-0.10989361678076004,0.8134888111460642,7,dessert
1430,-0.022395969764887665,-0.06039357943700607,-0.49209167313780333,0.2792861858790586,-0.08683709021793715,0.0811011793143403,0.19280020674055412,-0.17278015832983876,-0.05576397817294907,-0.28477606852824666,0.2493680073313629,0.18833086605937882,0.231367166554447,0.8394098586614762,4,clothing
1431,0.025558473957096893,0.15131386158174306,-0.4100008623643072,0.33166271079219506,-0.14753190386510842,0.04735274455446922,0.2765822792804564,-0.2849517498693607,0.18765857068562536,-0.2868776767909445,0.09184550296623285,-0.01085850622284182,0.02898047456615607,0.8260791022489832,3,body part
1432,0.19564414823577694,-0.02362238550525438,0.22990220675516557,0.06167467720325301,0.12217996574852467,0.24641381955337968,0.26213150668248975,0.2694661717967462,-0.08774103611490572,0.19858382438500133,0.25419619410757827,0.07521249744784114,-0.2265755958364307,0.7893212777642727,23,tool
1433,0.051341807237766345,-0.20990331359312306,-0.08268536794353103,0.2544777167381628,0.03446074225097537,-0.18186571840059593,-0.21230515142737164,-0.057631781393411165,0.15905678769132855,-0.23037102228380946,0.09911253787165444,-0.08235365346297846,-0.3508369586100252,0.7819431046225754,99,
1434,-0.18577899264909312,-0.11054413184963378,-0.15593242425576886,0.026905173228652733,-0.1388992000585936,-0.22099618305026192,0.0708573928951418,-0.3104916766831387,0.04038186017495608,-0.40698979831579724,0.12993907492549742,0.16189828791921854,0.04040567801946362,0.8431142545231122,99,
1435,0.191299567335041,0.01780662127670276,-0.1835854157479257,0.05106798145259376,0.07150343879804334,-0.2163592564705525,-0.41349399868747183,-0.09733314429556299,0.040666783392116525,-0.39759676910336084,-0.013857230863403331,-0.05898798152989638,-0.1346494415644787,0.7445394932237037,99,
1436,0.06422968980554626,-0.12456845577798407,0.19170901668777937,0.22301788500457578,0.01353700617833481,-0.124704587268392,-0.18065175992893923,-0.019782939077093803,0.21100689370136855,-0.10383131413648895,0.07352901985699349,0.11516916147235627,-0.17723403185566336,0.7992778264948202,99,
1437,0.17367407207272148,-0.03451930928565368,0.03438158185946311,0.20451195343463333,-0.3967472446646523,0.0036046878404681227,-0.14209005046708958,0.1865838536959057,-0.3236931400820101,-0.002680677716230666,0.28871428869814875,0.09888124894631131,-0.2440374824232657,0.744962357079487,9,electronic device
1438,0.10107596920578021,-0.11785425586857715,0.10996514128919871,0.09871129010973301,0.17788175775520598,-0.026052328011127293,-0.322138806471952,0.31581816767714666,-0.15627326474676065,-0.31385780743300373,0.11488207320333586,0.013304356094587971,0.019164490862688628,0.8401247491328321,1,animal
1439,0.16136625307681363,-0.17019822427963918,0.03643334432659912,0.15639141588577163,0.026756672434335136,0.3026349522651231,-0.1112488851705262,0.09537110267990205,-0.15041367764514588,-0.20043325591472194,-0.01853717393443598,-0.2939686765584279,0.038705864863728144,0.7894276688404241,99,
1440,-0.033038727544064755,0.12486953443788268,-0.06506542544764032,-0.06755692627146026,-0.026298793368140127,0.28200505553462674,-0.22656511725710066,0.28025682706415284,-0.15811579300418366,-0.05386791940510229,0.2519447979437922,-0.10550029034236835,-0.4943309026031439,0.7746298939605804,99,
1441,0.19673470540637483,-0.11467022846022061,0.37146171190201804,0.06216990752831166,0.20369412219586885,0.14605690769605445,0.10869740924326568,0.20276795645663556,-0.2095491225787627,0.1403174374792275,0.3007666212157237,0.11999952523318906,-0.27333822429203714,0.8230403086862104,23,tool
1442,0.1870063514949514,-0.1466241304063879,-0.14623265163761354,0.3465346779791026,-0.13935913324224955,0.2045767790712458,-0.23010500880040197,0.0790919567188103,-0.24230718666865275,0.07943401036248808,-0.21895964592537548,-0.2116960850827702,0.08009821522881046,0.7591159251851256,99,
1443,0.045954847490284854,-0.2227477725686542,0.24185810277236997,0.3097608579522994,-0.10599364206661728,0.10142851966712334,-0.09748643959964894,-0.01854404686705992,0.04355395216587065,-0.060466651272239165,0.04815688954033033,0.34881276698069247,-0.3967088213581684,0.7472218772689998,16,kitchen tool
1444,-0.08420552842973755,-0.266660732706044,0.05452119807325771,-0.16157022040775654,-0.30996449887297056,-0.09591422424463783,0.017024370727379362,-0.24335917564942433,0.30605634398884785,-0.32829705630572714,-0.11821578904582815,0.1167262273548717,0.12281835325662517,0.7859769562914622,99,
1445,0.15988979725577354,-0.05524740794419255,0.36403567105789253,0.13498328759095662,0.09839610401755573,0.28071319527786476,-0.15561314789579786,0.042975336354360974,-0.30711561951996114,0.07202875246154433,0.23382665416695517,0.02767486488491736,-0.31246033358388986,0.7899625234053003,99,
1446,0.13458681768037753,0.17574294496437262,0.0254702945122457,0.003003697866026225,-0.40170547596658923,0.05915189715070785,-0.2556562534412861,0.1524489588339438,-0.4521528118162473,-0.011337710474007525,0.14478463138574,-0.07902569861386294,-0.052180079776493166,0.8453780250466407,99,
1447,0.1382614819912815,-0.21850225347350616,0.11187323599610806,0.34146987499335474,-0.06753618643572144,-0.26674757714082353,-0.20077144156399018,-0.11987175184343099,0.3440770147623304,-0.13512365770852944,0.0512647290242045,0.0905299040720787,-0.3677758230286448,0.8027955293808955,99,
1448,0.07847656573453886,-0.011527908856545133,0.30602213101974174,0.04562730540713645,-0.015417950466433523,0.24155104175932898,0.07126131657873637,0.12660037732432528,-0.07119856386627511,-0.19793871792238715,-0.126858980235951,0.04004197036023159,-0.09027347923600913,0.727307860921893,99,
1449,0.12577451707223747,-0.18907622558495774,-0.00670556326915801,0.27702946190762295,0.2451191474163398,0.21464945840242491,-0.0754308073493084,0.09339268591068949,-0.18345870207676213,-0.017539840034149025,0.07280945163871276,-0.024865009890177033,0.19808104522392614,0.7950129671007661,22,sports equipment
1450,0.07457161651432943,-0.002740010548626339,-0.19394278509344395,-0.10716733136821495,0.05170705348900581,0.039642244819546965,-0.043846049586389005,0.18770629483750603,0.15325187207364946,-0.0077726566517441285,0.12231539215934407,0.09399223656696924,0.07655858743171608,0.8194693919160384,3,body part
1451,0.06527869339258541,0.09143472563296397,0.23400294912124636,-0.009080745912832056,0.08924931780516684,0.21418628840376547,-0.09773974870645037,0.08012836410792108,-0.1785197919931331,0.23269903880853585,0.12273730649580808,-0.28715704988504914,-0.36547699727086314,0.8068172735855663,16,kitchen tool
1452,-0.032458372179297756,-0.21900892950543754,0.009741204959789388,0.08859796561454537,0.2493317983196312,0.18327229685745705,0.13691083066120743,0.16448471247871715,-0.06211363814151537,-0.03604275995930031,-0.25353625823904163,-0.1836320382141253,0.14634971936651256,0.7965630665940799,22,sports equipment
1453,0.01566420204800165,-0.25007402284582725,-0.1956842027043497,0.30826809597587357,0.07766483704287362,0.07987755651627018,0.04492662685178049,-0.038010424664691615,-0.2406688415651057,-0.10281605602712802,-0.17764677102705242,-0.05505479245010791,0.4298706435585338,0.787118162754098,4,clothing
1454,-0.16385391398625532,-0.31558893992775605,-0.11496424117662839,0.14712311288427998,0.19291341646722823,0.18410177821815565,-0.08759124754660601,0.3905478318037956,-0.22236272132290547,-0.07445356100877223,-0.15649811371785521,-0.20463587942727837,-0.16308068906658468,0.7923160961310834,99,
1455,-0.005551416560525874,-0.2872808358643767,0.24225760823262055,0.1323057574384877,0.24336020962852065,0.156718027404728,0.2483063653351322,0.09759460743120912,-0.327876332992923,0.0700115021067396,-0.03567094974242905,-0.25933941801094224,0.1265101603407021,0.7169442141648609,22,sports equipment
1456,-0.07447278017498413,0.2625962610189785,-0.3197660018003145,0.35543916480376697,-0.127978696318669,0.15484928432308304,0.14566997290613765,-0.15158073925233004,0.22643452354880866,-0.06790286770027704,0.08093825154853801,-0.06271018452945509,0.003308236898328154,0.8139458530344281,3,body part
1457,0.08317988290015076,-0.03674508675015729,-0.5403853709253997,0.2089498352638122,-0.15407939262798287,0.09768902088876727,0.05793824808933229,-0.30233969088259754,0.07386250933198328,-0.390727751179093,0.14747137209575484,0.14949317014118563,0.20790889362297899,0.8302517942761847,4,clothing
1458,-0.028416384514375285,0.1421748028578875,-0.14915383264122684,-0.14443483760598586,-0.01937730255206201,0.12935331151664628,0.15303539997638346,0.108015717853449,0.06529763954588981,-0.1992217693711859,0.17255788039292477,0.1823467872502573,-0.0175022413882553,0.8530490122324408,3,body part
1459,0.20967938520089108,-0.011086245870633834,0.021828955386354702,-0.1708235787838432,-0.10116656655471694,0.11024022525796554,-0.2531099096786261,-0.007913233234917867,-0.020081822056182617,-0.12191457490072552,0.3240854648383332,0.019625956095553048,-0.056909974884483114,0.8303958603289248,1,animal
1460,-0.09080956353924267,-0.3195703182708525,-0.11061880264977138,0.11504494919775884,0.21962841671755418,0.2658844469529882,-0.07967634547419179,0.39926362657805786,0.05045574647636013,0.1293344917169794,-0.09217233780601401,-0.39078323803069576,-0.05402504527494546,0.7440971122373562,22,sports equipment
1461,0.23889689616567908,-0.061868988354663555,0.1673921790390016,0.11605476972165053,0.08296300157007053,0.197524590860822,0.224455566270364,0.24911212087353915,-0.19180303750781316,0.1893155266483911,0.16712789969471506,-0.11614714961237578,-0.2730602220160605,0.7569110532994211,23,tool
1462,-0.012705564056918802,-0.17439675828168535,-0.33869754926402634,0.030915861568397852,0.17782005869567166,0.07227593824078792,-0.05582440137209537,0.0913883700555578,-0.021813118601726324,-0.23724872909282552,0.15331793910906608,-0.031786036124820526,0.10013253075649248,0.8190540583555257,99,
1463,0.12550143995430682,-0.17445340361239525,0.25785263397515057,0.21999614356090838,-0.17723044455787093,0.29749992545095694,-0.05033137991074924,0.18927339320519765,-0.39204662348608027,-0.04503880685275856,0.1975194464398749,0.13051648538481234,-0.2014103669246674,0.7262828634779857,9,electronic device
1464,0.04185309935968828,-0.18830820753641825,-0.037867698106974504,0.005882793336172333,0.4355275205390026,0.18857529227858913,-0.06584933374100448,0.08061853739507402,-0.13466471587647263,0.08817527382013725,0.04794507291548576,-0.18855774962398522,-0.014971893899436676,0.7983802593381437,99,
1465,0.014824735682395528,-0.03452536491821442,0.029923243191182173,0.03493175781918992,0.2289091142384801,-0.05017357883269262,-0.154962236206284,-0.1706430931268309,0.15228059754051015,0.10827683607491957,0.031914285156012426,0.06270743904963891,0.15011731587205002,0.8650218514547784,24,toy
1466,-0.024978404828518867,-0.11798616431664928,-0.4191972148612768,0.1960178477885799,-0.06379682572150704,-0.0600472141086872,0.13740750237402427,-0.33278346928512176,0.03936729441067276,-0.22350365957581514,0.27210148905822795,0.015185680441606885,0.060396552263614706,0.8412308634966634,17,medical equipment
1467,-0.04515546991142438,-0.09597983650969254,0.1973414312385658,0.13706303275148896,0.1655613370385677,0.07289162541735406,0.0456568693915485,-0.07611979263530491,-0.4401938311759098,-0.04373227223594532,0.09426340303602497,-0.1696135492614904,-0.04123066165853339,0.7546835067292125,24,toy
1468,-0.03939541502343317,-0.14695760065431826,-0.4230981049957335,0.23908127268373083,0.10308435856118618,-0.034588388339540935,0.17066347759053177,-0.30822331983987555,-0.06730930866762508,-0.2191563156288315,0.29883408033764797,0.11645830657012193,0.2841956150383189,0.8043098117472316,4,clothing
1469,0.00840571362266557,0.15616247597301314,0.02945375638309349,-0.05386677833781093,-0.2058076886171426,0.20893663865149528,-0.29974642051166817,0.3311352087315265,-0.09040190768393802,0.17174806212939178,0.30947716680931003,0.025268769348285886,-0.3479188477520208,0.7276751062373658,99,
1470,0.3387898055746793,0.06951129955296756,0.037632038952125635,-0.06571016933178812,-0.05759085795385198,0.41259878265894034,-0.21555883257807842,0.06252588747061924,-0.3069699146243102,-0.11680735732495738,-0.12323824519972133,-0.09631616199983792,0.11291217428687457,0.8019691270076381,9,electronic device
1471,0.15835410321249904,-0.09258653379581976,0.0034234124348934904,-0.16496468363066263,-0.07961868503803565,0.07429254212292967,-0.24697707011072084,0.0010585123527729462,0.036687507140528895,-0.1267925880972058,0.2730617024458114,0.11191365535700458,-0.0737404206252226,0.8408879061318086,1,animal
1472,0.22782607122602486,-0.04653519240384331,0.16672774981165855,-0.17252688046606512,0.05784322339105318,-0.1349919678018986,-0.3343573541123055,0.21214772855837868,0.06889003662423479,-0.13956217816864042,0.3097444080667699,-0.031149349161500046,0.016343641355044753,0.8174688177828652,1,animal
1473,0.010190729966915012,-0.18080132228261964,0.23470227622779877,0.034780127772972375,-0.34198698263797184,-0.08139950147524111,-0.08262647698145374,-0.11055603581765226,-0.021474743652843124,-0.08772630100583423,0.16532110578584516,0.10280931461530957,-0.28821493335287884,0.7915772467441274,9,electronic device
1474,0.14226773855243854,-0.24986591574553663,-0.07739404653640167,0.3705917713793356,0.046702623033880224,0.16473139221067049,-0.049250032171798803,0.004255062984196091,0.154238500817652,-0.10230603720886931,-0.07326400081582134,0.21782236706776686,-0.11035835146586992,0.7949248271548991,8,drink
1475,0.07843801028134448,-0.04632008273727831,0.23534672592493053,0.3915127175718248,0.1635497667714976,0.25538906451106164,-0.07108487241261932,0.1320881749300267,-0.17473990770759665,-0.1997561608039366,0.15978746833982144,0.13549403130481755,0.011109201573322881,0.8208636456458757,10,food
1476,0.12287944710925784,-0.2274481176596882,0.24497627667729663,-0.13508362788173928,-0.16534226912826064,0.06172570490375522,-0.42031363762654533,0.16046222121813314,0.055193580154182006,-0.2532704107602156,0.28282816534447586,0.01163295084668068,0.055071873710021715,0.7961098435829873,1,animal
1477,0.14385467462202955,-0.1483446471111271,0.2463184262035447,-0.136332914655498,0.013044782737290497,-0.1596168426354316,-0.30779919326359456,0.14316475541966278,-0.16392514857262083,-0.1785102631861538,0.21536982617302536,-0.0030683326067508536,-0.03564331992096792,0.8011491042921564,1,animal
1478,-0.16289797870267497,-0.13421862430832893,-0.08630803639196628,-0.028867071717280538,0.11785213521066625,-0.09042203009519718,0.02759565553413341,0.02961747787701039,-0.02428078190446886,-0.28892868338427147,-0.14643703676791212,-0.08595517046620703,0.2774212416233214,0.8126027175953823,22,sports equipment
1479,-0.38736468985531736,0.12351612220258996,-0.013803087573429351,0.027114779203598692,0.01447452413111977,-0.0872892146981393,-0.03591476498070799,0.28446628464819745,0.35844416103463184,0.26896855136593206,-0.32860207733997104,0.0727748672836048,0.2858830199230928,0.7923102418316542,99,
1480,-0.20291577755201864,-0.16828702766998085,0.08279129177719283,0.16768686003406522,0.04446611156911844,-0.22895706663613336,0.02486002004398184,0.0922266888147517,0.3805981202616083,0.09302120075697866,-0.31388978407706697,0.018893558676204035,0.27124324306829684,0.8311880362185242,99,
1481,0.06200332083122039,-0.18507858741120894,-0.022425187099751873,0.04386839897797904,0.30286011307186095,0.0437906459367018,0.0462835214965893,0.23863659190562558,0.03642519793755453,-0.11317026558015796,-0.42218387196518836,-0.17294790695708895,0.16875472073809977,0.7415445665445666,22,sports equipment
1482,-0.0816276369792744,-0.21146570370815443,-0.14019754560872827,0.07599335121776961,0.07680506171425619,-0.04629291718413924,0.13645831570911868,0.011037347800476889,0.22467719339790101,-0.0343481878845473,-0.26485300389758276,0.06032291230145846,0.16162891866020074,0.8249722954463304,99,
1483,0.11203601113492258,-0.3078056136805773,-0.0894388288614237,0.22509597406166804,-0.008317349569169604,0.04221124194016665,-0.09777568333370716,0.2221030744137436,-0.25481467863662965,0.016877069865377976,-0.36189372267617603,-0.1673759944733695,0.2325988066705234,0.7636779214041732,26,vehicle
1484,-0.002763144620678716,-0.328868779661133,-0.06977419138157134,0.22046588095080227,-0.013347441073086646,-0.01100139754686389,0.10389028002225556,0.3499501208503525,-0.056081611399045155,0.1385657546354818,-0.28107526228175167,-0.05017499523800154,0.021477022156516656,0.7777874564459931,26,vehicle
1485,-0.18329158303794593,-0.28573400121219944,-0.26705596922214836,0.20318515698772013,0.09778355945013636,-0.07942911481491914,0.24620617112442222,0.08725234695182321,-0.01729729029694111,-0.19908622618806582,-0.11967294475410314,0.03655901678703751,0.4522232063251545,0.7909845254895672,4,clothing
1486,-0.14528721277472084,-0.029986445800481765,-0.45629623023895194,-0.0058864887150548864,0.15189576207459154,-0.05440699344833865,0.14782778764872534,-0.23655798157708668,-0.11073848357215658,-0.23682184630495134,0.059294764568606315,0.023753026759865632,0.36203800518493817,0.8149991870957555,4,clothing
1487,0.059842631791371295,-0.1933778609420484,-0.05477703640684307,0.18376292020353682,0.004360229851553489,-0.23448919323063114,-0.03518688758451157,-0.3149256235869711,0.3744793470419077,-0.13794994186591966,-0.038787876318619394,-0.08790383934653505,-0.13926644195430846,0.8130962364194073,99,
1488,0.07439170427351602,-0.2616631468448057,0.1516752688259988,0.24250615573113332,-0.142859043375831,0.26202538484886545,-0.08203878597092758,-0.2278141655909785,-0.041359564889725295,-0.29570480008696803,-0.015345837888046814,-0.11496421523798164,0.32272732697475176,0.7445050587751083,22,sports equipment
1489,-0.060304648541383635,-0.1253264460289043,-0.3829962474289805,0.13709145400371858,0.10523214189883533,-0.02971834943960779,0.1122656025197641,-0.20532547588374714,-0.1631506955902702,-0.15181393421913822,0.17981676165333674,0.05351343208314809,0.3261950505277562,0.8203182675262266,4,clothing
1490,0.15000064254782244,-0.16064480473803466,0.054866010846061394,0.2321799211066309,-0.017208707911616442,0.16927649420546453,-0.10761588855871401,-0.004732835553576082,0.13245699056754365,-0.1847711980821657,-0.1546932017448479,0.12181643896879146,-0.04305278959569075,0.7856353240570485,8,drink
1491,0.23346942132766071,-0.08817461846485643,0.08159950541643987,0.350076240972381,-0.16388979304441012,0.2110780491848716,-0.19632735057381298,0.11390217983527723,-0.10828980455257513,-0.09803741532609135,-0.06329342338862666,0.03109379232464677,-0.167032240626338,0.8422389600451473,99,
1492,0.027788462877969503,-0.2757975657555325,-0.2727567892212793,0.1576134547209665,0.02969944698918531,-0.27962009950225586,-0.15226333453003513,-0.07776394819086199,-0.016131286493680383,-0.2055521877969452,0.2030220181793927,-0.19723112832606957,-0.18296138104469808,0.8034443250503932,12,furniture
1493,-0.07030466513063588,0.09648720858984192,-0.08736461788740106,0.029113296102607933,-0.11473033756422223,0.18624870005058883,-0.27384662804098864,0.36431875297564287,-0.1970221815343561,-0.07632278029316308,0.1473302245059354,-0.03966250627740348,-0.33340677190248325,0.8426706725487214,99,
1494,0.23402305314984861,-0.06754931438292298,0.3991300100236699,0.0025477205862252336,-0.09056976322456224,0.005372128405987185,0.0921985016363084,0.011836341573036889,-0.37301023296872027,0.1428203493746605,-0.03517524325417759,-0.1640939250431198,-0.3322379600142154,0.7062868777073462,23,tool
1495,0.11227670039555161,0.01917870228061956,-0.12302725403733446,-0.1038406116855385,0.08982164041292047,0.24514779330469735,-0.02139997501841979,-0.11218940397420753,-0.05789131587592947,-0.4216340764036794,0.03728768442487038,0.06328164032731566,0.2027723122377018,0.7947897123202002,4,clothing
1496,-0.005292047146461455,0.11348914571844239,-0.31111106595377613,-0.14596413814527823,-0.20751101669263655,0.07494905287916859,0.05315107760964526,-0.09426483351780707,-0.15795042433029868,-0.21373150913392594,0.15756936275479208,0.055329926511500906,0.20287711896724125,0.8744543292854738,99,
1497,0.1405088203442429,-0.12509036909332363,-0.003202067324916079,0.4500887568911277,-0.002149925355007772,0.24762075968758238,-0.23334445673266696,0.0011638166827184807,0.006364839304949571,-0.13484593038813358,0.01625254177525052,0.00403207709643817,0.038806167477654294,0.8186552685571256,7,dessert
1498,-0.07253404337274506,-0.17043891731289557,0.06972224778058031,0.4123603293692341,0.12531178709485052,0.26228292308646706,0.02226957458994058,0.04506843839266515,-0.035376024168428714,-0.08048004841397695,-0.049420004165174884,0.12821260187245984,-0.13033087021687162,0.788913585546493,7,dessert
1499,-0.05026257390523282,-0.16130495102850068,0.23020160485047442,0.25253861774633224,0.02295213280505105,0.18401439654806906,0.10006568199970647,0.03880674579862901,-0.0022309275826899854,-0.15277941173262702,0.12064519681817644,0.20055459214924973,-0.14895701130413003,0.7378406622840826,10,food
1500,0.36160688675507185,-0.1006369535719939,0.11457127359917511,0.1321388929207406,0.02383353094340852,0.1936558750559712,-0.13331821446354447,0.08223348668282546,0.006249959988116684,-0.09926509631056618,-0.07459563161114956,-0.006107778456644893,-0.21497475732960616,0.8076757184275425,10,food
1501,0.1018740996995918,-0.045890577110373,0.16178446204293764,0.047422778183827764,0.07295114416500297,-0.04883688430912548,0.021808260181870744,0.4596215566578896,-0.2149090699124505,0.023409899850703127,-0.2794896738886472,0.16446986739987668,-0.2919037756290015,0.7753685410551353,26,vehicle
1502,-0.10139314930125429,-0.056605637718247725,-0.33157349021996974,0.11345650402722562,0.010853125922503355,-0.05864978590062061,-0.04397805818873769,-0.058351857504340875,-0.1959812480995931,-0.3559817773649209,-0.04108818402580451,0.025344562638610547,-0.003295548494820763,0.8348637518234797,4,clothing
1503,-0.15904523330362685,-0.05525398952111469,0.15200127708167702,0.39861974064611766,0.05815366144326218,0.13832717806358877,-0.11834235384430829,0.021364359705894453,-0.26802128027466493,-0.02091297279755928,0.10281232023401486,0.09396523617747911,-0.039898729770610056,0.8464959111203552,10,food
1504,0.04878503821712497,-0.1114302293330997,-0.011208025359724275,0.23976014849181496,0.10689354193833181,0.1581119724514863,-0.04632833677080126,0.1637678053609843,-0.21604303883511944,-0.22826179511755024,0.13400862199336017,0.023685442389556374,-0.17253563326412613,0.8491560511618279,10,food
1505,0.017522500937495397,-0.04787518608009905,-0.05478383182993884,0.1890350713940518,0.15449783107811502,0.1503508314247212,-0.04169865366296567,0.3046193568516938,-0.14181724555660827,-0.06521063269592739,0.172434174450267,0.08332207316039905,-0.10680106842933176,0.8419606972139806,10,food
1506,0.13348457749070813,-0.002060526244684879,0.26733456543593065,0.001426484712438362,0.021547042156360822,0.12816039619790723,-0.043867193324242264,0.13288745558101586,-0.287484094621044,0.1893708873187237,0.07072370298636921,0.12532967106512416,-0.24566130693311525,0.7328712509051419,20,part of car
1507,0.015489079347894667,0.10781556365734436,0.050035617599453165,-0.13918012063115318,0.09181531717629221,-0.08419495522233064,0.057397372159991175,0.1247795401427828,-0.11450324794602525,0.29275354556982763,-0.1701170990151374,0.27183734846305974,0.07816588233891966,0.7709986488320371,99,
1508,0.2616438085232918,-0.05157519442925804,0.29542193480681983,0.2316129554401649,0.06777100448844169,0.12380586463635165,0.1254101696477062,-0.06611263599799505,-0.10745766438099057,0.03293106573429473,0.03989691078886482,-0.12394903304381061,-0.33207279101461057,0.7722796096525316,16,kitchen tool
1509,0.030744406700605614,-0.030449135518496775,0.4018082117406966,-0.016171521115223655,0.08362213593482735,0.4435464241928768,-0.04856739328476289,0.2950172584060344,-0.2690795355396729,-0.21901088595153276,0.047219828734171417,0.1312484522213876,-0.1354335520001611,0.731699298750826,99,
1510,0.23685086354443305,0.02411490608138728,0.33359837695142763,0.02827886331157963,0.21349559411164507,0.19325708535234118,0.09627163447452601,0.2354402652717377,-0.2449453067032043,0.18158569762059368,0.20467177941163098,-0.03593002542476158,-0.273099846412374,0.7520376054761598,27,weapon
1511,0.05500301626874465,-0.09515730317961345,-0.08578978021798868,0.26923553812882345,-0.01026099819920249,-0.03139581600701172,-0.26374276333815333,0.3139199087732042,-0.05854372974973661,-0.20712920228671844,-0.3774296031372387,-0.15255375964371043,0.0400859414965417,0.7054670191156295,26,vehicle
1512,0.08686733096201878,-0.12273262653957902,0.1090852639481257,0.012742681132326194,-0.545027260582532,0.2594496540982979,-0.13400134459106833,-0.02360738933034093,-0.37231450160309,0.07530029423805178,-0.08915598776891383,0.1791463912387598,-0.032742680645559956,0.7524422482588514,20,part of car
1513,0.18952482007335622,-0.1906893858475225,0.08660415257189345,-0.16840655863545673,-0.018229941911559477,-0.04499939944742389,-0.4459220640461274,0.2529825317652584,-0.06066285291441122,-0.0863911010669112,0.3057231996446885,0.0884536035876214,-0.05077891012235366,0.8217305034859592,1,animal
1514,-0.16978490501495472,-0.002112927405797866,0.08812862122504721,-0.10715733177472613,-0.09254221101599336,0.19478169696273534,-0.3819024065532199,-0.05488567417041199,-0.10043287026451328,0.0008862110334355829,0.16838052775464643,0.17462425553078895,-0.23857398044247652,0.8383174643635283,99,
1515,-0.07697113231393822,-0.12417248798064685,0.0041326797058170925,0.10709705312887442,0.21521226650396463,0.2600563398341991,-0.23924719899039487,0.06421958847813686,-0.0021113125970835776,0.03444324512379615,0.5038649606561456,0.2886829776640869,0.01674097405213612,0.803079428190173,10,food
1516,0.12921691309080016,0.02039743235900587,0.07119700000686097,0.13821839427230262,-0.027434534875033563,-0.0005069107812466955,0.26074390812683185,-0.04093478223885384,-0.024481059956298953,0.2008879141840077,0.15747824030199054,-0.1431493869330867,-0.2040564930135917,0.869826206439933,99,
1517,-0.1461568288630795,0.33447845340018495,0.2114239225453845,0.3063891573086655,0.09782503233149334,-0.009698299967705201,-0.27031913198977153,0.10939186926441233,0.12645693510779374,-0.05936781001657599,0.04370150345243401,-0.018310233609580482,0.24498716505869914,0.817010472106291,99,
1518,0.10727538944865787,0.012126108654271347,0.2549001582974992,0.1050706819902597,-0.24685341718409357,0.21915015668785895,-0.0127628900468366,-0.11964733132689785,-0.26229299445562,-0.08275097993729057,0.1921582726616386,-0.07347303898987059,-0.2685241647441771,0.7817107913241801,99,
1519,0.1858134174316788,-0.14198722803885577,0.35698636029512226,0.21140783588484172,0.12956777301384687,0.2787163428033252,0.08714027123324491,0.038686909049617135,-0.21403770895437435,-0.05221103837517696,0.18911585805812667,0.025341252192164754,-0.3527073164911762,0.7994339681428767,16,kitchen tool
1520,0.2202263812758616,-0.2379214020657408,0.35513963241118424,0.16418097237669718,0.12123172823971708,-0.068316247462746,-0.1125897217351124,0.22547832661971384,0.296492561933445,-0.09485237489590562,-0.00937928568035533,0.18877621508458015,-0.24357958317089395,0.7886656183473809,99,
1521,0.002089158748472738,-0.09666522326129699,0.09889073671568571,0.19835591276962097,0.21683051678810183,0.20025803391814342,-0.028226189340821006,0.06239538299490564,-0.1432953811757641,-0.14851039934296772,0.056393495367268884,0.059393317360416815,-0.10035726282998453,0.8324618685598308,10,food
1522,0.15101181374297554,-0.1886775742850579,-0.2801192656982296,0.09124850049447365,-0.08174731308537382,-0.022916978319177224,-0.16536830785055096,0.022622710045257514,-0.3173683671476577,-0.11088132947984973,0.2262834854434361,-0.19993553013148518,0.037443866837121274,0.7677921733956604,22,sports equipment
1523,0.26202530248659883,-0.23323024674431164,-0.005380972881269718,0.19030200216298357,0.12279773730751989,0.0870502827214031,0.020042194070402652,0.2697788357265744,-0.09026553020082757,0.12934841033059916,0.23141881965631841,0.10152482168723004,-0.0725229625935815,0.7531264978466221,99,
1524,-0.027364212448523988,-0.04164398500045768,0.1645822571575561,0.341045845248136,0.038296308889628046,0.1815884794688209,-0.24708629037317079,-0.0033642154895092,-0.21062633535000677,-0.06784113880008391,0.1736621164511309,0.22579929922208541,-0.07275889853255192,0.8475660990550384,10,food
1525,0.2175856385140674,-0.2899813932764229,0.023524917892308095,0.1861147981877182,0.02125450526887739,0.03678934132421254,0.13998037034330707,0.1303520765021167,-0.20018082743892573,-0.156310477259034,0.15468350845143977,0.07433098894840018,0.08888953740802306,0.8012052519088168,99,
1526,0.12813058411351919,-0.09049478534686127,0.14184573206218787,0.2681827672498269,0.18054657501128027,0.0849974365936516,-0.07004828509553754,0.023521454558568414,-0.1387195629425664,-0.1533822743366914,0.3352902882653908,0.01311305224984709,0.020860821874248037,0.7832017476635481,10,food
1527,0.1494919374143545,-0.0314154154401752,0.14637918230144492,0.25966208948834213,-0.020616811901414806,-0.18876015809028476,0.10760383910020403,-0.059204783313761285,0.03947017689937312,-0.04828350310785393,0.20792024052793215,-0.04644703074570084,-0.22793838856257317,0.8151893374775275,23,tool
1528,0.09614520511347155,-0.07861274328234052,0.06473041316383546,0.09834098660022562,0.1898742269985368,-0.02595395445509216,-0.32115233367476925,0.2556111983660306,-0.0904647022789234,-0.3281871664300616,0.08950807593032789,0.0018746129052353486,-0.0022068713673345855,0.7794539412639542,1,animal
1529,0.2303954755850339,-0.06023384105474783,0.06335513574509259,-0.14513327194545098,-0.06971615365136088,0.03544744713497029,-0.21033534684396266,0.09043108696703635,-0.029178451884089598,-0.1287563031925581,0.1881883304967573,0.03286997638011976,-0.14450367064704156,0.8132512997368166,1,animal
1530,0.1477207408612299,-0.025501809174871777,0.09861754584077295,0.22630229225082302,0.20795430157784658,-0.1416731100998315,-0.03433826945527287,-0.07602848673043182,0.022554163110461534,-0.10121405464537918,-0.08511696842435192,0.09305970213521035,-0.0483712111077806,0.8565341092619655,24,toy
1531,0.2500059673660067,-0.026633429898930278,-0.04719101853170667,-0.1646938355903743,0.03238990510046913,0.3134058190096912,-0.1954050297465697,0.10222452989260744,-0.035002546293825675,-0.11825357995904956,0.0737536504616885,-0.05857501112686113,0.014668259147070088,0.7729344880325794,13,home decor
1532,-0.07584812866942821,-0.07198663567457922,-0.17811334453480537,0.15638700225496707,-0.04290557739361586,0.16996547103542198,-0.11216559998326449,0.30731955488437096,-0.05154794955746991,-0.04982545800773788,0.3257595581605736,-0.4748691757096224,-0.2927728560656294,0.8156806710282967,99,
1533,0.1545871565392234,-0.12896242138033048,0.2970724287241306,0.03136144503828679,0.05444246664893084,0.17306202455039085,0.158669869212311,0.09743846626992464,-0.1903925251118336,0.20419570333453646,0.0789684314838237,-0.1756849261380388,-0.20246448609966214,0.7761538876659978,99,
1534,-0.10333084046321991,0.09002820878965481,0.022095890224010945,-0.1933705777424356,0.11724911746906047,0.27481757170312343,-0.1829385058488513,0.46366521302222535,0.16256632150019762,0.09945863057915652,-0.07837844405874045,0.049612149412794335,0.14410111135041004,0.7268011257035648,99,
1535,0.26625785227448595,0.016025337705037217,-0.1567514058053186,-0.1441343867678257,-0.1341022433095869,0.25184786039649987,-0.2948043135292377,0.1540574394978662,-0.3568553374098297,-0.16490229931341827,0.005757430192446046,0.05356278488121728,-0.052963816170152424,0.8207665848847839,99,
1536,0.30309311115904997,0.05435902928493926,-0.22317368980306748,-0.11731134434723467,0.02004349198861604,0.2322016333702311,-0.11153188389193625,-0.0670993211431445,-0.14814766160485768,-0.1652066164158373,-0.11890345677333046,-0.025925156704252213,0.044099982107043814,0.7973352175278842,23,tool
1537,0.11089285024253472,0.11164014126783359,0.18242451807206078,-0.05888588420526015,-0.16877827384516608,0.015095852613539518,-0.2660233618149046,0.072689343304239,-0.3930990629567477,-0.00750918030729612,0.14899280368533233,-0.2718227439879237,-0.28880714863250284,0.8109806150964688,19,office supply
1538,0.19784139778447968,-0.03897604964819727,0.19074639601952176,0.23317456987060536,-0.0002316730468289415,0.10586704198296791,-0.024952501017874888,0.09028264129845986,-0.2886999634591787,0.2935724079790943,0.14008215888392742,-0.05002102745948241,-0.2417383713325542,0.7826371415161084,23,tool
1539,0.2874407100056083,0.016780389238868414,0.018947767176230895,0.0889560048104871,-0.3014943750544206,0.02503840596226435,-0.10786757422487245,-0.01587338271059654,-0.2058683880786826,0.026681217154716066,-0.004750417464966872,-0.24200784456036414,-0.1601243418513924,0.7925910876953135,19,office supply
1540,0.018580841756908117,0.04593001511326382,0.10551245192547289,0.13995238185770278,0.1342439840124065,0.06394614899307713,-0.23802492759116492,0.02864159577285984,-0.09960965383124777,-0.05404279726691488,0.4604752938524823,0.047720981619712284,0.11949522138484109,0.7859481356667098,10,food
1541,-0.036748444966578406,0.0694964342121242,0.19331910720138926,0.11718572401091393,-0.054111811321387336,-0.10940728631551494,-0.3949055633370018,0.2505861633746482,0.16941550763972124,-0.11336326063073818,0.15577217860586337,-0.09335661899163951,0.2174671470197943,0.8093589925845054,1,animal
1542,0.16377561488064746,-0.31110714119739946,-0.03570936670048928,0.29587041792531604,-0.1182378467331477,0.15348507660751562,-0.1432769100140221,0.27601349829139493,-0.2843950308549792,0.05711130240294454,-0.09896567577899809,-0.02727411821379637,-0.09242758013545918,0.7764565727914915,26,vehicle
1543,0.2098594396569999,-0.03980830775844581,-0.11396700681935829,-0.05112229110733207,0.20289446226008914,0.42912015179090834,0.1410474987733741,0.27653575791674667,0.024561313343810332,-0.09672407455934612,-0.0318768110858888,0.36412134456896883,-0.06735533509719015,0.7554367246619758,13,home decor
1544,0.05988152654297211,-0.11796452043904182,0.06944490096832859,0.17523186691024278,0.16813648660335703,0.21527333561731768,-0.08505954421457586,0.1429600582420402,-0.14481186422058276,-0.11187110369029092,0.15734392021490745,0.11494443873227697,-0.1081290922702639,0.8062635954099371,10,food
1545,0.2703125260083946,-0.3030358406376964,-0.028547580057523406,0.21055335198905703,-0.0685193129795119,0.16853207180108049,-0.09727027315239084,0.42125152545803635,-0.2539534291513412,0.09499436568575327,0.04062761754954348,0.10075963357967048,-0.10237770157528842,0.724088526265874,26,vehicle
1546,0.13496400282151527,-0.3035373268514467,0.2684195943697207,0.20638341897049678,-0.14553161295160913,0.2764071229273979,-0.014514237884688494,0.1503749190833855,-0.3728844205384782,0.018423307981893428,-0.009257458789957745,0.004036214993228114,-0.10442191245194267,0.7788181139572309,20,part of car
1547,0.032437665289003506,-0.005605878851935461,0.3113002589323178,-0.05465993379981533,0.2550533277647859,0.2198391470155382,-0.0333513146812678,0.1329281741284985,0.033391067005842594,0.12445867584982687,0.2958868756558458,-0.06492207575268345,-0.10671793835848882,0.7500292221328807,99,
1548,0.11485196997031856,-0.17090333616335956,-0.21903165799541355,0.10710179451227125,0.08588271741363283,0.11512259797520095,-0.10871626436950414,0.18108425843499362,-0.10731028591047861,0.009450354566472138,0.3195957514666183,-0.322507886346278,-0.1168026679723138,0.8174812715051393,12,furniture
1549,0.16013560910251468,0.012340620307858381,0.1957249671096929,0.15623801189248912,-0.2893496653164906,0.24023414592411582,-0.1312351505916866,0.18480329787922734,-0.3087470099495548,-0.07456677996689766,0.21731244439704964,-0.02945327026458704,-0.03415590034896921,0.7419017116658811,9,electronic device
1550,-0.03561390869224129,-0.14751063701855413,-0.012537656091461714,-0.02302631833999603,-0.21090429694183604,-0.01679796075868221,0.20591301856313912,-0.30073140355991496,-0.14374322422780625,0.04671495310213199,0.2136315561302285,-0.14328503648255891,-0.07905346730122123,0.7935165266198644,17,medical equipment
1551,-0.0045151471758721785,-0.14450113752107416,0.07813203725222642,0.268696576013841,0.07277733859675488,0.16682603275936977,-0.011065625587071158,0.10293668969208782,-0.12441252083656493,-0.14910199300553087,0.0762226509091391,0.13674450453501705,-0.0734176528170669,0.7893430937248295,10,food
1552,0.06897511078114751,0.10747761240239927,0.1379566415584606,-0.146389145883021,0.17858372766398434,0.20555102269312686,-0.09623722902412776,0.37868508169713994,0.08967218769535336,0.056756416736847906,0.24490774584523214,-0.1929154458907393,-0.07382134661151153,0.7102639978954393,99,
1553,0.2931950376926942,0.32942599015469687,-0.17959685555592686,-0.09610000403763834,0.026350703899382526,0.06905528978737412,-0.3499492660561152,-0.16590729266781545,-0.38408951548705045,-0.2424174617100602,-0.19404368457867008,-0.12412009980924993,0.12785132342681454,0.7954759664563759,99,
1554,0.11997193470896622,-0.13519479663512612,-0.325544660545438,0.18710112984225435,0.06551864015736267,0.20614818496012852,0.25380422879972037,-0.20314701968798252,-0.12042407017597824,-0.08698213950901747,0.17606883492690578,0.043879979709385133,0.31077882556151465,0.8582947393134874,4,clothing
1555,0.003532028712668679,-0.18863707265321544,-0.09511380518498774,0.2373849350746979,0.11021089470986531,0.30100195975278565,0.27401905838003265,0.1098357655645409,-0.14726278944681676,-0.05456627941768487,0.11531618540495547,-0.24837388050688258,0.03886485209919795,0.8576388851994025,24,toy
1556,0.08772351582766547,-0.02372626432049158,0.08252806556818891,-0.1510106777073921,0.02421155461341973,-0.18010795662494777,-0.4688187157506931,0.29084223744151155,0.08550294370879029,-0.36064874545328846,0.05081484603648253,-0.011150940442308025,0.08281723535201321,0.8184916091542059,1,animal
1557,0.07260527948619767,-0.08798046739475192,0.07319267848258258,0.3145769443269635,0.1538820515196254,0.246249908127259,-0.14888418322190994,0.06233977677064846,-0.19462303334686332,-0.143090934407962,0.17741785940439703,0.18635316737140947,-0.006747366922121735,0.7484570218203082,10,food
1558,0.16828855217133035,-0.3329579819955779,0.1041802376097897,0.20886837433887714,0.0838810850834748,0.0917605805750939,0.11136483087738167,0.20947619608433063,-0.362421790623687,-0.043110162092826025,0.1908801437512767,-0.10934096996649315,-0.04463822540380493,0.7097973774342181,99,
1559,0.019958820641673425,-0.00988250420606655,-0.3831902314499508,0.3063866011391019,-0.00035441695159874195,0.020640442640436386,0.4013129946800667,-0.21647092141101426,0.04434693137584989,-0.3091139020836687,0.19891692707208541,0.07615733670432959,0.22423861256287955,0.8547035584583723,4,clothing
1560,-0.05466788537703413,0.04724809655500983,-0.3911040468497123,0.33176036120270336,-0.11026631003040277,0.13609869549196676,0.35422340131937624,-0.25965230260209626,0.14649409094980512,-0.2837669340568817,0.19162053401504792,0.07979735278645395,0.043838626460717865,0.8818364900681974,3,body part
1561,0.14681339453008108,-0.25896632156410915,-0.018117184577424346,0.14657616134986545,-0.041958204811034794,0.2045583252915165,-0.09872778757852665,-0.06747010812393332,-0.041727940937526485,-0.06807642811869474,0.09236367249616506,-0.1370990488002182,0.008493329690019782,0.7846599237123016,12,furniture
1562,0.17038269960451263,-0.04191701406045073,0.03334004984528999,0.11513836592482278,-0.3827207944327254,0.16658366766269914,0.006889756966414813,-0.10516578695304381,-0.3999843897200969,-0.015450039499152638,-0.09186194177096169,-0.009009136199700979,0.29356379515315695,0.7871119318019271,22,sports equipment
1563,0.18918407962843098,-0.23860532531188935,0.1516469376335105,0.03353354463578742,-0.009125004357592028,0.13909164650649153,-0.07130868575141658,0.28444131170532233,0.0031686815173544553,0.1511903699119778,0.04928922833464147,0.36149401305699796,-0.3204104512568684,0.7646643970076494,99,
1564,0.08456570423760677,-0.06463615195999928,0.22462997077652447,0.2263942930849936,-0.1699940699447884,0.06946315908184858,-0.10617219202945004,0.08336563376257951,-0.26546260489384005,-0.05697357117282115,0.1597483813538272,0.09997481315894835,-0.312983288062647,0.7188696253578644,15,kitchen appliance
1565,-0.12887698941599549,-0.12125014858255921,-0.2994042427292506,0.06647387678998201,0.06589481115803257,-0.0038288717907308647,0.05429649795638068,-0.18587255124078858,-0.09371268484608258,-0.22358867497469845,0.1266529198048584,0.19475205709393506,-0.11295744795483303,0.8033222677933399,4,clothing
1566,-0.04119936050754982,-0.05529583814843831,0.23707398289585624,0.301247117495438,-0.16589555477288123,0.203988941024788,-0.1549755487583003,-0.09694201402866696,0.01269758568325219,-0.05884473765928236,0.14808555706044124,0.3625679446161651,-0.384754556077109,0.7875753716300204,16,kitchen tool
1567,-0.10390597529337821,-0.11145101823540003,-0.08622426293877454,0.22167044264936175,0.07688071822287249,-0.006229421017922847,0.08455342033709408,-0.21230231274994374,-0.3559318039187835,-0.03956692833109531,0.28063222299519197,-0.2068497851129636,0.03897960706997972,0.7321298016589869,99,
1568,0.03675808018105056,0.12564623387176557,0.04125906846405729,0.07457278232910858,-0.007049027494736885,0.2058108770396682,-0.17520734890147305,0.3128333827684659,-0.055370826986382696,0.149001208406516,0.1767204324896017,-0.10195029500230136,-0.06125079158168319,0.7756095800040035,99,
1569,0.0722843418436755,0.007038597085657031,0.273131148029506,0.010455725178391873,0.09690956873582972,-0.08338538297979649,-0.015529885563126107,-0.2768627789756903,-0.2180780357634766,-0.05981244001382219,-0.09564395452914827,-0.12135774287909454,-0.3464926521214994,0.8360983619818477,99,
1570,0.10844035966553821,-0.0814252252627494,-0.019816290045941192,0.39715302112227463,0.05938285158705695,0.25925840030108566,-0.2543805790273768,0.04129572963555214,-0.05689959324833433,-0.1480619890522909,0.1291412584099465,0.05218301848904558,0.06627227753808246,0.8119613998625553,10,food
1571,-0.10253068281994172,-0.05501395487127928,0.09853844081497204,-0.013583509217553526,0.149728331810023,0.3355415152880352,0.14848654843116718,0.4595086016285265,-0.08759371360955825,-0.07887749023538469,-0.10045379610129622,0.005405762311250463,-0.2479652409660408,0.7418954323352013,99,
1572,0.1663639581509913,-0.36332290351575375,-0.22021496977214905,0.11773686357868521,0.07514678343506737,-0.02945434503266647,-0.008502612811194726,0.21525062307063067,-0.22673147345343864,0.19980257339960025,0.22356326917174688,-0.22998222765023926,-0.2272105525425705,0.7662015420038527,17,medical equipment
1573,0.05347329992693508,0.001982683726309871,0.11521082350178745,0.059901215085172446,0.23929220383977418,0.020975867217323377,0.06249312504844371,-0.09415993200209334,-0.16914723158359712,-0.19537790701017596,-0.02685031152618954,-0.25284449080397514,-0.2893854029553091,0.8497753634301005,10,food
1574,0.14615985831921208,-0.14886498096406892,-0.4050473974932079,0.1752907939258127,0.08827006603389093,0.07673961616022115,-0.09029238289044866,-0.019834029068633675,-0.25734432609769764,-0.009311930299032482,0.016134767905106408,-0.3253921585141094,0.26302245481626185,0.7697358061546926,26,vehicle
1575,0.02028130840007139,-0.16681044278312507,0.10889361171413695,0.34568889122852575,0.04675974580093822,0.20326866534059465,-0.07516139460596101,0.09369183241873974,-0.1391130460436972,-0.10384914308369861,0.11824691389566774,0.16966952983386602,-0.16066194081784108,0.7959823142910435,10,food
1576,0.012116997618101958,-0.03614195053543915,-0.02756045627752215,-0.1280348876947107,0.0815420362657261,0.26952788849947096,-0.1038164875234097,0.35191142133264225,0.25697751767088606,0.03103042278051929,0.260704514197286,-0.0811517551263865,0.020675850881506683,0.7891889308581208,99,
1577,-0.04768955469102725,-0.019133093520033936,0.003299073434544681,0.13835450831197302,0.14455954755053782,-0.01219549532926052,-0.2238144587863967,0.5059341298662311,-0.13400744941133896,-0.13281137938517465,-0.2281075055617667,0.07705462555015843,-0.1573688681658473,0.7637758530511721,26,vehicle
1578,0.1759809437102354,-0.11526406425926491,-0.1590926670237929,0.20674888170105488,-0.19414707685110377,0.21526304510582225,-0.14937607240246986,0.11395753116542645,-0.2985945934030234,-0.01652648417660701,-0.21311107102957258,-0.15271283867619662,-0.009433206341316348,0.8502325231465157,26,vehicle
1579,0.02657682550632641,-0.11174471022194347,-0.027024728618009416,0.30824307636091,0.14217431353488608,-0.05629110860294445,-0.08521158745206127,0.05557900500609576,0.08886256427373133,-0.06401839659898573,-0.07449858314687825,0.0256300077783122,-0.08247222672090011,0.8462763862154108,10,food
1580,0.09854760918021821,-0.026832894375082066,-0.421631258308723,0.10865658258590884,-0.09193218918640647,0.2572175494056554,0.10565714547253748,-0.19450369797090433,0.001318412772188961,-0.23017928077798533,0.3376934671281812,0.1519425686361374,0.21001575478688367,0.8392468943431717,4,clothing
1581,-0.012537177338646373,-0.098766064897476,-0.30042038277169336,0.022796192247984473,-0.1887821051033269,0.0985093392292462,-0.14594001592718833,-0.014178882412442632,-0.18857900403066466,-0.08968325630985219,0.4002069520108058,-0.136942885725523,-0.08300479308437245,0.8144550365632532,6,container
1582,0.1472547025587238,-0.18173432325925332,-0.16305693677317012,0.4165835873020345,0.25964487100919803,0.14277566520960344,-0.05449789748162198,0.06549215760937285,-0.0014089442737093695,0.004535954047761821,-0.017988907557034438,0.24119277863392038,-0.1310501985752932,0.757706052546578,7,dessert
1583,0.062448917801896674,-0.03554822818199304,0.24121710292413762,-0.14503412947357136,-0.12973787189942176,0.44891218332077576,-0.016077897501728954,0.17090926056638203,-0.11718561314955439,-0.02017959551921688,0.06368790227332725,0.21634110198147444,-0.21918451392491883,0.7904552786551815,99,
1584,0.14916016725032674,0.08954050047387188,0.026391163464124734,0.04139809717613391,0.0548903240991352,0.13821740326538376,-0.07230427041681099,0.026740303127348312,0.0926047645319823,-0.15817994274535324,0.2958618472883031,0.11426183317257302,0.2279193879604301,0.741488048869307,21,plant
1585,-0.08676641323567597,-0.17226167244870105,-0.18481609704556284,-0.07902070946873925,-0.19153362132123122,0.320022823363009,0.054866033604828404,0.02902940286840719,-0.11924707152495638,-0.3549865583009419,0.06722687165448549,0.09719873397161076,0.321767814092537,0.7793810119419877,99,
1586,-0.011088597484464325,-0.18209014100916215,-0.0662010408265407,0.18014241444129278,-0.2743366680500899,-0.026865762632011115,-0.2402604322418248,0.3376478773527012,-0.0814242441233187,-0.20889659367553529,-0.03730142685677917,0.04577043825999312,-0.06349720928489112,0.7499428543033195,20,part of car
1587,0.1420965558736727,-0.14211843091192647,0.06712777654207433,0.11967937697410296,0.2798961773537611,0.025337676215699687,-0.1328020863730948,0.16208115079361962,-0.1699031419084889,-0.23296324327001605,-0.22452033204809418,-0.1703681936288766,0.09923676157750384,0.7951610762205276,22,sports equipment
1588,0.08977804531113828,-0.09603859823268417,0.10852479854049776,0.27613384871957536,0.17284333456775572,0.13379336455103766,-0.15680938806613715,0.08483419273251032,-0.17880713356633995,-0.2573872058376398,0.07822230279175504,0.07787473810746534,0.002926483187304865,0.822439273867387,10,food
1589,0.044659107446598324,-0.18726283266131397,-0.22144539920560252,0.17708820492545504,-0.05989919195188056,0.09289902979320283,0.24491854685972023,-0.019850781354749502,-0.21372878266096,-0.2438363629756774,0.2809901430307578,-0.0630834906306059,0.005749105510955962,0.8444481670091427,4,clothing
1590,0.16786744209756282,0.09497960910313277,-0.010014526470244528,-0.033849488821502044,0.07977412761381669,-0.2211745127178888,0.06566998367224072,-0.40600742480761104,0.02412775787472877,-0.06854596733054041,-0.02861852104592836,-0.2389755414429681,-0.3301161157762498,0.845684287508742,17,medical equipment
1591,0.09112400825638924,-0.11807579500977489,-0.01819256444401096,-0.020235982242368177,0.05002761071465795,-0.22378373041883579,-0.23672154317238417,0.1745669078410694,0.09809847635550549,-0.3576544692724704,-0.05206150123956238,-0.019256345604894688,-0.060867847032665484,0.7723613552746439,1,animal
1592,-0.021517330608083186,-0.07368723446322233,-0.41056751061928226,0.06142303331680503,0.0008182105929970277,0.06239767844705481,0.03046103416591548,-0.23890574954578964,-0.015054927865270868,-0.2899058326614435,0.1371410657932651,0.08074402878257692,0.313093449288661,0.8163854038003964,4,clothing
1593,-7.674906185849758e-05,0.04128450176293574,-0.4546527838542246,0.30127507150222266,-0.04454884470577425,0.2016665265269492,-0.025088281798708,-0.35347685552734454,-0.12725337104092863,-0.27392624146963107,0.20683118910873532,-0.03299895930715559,0.289098473842893,0.8167225753054336,4,clothing
1594,0.23503821881152748,-0.06440503390564141,0.06637840343553986,0.2953535826108168,0.026310763790798736,0.01987104680194489,0.22400195346391163,-0.019609466990591105,-0.20389867045582935,0.04821364817054197,0.4312618676140651,-0.018661709838373203,-0.22205550120074563,0.8349707936174102,23,tool
1595,0.015701712226946142,0.005299840439569515,0.10967086256638314,0.2228971275847356,0.2462118694315038,0.15635213306779497,-0.03559904765177987,0.18728878237486904,-0.11250384399928416,-0.14542361550674837,0.27438961610664514,0.027582365199593,-0.11866774280501559,0.8203779621462549,10,food
1596,0.045265613516574876,-0.15393649706165335,-0.15007122096183662,0.15733020146938542,0.13666605715862268,-0.006116656146416762,-0.24555183600466193,0.25775113354886847,0.30422028693165953,-0.23094085261588407,-0.22987863230239208,0.05697814458214086,0.010886332559969594,0.7717103695762233,6,container
1597,0.07714517989674079,0.029298325978230594,-0.4229538730598379,0.09541511254918415,0.10825929184684249,0.07589719734371847,-0.1350210281997556,-0.25623794205148054,-0.06589214412358022,-0.33441591794549635,-0.015427894088338268,0.0009343204956897859,0.3600100603551218,0.841278403168647,4,clothing
1598,0.008522498709326535,-0.2084467603080808,-0.12305060998051971,0.03693512922984892,0.36188335209226985,0.3010339051205605,0.009399825100555825,0.0995631256347787,-0.1968446029729818,-0.027667094085169555,-0.02151178651015224,-0.24517764851098392,0.01840574326297885,0.7912969668246261,99,
1599,0.09100095193870424,-0.19157094160981258,-0.2429081327521493,0.1838462475240784,0.2956145906644438,0.3398192792015546,-0.13080657851307018,0.37733347985948457,-0.1910775709407163,0.07227462042646582,0.011559069011174237,-0.22083791963068036,-0.07903715572091292,0.7495750405800561,99,
1600,0.19427024067521692,0.17836640657814856,0.09298667532691851,0.09868797669021531,-0.2475768439356397,0.1396472837012737,-0.2060070340235467,0.14075942711024977,-0.3379304542436132,-0.021880375322628775,-0.046606025332404495,-0.24748718200886766,-0.10552043892722861,0.771423998272778,99,
1601,0.17278845283542504,-0.14573159169641853,0.3342675137958132,-0.11954428612048155,0.09812312734862598,0.1145827942670764,0.10332546086659906,-0.13367114135942929,-0.2832937302513292,0.05199387259427278,0.002514883149551164,-0.09922856367096584,-0.2446781513857146,0.760562368903931,99,
1602,0.02693648127629513,-0.06722651857002208,0.37527385585504935,-0.08497104312041388,0.2858986669380942,0.2370423354997822,0.015965074920019157,0.07995870103915857,-0.3899032803649316,0.1209626472465601,0.07862001410212703,-0.11179599363086554,-0.4530819872282389,0.7598073814712619,27,weapon
1603,0.07800587004472295,-0.06870000954832427,0.20223379516411372,-0.08822350169458255,0.20512763806832293,-0.17824497413506835,-0.30198322748958356,0.37788227269582597,0.02299465307180973,-0.2911445789184253,-0.09107139311798491,-0.046766383141473716,-0.07550558754688802,0.8044236286554628,1,animal
1604,0.26052272367508555,-0.18114980637860928,0.19987851627604916,-0.16108212518842402,-0.04507209553859746,-0.12781492011420076,0.30501923614322846,-0.22492779414640462,0.03431963459677617,0.4001642523415994,0.07001744433589129,-0.10326033812377658,-0.3514217682372191,0.7911893618815136,6,container
1605,0.2784959028644571,-0.32395148029485515,0.0690685653026633,0.17582278340867993,0.02497306474561481,0.1644435240282941,-0.11146737102053421,0.06161138153647455,0.2611868786061905,-0.031185306085472046,-0.08217511473799952,0.2068171494134468,-0.1010988968627383,0.7828818122068265,10,food
1606,0.10714096121570278,0.041757475940639825,-0.49169856276090623,0.03056828818348023,-0.1296859515320068,0.02334708976146246,-0.07105862449571508,-0.2518316910278714,-0.21464301375851766,-0.3654465720976924,0.19156494373144167,0.025263292739064518,0.20523662515947624,0.8066026114806603,4,clothing
1607,0.18517712734537206,0.16184843624008802,0.33773508376173456,0.0908500751611841,0.026863396338848627,0.19176947586404472,-0.2330719795576277,0.05251630446774048,-0.24695488752151012,-0.08858407874742134,0.1757197925511117,0.116372620723786,-0.13109401557872044,0.8427329896940715,99,
1608,0.12167213963125607,-0.23095823688392525,-0.11039765870779618,0.13623495922641707,-0.05533925535808203,0.1261881070865203,-0.20193514957084485,0.354006332667045,-0.13748904675481113,-0.04414685316911401,0.29289300915204775,-0.2716693343722338,-0.29120282583937224,0.7855637587759122,12,furniture
1609,0.045041781838628586,-0.2703394597049647,-0.2709106537182945,0.18254805842081911,-0.012892856933405642,-0.20641826894915785,-0.18662135180670972,-0.043448204270803766,-0.1023852893641551,-0.24713803439197093,0.2386964848251696,-0.014201680877125544,-0.26994681066883985,0.7355611119731789,99,
1610,0.10218194832778722,0.0779606853997863,-0.05409212717254355,-0.05599719906921943,-0.4058574393830249,0.10038002958727131,-0.15785511698649174,0.1481617720471135,-0.3456149596439528,-0.15986122854646106,0.22086904889687942,-0.06256439115171993,-0.029774074573048384,0.7864178504422408,9,electronic device
1611,0.2610218432133465,-0.135690128202537,0.4692289146325213,-0.00357075252019451,-0.05508134343962537,0.15397079292166502,-0.029556342021393536,-0.03237580046399031,-0.36825680074890593,0.11960114746495305,0.2013123059979131,-0.11834032783857171,-0.23565488925711434,0.8452661838656221,19,office supply
1612,0.26516495931898376,0.07925763071261584,0.11404338409451871,-0.011260721965327706,0.00681358023495144,0.06016324408542205,-0.32019757130416676,0.14410479430284126,-0.3779511477104405,-0.08058575250710662,0.09110343398274065,-0.15837468538781785,-0.051036541887174984,0.7901512117346601,99,
1613,0.029869050391074136,-0.14669891044943376,-0.005954586381317979,0.26763407602035194,0.19987502112703986,0.23853882086454603,-0.06207484865347004,0.09912343025713008,-0.14227816507597613,-0.13892059132139842,0.1524260459485732,0.10466044504284765,-0.03463371099418604,0.8296632870417271,10,food
1614,0.1747231358257524,-0.08840960991454644,0.1681688230661912,-0.24476770180964946,0.08725223755111286,-0.18006262218732097,-0.44869111444806425,0.2957511522284315,-0.01656339568346293,-0.2351151010702523,0.17105817181371188,0.012229413336124156,0.02595948894858789,0.7680521856548813,1,animal
1615,0.2726642436777926,0.029241443487042343,-0.1406229035713549,0.21215271230434674,0.15842648271459822,0.07154672323941066,-0.17522975201605098,-0.04323037045905507,-0.15374414478444853,-0.21715605987242176,-0.19601965496122886,0.10147319620173934,-0.07989850640348993,0.8114762780596807,10,food
1616,0.049806216602214924,-0.10457521415761636,-0.45028366816505366,-0.0002010944113611051,-0.04094381571016028,-0.04153796518048889,-0.03680906053241677,-0.22285410448569215,-0.03605936684487015,-0.30609147702491807,0.16186014858740183,0.1158330499778016,0.15457318607413928,0.8656836835196666,99,
1617,0.06984892283349933,-0.19619393583244327,-0.03457935803629978,0.18251816015701583,-0.33438653772481697,0.11197357618523678,-0.11646006542650798,0.08744939613083069,-0.18369961753748057,-0.04634184585275648,-0.20562942017015584,-0.15378997512649978,0.08215865163999954,0.759325837370653,20,part of car
1618,-0.05070769667570135,0.05057265808615431,0.09076439096312003,0.27770237788406527,0.18461883075075658,0.2482279701993257,-0.14604919267982233,0.14851990251709019,-0.11927954945543304,-0.1161915204622909,0.19683182215793152,-0.10641541065038737,-0.06765107645980267,0.8540308493265102,10,food
1619,0.02267421756089566,-0.07568202311050402,0.43910383346311244,-0.005625578065861118,-0.055169009360171384,0.357091058798311,0.033243157711914495,-0.2598382174603285,-0.14279620968586731,-0.2448364510385088,-0.007270787751691578,-0.0573820599260316,-0.1077214587628631,0.7710394670175719,18,musical instrument
1620,0.08788982949305196,-0.19045844940498538,0.10358170877646299,0.21273012706767552,-0.00725444035158296,0.050183274194024595,-0.1287027601836555,0.3185683143245464,-0.3401785918233463,0.07202304244879736,-0.19274191678083105,0.19739677286310314,-0.19026252542983582,0.7256083707963947,27,weapon
1621,0.21398030332035037,0.07195917952266936,0.2069314282370892,-0.16992864032262817,0.17320379407872072,0.04757899518332167,-0.1323016524393504,0.09889247012488224,-0.12345565721507887,0.056512382416072135,0.057167778357683954,-0.1063645390924829,-0.37618225996669796,0.7191804361685249,6,container
1622,-0.027510671553681112,-0.06508962182003017,0.1403664426622442,-0.15527896426244112,-0.2471193041567923,-0.17066104607914173,-0.16827160114654702,-0.32998843190942,-0.1562037385903438,-0.14948249027835717,-0.020923102980469302,-0.040672867447931936,-0.25340118416987767,0.7961648380416653,19,office supply
1623,0.22385455002267343,-0.08326635738335018,0.09729027405571389,-0.016148929874763282,-0.32312131613972317,0.045802481910610496,0.04398726754047278,0.0050993277512195335,-0.46507862897911845,0.16593770795621146,0.20684441697087286,-0.02525705807944685,-0.14469472073421003,0.8152644393933594,23,tool
1624,0.11692106463137994,0.08508315582027305,0.054639832200415434,-0.0014842187792432693,-0.24091721636257088,0.2325658904161083,-0.15101335769320104,0.24750337833947905,-0.40572355842061664,-0.07659338393965143,0.2629635882336704,-0.07711711076358425,0.023089884067466388,0.7616735158294851,9,electronic device
1625,0.12619303790399933,0.04372385374937184,-0.2793760939994691,-0.030773027767543187,0.01602155592452644,0.27644460625107947,-0.13436219195919405,-0.247417249802998,-0.04081755784144361,-0.32923766577609337,0.1074051119035431,0.09184079151372487,0.1178359239867942,0.7745942014748178,13,home decor
1626,0.23435945531174804,-0.08757690112706469,0.08773818931151872,-0.22851859629943544,-0.06449309785002384,-0.09152061086891827,-0.41942624897002295,0.1785065686510692,-0.08015002336988783,-0.09265373036216855,0.3102767159394887,0.03185881714306319,-0.015813156604009036,0.8542860287444692,1,animal
1627,0.019458429798215944,-0.0982175928502875,0.20015418747914585,-0.04013325845854305,-0.032597152648342814,0.20210207762388865,-0.007625445720069069,-0.06302945965135721,-0.15624832588058088,-0.22061126000734546,-0.19993258526856023,-0.05148467095050548,-0.026671131447566495,0.8145796966564499,22,sports equipment
1628,0.1095794195303155,-0.023244422696935666,-0.28627560460209145,-0.0001690053740262161,0.08296635468235082,-0.005438612113278557,-0.08178325259184051,0.16559845890732558,-0.10398560959435968,-0.15102445795032574,0.18611987793733226,-0.02538686047428034,-0.29700958221333773,0.7866981699735954,99,
1629,0.3206772689000503,0.13674259847571735,-0.34873918491814426,0.09975179832674481,-0.04842236766966452,0.08173264929318269,0.01869243189957701,-0.18589693043799843,0.06173216536650621,-0.33310884499481225,-0.06595483282887327,0.04784579319325625,0.21281422370859457,0.8799270376427326,99,
1630,0.2139955625062984,-0.06582737699796898,0.00905421643044832,0.2678824169672514,-0.07465463634959134,0.008998397329269433,-0.08833293760277568,0.1648751100634629,-0.28578006497825614,-0.0011115583055763371,-0.09702435805762853,-0.12549434742706903,0.0960065370022499,0.6988007853295175,26,vehicle
1631,0.09839320563511186,-0.24027999923515703,0.08706877868347956,0.21842638953869406,-0.0475783937519866,0.08935991491555005,0.02342436346403523,0.050418830906746724,0.2859757849160037,-0.06959102955339282,0.1257832389832917,0.40497089685831256,-0.13880050480144182,0.7696953556936541,8,drink
1632,0.11348092631817909,0.021783586400899748,-0.1436890304002768,0.043632712859909516,0.023942588388221813,0.055496737547408796,-0.3030521600363215,0.005887757505072723,-0.07788090093820285,-0.2201504156535992,0.1647520173567143,0.02790313723544728,-0.2498389857294099,0.8245809398248424,99,
1633,0.2984903757898892,-0.2847754696212645,0.04199738892488786,0.11418026985038511,-0.04050295837251228,0.3155167786212324,-0.0881604458039003,-0.07129425753023624,0.11345921825502028,-0.14884236744659546,-0.017761694706597917,0.32984300453976345,-0.2059578952622814,0.7642730002955145,6,container
1634,0.1312119038078585,-0.359150049351066,0.26652563688837727,0.3210418758121515,-0.15732586271980076,0.06927996175627921,-0.07562499045678162,-0.12861353274721615,0.24028897990205786,-0.15358915186024585,0.0613203976325437,0.27349487599547384,-0.3303241021209067,0.7981165308064846,6,container
1635,0.09486036620560015,0.10081084460547918,-0.19404572987279112,-0.11185206898331311,0.10144324875486044,0.13452707514946707,-0.06608831580599772,-0.27617790858941843,-0.2259807531342976,-0.14966542446774062,-0.019403263618081725,0.028172284566046916,0.17519959797870066,0.8022717529938327,24,toy
1636,0.17122087450569784,-0.17145636514791218,0.2815435677288781,0.010941671193531878,0.19554704597849548,0.13790595967074182,0.10459871818102787,-0.058761562059979046,-0.07718416254918706,0.06398968917675964,-0.003765911067195706,-0.131320735589308,-0.0791042292277803,0.8088696138448731,22,sports equipment
1637,0.08816786266189419,-0.17059868161468897,-0.10221542000313281,-0.007040604454968702,0.1733437688408012,0.10412199399462672,0.06392118197543716,0.3132416826597501,0.0780129960052414,-0.2838105615520601,-0.09623562424505216,0.0811690016080707,-0.22783125906858676,0.7911644585949374,99,
1638,0.19368223004379978,-0.16395975216012457,0.1442429369551226,0.029739474882562265,-0.08909375206358702,0.2673248297310912,-0.05906141454501454,0.24012716384119556,-0.1390334112196997,0.1340060124511211,0.15321640515703017,-0.15033604655966035,-0.19680788574294591,0.6985935226676075,99,
1639,-0.0041203540939380445,-0.08450872136348937,0.09530607234012951,0.11134784446932323,0.12127202284268175,0.45281091194693474,0.19294245007170932,0.4571800890692195,-0.13792142650330413,-0.050963892158919416,-0.0203239758699268,-0.13950731165618263,-0.40695747643923447,0.7484802543048432,99,
1640,-0.11933196355519099,-0.008619126259340084,0.3656914634075597,-0.13674932006899299,0.10709003433077159,0.36170250068400345,0.06287538414202111,0.3188482391726152,-0.20449375630539307,-0.17887845576368272,0.004949514749948751,-0.027758322289248856,-0.0018315739782047802,0.7907978652794494,99,
1641,0.052028752261971484,-0.038608668932579554,0.055489786477563495,0.15708326438904438,-0.31108244136929847,0.21609808198993483,-0.20253032485703498,0.25248827336274526,-0.40908532472647785,-0.08327611981557188,0.2700338304207926,-0.01646993172872442,-0.06852242991474394,0.7561559520618756,9,electronic device
1642,-0.01924578847158472,-0.14618994625461787,0.20499044730965402,0.17851925800995602,-0.03558315748030847,0.1631675150274913,-0.046847693573143126,-0.2932646917925299,0.030928631525674766,-0.11207259028044492,0.06346807568076995,-0.1308195918458295,0.3525413895868793,0.7757536883687778,22,sports equipment
1643,-0.044095071035320274,-0.20068616094605823,-0.34378885116835933,0.008830757098408368,0.1427551654148051,-0.12112639452627273,-0.08110575250205146,0.08530871969784688,0.008930079113989606,-0.2508986401406068,0.045936328813101134,0.028751268202686413,-0.20322347958093268,0.8074191914471922,6,container
1644,-0.013946302024307189,-0.25852632611918885,0.15559935493446328,-0.06441210304151657,-0.21016774287028547,0.18560755193336753,-0.32314627085709774,0.11946984832214204,0.17954113301968225,-0.16605515508903834,0.2943473065387035,0.301087319456981,-0.08721855491602927,0.7232219000511685,6,container
1645,0.29481680852117076,0.04172316980014716,0.19630555437730413,-0.1721433768541365,-0.050385113401016715,-0.008916565428413214,-0.14714085121716405,0.02294431623944356,0.14131768920523347,-0.035877110114409666,-0.18035918998733214,-0.16206256303840083,-0.09920433896728184,0.8332462766189054,6,container
1646,0.18022288206629736,-0.01876784662118052,0.0465997510078003,-0.25079706131927004,-0.08303984091587524,0.1950119558819157,-0.11416788613941155,0.2794585337810211,-0.1744800085994967,0.06450248673856084,-0.0517598566009881,0.19005364388528648,-0.01583716708768328,0.7638215335535246,99,
1647,0.1674357318090801,-0.16404801062651933,0.29424879167848056,0.1644999790064361,0.07234994395001706,0.049503136497650056,-0.010329435771976661,-0.07234170193539902,0.007063904409462567,0.011392319940079196,0.1480430062088322,0.03126971665925981,-0.344830261557767,0.7768600521793522,6,container
1648,0.02760330255744118,-0.0960521071251494,-0.09397923265781981,0.01795317594392352,-0.4778071145965179,-0.08974981786218961,-0.12732485948542646,0.09143459508343345,-0.243561722649095,0.10651507473994636,0.029726868701945918,0.11546784416133628,-0.03803092217359005,0.8563916426961999,99,
1649,0.13276008731064504,0.009044977521300093,0.3344527185834648,0.09463377202258033,-0.1944132632586469,0.18166955617622807,-0.04462032606186983,-0.08755147599223782,-0.029441232426270877,0.1033552157328553,0.18426123179555612,0.19091966589574036,-0.2029888994751445,0.7775548706492149,99,
1650,0.18924037275048106,-0.05559142663196829,0.20550556235734277,-0.048076209728776444,0.16811055926647483,0.11815925669301872,-0.279270211214312,0.030201057050248878,-0.1739802915392752,0.0727325650722723,0.2670347832734098,0.04649719493252382,-0.056395895595289396,0.7785381744284563,99,
1651,0.1657561083267343,0.14721821275576677,-0.03018597008655603,-0.043270245230607164,-0.03356451397032513,0.06844590647855966,-0.21700648476755352,-0.37398307924057894,-0.1367331289739929,-0.128478480766154,-0.05653434515564905,-0.05400377766789264,0.039078528342713754,0.7936375687498924,99,
1652,0.27123710086339486,-0.3085271914231429,-0.1512532062251986,-0.08526405088238488,0.11234620100545994,0.34131675069503603,-0.14778712482646383,0.09670608217574865,0.08315080871631732,0.03604452875044796,-0.03196773250289184,-0.03362146522458357,-0.023189109965406705,0.8365858366486058,12,furniture
1653,0.17027832783584243,0.19815577435007467,-0.12405246568006847,0.2884826370023636,-0.23239585446395108,-0.0005717130103917358,0.31416645363710627,-0.11735180887776461,0.0637948355182417,-0.1685034206651572,0.1678014623380562,-0.02674698698826314,0.06469691458117136,0.8732568528087531,3,body part
1654,0.3614118882841632,0.16738637804188736,0.28331576385471857,-0.028972437827965113,0.03680781763673,0.09900690995538192,-0.16840313478766028,-0.07922382089571321,-0.39429724853430465,0.013636350064507563,0.09879286490818574,-0.16068020332336297,-0.0405242847230924,0.8110450593781937,19,office supply
1655,0.08880175705101423,-0.18685556337174722,-0.1884264307804294,-0.08343856510223518,-0.04052284356489741,0.3179001585608073,0.10570740611510701,-0.2304535098000635,0.0847433167808769,-0.18857087902063147,-0.012974470178020217,0.18735336346658085,0.12597234876741742,0.835006377994183,4,clothing
1656,0.2754920459716447,-0.07783993655514296,-0.006225293795931449,-0.1533947150255391,-0.11570641860569025,-0.12011971389303538,-0.3077167829689972,0.05203285444117445,0.07446090883674236,-0.0655061890409164,0.2784884682000063,0.02493176515134341,0.09759967604732349,0.8465485079937493,1,animal
1657,0.1013908545315497,0.04849887424355216,0.03344531507097536,-0.062493270202298,-0.18005455410634058,0.014310055154751844,-0.2206795491358721,-0.07596180332248004,-0.44298404163900323,-0.27341202447965285,-0.023032253958117737,-0.15069595907422578,-0.10082596278917613,0.8567254400855172,99,
1658,-0.03581083953404438,-0.0845352096325043,-0.3450214101783005,0.16339936353572837,-0.08335314724446559,0.06369286011465095,0.026704048964394156,-0.3290026944922979,-0.10281417311586694,-0.3176376910993842,0.24368831623667989,0.04701857849729446,0.1473821575729329,0.8198371450148877,4,clothing
1659,0.2542401533123429,-0.09695267767240784,0.08193742044844181,-0.16345834464386053,-0.18227306839374235,0.04407409724366342,-0.25840990626004895,0.01675339555442748,-0.040829364397279994,-0.1643057214262157,0.21841705800015865,0.027732130343523904,-0.0907829660775784,0.8280873170475225,1,animal
1660,0.013254694803913107,0.2473927219194813,-0.06167388761852611,-0.10940473342260276,0.026821698572789553,0.2040092373284104,-0.21825560008558084,0.33605977714464735,-0.0987327026098506,-0.10522422708642923,0.05432532065981472,-0.3157387272412615,-0.2813605018647323,0.7534087276770205,99,
1661,0.04636040764225704,-0.13432675161768753,0.2729871221875859,0.07302733208459745,-0.4711116869846526,0.13994067024567533,-0.07045966959987256,-0.13672752188699192,-0.31368952751406654,-0.01668390927150125,0.014471108316046864,0.22352162216583393,-0.14701424179646472,0.7653240138994462,16,kitchen tool
1662,0.06496456245833929,0.1538057921418621,0.05249630593914263,0.03237805310982987,0.014413732279420551,0.10098660805491338,-0.4382174348397841,-0.2665034298232001,-0.17710369071563117,-0.028281922514139496,-0.12070047350692838,0.15061626869896827,0.19937810028705308,0.7719869868363075,99,
1663,0.011784850883812164,-0.12760938365625063,-0.09314073316857535,0.4196226460366572,0.25460148063816745,0.23415347464408337,-0.11032673193930573,0.26660067444047736,-0.09531679110836906,-0.018062171694143637,0.04428631877225909,0.06111400182550755,-0.20749118359175509,0.8071278615746684,7,dessert
1664,0.20020690041381745,-0.0609631249277765,0.11233800577953101,-0.22606257033316557,-0.08570190029495768,-0.03899547834217139,-0.4164641861272575,0.22564581002434186,0.01848942911598638,-0.19820581090794098,0.2571110587258548,0.00465586497667379,0.04095195957703702,0.8029070863016485,1,animal
1665,-0.0923888620098687,-0.08196809225903204,-0.031167737975121252,0.308018602174877,0.0922050298959449,0.16405647427491166,-0.0686528536845393,0.17680300420822928,-0.0827196193298689,-0.11573360526554821,0.07935212874831318,0.0010002627176603897,-0.1865294586669412,0.8467469040199436,10,food
1666,0.11054143605054075,-0.09611127235355751,0.12099792790989124,0.2627306330968411,-0.1717831884821675,0.1792718883750617,-0.05764417565943728,0.25473787773341255,-0.34104225974454816,0.03705481268460128,0.29304821735064,0.15782114584598894,-0.31722559866816397,0.7895540496241945,9,electronic device
1667,0.02540672671184008,-0.07190454085817301,0.09293019220813521,0.2656958933663119,-0.27721422865261913,0.14282090527174457,-0.14624601368517898,0.2955277939139199,-0.37192653328106606,0.02442932892426125,0.24609259671279932,0.12755431045920848,-0.43437566153627033,0.7164735075426439,9,electronic device
1668,0.19902867405290503,0.05056869089101207,-0.3853335666468895,0.3458929380953177,-0.1302863047889795,0.02314014812561751,0.3441595008184754,-0.2761780503268718,0.16967338594956177,-0.23551224879494503,0.03228164043810025,-0.02320825102934715,0.22746839786676323,0.8485971270218473,3,body part
1669,-0.014679064607206225,-0.16201095705700053,-0.3098690744020423,0.14113710566976498,-0.018010584868104244,0.045017098698789004,0.08617181128901824,-0.2384164806800445,0.10031558213482887,-0.32782443028099006,0.11069479367471358,0.24816333957914719,-0.005585006509079158,0.8530864861497083,4,clothing
1670,0.18573699018735226,-0.2638487031499278,0.04877722500427028,0.2541261937384317,-0.052325395751470515,-0.2483025728605793,-0.15022144899498327,-0.13973904009104093,0.30583384284162424,-0.12734617139986398,0.0881080971281746,0.12843124088223218,-0.3014141580916438,0.8402181663620321,99,
1671,0.046522950999677966,-0.2095369464477251,-0.1469221230859044,0.1448118380230648,0.018441975221219542,-0.2981947118890452,-0.2802888232254717,-0.31349238498037674,0.13609197981688853,-0.1958024697543059,0.08854877334991543,-0.005569604483512186,-0.33380254827632455,0.8163409984333126,99,
1672,0.013921551340348616,-0.1506813446244488,0.14641200472016294,0.35536250556284354,-0.07095645688379124,0.22952131233034492,-0.18815693192927777,-0.008298511861991039,-0.018534785518066844,-0.17911980045805495,0.2736864544041958,0.010531662801026994,0.08003115962754313,0.7927523848484788,10,food
1673,-0.012677541781950661,-0.1075005050897053,0.09717695037844507,0.32178563202721777,-0.005804451152796547,0.1985915781550627,0.0021740645210439912,0.05572730563813732,0.04533837493528213,-0.09414758313987925,-0.03019500405240139,0.050006133039797514,-0.08067735361771938,0.8173055389197881,10,food
1674,0.1295585523113769,-0.10292012404213657,0.3893892104902458,0.19772416584099226,0.17219008688902568,0.26920728155785917,0.05186651388532441,-0.0009790039961303963,-0.25690397330005876,0.13784912766436005,0.24036439116646294,-0.03783495861663952,-0.3822256100115997,0.7873136767519102,16,kitchen tool
1675,0.0842216380958086,0.1310746704367088,-0.26172096089921704,0.24564542954210533,-0.08536897994403511,-0.0021591116515343872,0.33381865646854414,-0.23328750693851774,0.24014021752431639,-0.2417740462976287,0.1696513628900291,0.082153086682817,-0.04166905751908263,0.8829353569214602,3,body part
1676,0.30329210692925007,-0.10558024513069589,0.2572220377243567,0.17690745680286876,-0.015942062209609816,0.12831198160155485,0.061656928738204685,0.20206206745913086,-0.3508435157061439,0.16594457926420508,0.2859580175617501,-0.1344196248762539,-0.35418466700883483,0.8227212833414509,23,tool
1677,0.28293603977000836,-0.06647962644960154,0.02691897190993273,0.13584045607607537,-0.22228859230040815,0.065091984007663,0.029526546115568743,0.2630497283744064,-0.38061481545486,0.14348254430784893,0.3154501365317077,-0.16595027356906272,-0.40222856046380595,0.7596588527170142,6,container
1678,0.04666429373053751,-0.0824150283606144,-0.3850158005128416,0.21190026130269365,-0.10745272115596427,-0.0909509492527079,0.2559102987326586,-0.37470218100205205,0.2289725083377619,-0.21529836434913996,0.051584908861055434,0.04067244339271956,-0.07123447764292792,0.8707863075449725,3,body part
1679,0.3170889295682774,-0.10021840553049655,0.08463714553591328,-0.020217861347427788,0.13017961443509957,-0.1304444172979874,0.1230518527888217,-0.28487740955232294,0.2506996403344731,0.09172171984912665,0.09358089915871753,-0.00679617023726997,-0.3223560869359929,0.8097310622881944,99,
1680,0.2109014571210024,0.08957196233788375,0.14601046723527553,0.21028035534412956,0.04887169964583614,0.019846350487365022,-0.14876312326976068,-0.26506932125754573,0.08264005475277209,-0.1221481122906713,-0.18633500314797025,-0.04193102418033909,-0.2840108682656906,0.8841353108038504,99,
1681,0.1193525975060587,-0.0669342201980445,0.214764910739307,-0.015142007964975382,0.05486867238518538,0.16133888551015543,0.0624094230301406,-0.042798660525373636,-0.13783720477217318,0.26716076377558745,-0.0008664861836053467,-0.28416102970544255,-0.36398868640612764,0.8322919155590739,99,
1682,-0.022877718088809795,-0.002957121025878396,-0.22295449651528068,0.08422836107780199,0.027809369519550913,0.3118489309739688,0.14780761865893866,-0.35867007031165055,-0.018915356815753324,-0.3041575417014504,0.25429121824467454,0.009106002943277854,0.19542443736827989,0.7755731262788726,4,clothing
1683,-0.08666158019148862,0.04276833671953646,0.08521114508415617,-0.19287425774495148,0.0910819350281183,0.1531951950726844,-0.041429818664393006,0.14973745473158076,0.01965121751321517,0.16244912029557937,-0.09296756837097966,0.3192869362168354,-0.21549112549143065,0.7805978511246607,99,
1684,0.15681858376738306,0.02681039138297956,0.35757340547663763,-0.002405373047692111,0.37795869859137476,0.022307066513257173,0.02123030575041004,0.18454727009906455,-0.12449069941840656,0.026318907143469336,-0.09209277726244419,-0.07000291379528505,-0.2811329653305459,0.7672659098127741,27,weapon
1685,0.005926040682812888,-0.02482928895810458,-0.29684575631300286,0.3337580004337622,-0.027257401962532974,0.062420358213437575,0.1730531360846053,-0.16751755429158893,0.016865599399964567,-0.29298683033821216,0.1459204015558757,0.060967928973075715,0.13285006377951608,0.8972289476771222,3,body part
1686,0.01414135069192062,0.034975574160350874,0.20273723473048597,0.42216633443076224,0.14222067691683304,0.15528532614974497,-0.017242739488035373,0.026126881235971542,-0.12863746589126915,-0.1682668086323354,0.22036366588518622,-0.005917210267412945,0.11268006605285447,0.8116653149144399,10,food
1687,-0.13094960952084608,-0.14768517068395443,0.07792229401919819,0.3312444982447411,0.08831525069869085,0.2777895138662435,-0.03446093629862117,0.10583356466814893,-0.051679728407403064,-0.10456672771809797,0.007453474426208173,0.10096863938853716,-0.16144469596919786,0.8484211231643839,10,food
1688,-0.020842784718219706,-0.15330056547593165,0.00586116988159756,0.3106079887213028,0.13370910163691152,0.24181907739961486,0.0030746014229232708,0.05032622210949272,-0.10100747282220912,-0.1262876682618255,0.23013657857991093,0.21829620289939267,-0.042058476125463304,0.7831931086917757,10,food
1689,0.2680701571670267,0.05338107035734872,0.056558486753640315,-0.19070706247121344,0.3507208125847246,0.496671887118803,0.10342687544055462,0.37769606148764934,0.10965850196095277,-0.011653285844231,-0.08276677098889146,0.09696031470094094,-0.11462579881278769,0.7592273074142454,99,
1690,0.255775395178578,0.09505153090888187,0.14188168919867358,-0.10701143323728009,-0.01917327981462621,-0.07226538376130903,-0.20659984445605858,0.11606081696548182,0.054456868122012454,-0.31118739034552095,0.15591571596235393,-0.048476225718956066,-0.03461082881718762,0.8303930048253702,1,animal
1691,0.140315650666096,0.02385764924097517,-0.028884455223088953,0.08705121568877894,-0.4203394710843844,-0.07845416065797187,-0.19384045406795292,0.14449759374741464,-0.34840365525924105,-0.10189584328506102,0.21503053999011681,-0.033023629472359636,-0.2341262604718599,0.8122320748986943,99,
1692,0.032892077073757714,0.06325481896857905,-0.284950355168089,0.19742519792603996,0.004587696563426024,-0.08407352028597367,-0.25584723736713294,-0.26869198610809225,0.02293346544431748,-0.3150745458997915,0.04092526337358949,-0.10795317746437849,0.002167620564704608,0.811002831010453,99,
1693,0.051981835223652906,-0.16711873354521092,-0.34391681847049504,0.24952194171563102,0.04646244543218505,-0.09524694821142599,-0.22018150674717238,-0.14235861491073465,0.13822452364897309,-0.2272408826580723,0.18282965765251033,-0.07721281687931739,-0.33976095885230745,0.7930764321869381,99,
1694,0.2984223817034513,0.16974185695290334,-0.21068553383755328,-0.09535687791027514,0.017924525431497983,0.0821729764294299,-0.034990402883016525,-0.31436071156073203,-0.2993157071851283,-0.07657643901070586,-0.17488987083904908,-0.1777464801962778,0.18447862381336894,0.7503794956815004,24,toy
1695,0.22232192606127896,-0.29944765503394327,-0.01119831231966619,0.2502618747186823,-0.07232525970153394,0.10035227933515034,-0.09511644256490527,0.29356125323753524,-0.2911817795540337,0.15878293867621904,0.14653268635669942,0.11879554067887944,-0.11024949958922593,0.7369236935955598,26,vehicle
1696,0.09785223094444535,-0.014577531122499371,0.07289658835766277,0.06241337862124984,-0.19317618674391027,0.21184960510787446,-0.016870916526941077,0.2581619992696064,-0.33946334306704407,-0.04304565198406078,-0.032733011184568915,-0.08805029744813561,0.02951677251387114,0.7607206110030245,99,
1697,0.2276122076326414,-0.28575616254728775,-0.15683166068570445,0.3020281287261931,-0.1725880460625972,0.07242002440545825,-0.04516726689767938,0.3582634422510586,-0.1309579380901707,-0.06366799339488231,-0.14540877795972643,-0.2605045886841391,-0.24503675286554583,0.738523202419223,99,
1698,0.12611620076810828,-0.2708565682439275,-0.04524104561666762,0.15634395275666277,-0.12398595364275868,0.19212114952819195,-0.1089012309057215,0.3270292137080322,-0.31699466392965353,0.08190084311027582,-0.20675857536243633,0.06297577883264212,-0.185966351299437,0.8022500479604848,26,vehicle
1699,0.11216043037056266,-0.12495066032342315,-0.08997275051538904,0.22619177343469524,-0.17896903206236728,0.16164361316552464,-0.16290472230185857,0.43719171683767516,-0.1985375224770615,0.05685338764663832,-0.20190437424552513,-0.1526704249716909,-0.24602052197058621,0.7351232002584823,26,vehicle
1700,0.2001259816374921,-0.1195230548208079,0.01382679711869127,0.05831004661628022,0.04674561509753989,0.35111499461097195,-0.1381058084669373,0.18173764319829777,-0.4884031466582627,-0.022566482956513485,-0.14936740267585472,-0.22651605941354958,-0.11355911632498325,0.7504808081878419,24,toy
1701,0.008369102694246115,-0.2070947125895481,0.022172617583280794,0.0712277052241024,0.09315865560556362,0.17853375306537922,-0.04478841485030201,-0.10149182897828138,-0.11394781206077095,-0.2126621927003101,-0.021939520632421373,-0.039116101364269754,0.03062097252514876,0.8178731762912542,22,sports equipment
1702,0.013163607496942667,-0.1301751109287181,0.024607681015039528,0.03764057498487677,-0.013623541453853798,0.22410360592611253,-0.18545073857968122,0.23020759822204104,-0.31396695461695096,0.06010058211066878,0.27090078501452813,0.06258676387378324,-0.5399884662349876,0.8293815901990301,99,
1703,0.029396218553048952,-0.15685056624628063,-0.09656868569131807,0.10684457402201744,-0.0773849757311038,0.11772275750503332,-0.1220135954393592,0.354168964207465,-0.10333273922968007,-0.012584574260772365,0.31399064124684917,-0.3217840582526038,-0.42359124651438673,0.7929557621865315,99,
1704,0.13418735831732742,-0.1539211977092649,0.11276992426308911,0.16486896337228196,-0.26062014777573717,0.1603870394208456,0.05904587222242009,0.24350403393642658,-0.004672451488810257,0.03393461959881716,0.13791445718877832,0.22776290498433174,-0.3906748605157976,0.7627599181514458,6,container
1705,0.018081666125294518,-0.15978391655093377,0.07870469034223801,0.24084111759959329,-0.1367652552853998,0.012485982602329507,-0.18538847282795812,0.08844611711316089,-0.12234030999333721,-0.08823122932975136,0.19618591761204757,0.07576242190065365,-0.40271821392307894,0.7768333059312477,99,
1706,0.1826357678765377,-0.3048235864741848,-0.06769972029513929,0.36033772307045686,0.04478605192192674,0.13065631556356289,-0.09557373157661621,0.13057432457941007,-0.3427830192407266,0.047238839134452724,0.2415885581451727,-0.18121187736687902,0.10464347161804503,0.7662954659034203,9,electronic device
1707,0.19477742782175816,0.04140919362882099,-0.014581929537520442,0.006278956773644561,-0.06128522312125691,0.35679791237776615,-0.2074994883154714,0.23859208189734996,0.009147083114198389,-0.12841598328854129,0.04247328857771563,0.1506220970501842,0.105358728420152,0.7559656133187402,99,
1708,0.008706617062983767,-0.07570886903008558,-0.03188162984260527,-0.011872558867468934,0.13633835953463821,0.3327681097411981,-0.10658140990618548,0.2793673233037761,0.16324896756156193,-0.04510088799918199,0.24092570359262436,0.10883047259944725,-0.018068502855181273,0.6870650832434725,21,plant
1709,0.06674180228728102,-0.02389907162227997,-0.007929531781654942,-0.021905837143683948,0.07596745479673175,0.3439052946262967,0.011810135170416307,0.34663886685838274,0.15939618179737383,0.030282494481171606,0.281610711935583,-0.038664921834116975,-0.11930006943331581,0.7228680871973556,99,
1710,0.04389527114834068,-0.05659353076919119,0.25989039922301127,0.01599681239179393,0.06200687705458484,0.36030437791190645,0.2059775577050318,-0.03751082505564542,-0.15778860154747157,-0.14181463389260587,0.2014981966411216,-0.08785261699821285,-0.10168861718818899,0.7725331937494594,18,musical instrument
1711,0.2438170861840183,-0.23646609926598103,-0.1982510095252878,0.21323763926767036,0.15009741445819494,0.16981959104970934,-0.07806400913702162,0.06802743303687339,-0.40335391160328254,-0.012073603012169278,-0.25380827644824216,-0.18788568249610002,0.27240074711983003,0.7581033687663707,26,vehicle
1712,0.2147497300391689,-0.16382913368205146,0.3765843411419914,-0.06446692134977763,0.25343758752961576,0.13624936939352403,0.2946079212567299,0.19299558037182798,-0.30051093372433413,0.21270555819664308,0.0944360822004269,-0.06109039090585176,-0.31652239367881163,0.795603477948912,23,tool
1713,0.09732735557696441,0.016394445563402252,0.22422111257185115,0.11493354052527076,0.16531005137227595,0.06335951739555795,-6.842509831854726e-06,0.1319756300807175,-0.3189286167254701,0.11050389268441035,0.16309105894935588,0.15159713211996315,-0.233826784211904,0.7845867165386453,99,
1714,0.005931321597931621,-0.10954190725242925,0.19675585281998434,0.049975519091559645,-0.057407396294954116,0.39885727451003056,0.08308695378567854,0.20319110743687283,-0.3919260155800202,-0.0016581601648439684,0.22704699848247828,-0.14686324416245417,-0.02930091701638097,0.7637172786563031,99,
1715,0.1275670569965297,-0.13991690283720784,-0.06488923723722086,0.2745350060435112,-0.19924975260681538,0.18621596996633552,-0.155416179672593,0.2808055819887946,-0.21612175768753916,0.018994283698671018,-0.26913662028348284,-0.10559572855005363,-0.08973164531192784,0.7979317430536943,26,vehicle
1716,0.12561526086273306,0.004689449340062182,0.49578007037565835,-0.1422808864878004,0.19373060651962815,0.36600235554400123,0.130184620053356,-0.030226946418618,-0.08706192042287668,-0.05542580604869105,0.15383169935920105,-0.14188847920180112,0.094040602210815,0.8029161522871515,18,musical instrument
1717,0.14199542196085374,-0.3562008538580705,0.19540788274636126,0.11282381323841573,-0.014992065249670259,0.25859185855568106,-0.10062739853607197,0.007208305997396627,0.12199154619700937,-0.061532414863559814,-0.07490791444205752,0.26745961216116704,-0.02395330206091189,0.701832156778975,99,
1718,0.22394063190161612,-0.1613389870252058,0.07628996899646653,0.13978415084438922,0.16606449645638477,0.044293411448057894,-0.172521313219673,0.39309019904331544,0.2648752803735268,-0.08861140268011225,0.1323419210181372,0.02848100452404263,-0.20349606359953862,0.7877685157387588,99,
1719,0.19170883197370264,-0.06338481630399766,0.27501785960174707,0.1806386857498426,0.15619761372246008,0.15595452212419092,0.16196584015347615,0.2702017230975446,-0.10329863078045448,0.17649472679846281,0.1816840976893479,-0.07226626398492321,-0.2699486022491349,0.7615502969302432,23,tool
1720,0.14658232705566882,-0.20722297272127524,-0.11134003113257367,0.32490218159120754,-0.25582096465614607,0.01918567908017863,-0.13285970026363406,0.2153591583339456,-0.23113990790786793,0.05391842435424404,-0.21427429369274958,-0.14801341043472344,-0.13802226009689011,0.7493818681318682,26,vehicle
1721,0.08312743853969158,-0.04379097397243726,0.5010884709084802,-0.12129576163459922,0.2425535122698385,0.4526752215233818,0.034883511549383954,0.005080734813776364,-0.04509670332108192,0.10146810472122945,0.033240420942761834,-0.16006445710556488,0.019746447483272797,0.7975258267620271,18,musical instrument
1722,0.03840690941857124,-0.09796389213136728,-0.07404054124300194,-0.02055597201444387,-0.23299181396377205,0.1777233844273052,-0.16007253205879785,0.4149269253413412,-0.12503181690699786,0.04882110495403283,0.2521509579041875,0.06077226188767451,-0.29680693828869087,0.7600154663287715,6,container
1723,0.10616514776467145,0.01625918638825131,0.36553872741668425,-0.10568153133136148,0.1978362334025259,0.43358140880482804,0.006841092332177612,-0.0065598148894313,-0.10318912046291238,-0.054001745079314364,0.16677786314034043,-0.12389609331935333,0.14736927093787805,0.7838015073097321,18,musical instrument
1724,-0.013884893993999368,0.09794161419897877,-0.4781579644198758,0.25683376779683403,-0.21767204981204197,0.15739808122349186,0.09256413825704188,-0.3481012322366287,0.09397003934201378,-0.3215911547440009,0.06543715674256592,0.06661515305314708,0.2362286005977927,0.8674381466869793,4,clothing
1725,0.07505556066789162,-0.12735835588037467,-0.008494594460092597,0.17170329542287463,0.0750101837914253,-0.021593693725007503,-0.15184501988353977,0.4647294470706319,-0.13912833154346382,-0.07750927787716304,-0.23189953460931806,-0.021766226455874577,-0.0968152706873302,0.721857991330071,26,vehicle
1726,0.2793915453600728,0.0409292368380801,-0.1465197273706406,0.031115435740715416,0.08706253515421912,0.3243898607890037,-0.2968330933898393,0.0022661096213537676,0.11160698255204449,-0.18972309659743325,0.10778412247221927,0.044983703054618976,0.12971126822577245,0.7581372558949842,21,plant
1727,-0.13248223811865661,0.13485829356659207,0.27344646973741515,0.2421260814643286,-0.0851083356914763,0.17533395872211188,-0.27713979650978887,0.01023010285239876,0.030562695043647573,0.10550471770471559,-0.02198393129622184,0.21245064414823758,0.13482752897789052,0.7766679380656867,21,plant
1728,0.12402255440071586,-0.17357748108973303,0.4176239783565386,0.046022687408415426,0.1534730688528144,0.3208452171513418,0.22490404902824818,0.04475371925163526,-0.22158509802555804,0.2050770548763324,0.17760917447070598,-0.16515912442766753,-0.21944139429937348,0.7883871320304204,23,tool
1729,0.30928122377435086,-0.021297689896010365,0.08696818784492397,0.17248846585520802,-0.19547708638762812,0.040880187907578934,-0.18646522982221056,-0.02097091386971556,-0.12538745205392687,-0.28355006318755116,0.07559475557401765,0.07866319319740216,-0.3316689924974252,0.7945678684691135,6,container
1730,-0.1821072684659371,0.19876653905843927,-0.22664295011966637,0.11636292037559133,-0.2232897540306105,0.05522235756882194,0.2798342571837865,-0.13562915055187347,0.11355456748997508,-0.37361411986636367,0.28709959340649965,-0.03735396063009179,0.13344158858082003,0.886843543941008,4,clothing
1731,-0.002048536608462472,-0.04604008879539667,0.3499604235555101,0.10637573759431954,-0.24618412026111586,0.21052687369148862,-0.09152790094374905,0.09462238170895002,-0.07418765873142075,-0.12228259687943213,0.05520157371725192,0.01614815014686449,-0.20784433129501576,0.7617224220287183,99,
1732,-0.012898208117880918,0.07932728619201436,-0.06939407163507502,0.11343517790024196,0.22809411454527773,0.25560118698102485,-0.18688634868903373,0.21206250197011006,0.09205334871052287,0.18656954898872835,0.2649216186692957,0.2841458395727505,0.14882373310988542,0.8404603557716152,99,
1733,0.16138594426155897,-0.12974372680882948,-0.013084897814020313,-0.04753654468528226,-0.06554384370574233,-0.008054392980906827,-0.20124938703745412,0.06901340382106655,0.01542604514797141,-0.26473345120306135,0.111301970191549,-0.026983475339639486,-0.15594306469811603,0.7987575754456372,1,animal
1734,0.13587710878973439,-0.17697941315295784,0.08322250558404098,0.10195423688504286,0.008057844797962146,0.3634260625672424,-0.07074603184415934,0.26731634041274693,-0.4011181973184328,0.04485036098369253,0.10393415045234058,-0.037121892152441355,-0.3500130072540766,0.783159641990456,99,
1735,0.10873160207803106,-0.01591922573969611,0.3550758281250771,0.044705184017917815,-0.3539154123153161,0.348704591693404,-0.06300310186836773,0.04317292373151929,-0.2649711390716028,-0.09506101334451028,0.16986936107582665,0.04250904049896458,-0.04756656459229403,0.7322567642635917,9,electronic device
1736,0.20879529486085552,-0.12407095604626894,0.13786504838291108,-0.16644784016850783,-0.14041374016188302,0.04723519205963945,-0.33167119622872676,0.11924433835807496,-0.02882222108575499,-0.20530468501093785,0.23856301112215045,0.05228728777827269,-0.0590268355104335,0.8020998140221505,1,animal
1737,-0.11820575899254872,-0.10388652121047585,-0.42677516460752407,0.15932990348064044,-0.10062552942861477,-0.039657950819829056,0.0015743854645359871,-0.30524588218053156,0.02141848672104688,-0.26826564013421933,0.11732986463528194,0.13907996197772654,0.07724597013861424,0.8307736590402097,4,clothing
1738,0.046349670528790285,0.005185967610809813,-0.39118801982922596,0.12222098639149614,-0.011544714057076926,0.23139070698546793,0.0457616209630235,-0.29748150149636676,0.04887130642879591,-0.2297803813766617,0.3112946476545597,0.06861795506587652,0.1383171620547109,0.7938087853679643,4,clothing
1739,0.3103294631675544,-0.10653407412031823,0.24252759098693835,0.04069017271663293,-0.032847277077518014,0.008969365464063331,0.14502661666502126,-0.08003510504396942,-0.22026761688828703,0.1540920148097352,0.15066211267063354,-0.0800775359178918,-0.3125679116708644,0.8182144796794991,17,medical equipment
1740,0.06449982545311085,0.16561471902540195,0.15336923384949802,0.037733523315742284,0.023796277865736112,0.14006947123758767,-0.3512887173288819,0.18088964446700917,-0.0238131891082215,0.1867106636114822,0.18688472425382419,0.09008033497323792,0.060385989704075306,0.7653796889853622,99,
1741,0.16175682332338484,0.16602917709624213,0.15401569922156358,-0.005758495681727138,-0.3216054064094691,0.15870044532437413,-0.2335231443156787,0.25044471648027883,-0.4762013725767969,-0.0332135674119422,0.17802199543931763,-0.0707152312246072,-0.12860767161264205,0.753209716178788,99,
1742,0.08202563156618504,0.014649481695043336,0.17026754213189174,0.054969214132529955,0.02287859854234114,0.3040132216560095,0.14090810674438375,0.07810316929749146,-0.12601372564067612,-0.1899108022633587,0.1921679192774376,-0.13289894678608904,0.05616855970617755,0.8075532673036927,18,musical instrument
1743,-0.015075824129693886,-0.048677917042764064,-0.12122967631521099,0.09510330383077253,0.15689944969882144,0.13315493285982485,0.06366664144998263,0.11590607937435021,0.0918543879171973,-0.2367458639196835,0.15627614508794638,0.04767856405632522,0.017959127080407852,0.78706899603715,99,
1744,-0.0474959717559729,-0.03633451604990765,-0.43989074063646066,0.24623932484330535,-0.07714184033652895,-0.046567533308279695,0.16166092253673722,-0.28056065837001165,0.04529688195628596,-0.2977911589534996,0.1642564948852438,0.13159007096671077,0.08917155613855654,0.8429495958601178,4,clothing
1745,0.1404792852132072,-0.03364140718967566,-0.4687649325170348,0.18265470110848592,0.003242415886542333,-0.07621985852427275,-0.04321580087273,-0.3696330000912506,0.016082019485111534,-0.4148290547268317,0.05734501407674781,0.07592802646006618,0.21574377740645356,0.845182465097868,4,clothing
1746,0.16574484118868135,-0.3103365970341807,0.11197970306744826,0.23239954392129528,0.002001113541830101,0.29798523272096794,-0.009919318384890824,0.04365389280931826,-0.38172099688204897,0.01845660624592366,0.04616177068633932,-0.15043457924303208,0.13583828563547132,0.8028562505351472,26,vehicle
1747,-0.0050467007007377876,-0.09806036074048217,-0.21073989122096795,0.056598358089992105,0.10940670550664447,0.10584393315363967,-0.006035546870349432,-0.029985757305352505,-0.12613563114103227,-0.24348486855792226,0.10887340055907434,0.2882225644765987,-0.027605863490854213,0.7954601870373712,4,clothing
1748,0.1102011671884597,-0.2695522611394637,0.051632828365577324,0.3288693809384455,0.049360039343587334,-0.3071592725239771,-0.18667397163284397,-0.14944845934747783,0.2960464478789733,-0.11971123191627622,0.09365041571123867,0.02281657679651568,-0.3153192830987039,0.8195620202186807,99,
1749,0.18115577179845896,-0.17305595125667458,0.12782639818167077,-0.06463989969582201,-0.08802634756901136,0.4083580156169916,-0.05479529078967001,-0.08717219585859926,0.17570460242643743,-0.022760256183872354,0.11797618526623047,0.17496780303141585,-0.16603553798089324,0.7067435895248835,6,container
1750,0.3196668940160776,-0.0839673563991243,0.2106895369657073,0.17622573855183504,-0.09529839297416591,0.06053916707848255,0.03815456943097128,0.02343239414874822,-0.2779734204251253,0.11578841819142041,0.16886734353504457,-0.07146580431438238,-0.11424430202923047,0.8049676667455873,9,electronic device
1751,0.16477124930365522,-0.0887956868507507,0.21882372450440146,0.18694545355275338,-0.19818952899309333,0.10683866296947206,-0.1254703646852837,0.08398172062477297,0.010377712243593625,0.0166287686237308,0.02103897837826612,0.022122113044095424,-0.13426007376367757,0.762716937811536,99,
1752,0.03924643279631859,-0.048061283116465923,0.019422643235108242,0.31505324021617026,-0.2552255692795004,-0.06041816773831947,-0.0427181616501759,0.2914472167628301,-0.1558078671957802,0.08875329640593493,0.03662328716919039,-0.1797517951912896,-0.05985802643397266,0.7625816799951798,26,vehicle
1753,0.22791088586615535,-0.2136835987050276,0.19350839196910205,0.013727377359725247,-0.07179333895911613,0.19229371668823764,-0.16885614814158692,-0.019955142464149478,0.2947979006227679,-0.12570980910316235,0.1149751539267505,0.26626425454382036,-0.21641874330968353,0.7378114025979882,6,container
1754,-0.058565558972836454,-0.12776130355362167,0.18039216336802186,0.23349339873470532,0.11998464659689223,0.2671475688239326,-0.09123422672918134,-0.062321081358003454,-0.22472436764273115,-0.1709191284968266,0.21698845963142224,0.1314773308357264,-0.0904972627404807,0.7770000976523951,10,food
1755,-0.03537352390919296,-0.1801843963379053,-0.4581488849663459,0.035611520490784115,-0.1401953665735569,0.012826351550111739,0.022369251258697993,-0.40485392107898394,0.09045505146456319,-0.2955341117133815,0.017038690053218397,0.22953965655778355,0.08817510912301475,0.8037594131905751,4,clothing
1756,-0.15454018944125703,0.10444958555199887,-0.11384080541103626,0.06702409409033475,-0.03327168934085011,-0.29843983719179745,-0.2589294125994608,-0.3472036120768377,-0.2805026373411724,-0.08831807767292807,0.023088294312526833,0.030646740960480905,-0.08753258789750556,0.7838331758100694,99,
1757,0.2256429363148416,-0.06867973564304776,-0.07943314443692434,0.27959430852724565,-0.22089504191468423,0.306607471686924,-0.05990200113269143,0.3871860277832964,-0.3581685060416035,-0.07261889872820022,0.060302201237559756,0.07907021345127918,-0.3279928458917037,0.8307697314506027,9,electronic device
1758,-0.08099707270670112,0.1804775352773964,-0.01603242455383674,-0.04400655731736226,-0.1775275580613488,0.12214386204658598,-0.3206615035091528,0.1645953553416707,-0.15477630851749258,0.09804884660972377,0.20124006244134135,0.03451095102169558,-0.4342075830389796,0.7817787903153758,99,
1759,-0.08606311805955728,-0.04110822978653916,-0.4343892224951701,0.12773127386598845,0.006936264453412547,0.21831619282835277,-0.03483845923441067,-0.20373147766024047,0.07328385613175631,-0.21033181558664185,0.33126810176166605,0.23340551589658318,0.21187595221958483,0.8063469035533699,4,clothing
1760,0.33278121507499614,0.06484770668483379,0.11650484850817926,-0.17030264649851684,-0.13271783105895785,-0.17601247439670173,0.07632461478025296,-0.2122360514683932,0.15108301110126562,0.15131857015272002,-0.0025891309930237277,-0.05669811695113465,-0.35636076030106495,0.7617513556058799,6,container
1761,0.1372551604172745,0.2246854104849508,-0.022580785436598534,-0.0292913614330476,-0.2924031180870272,0.19520322572936197,-0.24392186212694028,0.16505818788947899,-0.4736113223717992,-0.2128476878485518,0.26955322682964183,-0.29027371161059695,-0.09662946403175321,0.8381523578205372,99,
1762,0.05163054056385326,-0.009398541896511918,-0.03947837934903779,0.025305700819393206,-0.1652448158613839,0.31054045894362053,-0.17985353686265493,0.06272745797881242,-0.49346458292134354,-0.03545618522401936,0.06471450685080718,-0.06679488330145329,0.13569448090599323,0.7593679865195226,99,
1763,0.04681508097567547,-0.21510517426660175,0.16130509769470852,-0.07958292493626488,-0.14469950565128095,0.4846596905995193,-0.05216359278681109,0.2914158614822732,-0.2644745662308989,-0.11568440621241739,-0.03883923921939089,0.2103689145992431,0.007284801092547784,0.6760122143225481,99,
1764,0.10524469439195154,-0.020080903016420137,0.3223114784133139,-0.07586437623256201,0.08037066018714563,0.4003971156411221,-0.00532603512812667,0.09245334242472233,0.045410198821978776,-0.029191616911094394,0.1278777635832953,-0.23141866327413177,0.18337015192198375,0.7876147807647988,18,musical instrument
1765,0.19359368251505585,-0.12543410447661482,0.13882921117587865,0.19800635559997928,-0.03557085671692527,0.15630923218490267,-0.03111213958361482,0.2059252534959186,-0.33918329761119387,0.17663805060557247,0.2857353098838828,-0.024360031725798943,-0.2707537027351538,0.7559011386455637,23,tool
1766,-0.17562878562322498,-0.041436207023205454,-0.36574844946777746,0.009930773284253128,0.02617685179110277,0.029314980891613586,0.0015630288684816995,-0.24937470987942556,0.017652609987539508,-0.249312095397532,0.2784457172127802,0.18351537928115821,0.2893792541200614,0.8149549231520192,4,clothing
1767,0.07928270234369172,-0.16280134898541931,0.2903872487218765,0.22868018163136103,-0.12831115975990098,0.09195381875865857,-0.03287635590987382,-0.33236961083789923,-0.13408387737645286,-0.20392224591509348,0.015260345469417458,-0.24208730902989667,0.37158761203754015,0.7501237771187786,22,sports equipment
1768,0.10609227347869005,-0.05178880787478973,0.07979811564398755,-0.10610777359510264,0.03915693721708598,-0.020456854779256833,-0.24359764230684308,0.216933093302884,0.03573408937015942,-0.3598581319227166,0.06928620837852723,0.07592829141006521,-0.21450411776464373,0.7130890260842656,1,animal
1769,0.02384836372362805,-0.020236275820160955,-0.1802959754661993,0.41401853833833074,0.1822763959149706,0.20706525291172548,-0.06048736361111006,0.17719972325517544,-0.21762978683561432,0.00689499315038945,0.07612323793688622,0.041111885652886634,-0.2648684064348945,0.8522052559843257,10,food
1770,-0.0103369888859241,-0.10847881841976505,0.009707819918955755,0.3216219934896474,0.14802838082939584,0.21199615815542813,0.005931248276373559,0.08747133989804683,-0.15587042970615408,-0.14433864064002486,0.1668461891720171,0.06474690662630257,-0.09212204750665637,0.8492465724975353,10,food
1771,-0.02270093209052616,0.024890355348665016,0.13027199689771038,0.2303589776075336,-0.11917953782577621,0.22355530414683009,-0.18498063170193793,0.1920581518894296,-0.35341182706271096,-0.026312846615800807,0.281105977461089,0.12854184853837786,-0.34114816696262806,0.8575199725392281,9,electronic device
1772,0.2064131654399447,-0.34900312042997655,-0.06116996126908925,0.13954336514773827,0.012893225380513131,0.13714153661665313,-0.05137251754133313,0.5101307818647847,-0.1275888051327088,-0.019504294338197656,0.009183767750248597,-0.11357654926208317,-0.0911283424568402,0.750748920080129,26,vehicle
1773,0.12088492935702233,-0.2690035667175757,-0.32417865487618486,0.19965872119279943,-0.005796158088834675,0.13378219552378473,0.13148215426471205,-0.056825926934942726,-0.11579214453271573,-0.015905142926694642,0.22504452882169595,-0.12671389149620865,0.14890774491103434,0.8238807619423795,17,medical equipment
1774,0.16096685335608427,-0.038537856077661505,-0.2527189146293891,0.010718148964000137,0.2438798293452002,0.13799618538168443,-0.12929643227512047,-0.1985205311331087,-0.313593476088615,-0.04355324490511758,-0.07037265232093005,-0.10989770973211327,0.28434146275321975,0.7562324118909785,99,
1775,0.02218367748383475,0.08964083171616885,-0.09990087641751727,-0.02054128108956854,0.13328115364573287,0.13583369763303052,-0.10897566330131125,0.4795253157967532,-0.02188719300840988,-0.16075143587641955,0.0201414178753367,0.027909079366829286,-0.322885661828642,0.7419141289176294,99,
1776,0.13869164076396362,0.05583406743464613,-0.3654302097204927,-0.05099255238562306,-0.20813400302289106,0.05478052799547052,-0.08999745864253837,0.00013343634537245976,-0.20884519657723702,-0.09848544880371572,0.3742519240459366,-0.01617605775513243,-0.12119178456286327,0.812336803258325,6,container
1777,0.021581471016235233,0.05518097261801985,-0.1144079265845219,0.05948060012999555,-0.08225400031722521,0.1279030300504408,-0.3172350678793272,0.1475937264829863,0.06490632526371358,0.060571819286272824,0.1877161641382407,-0.1170638387398546,-0.20634618064495414,0.7074842075223174,13,home decor
1778,0.13068185377570274,-0.18549602034773138,0.17671213210453707,0.4682674422596342,0.05357500610784882,0.3113796416632134,-0.09706151370613335,0.24806828174662268,-0.038201962098418904,-0.18325585763255706,0.3506835552945995,0.0379973956446127,-0.008885827750227001,0.7859252328081341,10,food
1779,0.1374829837064998,-0.06299225042698223,0.14968393247280332,-0.16340184816865158,-0.013409390524739963,-0.08121408989306998,-0.19536214816171782,0.20155482542348027,0.004001123244093869,-0.143169071662602,0.01959048531334462,-0.12676893923710594,-0.09900627463434551,0.8355345446167013,1,animal
1780,0.24079595281625152,-0.14656722253905144,0.44783515016686104,-0.16082692688475272,0.2365734794921972,0.19172504491939393,0.15977236036789663,0.1839093152586224,-0.30011988347653573,0.20209697409921798,0.09906408701573235,-0.23548673098877304,-0.42083797589045396,0.7794992049203248,99,
1781,0.24924145130380157,-0.08807493235287414,0.09231070709831087,-0.16139394781101873,-0.14887670722484256,0.028272847310549905,-0.20976928684624732,0.10665753288060852,-0.04059095418144673,-0.17519075881615684,0.2006795149844913,-0.01563900578468934,-0.1223227330823928,0.7805003675542829,1,animal
1782,0.07289898978120456,-0.017819959815794442,0.01572619081477926,0.04508143303112989,-0.05680969564788208,0.23238013650741995,-0.16166523638625685,0.2408896834325144,-0.21364448561225372,0.07396148313516519,0.32763113867976884,-0.1273525833842465,-0.3856335238366953,0.774698987691483,99,
1783,0.10326604509447014,0.013144147614779418,-0.23974130728651627,0.11942796493864345,0.037289515195132066,-0.1287530821717052,-0.2622550489946904,-0.28650940357371274,-0.05703173075869767,-0.28861442646512053,0.1555259216379404,-0.013082618638305675,-0.1100102438239497,0.7969019856108625,99,
1784,0.08214488688599803,-0.20050255866766065,0.13202880864294603,0.2666610773851735,-0.3617106732081384,-0.061107923800459846,-0.14143078178072332,-0.051996154290786196,-0.0400848337118961,-0.17279324355200684,0.20419292416908993,0.10306982867993204,-0.224894369271994,0.8007455053612172,9,electronic device
1785,0.2683312840961603,-0.10552552071166914,0.12469500834731148,-0.12310499124715024,0.06121732923633939,-0.21347445532524048,-0.37761129629009,0.2121184821232679,-0.042491336073662546,-0.08996092144770536,0.3432720404640396,0.06928865118246903,0.043212318909142046,0.7757805182658155,1,animal
1786,0.10543938878348713,-0.11693777698594422,-0.0591017046035204,0.0724381552427894,-0.5011080186680192,0.35150271542750744,0.08063531298134623,-0.1741392314455268,-0.26432151092623746,-0.19736451660120638,0.1129929761148917,0.2092971571429,0.18835879829941388,0.757226838202448,5,clothing accessory
1787,0.24229928986948546,-0.288903935542757,-0.09929023061180207,0.11139873399115706,-0.12420476425935047,0.11287506975605506,-0.10108637489747083,0.04625189868535854,0.260273678394787,-0.1135045004495002,-0.15375167434631382,0.16800491743438845,-0.00040844962586766235,0.7771391005585486,6,container
1788,0.11082592616815205,-0.168044154476444,0.09767455549156465,0.19621513574245583,-0.030114117847497738,0.11187891653194028,-0.08877530173323246,0.2803447430566904,0.07983296658831851,-0.08340299703925791,-0.008921649640570309,0.1557966158099757,-0.18991520180235597,0.7799394396589668,99,
1789,0.11308221596071291,-0.25460747497648717,0.2833692951339041,0.31616924288008674,-0.045501320065744956,-0.15576808753410393,-0.06969615923924122,0.023587826633219146,0.06293301796164916,-0.021978111922456748,0.09656516068337585,0.07690145995149437,-0.33565350472679706,0.7466844371516806,15,kitchen appliance
1790,0.10756126109214907,-0.32384471571078877,0.22411713188964943,0.20636208784435509,0.09617874848465556,-0.04093774373428151,-0.22480473056359151,0.16675197689614862,0.32544073615857905,-0.1050994933428083,-0.05707521915623634,0.2265820736249783,-0.16563488307855204,0.7351601819589626,99,
1791,0.19417660393292804,-0.1537527471569404,0.12616122673213276,0.10362234704834625,-0.10732748052340739,-0.09358765636008949,-0.0857812886246679,0.2785068180285421,-0.04820606571532162,0.12815291875815757,0.17693286161307356,0.1661827228728693,-0.31057949598388873,0.8321766464073984,6,container
1792,0.18042600569203301,-0.2418037063524631,0.22425712950219315,0.15349633275918853,0.006702023742852249,0.011864079347048617,-0.09756804209356386,-0.07016858726916121,0.3286405849151202,-0.06971490241633586,0.179692057710314,0.23719196646054497,-0.21232310356320036,0.7706155738432617,6,container
1793,0.0521776332394414,-0.12646934959531156,0.03241467190635046,0.28765467994482097,0.07441960806075403,0.25137679931654855,-0.17520662868922413,0.030721980849334907,0.010226436535196445,-0.13588591311879888,0.020213436639163848,-0.007217506523360946,0.021349524421062097,0.8426775138465737,10,food
1794,0.06483123261951208,-0.21176018672960897,0.12358739950321136,0.08001991006544462,-0.03331830657293359,0.27221324496995086,-0.1373978618853387,0.2716697331718465,0.03547370243830198,-0.07007196302282476,0.039250949177457896,0.05024184363891081,-0.2103324310844893,0.7629456377163432,99,
1795,-0.16126145235149086,-0.03433726089990033,0.06354945132302414,0.1745404598773927,0.14347140616761506,-0.043216170936589623,-0.21724908643096644,0.1889280566088434,0.12739490981651397,0.1326653020089932,-0.1246696848853181,0.16161679912831398,0.2587437941971704,0.7724793145028541,99,
1796,0.0009176285783726659,0.02496208918718479,-0.027243228643361296,0.024832776495128706,-0.0967154624838395,-0.299557877312323,-0.2958406071450081,-0.19581410502957544,-0.23874610290916673,-0.2255930969106543,0.03246759023656001,0.14402877616280085,-0.2438649162674164,0.7362242510460147,99,
1797,0.2350068198959187,-0.059447828683407845,0.044334516735864665,-0.19113944486954962,-0.09816874379126621,0.08026318064282133,-0.25627029311613336,0.1286518091891853,0.030058502647571452,-0.15835529575124563,0.2554917786106527,0.025259048713096557,-0.06694638428985415,0.7797541078797608,1,animal
1798,0.24757708815717067,-0.14034364699735244,0.16229930124772474,-0.06568886860211123,0.06877361403596065,0.24461726977263934,-0.10459118068590834,0.37647409840578766,-0.032846152082625896,-0.2671851293135485,0.018248148165208533,0.14866657550520823,-0.22778691259146425,0.7657528872327961,13,home decor
1799,-0.07790652927089281,0.0010531602100169054,0.1114991164426083,0.03252516977759266,-0.3774523703603793,0.3075691749119879,-0.094903769875819,0.10447059282044921,-0.3808717291776458,-0.1253800037741166,0.2171364563263614,-0.03930289891038655,0.06586050993958832,0.7264553243489934,9,electronic device
1800,0.09004213052450122,-0.26182717735461397,-0.20272529992283322,0.3036153375954674,0.14418829673154307,0.17822509072643164,0.062183562523852355,-0.11597477078697356,-8.135686349117476e-05,-0.06445211456311019,-0.12330248839382099,0.19465105246731443,-0.13408735242911493,0.7834663237537803,7,dessert
1801,-0.03852128248814157,-0.01699796557736423,-0.031447745705496015,0.12405199684583706,-0.027455017519200885,0.11003615690658823,-0.09946300412460822,0.31602098400957396,0.10219541612586613,0.10248539116234545,0.110919284503903,-0.37269187898232037,-0.2864012289722793,0.7546146773280921,23,tool
1802,-0.057587266572009674,-0.005486381337631864,0.022225549642212995,0.07764883644111767,0.10961062373304614,0.3779708495138334,-0.25192772921586504,0.08914491599592861,-0.016679737306557366,0.13040778446013054,0.37902675288440657,0.28836722772980705,-0.050168122479261695,0.6630476325527376,21,plant
1803,0.006277939322483071,-0.04275209031780486,-0.3163017756584277,0.16040393851371154,0.12173870141294313,0.07806721874694104,-0.0948240249734501,-0.07064188964941778,-0.02993512756596234,-0.3158838878529341,0.07986218930280473,0.09064973034421353,0.2839100138321845,0.832307199419237,4,clothing
1804,0.06621273327139729,0.007703667257349582,0.09608756131437128,-0.13539638891511452,0.08417166099543491,-0.14354563776391435,-0.32265383631386574,0.35084391446870244,0.1617710911760516,-0.34286967187661,-0.07622509612810964,-0.003196731648791195,-0.036948570137875864,0.7894415567416134,1,animal
1805,0.044445144236107306,0.05951830186851158,0.1148345189524538,0.23729363195469216,0.13963569153012398,0.3295377050288434,-0.1327458727572399,0.30325895046614815,0.010146413276764445,0.08908490369388972,0.16532908353089376,0.0838833204129414,-0.12732292422291483,0.780764949819828,10,food
1806,0.10138027333589378,-0.18035844280918834,0.16772202516377402,0.10102382439713581,-0.15449143898317902,0.2724804308849694,-0.056096272010261995,0.1867255171004152,-0.22348272524901816,-0.06033140689111155,-0.10289071117350405,-0.10094251062234952,-0.1771333646535814,0.7665092841119799,20,part of car
1807,0.2416514419412343,-0.2935297696701238,-0.006751260240377744,0.20417969684596446,-0.05122867492914204,0.13239620814982672,-0.09768103957770806,0.2999622881618613,-0.12056594082668368,0.06355402909851578,0.33314973116602237,0.058736453499726435,-0.1852289032618998,0.7712350078604892,6,container
1808,0.13756942999080812,-0.34411804655479006,-0.2645417800277057,0.1814275175874374,0.04123596004333177,0.0840278141918661,-0.1539487710718495,0.12156850282543241,-0.21904894979354822,0.05429437689564457,0.19752804252018694,-0.18555797321821194,0.020008912444320643,0.7764102849787763,17,medical equipment
1809,-0.052753291480723094,-0.16767283395961372,0.2486282481853917,0.1468174659644898,0.10024982538696546,-0.0065703669484856635,0.19480005578843326,-0.042640368329588105,-0.4396105573800154,0.010496129532415422,0.15315912106647586,-0.21372148261236903,-0.18418653816146824,0.781472904655098,27,weapon
1810,-0.04841891129839684,-0.1813118794379554,-0.10194766441873286,0.47996637343967696,0.20295141192498897,-0.020994017463936837,-0.030158115330358903,0.02171057599945688,0.006979264830719735,-0.04385830752505184,-0.13466501841245093,0.2640301573020227,-0.15442572741648403,0.7902651643074438,7,dessert
1811,0.10146975159851232,-0.2111699404406738,0.32012330736192157,0.3059543744227979,0.06109078657962513,0.1972320929014199,-0.014623182823502737,0.027269776972584224,-0.25812676291648656,0.08462828244338376,0.177608563739919,0.10740046059481621,-0.3896288009350162,0.8276551208657069,16,kitchen tool
1812,0.11886639576859995,-0.0029594275236605352,0.37075552406267165,0.0674721214709811,0.027655622469126666,0.016238256114958542,0.07156085680014167,-0.16469399309354177,-0.2710019822431016,-0.0425860950595758,0.17699547324763656,-0.1715701699270652,0.1548170386761729,0.7826192881539973,99,
1813,-0.00674970155199245,-0.059278207842979554,0.04114538010885242,0.01810215196988685,-0.2913722684697928,-0.16788220134332263,-0.2843719491101028,0.15532988611155335,-0.19117596205103052,-0.1151828695875794,0.19589518481295715,-0.18172978139013243,-0.2596749000512078,0.7637044651056353,19,office supply
1814,-0.10392986836512787,-0.16166903935306015,-0.03627047958192664,-0.07035996491933393,0.06299395004999644,-0.059244341261163284,0.012765509939829807,-0.4392717645100973,0.13159482817173945,-0.39674150332719615,0.051647806545170975,-0.14718149249172352,0.07858850664729179,0.8461413648068137,24,toy
1815,0.08287282680724131,-0.09208275526477236,-0.022727027139343343,-0.14059761910877427,-0.10160603841622029,-0.08037743192005847,0.10041146955489323,-0.025820106496787006,0.20922918804597856,0.14475496300609283,-0.1790636566882489,0.06465884794895713,-0.09416938991028995,0.7482588106035729,99,
1816,0.01005212420296054,0.1970498957081623,-0.40551510429148324,0.061440917164333135,-0.16648860426897283,0.04760891507172345,0.2155436631993203,-0.35662536279655593,0.010960635574721012,-0.4231588789224632,-0.04206238637106394,0.12302524250026212,0.10797017885279044,0.8858876569975964,99,
1817,-0.052802946994158606,0.04506942725699335,0.34664293284728437,-0.08968482798708043,0.16857009842267928,0.3463456637160287,0.028474087426985952,0.19830393187484976,0.06123747862427934,-0.1290546224480442,0.1461007037190469,-0.2622880641641439,-0.20616676568101028,0.7617800646445004,13,home decor
1818,0.04951159252085431,-0.10019816507890088,-0.06582052820603285,0.03868303966580047,-0.0721390210312372,0.1669340682177726,-0.1962878056691351,0.3805599781113853,-0.033294128495237676,-0.08233378877166132,0.28325427820572413,0.01367117022161381,-0.34952134528118994,0.6848244885058168,99,
1819,-0.05103621070726042,-0.1856130041208544,0.006485569285654282,0.03385837732190831,-0.05553333830141471,-0.08221916168153391,-0.2891451578552081,0.2516096953064218,0.05826347182686045,-0.07583937580754598,0.303014930653946,0.04425292189416425,-0.25534443102398724,0.7225151292866313,99,
1820,-0.022920498267362338,-0.16398550091115188,-0.010771848459372867,0.19149201904156063,-0.14755260124051525,0.09468376726800787,-0.1286873661392356,0.26499944674264536,-0.2380319146006535,0.0058898986535815415,-0.013506982092885318,-0.0651158858131686,-0.0687890354786087,0.649435628026099,20,part of car
1821,0.12522622256496876,-0.13228760364505893,0.2995382492906103,0.19194841201405224,0.07322414610922477,0.10983723879936023,0.0464835014813766,0.12062416574181127,-0.3053900768741864,0.13195878049808177,0.06578219353309425,-0.2600970524977313,-0.29387392369391496,0.7458873722078694,20,part of car
1822,-0.12019776355840707,0.08366877150988984,0.09586923848314038,0.08396779701877316,0.24274952201850214,-0.06649250454510613,0.08357295112930864,0.03392024625922719,0.19812483070211614,-0.3046309818192418,-0.08143532218781674,-0.14534272111882954,-0.08271328501077074,0.8205021648860478,99,
1823,0.14338354705473594,-0.21683926512431467,0.0029420087509581484,0.17334307722430298,0.041900289945078675,0.21882653211174255,-0.0002028543292444854,0.06683327892196872,0.2487454231270578,-0.05120599828461414,0.04691170783916793,0.27485228027144004,-0.10894748968026864,0.799042241373386,8,drink
1824,0.22864381063976863,-0.0756610395150267,0.22376836477768658,0.005877244316786265,0.1265710870186278,0.26786149202508586,-0.13403577855693716,0.034841777549214706,0.07734810307826785,-0.05716951910906248,0.08717576619788685,0.06500238536967537,-0.19992510362891625,0.7672961170907258,6,container
1825,0.222291428677663,-0.2547050831821637,0.2185556685660956,0.1546785418604572,0.06382888903495877,0.12337335920390725,-0.05277001074625443,0.04095888750257151,0.16317491613200516,0.003818638621919869,0.06137203212461982,0.2191863967404199,-0.2659606400325286,0.73539201092145,6,container
1826,0.14398959544849863,-0.37253141247006094,0.047574193768742314,0.04873233631891677,0.034907881000118456,0.18507748942034705,0.0793752659983534,0.13934702522463416,0.285451182991322,-0.06598557514765832,-0.04151277701576287,0.28843827416067613,-0.08855924824407374,0.766109528588258,6,container
1827,-0.01507032242765181,-0.052922862703046344,0.10731738852785518,0.24007653631750184,0.07855460953733262,-0.02922021094610416,-0.16488251050007408,0.40873991534160425,-0.12322475813540373,-0.20820150266658569,-0.22749533448066264,0.12388218266449548,-0.2828873281523694,0.8286022195124504,99,
1828,0.051963492626838935,0.18861871392882668,0.24323328276034212,0.12226369530530064,-0.08242072077519215,0.09683656709379405,-0.11947835939648394,-0.11927800312218237,-0.500653922828008,-0.00783968874124494,-0.016165676909302176,-0.3537842737287783,-0.18638335543198853,0.7970916792631024,99,
1829,0.21293404052737377,-0.12068950158584527,0.28508325161765863,0.1536103581253347,0.020906518177740235,0.13325998695953106,0.019357572384927538,0.0005884818258651171,-0.2327221213740612,0.25892240250155796,0.17229568660269062,-0.08370325191357736,-0.28047319891549743,0.7608429538270559,23,tool
1830,0.07309974015478408,-0.21609411873919027,0.24850682449812952,0.25904653446621745,-0.0637252127302819,0.19554592999174392,-0.03246840178195449,0.10073691746562716,-0.13471201246511433,-0.05624728410699972,0.19221316066527122,0.29863370252029103,-0.26090362212863855,0.7608481060125983,6,container
1831,0.1107582145734849,-0.1685923773269481,0.06855210963946043,-0.19313567083742655,-0.07438774679734905,-0.08573813566648013,-0.10319987541055693,0.15638822419845091,0.06682753833338304,-0.136063782223022,0.018763804225712104,-0.036014406398455184,-0.055021557424042015,0.8379997738346707,1,animal
1832,0.022371422014518857,0.012772310142778005,-0.4641780697394454,0.12735787091025974,-0.2543678596564038,0.12599942142948278,0.23507193049629954,-0.2758870217422269,0.06767937601357699,-0.34175564976687794,0.13310323076785838,0.1376867223080065,0.1100266085207305,0.8551180504349819,99,
1833,-0.022243311389237703,0.05878829950749659,-0.038032528648169986,0.021639407586532315,0.07642733136984334,0.17746526695842854,-0.0721906628630631,0.4906181261840986,0.10447063983594786,0.10770896859625828,0.1553642916782519,-0.21916199234619416,-0.07834900432597425,0.80166909165167,99,
1834,0.09226541818212732,-0.16056901261973558,-0.07317439985830436,0.17222984808863523,0.10676368743704918,0.04751299738535633,0.367631025701382,0.04808277176702919,-0.14587451177601382,-0.06874942683858724,0.19449174213950643,-0.10120412604358238,-0.03972537342411491,0.8202534851042554,99,
1835,0.2698180671767809,-0.12316546255347827,0.1113518007573773,0.16716566557216073,-0.021221310893102592,0.1373272667437147,0.061570519623768534,0.2866278100428886,-0.37430626500258446,0.07798479680646127,0.3080559695697539,-0.16099921667613026,-0.4721430078294347,0.6920670524032128,12,furniture
1836,0.09170745831454706,-0.07275781355255505,0.18604413778210588,-0.018900116878484103,-0.03257467662113352,-0.07607032646006091,-0.2395015538519889,0.16572793730331123,-0.1252262207323804,-0.06322176734741976,0.20785043101609954,-0.08147106724368848,0.05242331369761942,0.8576510084174952,1,animal
1837,0.049475247520908525,-0.16899338800886082,0.05181805848174465,0.2716662659808577,0.14000311787926295,0.2571955669204292,-0.07480121436524648,0.06495549796297435,-0.18892364218776006,-0.18720468875723859,0.08507372399625157,0.1219896429364545,-0.024414510060493114,0.8284816339623488,10,food
1838,-0.015578473065860955,0.2186170987256562,0.06794105911867716,-0.0898986504401619,0.13128176582355347,0.039754021995082295,-0.2879795497366714,-0.2546982071801561,-0.16001515756819285,0.06492937910051291,-0.014013982967337727,-0.09631499841530623,-0.30802976315345665,0.7804281672542265,99,
1839,0.0469540684811118,-0.13091961915697584,0.003553059008621239,0.06213898102856368,0.039332646098365794,0.31496882563150663,-0.2814170723636181,-0.08320339863460717,0.0022955622113524053,-0.04502407398644763,0.34123181118365004,0.2725614422398782,0.018807630852343726,0.7433390075458769,13,home decor
1840,0.05040101721349707,-0.18701419540259967,0.0037839734975397515,0.09242436642615506,0.14350847025812966,0.07018778035578455,-0.2556139238828944,0.4767634929275538,-0.09935739543098013,-0.11630219320447419,-0.20890591656033125,-0.1147405108083407,-0.10277385967137807,0.7213864778123692,99,
1841,0.25426177624833624,-0.11965542466727862,0.24282860638359768,0.18944254737594168,0.051221957456184665,0.22438521487076515,0.0242669452998801,0.23572197947567466,-0.3786617919864467,0.15673534631932057,0.19200961823183998,0.0013210238382248354,-0.3329209520144459,0.8316944742249621,23,tool
1842,0.1413476008275741,0.08592185275807741,-0.13310069838186342,0.3177098756405353,-0.05524981289275584,0.06551840700759762,0.3757034201978948,-0.2418105877043532,0.12560229885791374,-0.21989447408153454,0.12272352285911846,0.016571681405206377,-0.015578536359196982,0.802362077971834,3,body part
1843,0.18936703491757154,0.2521290490608106,0.19037813695190806,-0.03645889154595514,0.1250344552415408,0.2914636805032256,-0.18270986276392084,-0.09378281865529808,-0.21753135871668733,-0.17892555444815464,-0.013136103113625586,-0.40464444789001425,0.07007518046864393,0.7992990324102066,18,musical instrument
1844,-0.056742251773287684,-0.14798747405830434,-0.05338677085317017,0.2529712891130352,0.05254538565201329,-0.12119151099557357,-0.24542975990808846,0.3882534192663919,-0.07928433703121726,-0.19168853061656435,-0.31832683150164215,0.01834813308905416,-0.05529422955110302,0.7078021197561754,26,vehicle
1845,0.3011723833275431,-0.04069549045073636,0.016440106698737262,-0.11764670419537443,-0.08964846435588877,0.0024495585343188506,-0.10823425898029862,0.07822057855893119,-0.10498836745919207,-0.2200994892004179,0.17515750668072513,-0.019539838745941306,-0.06975642097248218,0.7610259035471744,1,animal
1846,-0.0611704216157539,0.10412909800774568,-0.01577410928550724,0.07230904170913817,-0.01382336438506991,-0.01877974810909372,-0.15292021300516245,-0.36458622431879806,-0.25562115425153614,-0.06974847305723976,0.02080241943632901,0.010034927509668888,0.06678240526664658,0.8392366699286723,99,
1847,0.05115461510402154,0.12974694519334332,0.22791923032439718,0.10942333382438721,-0.1134893473057639,0.019350068600898634,0.11135998055006155,-0.3352106928584947,-0.24410951901744948,-0.17163852395823095,0.03611024569325199,-0.23384127877134334,0.2911019174587411,0.8031291446876105,24,toy
1848,0.11050294505661479,-0.1707836154253999,0.10011780069243789,0.44903602785467756,0.1109133368710136,0.22130130363798795,0.001207698079573603,0.006651403113859079,-0.05166876653294211,-0.17815602803553698,0.11414925947078709,0.1983788787162307,-0.12893952796347244,0.7658811531774898,10,food
1849,0.1970658111352893,-0.2457996076626668,0.08926837826586603,0.12665170515017168,0.04292663999912071,0.03984785103434703,0.07416307737286522,0.34798208588032536,-0.12249865567730422,-0.08395787485875773,0.08970877186651506,-0.20990022146034854,-0.14259396260390061,0.7226549088779289,99,
1850,0.12090205121175222,-0.17587871674616687,0.30035439877705344,0.3515449873523738,-0.0726411034807253,0.08273566181034608,-0.029462842207439877,0.004318780557868291,-0.01961566741612419,-0.30377003228220184,0.11564491601193862,0.091122108763067,0.01684220204760154,0.84315811785324,10,food
1851,0.18134483201610535,-0.03284420208103929,-0.0021057481680669126,-0.1255904786331733,-0.12078599858365173,0.07442262346838865,-0.29920202312247934,-0.05541348988204623,-0.14879404593758264,-0.1352927789834346,0.18662097739694006,-0.09451365341675917,-0.2514670940521793,0.8001629173143788,1,animal
1852,0.016823778942747114,-0.03590818077844349,-0.09154353844702895,0.15477974310734036,-0.05708717153612459,0.15339869520795416,-0.05087292832397666,-0.022304899502676823,-0.24975848394135225,-0.03984885046131479,0.30973036708657803,0.1097408927545509,-0.046063670969834124,0.7974675868500317,99,
1853,-0.056643992345473224,-0.1481955016454862,0.1421406473316374,0.10324429699041568,0.29847439220366084,0.23062419758186664,-0.1903876507453415,0.03184197840539717,-0.12134184163014164,0.024176976979834775,0.413206573466057,0.16741495595836148,-0.1009172355113435,0.8232370288350045,10,food
