,0,1,2,cr,bigcat,cat_name
0,-6.778399283574575,10.340897088463235,1.114734189077243,0.7797390820360361,1,animal
1,-13.614493344668134,3.546045037997315,3.5441242025792277,0.7984847327250593,13,home decor
2,-10.409974712714968,2.8512296572135667,3.106944522236046,0.7528452093783106,18,musical instrument
3,-12.050158626747539,7.185565179169753,3.1706621730749407,0.7618513406522875,99,
4,-9.545561604899381,7.766996589809977,4.108522434337998,0.7944662057985066,9,electronic device
5,-9.633527509746575,7.454607647508514,2.2424298242286556,0.805999844651182,12,furniture
6,-12.135343967707493,4.89370299399624,2.0780905172316033,0.7251907697869563,23,tool
7,-8.795999194780943,8.142236433934332,3.1266888232157157,0.7951560114950681,20,part of car
8,-11.777324543943864,6.730877649515774,0.9197530708555912,0.7435045885816449,26,vehicle
9,-8.787209948617878,5.681706592036658,0.4733698872673484,0.7626539564322118,26,vehicle
10,-11.477669815138356,7.587147813494332,1.2023503244772287,0.7905644443789653,26,vehicle
11,-13.478817406369584,7.8547660985099865,1.6501344104448648,0.6915167869055066,13,home decor
12,-6.0417121615329235,8.82391727959744,-0.3606481838214282,0.8363870150806295,1,animal
13,-10.379139785220426,4.658821837431417,5.5070317150752865,0.820347729377413,10,food
14,-11.936810589962672,9.312834093791611,1.1670652039677256,0.7518986941243039,21,plant
15,-8.488569121783367,10.78607922866053,0.8299116158919705,0.8132426873349942,1,animal
16,-12.731061266343511,5.297780833412867,2.399336382135571,0.7450487333383564,99,
17,-8.49790452711094,7.066774788330431,7.948439080255141,0.7671410703118021,99,
18,-12.323644547506612,10.022716091827524,2.7860297071029416,0.7793528366816241,99,
19,-11.342012380353923,7.771638264562818,1.370086780304934,0.7523692131061679,26,vehicle
20,-11.333093990261876,3.297467501748178,3.3558464150413787,0.7503827045402132,9,electronic device
21,-9.972822541681769,5.965208513554774,0.9432821158384359,0.760987919409889,99,
22,-7.59543511320955,14.739343772554937,2.324433866513488,0.8365940917408214,3,body part
23,-11.466559877018225,12.874625880374767,2.4849831800320525,0.8637443554163707,99,
24,-11.033728380495205,12.83572275323356,0.7542763917042554,0.7547192904467438,1,animal
25,-6.890653719019055,9.327166754041158,0.2913052578923258,0.7807796539898186,1,animal
26,-6.903463866188084,8.358177479325878,0.14602695149030184,0.7213829798072418,1,animal
27,-13.097274959269583,5.8659915176790856,3.1301407368522693,0.7427858388224243,99,
28,-11.260741888687189,5.053473006770117,1.0660520923928924,0.7379074854388374,23,tool
29,-8.648272375835845,4.156395492342059,9.266059032499705,0.7514259463110777,10,food
30,-9.424330751558761,7.1516692440062135,6.321086568656347,0.8265585952093325,10,food
31,-10.549920683795015,6.229839474070248,0.410835463913178,0.6634847776082441,21,plant
32,-6.535911570314759,4.224600834254041,10.465403735975986,0.8204776639761957,10,food
33,-6.827088877848582,7.589931921712904,4.1379348624852135,0.8204058310950777,4,clothing
34,-11.837998756178017,11.418124993548448,3.3337441189621533,0.6884195044638517,6,container
35,-13.397702834477247,8.22489513748836,2.0774519527000344,0.7091216650057741,99,
36,-8.335112254738235,12.376107833910368,2.880938888342666,0.8251103855218805,3,body part
37,-8.370263624061721,6.663237531168235,0.6779268511418978,0.8255687669198581,4,clothing
38,-13.76957267895091,4.637875107191664,2.7940967831913106,0.8159023739227937,27,weapon
39,-10.855146813089394,7.394854571877007,3.639335271973517,0.8075332676084237,10,food
40,-9.37662825753728,5.74685774549882,4.840509667143507,0.7882286857834038,10,food
41,-10.082606558048822,10.100889367559857,6.417740655873064,0.7826210779562147,6,container
42,-9.964180164867718,3.432190594282152,4.518896154543713,0.8175056245355452,10,food
43,-8.163787022757713,5.5947966317245434,4.820492184885441,0.8171612926547138,10,food
44,-12.3091608124187,7.3764017133933795,4.896472288577054,0.7950330257627584,99,
45,-10.757945071483462,4.223316238432288,1.602998458955077,0.8317437765969407,23,tool
46,-6.069420427791096,11.939409472869562,1.065506659243153,0.8649896259588173,99,
47,-11.07916151010342,7.103920104839576,2.375790420428027,0.7595028308803852,99,
48,-13.040474547029897,5.36227109947761,3.6084591319863324,0.7759221079108509,99,
49,-12.089320435288947,12.96533496781627,1.2414990723566688,0.7586346533028325,6,container
50,-12.247130939677488,4.530508338145246,4.813724039947691,0.8030283817999511,23,tool
51,-9.167994284579978,5.077155146112625,9.34904963806048,0.8386790793308543,10,food
52,-9.656852743637119,4.534665566040715,1.6735445912616227,0.8093417621254789,99,
53,-6.050471127654448,9.287557578738868,-0.05342782642433291,0.779213680869929,1,animal
54,-9.022910047186837,8.196081675574021,3.973213309391731,0.7891456960745815,6,container
55,-9.209852513443389,5.739467117671974,9.67308511765578,0.8156871869524309,10,food
56,-13.528054836321415,8.989700212119267,3.9978707008382903,0.7654029441235759,18,musical instrument
57,-7.18716796922713,3.6892578137780947,9.421064320941385,0.8040352260446132,7,dessert
58,-12.243696204056958,7.415626800401599,1.9081380119326652,0.7888944969548628,22,sports equipment
59,-11.809583918795644,8.346581596172504,-0.3287422125256379,0.7860352151020906,22,sports equipment
60,-13.420708940932508,9.38028669633065,1.6656147378199648,0.7961419311674186,24,toy
61,-11.759617111257286,10.778920091937135,4.354167110600945,0.7644093597619754,6,container
62,-11.277734001160209,2.997899171704354,0.791982096148592,0.7731107416524674,21,plant
63,-10.714129778328454,8.40172434871056,7.390627847856825,0.8145355217547103,10,food
64,-12.981902276172413,10.237979122499347,7.884892970645091,0.8331194877109437,99,
65,-7.77971873380951,5.1470390780540685,9.431062674970866,0.7974938719385984,7,dessert
66,-11.092122386125029,13.459347441676558,4.79712359542316,0.8533712702813668,17,medical equipment
67,-6.876932778562147,6.479331192044989,1.3016496129827075,0.8461554760335249,4,clothing
68,-11.822983803760645,4.0376522836797974,4.20494281436081,0.7209028178853369,18,musical instrument
69,-12.971959951194595,7.677257433408852,7.220050613312222,0.7866108178076415,6,container
70,-11.281147899545902,6.972173876349258,0.821008888827784,0.8372539503674096,99,
71,-13.194550532399989,7.320378828116197,1.1248738280850523,0.7623180826936125,99,
72,-9.860640178754247,3.43736674084471,2.7320752775436206,0.7873816910161584,22,sports equipment
73,-10.437556330380982,3.1633790540292406,4.899449589339457,0.8176916040045575,99,
74,-10.023742000978956,5.1459412356840835,-0.26156376815472293,0.7701270682030154,99,
75,-10.362612186413399,7.761000238862568,2.226594553117136,0.713455250696459,1,animal
76,-13.764743478273761,6.578338545441224,5.54572288270646,0.7818442515473123,6,container
77,-10.141873596284912,11.70785983997087,3.1417240592666857,0.8563788023332909,99,
78,-11.556303378581905,7.530794937619696,1.7725966520629526,0.8062906233477479,22,sports equipment
79,-11.218524707864477,3.0930426778202267,1.7447613951571894,0.8071709625063285,22,sports equipment
80,-12.664622286534318,9.379086406840873,0.9344550435244638,0.777232731821949,22,sports equipment
81,-9.452600081166034,5.24226466863826,1.3116701907049433,0.7288439165971375,10,food
82,-14.721759051465428,8.643254986099134,4.302818523668357,0.750885376093977,6,container
83,-10.641831690830271,7.146840309869319,0.7389668981328127,0.8086267859720019,22,sports equipment
84,-14.71561709510297,8.617100080804311,2.9265608572284116,0.7100569791650336,22,sports equipment
85,-11.203917934621314,11.770216818185064,3.108578909887582,0.7619022498570481,12,furniture
86,-13.102699167532453,4.550143874402917,3.2873009813963856,0.759348673586241,18,musical instrument
87,-7.87161043306625,10.65047073037669,0.29851903021315607,0.7979304912634764,1,animal
88,-12.713921262415182,6.137608199869071,3.386995461931433,0.7302228322506259,22,sports equipment
89,-8.823616655782242,7.88987190507877,1.7127782554978996,0.7516862233904059,99,
90,-5.21940990576782,10.129092839475158,3.7076778823687175,0.822043802735997,4,clothing
91,-9.681611411020054,13.047461552909212,5.33677151141456,0.7868906994268036,6,container
92,-10.470860057842193,4.15997714738617,5.284757553508907,0.7830712451861361,99,
93,-10.36767811368734,3.9226051416471903,3.5574395461804116,0.807895001392697,27,weapon
94,-12.829675194463062,4.692982002228859,1.7514570669427845,0.7707799598043501,22,sports equipment
95,-11.701166223334889,6.7866425618336645,2.641470031722803,0.7968352583564395,22,sports equipment
96,-8.025938626489726,4.366080471449153,10.644810944820314,0.8029628746754534,10,food
97,-12.088835312420905,7.7766198871624095,6.579656987620948,0.8152164886468304,99,
98,-13.1028316983998,8.358006868313696,3.04890017311941,0.8031261076239846,27,weapon
99,-12.411853026707748,9.876123790731473,0.9992437980265637,0.7530306342716097,22,sports equipment
100,-11.356825661270689,5.551928216284636,4.237086292882118,0.8005449834718129,99,
101,-8.785667409494776,9.53659035815457,8.09725556365713,0.7610230138772341,6,container
102,-8.10320521036419,3.3569134572810255,5.24137864998759,0.8158888345123164,10,food
103,-9.932618193504553,11.443417302586969,4.6000144743747855,0.8293577110830803,12,furniture
104,-9.611497350036462,13.17495989184029,2.624428410099545,0.8598406892366053,4,clothing
105,-5.828050295858577,8.062649499372428,0.13890083766678765,0.8131854241409895,1,animal
106,-9.91306005567481,14.222619847266163,3.3798912957849803,0.8892157258547346,3,body part
107,-7.159966874200344,8.573626092817582,-0.017614077074223907,0.7771789288680178,1,animal
108,-10.172183251840332,10.553757434051953,3.64491054101166,0.783240404047152,12,furniture
109,-10.995814276881216,11.76175625445631,8.018204890319764,0.8001298888728533,6,container
110,-12.263075275590916,7.4429903904664965,2.5141037963029444,0.739768260551316,12,furniture
111,-10.58932109173905,13.558391326648199,1.4323955817324436,0.7645790069216878,1,animal
112,-12.485905500130427,8.75395441328988,2.4913567382494133,0.8081771574266886,99,
113,-7.567355645678187,7.50718155875841,8.487249735591226,0.7918609982130597,8,drink
114,-9.113255842048977,6.170734594194659,4.741425695561268,0.7826807489965385,10,food
115,-9.641652146944624,12.852168917695375,0.9231761638671729,0.8350173384992922,1,animal
116,-14.159207065119144,6.75362058663318,3.2931268744611986,0.7657189580620827,18,musical instrument
117,-8.990815120973409,4.383989910100765,5.760323037954165,0.8196554270962855,10,food
118,-13.558114702648943,10.086611989367396,3.7289064580493902,0.8158603591530422,4,clothing
119,-10.524848682481355,8.493361498495235,2.6784913607864382,0.8059146087973517,5,clothing accessory
120,-12.1834876173025,6.429426788924565,-0.3768733776097723,0.8130257191994997,12,furniture
121,-8.687916153495918,5.809067270695553,5.955617492334888,0.7951923076923076,10,food
122,-10.787045645996965,12.507590370804254,5.284572733542568,0.8101352374493253,99,
123,-11.433881179938298,5.380533033601167,1.3121063799714265,0.7057918170604446,26,vehicle
124,-5.1346099621805905,10.928189900201442,2.488654100945668,0.8874203371154591,4,clothing
125,-10.395426251091955,4.082293179836661,3.3216333212588967,0.8054367870569964,6,container
126,-11.495625955005595,5.202277094709348,3.506418780999962,0.7863576778050464,19,office supply
127,-14.499203593211936,9.82543869576497,4.335520714869779,0.7521085066852226,99,
128,-9.812619860725631,10.314691805361871,-0.014271194805904745,0.7413489424889212,1,animal
129,-12.16592550868947,9.571838354915887,4.205761258789541,0.7515266947711645,6,container
130,-14.318109166304104,9.87074866170344,3.930201840902741,0.7401486350826966,6,container
131,-16.716747835929514,10.276756666461955,1.1747379801594675,0.7606118866584358,13,home decor
132,-11.453268057887382,8.732598305894927,9.528165351301599,0.8029860128223416,7,dessert
133,-7.5619895239909525,4.152735655033325,8.592094980181047,0.8313133606027372,10,food
134,-9.056395177108085,10.144207999439608,0.6861475576468973,0.8067885690137169,1,animal
135,-8.389668013524277,6.3321879674446135,4.18950256961045,0.8017524031928307,10,food
136,-7.4494967783231845,6.122127926044316,2.2478949136962405,0.783035743674383,99,
137,-8.048779695711708,10.761772316841865,2.791860894861354,0.7325663386544959,4,clothing
138,-7.681872299364433,9.458495169235702,10.327435806315691,0.7414925334347757,9,electronic device
139,-11.538467744682466,8.312364943586068,1.5429209445757237,0.8223372833128931,99,
140,-8.531069218217702,2.6116598621338403,2.3546171983637176,0.755334955776844,99,
141,-11.499687442566907,12.510095382640017,1.3837402893011024,0.7399041521850453,99,
142,-11.579178373976648,13.698095904935128,3.6360146713697725,0.8303674909035093,99,
143,-11.187208846107648,3.9807071556767126,2.8560504760907794,0.8183656373579353,99,
144,-5.571966261757521,11.047941189337111,2.0047122090482685,0.7780958963330706,4,clothing
145,-14.467483833200136,10.50714049311084,4.123644973847729,0.8450875387971435,9,electronic device
146,-9.719270500182814,10.711659468626898,1.7722290732078088,0.8152041865580113,1,animal
147,-12.258052001792812,8.609651279113733,2.2834529292213874,0.7949677850982446,27,weapon
148,-11.200464534409388,8.04354260739562,6.327722011332737,0.7999178376791617,23,tool
149,-8.288999941860434,3.6121074030902727,5.180247100553088,0.8147679402536182,10,food
150,-7.946396582375438,11.903314653876356,1.676492520307032,0.812255576401918,4,clothing
151,-6.377611712839881,8.868107161515875,0.7451446988798569,0.8168758454140356,1,animal
152,-11.014197590709703,3.106700311153866,1.337826977692727,0.7480672321634292,99,
153,-10.405772142948965,4.813585208895438,1.955777290004328,0.755169724296064,99,
154,-10.033323667191269,6.0952768998063815,0.11027968100626356,0.7342169340085573,26,vehicle
155,-8.99112792763591,7.625515077583938,0.3523115096233355,0.7768454820287822,22,sports equipment
156,-9.41929713562624,7.219352095805758,4.964810859264306,0.8057252929808244,10,food
157,-9.299074848697085,12.201394125152744,3.8880738715826406,0.7637236070162899,4,clothing
158,-8.545595570402092,3.5203256851868017,9.082858337614324,0.8389753467070092,10,food
159,-10.826981202224509,2.8987614300483346,2.904032886145619,0.7898394830102148,99,
160,-9.790572007019419,4.833107617810385,2.4165330626400516,0.7936801089368485,27,weapon
161,-13.148582698663818,12.302871949353042,3.6073866538462935,0.7775878329344312,3,body part
162,-11.616404867548892,3.623357334937025,3.9032349733117715,0.758592312812467,18,musical instrument
163,-11.702846640324394,14.625201232973492,3.8194748599298523,0.8359625807796541,4,clothing
164,-12.359594960068941,7.021661101417062,-0.28207806328655105,0.7880499107954181,13,home decor
165,-12.340610305954861,5.297312720324272,4.400407258384019,0.7579507690703644,99,
166,-10.633115571330992,5.790239765029141,3.1200570027342387,0.7564864027322036,99,
167,-11.77146607752083,3.9529410846768376,2.2808065602175747,0.7810911041256298,12,furniture
168,-13.394732480859256,6.157792601722685,2.5525459707052227,0.8494199470443613,24,toy
169,-10.805651800157454,12.110481943730282,2.269877038904056,0.805784743088177,4,clothing
170,-8.796458795094656,6.644247250201732,6.307283539600409,0.7810316650496368,6,container
171,-10.593842115424835,5.450799106941335,4.789445602837198,0.7876851569052365,16,kitchen tool
172,-9.007728063901578,5.196730382903779,-1.0105700604740364,0.7394831901089925,99,
173,-9.688676090968459,7.895921753136704,0.33575597204944074,0.6915540939637447,99,
174,-9.694730542411119,11.746744445203184,2.8935422749447293,0.85021565208208,4,clothing
175,-13.655069053912332,7.896520443893616,1.400967610571437,0.82885189374931,27,weapon
176,-11.755558156784362,8.28465205322583,3.9473909900287656,0.7645208721605491,99,
177,-9.391212695352499,7.364302536310117,8.495049352888724,0.7545982490623057,6,container
178,-10.755935424381084,13.074555385017932,3.319357129442306,0.8143809247398319,4,clothing
179,-8.86100788942005,3.6095161911791975,1.2367320071633034,0.8316375781421159,22,sports equipment
180,-7.262587597228681,10.321184459396452,2.914095764556162,0.8371528810988743,4,clothing
181,-12.37280296197871,5.675311208706561,2.984355914790743,0.781539603686923,6,container
182,-5.99528695541786,12.223558576780157,2.8450778901378215,0.8617610124086375,4,clothing
183,-11.151077572273916,11.397169736574007,1.9251011599427867,0.8304005095056534,22,sports equipment
184,-8.645771230567071,12.588708037543325,1.457762611195372,0.8683954613091207,99,
185,-7.45049210558093,11.108082484636924,2.632426354382808,0.876400958480324,4,clothing
186,-9.409305066929035,11.009447183021134,2.6410068974151018,0.8617534698327383,17,medical equipment
187,-11.654442912787708,11.687220153646173,3.5530234975766777,0.8214069348376154,4,clothing
188,-8.61939004470289,8.83098326982548,2.1919557428950927,0.8307190225033616,5,clothing accessory
189,-11.067942891624892,3.778965544307583,4.500087411746738,0.8081004349838873,99,
190,-11.023844663948978,13.050983587678834,2.575767778181176,0.8573075732231777,99,
191,-9.400986470761332,1.6754539998713238,1.5725149159758338,0.6892734649063574,20,part of car
192,-12.125866724825848,7.671235612406029,-0.9969808932154028,0.6750614672304355,99,
193,-9.934569450748489,8.110960790470022,2.6209726816396697,0.8588819342830896,27,weapon
194,-8.595086958581609,4.518467539951631,9.26315486167851,0.793818392775389,10,food
195,-12.354628495316705,6.874245331172228,8.085331212323604,0.7806736542799262,6,container
196,-9.583064110287474,5.573387177394745,9.943537518048084,0.8378911971820013,10,food
197,-8.606362688483982,5.860265503702365,10.133247851125066,0.774916219687623,10,food
198,-12.468326602860813,12.860641524923265,8.202877304044174,0.7722594478692041,99,
199,-11.060694438092568,2.6955649649294258,0.5594494467101712,0.8462606463913085,99,
200,-13.576544957974958,10.956230871420248,3.963236283593988,0.7988687465508009,6,container
201,-9.099686444806116,5.922958746710078,5.2386639481065576,0.8510118784195034,10,food
202,-9.457896823271534,10.067578448743966,2.170336740000593,0.7918821106681215,5,clothing accessory
203,-12.50433219122877,7.928183671988534,3.2399118569725376,0.8096880418336446,23,tool
204,-7.483290211553489,3.8558089680207575,9.085907636952557,0.8277516712234747,7,dessert
205,-10.567013220053393,9.663093505586925,3.176786911849539,0.8289519319538082,23,tool
206,-8.417289567564511,4.275707127801169,6.321118174716504,0.7978136372845227,10,food
207,-11.575510011063251,11.865591856656032,4.549852758045919,0.7410484040303502,99,
208,-4.579400465286545,3.6202275453198647,2.810833108733269,0.8354534678106565,99,
209,-12.302364989276061,9.395667868585809,3.9908435771652973,0.7259559254536417,6,container
210,-9.17029532134115,4.973681976285621,3.988714176662966,0.7741061646343145,5,clothing accessory
211,-8.628558171829589,4.6077979873940045,9.080084172946522,0.7468196220985871,10,food
212,-10.720520624861114,12.9447041249509,1.466313053543049,0.7240232123171157,1,animal
213,-11.451594819606122,5.645127182744825,0.13183617580937576,0.7308720228466775,26,vehicle
214,-7.330926967961196,10.22637541357114,0.46426064522365595,0.7773634649839982,1,animal
215,-10.228835997040926,2.623003894907891,-0.5593646443099988,0.7102144806413101,26,vehicle
216,-10.153179199406058,3.3329063359372477,3.025404310203462,0.8360331934613559,27,weapon
217,-10.748170580570367,4.09631878081213,2.3588208474593975,0.715567956024564,99,
218,-6.470955043861459,8.654270840446857,1.0901437447703175,0.8420858323836576,4,clothing
219,-12.249606464197456,5.245138313188823,0.45644241242545514,0.7294280725576812,20,part of car
220,-6.946027794197431,3.19650534013841,8.973109859587868,0.8458441287709583,10,food
221,-11.302403384366785,6.003166368027767,3.5322173796764083,0.7669761963327434,22,sports equipment
222,-10.14419028286323,5.30620550300429,1.1950260058383044,0.8206655553831421,12,furniture
223,-11.675427512769842,10.064465891887702,2.5770860111200324,0.6955369646399814,99,
224,-10.384786298835019,8.78513229857273,9.738624542024448,0.7846575094328627,15,kitchen appliance
225,-7.4150294354839374,4.324596963127636,9.605034549609027,0.8179938867438868,10,food
226,-8.880998113323457,3.684472464307071,0.5436562026462193,0.7545929699129986,26,vehicle
227,-11.166344274531156,6.324425824788812,-2.158793307199429,0.6898913755621073,21,plant
228,-9.787907417570034,6.776540444887016,8.671508804212847,0.8320938931717975,10,food
229,-11.75408670650971,12.794951311632143,0.7622016297901801,0.7783495294286373,1,animal
230,-8.279899229750296,3.7072328303937088,3.2403550812580875,0.7854904330193163,5,clothing accessory
231,-10.346781318312459,4.259279896416367,4.680452187385102,0.8066913100449686,99,
232,-10.379216396530673,6.953113486294759,4.109441156451065,0.8478824550493427,10,food
233,-10.735153299819931,6.771647787054604,5.668506089777763,0.7050466809613153,6,container
234,-10.936136455392075,4.4786637467518045,3.781256931768846,0.7954536793483192,99,
235,-12.531976650633624,8.840065060758729,-0.24730499565617858,0.7776301669243576,21,plant
236,-12.515681658708283,8.325606619331868,2.731957993761118,0.784517944851706,6,container
237,-9.474117747062978,7.482815607896871,8.591240024285437,0.7893155489496954,7,dessert
238,-7.310767957155581,5.567192685784111,10.032183965497122,0.7997533176663025,7,dessert
239,-7.5900390127595205,4.208429175264624,9.410391201936479,0.7858661353113948,10,food
240,-9.344360981990208,2.350609001187191,3.9910100923855594,0.8074446467716229,99,
241,-8.445522883683125,10.081130877768475,1.8799623724314967,0.8028208945998226,1,animal
242,-7.826630123310177,14.148899280859293,2.0907331800803073,0.8553948966539754,3,body part
243,-6.609957500225077,4.057448440423868,9.423391611984954,0.7994551597217509,10,food
244,-12.393413059131477,8.113706961482642,4.581378388437055,0.7549220662561038,9,electronic device
245,-8.681057772210004,9.835160824074899,0.571070005063579,0.8345152370752253,1,animal
246,-13.490151548665596,7.8935192241281555,4.491248703426844,0.7822201479745439,99,
247,-12.523999174216312,5.908547952479716,4.068140186526027,0.7611819826829752,9,electronic device
248,-11.546300952525543,4.958491315079079,2.7707418914644544,0.7715344000865839,9,electronic device
249,-9.016442919583119,5.329365457666257,1.5543644966735057,0.7625694160353981,26,vehicle
250,-8.761696945936007,4.499811426848926,8.453872236262896,0.7860639031130047,6,container
251,-9.422140039563912,3.16771705242504,6.083777921381513,0.7637369918462257,16,kitchen tool
252,-11.194824550671365,5.371289845529594,5.660614976275467,0.7382176127454897,13,home decor
253,-12.54342466301791,13.253467855862121,7.809384163098794,0.7832288631470274,13,home decor
254,-9.762763515231384,3.811034581818968,5.030588416981058,0.7210403805427241,13,home decor
255,-7.935563691698002,3.3002433040855728,7.357953035875012,0.8256941965246498,10,food
256,-11.053189179204512,5.625553927074888,7.894696466904658,0.872834397986837,10,food
257,-10.44580589761216,5.124128266572393,7.091836469735229,0.8274523477090124,10,food
258,-11.910861002953359,6.523459307039903,2.6095757258936567,0.795322411328509,17,medical equipment
259,-9.897535280356852,8.137597973149376,9.060456401747322,0.7975683345323912,6,container
260,-11.32169306879633,4.747310779743772,1.1394036093894508,0.7954397227641846,27,weapon
261,-11.288619574083379,6.3458719830764485,2.8680074609913078,0.7786572287896101,27,weapon
262,-10.192151451392377,7.6168258946128296,1.1121024423753885,0.8096292948613414,26,vehicle
263,-10.352936160987863,5.877988159490074,6.504666904270499,0.819222359550196,10,food
264,-11.2157575179561,6.000987882890271,3.3952938272841324,0.7536085693557818,99,
265,-9.683488780205503,8.45393621794572,6.226849206447856,0.8147471109161709,99,
266,-9.209027583439903,11.069139811615486,0.9273473104043208,0.8148443419367682,4,clothing
267,-9.69494168045494,4.035360753066202,0.7632200353397165,0.756563173668437,26,vehicle
268,-7.3164781257433384,3.8200385089148883,1.3378927011459827,0.7641120346062206,20,part of car
269,-9.364914390388304,6.740287707841256,1.6212758688133464,0.8032849589047504,20,part of car
270,-11.714157083828846,11.053723774113287,8.251067100594456,0.8455446403016336,7,dessert
271,-11.622712273911729,6.133376188869687,3.569852563970159,0.8234258597976246,99,
272,-9.910721223503657,3.4159112802174705,3.864713460913636,0.8179271270734686,99,
273,-5.15763173494029,7.274497508755675,0.8029665818713242,0.8225730792024576,4,clothing
274,-9.646070906935153,11.109649608506247,-0.1942856495962103,0.8114230150109484,1,animal
275,-12.936730183606683,6.89817511446718,1.806921644291981,0.7708322535534675,99,
276,-11.096801496597994,5.5307337107177705,0.969513816293593,0.7572996363392706,26,vehicle
277,-9.975006098727384,4.687213640913939,6.1466981814294535,0.854378794588727,10,food
278,-15.474330527578458,8.39421103217857,0.2500975474724886,0.7086570146624034,26,vehicle
279,-10.849513079229839,4.014015728842599,4.0792957436663535,0.7757643730729007,9,electronic device
280,-12.229134606202935,5.069333278741606,5.076485938365083,0.7360727784909429,99,
281,-9.161910353320534,4.5003860884545395,7.578659819177707,0.8324921152569899,10,food
282,-6.401017084028267,3.715100805502568,9.59652261596667,0.7749576248051859,10,food
283,-12.907253077310155,4.505543079898509,3.8507435790421725,0.8191027956413665,99,
284,-6.733891160808915,10.00013710331839,0.48801653005076445,0.8403844016488433,1,animal
285,-14.634529743537342,5.626075095442333,0.9846030217403129,0.7466059299936215,27,weapon
286,-12.04561633807926,13.208758047364826,1.9756430206316768,0.796544143900837,1,animal
287,-8.332765243961418,11.754709415574158,2.6513992519882486,0.8555502371178031,1,animal
288,-8.483374783929134,5.7300167456491495,5.29554717702179,0.8415133092463806,10,food
289,-9.262521482565285,6.887185939325252,8.55834533086639,0.8255039438520855,10,food
290,-9.441333217020917,3.054887865400188,5.380113184238967,0.7994120979087916,9,electronic device
291,-10.06592528848699,4.667406786897963,5.530302562466244,0.8369833080198936,10,food
292,-12.723258027696632,4.070212759593176,2.777268961209778,0.7876587623538843,18,musical instrument
293,-11.365289216544634,5.49782520008141,4.617966692590698,0.803484467588576,9,electronic device
294,-11.633302408503114,5.267455664629006,1.8942039384709675,0.7316954697945907,99,
295,-9.519477284260274,3.184745502272458,3.096118712949905,0.6760376279853916,13,home decor
296,-8.867289307727397,3.919826389820941,5.837054702897804,0.7264727816913462,9,electronic device
297,-9.949538886049888,7.271889231751781,9.601796458872968,0.7933877944548677,10,food
298,-10.595885203823858,5.162654284217069,2.9993294981446392,0.7941334770179519,23,tool
299,-10.641445856596947,2.8707911543242712,1.7944756240302175,0.8123836482103641,9,electronic device
300,-11.216090624552068,7.055816642433715,3.44242347113001,0.7678123335667296,12,furniture
301,-8.062273025523876,4.081651432836568,4.656648537083184,0.7059924601464237,99,
302,-11.63551088692723,4.56025977427376,2.8959755365618247,0.8321431082473403,99,
303,-11.11471194336176,5.88736733732009,2.9845783890516597,0.7950149274844397,99,
304,-7.844804110522077,8.596764611349434,9.471018057572682,0.764668550676253,8,drink
305,-9.721359598475082,6.144649709173843,3.503273755782555,0.7397963941557398,13,home decor
306,-9.955119682065623,10.891770733047915,1.393141450623151,0.8399150767639384,4,clothing
307,-9.371802229361661,6.748045071112976,5.106757791213924,0.7790643257539548,99,
308,-11.497934087914949,7.151248968072812,5.735123782256255,0.7788679742980023,99,
309,-10.779462744709631,9.07747542728664,0.22387640797903663,0.7575891694954596,26,vehicle
310,-9.683585916846873,5.2446806767668805,3.797824888918537,0.7457653671389232,99,
311,-10.399458497033246,3.9477288793869367,2.616041497811929,0.8197012746916471,99,
312,-10.425590396424026,5.566541349123814,8.967182092123963,0.8030823092183812,7,dessert
313,-7.821003050658413,5.047459417115482,9.969802986999772,0.8439307664355803,10,food
314,-8.318966988067412,4.943925743054525,10.452633524270533,0.8085201120374421,7,dessert
315,-4.794753400672398,7.448465978790607,-0.3774479519333911,0.8235210997918796,1,animal
316,-9.791967920776958,7.226455495567663,5.506784421621725,0.8169013326799845,10,food
317,-12.684190505414211,4.896356246998555,2.4718611498820855,0.7950737247822407,99,
318,-9.926673138604903,5.385221023684961,2.5770474268993913,0.7675769462780241,99,
319,-7.526511580204508,13.329594250929448,2.1110327569904968,0.8746419666280295,3,body part
320,-12.413010264674137,6.682759938991308,1.9936934972314375,0.6970687385217046,6,container
321,-7.3799650408649375,9.582374825053288,1.0892996956267091,0.8175600605514105,1,animal
322,-10.80898088521926,6.356228216621192,2.241224101558927,0.8304843815641426,99,
323,-7.390642116232713,6.885411094558959,7.797514585108819,0.7952430562399367,10,food
324,-9.478268058624183,10.966296958621433,3.292903508730277,0.8078881957641357,1,animal
325,-7.028917963999425,2.696612559178169,5.826033416431011,0.8510214821417318,10,food
326,-5.742147001314198,10.023751968603305,0.6981856466674912,0.8414892821302352,1,animal
327,-8.267339448163558,4.935239749339646,9.653234625871036,0.8022253183884397,10,food
328,-12.881384966220468,2.8766984861360427,3.3590731517458634,0.7547590695527452,18,musical instrument
329,-15.191655874687083,7.496412855019981,1.800451277965827,0.7868221638074163,99,
330,-7.448316413971064,13.16631408360544,4.332562289758338,0.8723126805443879,3,body part
331,-8.633417483519372,5.566106628538723,7.9846620139756865,0.7076806118223261,99,
332,-5.731069915981644,9.366942079592663,0.1517778227093797,0.8171262001749807,1,animal
333,-10.403198775654452,6.527175851432968,4.870958559681673,0.8116035711087135,99,
334,-6.779158397010315,8.550587641058955,0.42026717763221194,0.8110505949442086,1,animal
335,-8.377743310868858,4.343999568550949,9.768477669089021,0.8214570098636211,10,food
336,-8.275816884128309,0.8840974799494398,2.6700234964535885,0.7722275114577039,23,tool
337,-9.568349389741023,4.1347753539630006,4.4471019271067815,0.8345685292813022,10,food
338,-9.90953166389677,5.3713821535102335,9.013544071329664,0.8064310314918045,7,dessert
339,-12.099392089048964,3.6970245344821073,5.804736604202094,0.8171752145436356,23,tool
340,-10.638537117590138,8.543795332564182,3.3981766845261085,0.7614445125052046,99,
341,-11.212884034509395,8.267182145008048,1.1136379633863966,0.7868938587086856,13,home decor
342,-13.501438222346865,8.367868791134791,3.453667615536075,0.7764477047451872,99,
343,-11.868466008209497,11.52182862204892,5.837616055610923,0.839607838113615,99,
344,-10.396681327549022,10.688283497084216,6.808356119536095,0.854164678770482,99,
345,-10.745968311859789,9.098074039412976,6.370373128959188,0.8204688298742032,99,
346,-13.610189786451055,6.805573747815937,4.999404235093428,0.7694713448725002,99,
347,-9.955694135408255,5.6085470002770945,2.6352160877941704,0.7561731576740959,10,food
348,-14.960603247632216,8.4413420014009,8.21085839745457,0.8418518296318921,10,food
349,-10.150446281666948,6.604394965945035,4.713078266063797,0.7947111210088585,1,animal
350,-11.249503796231005,3.0557981655632878,3.4482632836528366,0.7866056304710399,18,musical instrument
351,-10.16856811754466,3.481491109624402,3.8705150287265266,0.8100305336703086,99,
352,-14.497279830343086,11.5431917085567,5.746691207127918,0.7990741027610002,99,
353,-11.77087224209633,8.341302251927175,2.602438639055656,0.7635555018018375,22,sports equipment
354,-9.931771731733196,4.913226862726271,7.080162158904127,0.792525620589213,16,kitchen tool
355,-10.288225845695921,5.963580027045368,3.616139566383407,0.7412917064393317,19,office supply
356,-10.838834040341318,4.902970989456745,0.4753746565754023,0.8147516468169754,23,tool
357,-10.830937324214071,8.541177602732393,5.524419653307872,0.822088417664141,99,
358,-9.375721367750224,11.485549488388768,0.9589302141207549,0.8479060701920745,4,clothing
359,-13.65876746527864,5.9865053807570545,4.400866653454198,0.6987360291281166,99,
360,-10.782787161366056,8.239795360283827,3.167328558632308,0.7609964711895196,6,container
361,-5.842061467660453,4.984123566469256,1.8544215682952556,0.7505609378913191,4,clothing
362,-10.63728919057097,10.078621202502557,1.7260725969736888,0.7751490987771477,99,
363,-12.131566255877784,3.8634435730883228,3.1904643921428892,0.843673017738979,99,
364,-10.593317848179186,10.905770320808413,0.6639501158178164,0.7364997682391777,99,
365,-11.2201211684362,5.7390281928950095,5.4951119293385755,0.7488879853209123,10,food
366,-10.13062764942442,5.767537603727867,-0.7899426852400899,0.7189443158268726,21,plant
367,-7.737764074714737,5.903877194144751,4.100686314151659,0.8066408354518112,99,
368,-10.62507766567208,3.889418086108957,7.0473660279366035,0.8174198762221571,13,home decor
369,-5.206614841212343,8.758115816664816,1.835746401498407,0.7697615683931623,4,clothing
370,-11.674763580546843,6.965311452783249,3.6621907262388405,0.7237649216596586,12,furniture
371,-10.231763195946034,11.213789137489618,1.4382857697721232,0.8585535977836323,1,animal
372,-10.283740140496167,13.170824113517412,1.6725089979584686,0.7955357971083262,1,animal
373,-9.353968994928145,12.408297864283137,2.2459343066600064,0.8288376907172994,1,animal
374,-7.843852963662649,8.453055777087272,8.97470319665212,0.7476930810098706,8,drink
375,-10.66973933855225,8.211213589372253,7.212130167230597,0.8117311013492016,10,food
376,-13.685853290460576,15.48163461193119,2.242866198872732,0.7824772181774303,99,
377,-9.648345862457688,10.595071264641634,11.340218676922335,0.8040064780098216,8,drink
378,-8.813842176662163,4.517097500798023,6.84003646893731,0.8453316838987571,10,food
379,-10.100131957606486,8.97725165906901,10.441404899965416,0.8321684644694914,99,
380,-8.315727203841234,7.876004248914103,9.332075142370762,0.7534022509915873,6,container
381,-10.010085406594946,6.763381437494191,5.0209976229613185,0.7506114359116121,12,furniture
382,-8.586337610253652,6.789746251420587,10.271789263718542,0.7451633780466534,9,electronic device
383,-13.13224008879046,7.7273758013434835,1.248841017730604,0.833953792934735,6,container
384,-7.6368507389209,0.4922983464676319,4.226197085280763,0.7494122070341583,23,tool
385,-12.110195756436793,2.0537838956712613,4.324014537363831,0.8173749947034122,99,
386,-6.5578362488431825,4.334170181349604,9.181376956623556,0.7858503541815481,10,food
387,-11.387816621134384,10.822424330244287,4.2437113052953075,0.795378561455561,99,
388,-13.99274294252691,8.056287065028055,2.993286845775833,0.7481209976831654,99,
389,-11.36942531964258,9.885992241616071,5.157015338831016,0.7976111142793981,99,
390,-11.447993217910753,4.370911998896617,5.080350620429888,0.7636276183017309,99,
391,-10.178474979461356,6.095457549019603,1.9432534608515324,0.8020425622890024,99,
392,-14.289432025680375,5.821299862492076,3.7365198910713096,0.7022710712335902,99,
393,-11.974901571292449,6.8745900926318315,0.4189319741441222,0.6960579435808095,99,
394,-9.924841459129341,4.313588881461436,4.101616434703797,0.7935265369681138,9,electronic device
395,-9.811577556721208,4.670392059730196,3.4717383513636166,0.8187803239231819,9,electronic device
396,-7.560541653762439,3.9465085671477067,2.178089860330788,0.7978230052074352,99,
397,-12.888964455372085,15.14669468762406,6.3707618895287315,0.8584613430268919,99,
398,-11.58392498528891,3.938688362943386,0.5908653164769145,0.8051929563039054,6,container
399,-9.179902201774514,7.033842885445978,9.83573283966403,0.7652923962742285,6,container
400,-8.97899757278496,3.298921937463132,9.750412447590119,0.8195325940277728,7,dessert
401,-10.759392436307534,3.65044597173502,5.957707021351985,0.8073834839913203,99,
402,-9.342043563779328,3.9125200562056,6.874007398682504,0.7448465311615103,99,
403,-12.863111846362893,10.430934923076883,4.579131895749513,0.7644638872165564,99,
404,-14.550507637434833,9.568129799527753,1.6264405966068403,0.7825232557921594,6,container
405,-9.728307461080616,3.368044600744577,3.677574495233769,0.7902783683153568,9,electronic device
406,-7.742015445083264,7.9259029360387565,0.10063831119912985,0.7109396866377976,1,animal
407,-10.858254072273468,7.020146039043952,6.072577185695973,0.7513022639260811,99,
408,-6.1040283001089675,3.609200509395906,9.54788660209839,0.7724683089012357,10,food
409,-14.02952995667907,8.622063713518054,6.52977038242469,0.8216532463048144,99,
410,-9.581489171942199,2.15040979553966,2.432629417513225,0.7996000476488282,19,office supply
411,-12.638317041873494,4.6934811578488835,7.264511383835136,0.7892602832910921,16,kitchen tool
412,-6.149962026387624,1.7698986493989581,5.959177544641377,0.8312369600748368,10,food
413,-6.580859410911819,2.9818243716672845,8.835932311213831,0.8001930759197402,10,food
414,-10.194390748569193,8.812995541016852,4.661622791387999,0.8014486975178978,99,
415,-5.892956288054181,2.459255860224776,6.131058227315725,0.7615444064462954,10,food
416,-10.238314674629208,5.550347076661628,5.152491260784432,0.7567532584494495,13,home decor
417,-9.510868680081282,9.897014815461686,1.9784270511684552,0.7759747182123814,5,clothing accessory
418,-6.3682082449968105,9.551379000043138,2.1037311515954618,0.851196399639917,4,clothing
419,-6.998071624200429,10.878602327187737,0.4042297924678953,0.8165460975542583,4,clothing
420,-13.059792024452062,9.56092854388896,1.531117541348442,0.7861604610245403,12,furniture
421,-11.501952084964747,11.01464340250039,6.59622892075048,0.8194773348684952,10,food
422,-10.365592116050639,8.465700320155653,2.4628362323373056,0.7857332601410429,12,furniture
423,-5.4157335516319165,9.01596765453501,-0.04730934240326271,0.8062897158468404,1,animal
424,-10.41499279277258,6.054072003099535,8.08577085668631,0.7788555279871887,12,furniture
425,-6.6642881319440175,7.214056589505262,0.8823622143698419,0.8080721100526712,4,clothing
426,-9.723287810939418,12.54220116506961,3.503142710209002,0.8226635077766337,1,animal
427,-5.0096779633885,7.586760803864757,-0.38434653763629095,0.7802145706414001,1,animal
428,-8.144172242467901,10.645461952999923,3.08517861636017,0.7791464069657993,1,animal
429,-7.653717714621854,2.726032073633905,8.365460914615129,0.8378458494425597,10,food
430,-7.905579281025231,3.710438596348566,4.93047677294944,0.7783509954137176,10,food
431,-13.42126678383179,6.816264571198276,2.3372881281549915,0.7252877803744301,99,
432,-12.30317735752317,4.367874229555278,3.7640739253615356,0.7393284744413671,23,tool
433,-13.042123158432176,4.025278084926096,1.4922125927353527,0.7474236903693273,6,container
434,-9.727914953586433,13.170297070166905,4.479169525921175,0.7963402506878043,1,animal
435,-11.346750018705174,6.912210627097326,4.175040289738677,0.849686746220852,24,toy
436,-10.725625043044273,13.661003904353082,7.483102357368305,0.7999244559404799,99,
437,-8.917213985704608,7.437602421127015,9.794374322362335,0.8045566647068275,10,food
438,-11.607486900850423,8.283244613399111,4.960228519458876,0.8555920319675284,99,
439,-7.032256347567988,5.544685820632456,11.423553956307403,0.8156504006241925,7,dessert
440,-6.965234417342996,3.6521304695476013,10.16490326447119,0.7782317562697346,7,dessert
441,-10.882733462506904,9.323361372849618,3.0925961018105492,0.7829375762742492,12,furniture
442,-7.737831661736112,4.2036314239859145,9.044136376307952,0.8344890765876228,10,food
443,-13.840375756312783,6.165943910432303,2.3991398017857914,0.8114257864172036,99,
444,-11.118757946043866,5.196296623425485,2.208080958418339,0.8054995309568481,27,weapon
445,-7.799070610464085,3.6279969159691063,8.78927198135348,0.8180871356226613,10,food
446,-9.305780231378973,10.881185796909334,-0.05378510573892342,0.775565404398157,1,animal
447,-10.825516835331007,2.426127005388967,2.1700682195519554,0.7991368726124825,23,tool
448,-9.404004596122446,6.290530023965663,2.2084285817803657,0.7926023777489953,4,clothing
449,-12.820264159966001,7.684612972042344,0.9603258353444125,0.8510406087638751,99,
450,-8.832915644974142,6.135638738708401,1.59807993065571,0.7832904809436293,26,vehicle
451,-11.482381354594109,7.708064446294133,7.28848074029846,0.7607678856154467,10,food
452,-11.560642822072097,5.314734682297757,2.9872175344275504,0.8131501730350135,17,medical equipment
453,-10.782402159716087,8.133023518012784,5.775130623750466,0.8015676199123599,13,home decor
454,-6.995947931828988,7.555200940958915,2.8018284294027196,0.7989905547131568,99,
455,-7.475734169318312,10.157908273413494,3.834860575535372,0.6875635712525958,99,
456,-14.470968128587039,6.993029834895282,2.5029709047028184,0.7498329809305421,13,home decor
457,-12.131940483052292,7.89010298723232,5.980660302478019,0.8129841195389977,10,food
458,-13.463803072694049,7.514674343967227,4.214122785918918,0.8202327571730056,5,clothing accessory
459,-6.899839572633534,8.983984948526151,3.0692074794673907,0.8626840993109967,4,clothing
460,-8.975347986977901,9.935878585222458,10.090738822157675,0.734692367253343,6,container
461,-9.338131075277786,6.135694758323756,9.674159818701643,0.7910751661663948,7,dessert
462,-9.769538137673015,5.0986993304573,0.2193179036633233,0.7520901314586997,99,
463,-10.601672131999951,7.158262246158634,5.971861764348219,0.8190761764368037,9,electronic device
464,-6.741104999641825,3.6192564999996635,8.983634825688647,0.7205892683308572,10,food
465,-11.114687546407472,8.589903863103553,3.115611270323078,0.7100570106454963,13,home decor
466,-8.792788745862836,10.38078423665603,3.341315108264385,0.7644859882664762,99,
467,-11.270008919396137,4.750801217142014,7.086670011347429,0.7985004346896831,16,kitchen tool
468,-9.79825214397108,1.6688800992325956,4.524955235276643,0.7848154994075246,18,musical instrument
469,-10.527334820786775,3.2199175875675037,2.8122157583885974,0.800143668915446,27,weapon
470,-9.822563389552354,8.095711033286118,-1.111481756763046,0.7103318361606418,21,plant
471,-5.652040522557021,9.808306480557041,0.35840446132722314,0.8273198620328589,1,animal
472,-8.20442126060096,8.079302148205736,0.08065986541373174,0.7075659485443946,21,plant
473,-13.828290406815796,6.611044922239492,3.2514671657719214,0.7969166341371317,22,sports equipment
474,-12.052169438800117,3.6914728345139993,3.3541310058331146,0.7695936017341666,22,sports equipment
475,-10.368016211029516,2.866462877230942,3.0944819448861565,0.7511784574341842,20,part of car
476,-7.396262989578912,8.298999990241823,0.09690340171644861,0.7658427952561969,1,animal
477,-10.251353850846996,7.219897613183207,5.1664009057565226,0.7351030937703412,9,electronic device
478,-12.099059012321776,16.04776274368086,8.143989898164936,0.8875516332191559,99,
479,-13.638578156775266,16.290521851848986,6.80106144100416,0.7946752749361939,99,
480,-11.615640861595674,4.054394631789575,3.0765481287014946,0.7668299086431949,12,furniture
481,-8.088880054689573,5.573212314598705,9.174240173894933,0.7550978493051665,7,dessert
482,-9.320826604406928,4.316098452447775,4.0651366873804005,0.740384112132142,99,
483,-10.074509026584069,3.0000368388379557,5.528940808362087,0.7935889289146671,99,
484,-7.235303705930164,6.449579973178775,2.4771640420482917,0.8138944817347922,99,
485,-8.53195528001507,14.522446002627197,4.757397210977814,0.8759429905665015,4,clothing
486,-11.370134044172657,7.153646410741106,3.4815112052030193,0.8124649853833065,99,
487,-7.043506141213206,3.3992838269905876,9.076076985305663,0.8639796273300767,10,food
488,-7.937414755908943,6.482114324282099,-0.3809644497949054,0.740760780547366,26,vehicle
489,-9.511948137756974,5.895338274837771,9.293573590163088,0.7707292861749127,99,
490,-9.052224516119319,10.461482568522525,5.875004905289159,0.8169233127117415,99,
491,-9.275263376378037,5.2457417965307895,7.161097016019822,0.7866055642983428,9,electronic device
492,-10.715279265152564,12.59868589415791,7.6137305021156285,0.7984648165106347,99,
493,-9.121922593425936,4.393192466790806,3.74223810212069,0.8382478589192996,99,
494,-10.512741989178764,6.203732385519302,3.527284120384782,0.784004402920965,99,
495,-7.445654994887518,11.012884676287456,0.7172367338230475,0.8059431643013756,1,animal
496,-8.452914173687766,3.9833148425702682,5.81851900158096,0.7961179198811272,99,
497,-14.055272885340212,8.102922830101976,0.782507356128599,0.7698467996776572,6,container
498,-7.40907170700174,6.124029230853764,4.713004385471848,0.7704501305535816,13,home decor
499,-9.549467609389595,11.248884845824456,1.088490634311045,0.8244231435373927,24,toy
500,-14.279342069562068,8.194267162125126,1.6405541536103305,0.8062239465058588,24,toy
501,-13.92005441232279,5.825521417526926,0.587499883938052,0.7225071748938411,99,
502,-8.741676273312743,11.776187224681316,1.991145887494479,0.8176752773786518,1,animal
503,-11.243634216047631,3.053568784104955,3.1174297297709743,0.8428340149621162,99,
504,-8.616157716993987,10.311453255787335,0.30469351089097796,0.782437103730187,1,animal
505,-7.7645892025188,4.255939553964744,9.716896815135938,0.8412805436433486,7,dessert
506,-11.202956791776971,5.50512310402863,0.9049957937940329,0.716676126751656,99,
507,-13.319459048027005,6.831008858052614,4.5714484153133785,0.7382119597329703,99,
508,-8.68375601885444,5.3780841199509695,4.587955370273664,0.7882867725897872,99,
509,-10.821605305413373,6.195209750139744,4.068171812481733,0.7617261787207231,99,
510,-13.490751525849333,8.162385174701015,3.7139057358471126,0.8024929483988718,13,home decor
511,-8.471537547412792,6.379388244677769,0.9678127267629719,0.7848173878280587,99,
512,-11.807970647328077,4.917327875817852,2.8333181640995977,0.8432928493308529,99,
513,-7.037541586247178,5.902830394001155,8.805948416170484,0.814944149575236,10,food
514,-12.679631483508976,13.215676236232909,0.7420411130084464,0.8001677565320858,1,animal
515,-8.366377300216216,6.459672010267123,3.8811763875894294,0.7397494398174004,99,
516,-12.143931269428684,5.531610252468284,3.2289996149032025,0.7859478216395369,6,container
517,-14.883940568876119,9.290762243149421,3.8611862429164105,0.8100129784759982,24,toy
518,-6.356671496387826,9.735479708801611,2.225736833369865,0.7935971780604252,4,clothing
519,-11.418180880789917,5.215189336027778,2.534370082989543,0.7556807554088144,6,container
520,-11.810678010711404,4.780341680655732,3.961308119760815,0.7932118371402381,9,electronic device
521,-7.5365387744914925,7.299831175805386,9.12293757024433,0.7457865034694303,8,drink
522,-11.722149829632292,5.060956412008915,4.866638473495277,0.7437413406639399,18,musical instrument
523,-13.053017017470777,2.686018526961762,4.29195681484209,0.8028189936769438,99,
524,-8.932458198712048,6.3435313640850985,5.3200128010942525,0.7761312874117753,9,electronic device
525,-8.88365790767733,11.462582099011502,1.0587341601992162,0.7647920765255614,1,animal
526,-7.898606852424357,10.829536245589615,0.6986365465164389,0.7829263496452201,1,animal
527,-9.26838243481199,5.15974394592472,2.4644075447492293,0.7524937807548651,99,
528,-10.24717143759641,9.290388297792813,4.590371106381598,0.782720704208636,99,
529,-10.181126991574272,9.626589970961275,1.2866279693009428,0.7605720264725894,6,container
530,-9.015264107540128,4.007239184125949,2.4288665926770285,0.8334134799985123,22,sports equipment
531,-9.576674986566074,4.306716804801365,5.464010772530305,0.7204301606005271,99,
532,-8.410748720897725,5.922514697296885,10.165554858123988,0.8041092316766257,10,food
533,-12.548808686347483,8.154952755872031,2.305929335233309,0.8039110860103892,6,container
534,-11.01383952025763,8.350793612233657,1.9266177225464687,0.8010114208284941,23,tool
535,-14.753040026594752,13.106610710693058,5.587768135448803,0.7985797480917023,6,container
536,-10.629794627716244,7.646647372756505,4.121120390204901,0.8611556271807708,27,weapon
537,-10.283158094439035,12.026655524294156,0.26685300320684485,0.7808778269304587,1,animal
538,-9.983157705780535,13.094358102461017,3.046669239337901,0.8889417528698659,3,body part
539,-12.309318119629925,13.837053668430535,4.188853693664942,0.8301815570754697,99,
540,-11.73120730983658,7.920266704405297,3.8846632881607093,0.779563935342578,5,clothing accessory
541,-10.221140199105667,13.043755225877737,1.3229456711666543,0.7858384368821708,1,animal
542,-13.957240073142719,8.431678285731758,3.2221062589316065,0.7605559525687168,99,
543,-10.369718956904382,6.500277085541414,6.237558910677945,0.8174086712430445,10,food
544,-9.86916006273082,7.435329699772346,10.457573919202474,0.8041024851339422,7,dessert
545,-11.125432576488544,11.265157051698912,2.1985670364409473,0.8346746311082671,1,animal
546,-10.882091893232033,8.962728209540098,8.595613112425166,0.838140771121486,10,food
547,-8.374393792582037,4.540257223630294,9.51452381043495,0.8385834957410397,10,food
548,-11.577958122230461,4.911019780387733,7.896409357439833,0.7375879222931374,16,kitchen tool
549,-9.016610654901939,7.3660263883757215,10.866427559340993,0.8108843616465569,8,drink
550,-10.81218547483404,8.392623731792211,6.233131822373231,0.8455095479944722,10,food
551,-11.056350149242949,10.446959628048873,9.130985781882343,0.8269864892733038,99,
552,-8.167360294510905,11.90130057382051,2.481296966265914,0.8526934882771121,3,body part
553,-13.326705429156316,7.479607639461245,2.7156206679852963,0.8316364805854537,9,electronic device
554,-6.692578833166783,9.009899645664568,-0.22476057409324163,0.8207385448942529,1,animal
555,-8.715538337995769,7.446780923371069,2.4531805492715484,0.8041238335622909,99,
556,-8.962900751095908,5.254795223602311,9.561618310477753,0.7871505835947149,10,food
557,-7.446081112264087,-0.21885209261099509,1.6230639680630607,0.7037007701111949,20,part of car
558,-9.86834793284303,8.378742987397212,3.752334915910312,0.7870745580756925,19,office supply
559,-11.045385428037914,7.898154770290405,4.848990686251035,0.853934515776621,19,office supply
560,-10.342015251131132,10.203446468446497,10.893067999957537,0.7976876670240515,8,drink
561,-11.027225501250747,8.96913918499628,3.5017787940466976,0.8050185885835348,22,sports equipment
562,-14.64116832262691,9.10992020805654,4.118995957841713,0.7699574805739164,20,part of car
563,-10.986371366926663,8.145273559701858,4.957171357683302,0.7723499430980699,99,
564,-11.93128307443418,14.155234447774651,3.689507446159402,0.8402219146377473,3,body part
565,-12.090961533388654,12.775020831788423,3.817900191575618,0.8404914921763446,4,clothing
566,-14.324444992342926,6.755536953634341,6.712836228049138,0.7905584779541779,17,medical equipment
567,-11.277094272973063,8.86810721954444,5.936099578949638,0.8666035104176956,99,
568,-11.629596907985407,12.611335590460202,4.300207787302087,0.7656638466940509,99,
569,-8.57620411439943,13.389416361932332,2.8322069121983504,0.8797946633312489,3,body part
570,-11.344791953793468,11.737798060508478,3.0425086408686446,0.7494073758027556,22,sports equipment
571,-12.321787430402367,6.599683568438713,5.706251828369187,0.744014754119284,9,electronic device
572,-5.853190332753749,2.5146128557273864,8.944200350138729,0.7336425778498951,10,food
573,-9.993959259224832,9.766818800476967,6.717440312569594,0.8142765975644668,99,
574,-10.853602659061691,11.699932334768748,1.4758416857651815,0.7620610723736565,99,
575,-11.91935827038756,2.8757867386939595,0.4427723658438442,0.7527912049574438,99,
576,-16.031841261580205,9.27006889560221,1.8754761764310621,0.734653035698332,99,
577,-10.71990819220425,6.974000734381388,-1.157532641053302,0.7679033026594003,21,plant
578,-5.818844658570595,10.316017250375246,1.2060299403196681,0.804157111196031,1,animal
579,-12.341880744895164,5.445466046946097,3.379965735395631,0.7685726961468073,99,
580,-8.802439974606086,6.4703981482685595,1.24002328570035,0.7367720241436545,26,vehicle
581,-10.146612328080641,7.163937965448977,5.850535879388305,0.7939499682474801,10,food
582,-12.25477583712426,10.154342131196362,1.0585543514786713,0.8164591336847434,13,home decor
583,-9.26768219267814,0.02289200969019058,2.8130926059724337,0.7473909719577243,23,tool
584,-10.668446091000094,2.65437904373876,3.9085632270086275,0.7759086742320315,19,office supply
585,-11.229677909897493,5.425479934829006,3.342093629196908,0.8616973748858695,6,container
586,-16.00335782247364,11.001604952995336,5.291413915873098,0.7753495098680863,99,
587,-10.180540911761412,5.784539962780378,3.3456561531908484,0.7960759074045339,20,part of car
588,-9.305234464405567,12.471832042338646,3.9097107621449307,0.8322343983929352,3,body part
589,-10.854916804794113,13.230527077667473,3.6515362938676894,0.8244014115965336,99,
590,-10.376782435035762,8.96127205512076,5.314078408711235,0.7108142563966967,99,
591,-11.84701554832948,7.937334299622218,3.8301021010866156,0.7970837529933441,99,
592,-15.017329904704066,9.773186337051971,3.243744288065801,0.7797996773577742,99,
593,-13.38126334112057,8.953292522377984,6.240968405860174,0.7352588738274665,99,
594,-11.076834990572804,6.081558580136955,3.8124798063597463,0.8158309048724609,99,
595,-10.953669020242716,9.506224397267825,5.390443386664959,0.7293436019197792,13,home decor
596,-9.700619359869991,5.408367839752428,1.6410004741127127,0.7836841380167049,26,vehicle
597,-10.865560130738878,3.7621639901600976,1.041350525492413,0.8008774895615511,99,
598,-10.610388112343326,9.009466620093876,4.055849632632739,0.7867177797623062,99,
599,-14.351388602702299,15.004202525887623,5.5170665022616046,0.7673022513032443,17,medical equipment
600,-9.889436729734141,13.365375870460316,2.767608063094345,0.7933594071716086,1,animal
601,-10.074144968390819,12.686740388759441,4.580526133362901,0.750053016467217,6,container
602,-10.863991111015407,5.228692171351631,3.9368371911915685,0.803292300857568,99,
603,-12.374354631679145,7.222566811552016,1.257236506673193,0.7778058731854968,99,
604,-8.401331059510735,13.651237710019231,3.094153216531702,0.8477985176035748,4,clothing
605,-13.661178219422501,6.635606168830072,0.24780150908112755,0.7819154728149779,22,sports equipment
606,-13.261228446083518,6.647423516084709,2.2172866486041443,0.6973376217278657,99,
607,-9.860972859944328,10.206804891641893,3.515499441579574,0.7731890791215134,27,weapon
608,-9.132161728892232,12.351259846620884,1.1757113228779295,0.8099609201181731,1,animal
609,-9.489071691432343,6.395173940231154,11.214321866859043,0.8344992219156325,7,dessert
610,-10.706698955267422,6.038918624296102,4.114422722465488,0.7067501858001756,99,
611,-12.587583333364984,8.119570618330851,5.516081166136825,0.7949615168701953,99,
612,-9.726231450398261,7.616175500891385,6.83926965137396,0.7648809344157862,6,container
613,-12.116823356708844,9.221712433552893,4.375862338965531,0.7926541857703605,99,
614,-9.835050232273941,12.142993178367439,3.214913628226897,0.8600506519855643,4,clothing
615,-9.74422507132427,10.642473815558414,2.097816841905771,0.8329379252407807,22,sports equipment
616,-10.358203186821623,7.752126849338894,3.2762382602410596,0.8298872198262442,99,
617,-14.312582014339887,16.44585390427766,9.707752079463736,0.7738843243326998,99,
618,-5.87989256388901,3.462008719584395,4.202305260435499,0.7537450107572061,10,food
619,-9.818569888702505,9.291765575980783,0.005228032265097907,0.6642099424561091,21,plant
620,-11.437407779194377,5.261935158993008,3.506250217758048,0.7716947083526181,18,musical instrument
621,-11.760076476088592,13.71027582799803,1.3819497195575856,0.76666837466694,1,animal
622,-13.896813026946186,13.449575015977405,3.8257985328245367,0.769851645183248,99,
623,-11.34459658350668,7.795223862337617,3.8246453269224974,0.798069199883355,23,tool
624,-11.025040822241012,6.849857632450598,3.829407037275359,0.796721822044239,99,
625,-10.913714248708837,4.477437546791951,3.0151448044454896,0.7625245292864783,19,office supply
626,-10.724874086759481,8.0947465135326,11.598249778119873,0.7924019286912979,10,food
627,-8.980705959846885,4.988859913443072,9.580759793999992,0.70936981289998,9,electronic device
628,-9.138070235201768,14.638427538624171,2.437877575870043,0.850340631818451,3,body part
629,-13.215404322184616,10.900254795996604,0.7484519971009272,0.80228106904563,22,sports equipment
630,-11.927307401366253,8.51001763017565,1.196623491009093,0.808904458025928,22,sports equipment
631,-11.292737695723302,15.951741871505176,5.784427018585716,0.8197003927347316,6,container
632,-8.244349501527934,11.931311270386992,0.8313244785208989,0.8565091855528313,99,
633,-9.481489838711974,8.42736613103145,3.064190497828929,0.8157273433807527,12,furniture
634,-9.68313914348648,3.115167601154571,8.556444750612243,0.7944118193771148,23,tool
635,-10.420634124906307,1.9197937264505527,1.032058948292834,0.7828844799851534,26,vehicle
636,-9.606257560684965,10.655050580759092,2.62112920643157,0.789064985108101,99,
637,-10.994815021758132,4.9997884833906525,5.198863813744011,0.7804675885163691,19,office supply
638,-6.286450494682688,8.364489004991798,0.021919091300584562,0.8286589878381215,1,animal
639,-10.87203215879259,5.362809469051574,1.9662549658075366,0.7575586676196434,13,home decor
640,-9.08146139473893,6.509709792712325,5.565262362313335,0.7320711030755961,9,electronic device
641,-8.658960196121884,3.6423266856515117,9.285069857769164,0.8272889249883458,10,food
642,-11.866800443816576,4.805915548649578,3.3056433603951656,0.8360521613146851,18,musical instrument
643,-9.8219472546505,6.146675250338853,4.121410457820508,0.8144565303407888,22,sports equipment
644,-9.422034154443185,10.837631357279518,0.47328982435170164,0.8016633421475649,1,animal
645,-8.812816132562475,4.183735521301826,5.824602799693677,0.773721767877961,10,food
646,-7.755085182144504,3.988344934901409,8.454003594565808,0.807044073355049,7,dessert
647,-9.278099004096095,5.228280342984168,9.145478036752836,0.8600748064444707,7,dessert
648,-9.007618228648267,6.723512879164459,0.6924043223880484,0.8086147895244608,99,
649,-10.366762985309743,9.022986143116315,5.938595779368565,0.7738879915548723,16,kitchen tool
650,-5.981361030541364,11.28098931306375,1.4521131013316346,0.8033125911816543,4,clothing
651,-11.783923712275529,9.018501382964565,5.183557121730937,0.7469533515265224,99,
652,-9.533201236559394,5.424926893526006,4.8668733620436715,0.7916561045158382,99,
653,-13.79004325881576,8.746011980214874,2.239787182101303,0.8370549515045664,99,
654,-10.819890618299953,5.060306656003824,2.7932201124827385,0.6790460555704461,99,
655,-7.23047788905884,2.712090722952178,-0.10761364362342309,0.7812158923842434,99,
656,-10.02485004061685,4.9452237994957695,0.3755449376908733,0.7518792995622265,26,vehicle
657,-13.128505364071557,10.78674427085187,1.0957478500673952,0.7783303713736467,99,
658,-9.154812582702034,6.482069777702989,6.509453953524604,0.8030209584554004,10,food
659,-7.191007415592914,12.629130198453124,3.017037389989778,0.8444900514774311,4,clothing
660,-13.673760859074637,14.342497318736516,4.800469216520293,0.8492385885758801,99,
661,-10.977565032879284,3.305388997124278,3.9022394870529413,0.750683809163673,20,part of car
662,-11.86368755145631,4.719840452054465,0.9572422727499875,0.7718650547316175,99,
663,-11.558352871512643,4.978203072913537,5.898249567574462,0.7018113094332609,99,
664,-8.351577806307484,10.926423651246685,4.474347288731553,0.8235122761518783,17,medical equipment
665,-12.866998943534082,4.087373415581792,3.844833896252472,0.8055438971597509,23,tool
666,-6.930623215063568,8.481819873263007,0.11828977324471715,0.7967075137775393,1,animal
667,-8.738595754676627,1.0330862843001452,3.3664492841114875,0.7887047262567832,99,
668,-11.444399314422887,5.491739176507918,3.347629357418793,0.8188918172677914,20,part of car
669,-7.018083621782043,11.521722271845121,4.974337463170029,0.7649146479285853,99,
670,-7.065508937929288,4.31860733173051,2.138381511396064,0.7939517630066412,99,
671,-11.196921335653284,4.527938359193411,0.9505519332193458,0.7410465686701246,9,electronic device
672,-12.49095212656082,10.8328272772073,3.5935075522962996,0.7877529313504924,99,
673,-9.03391380794871,5.295094065520907,6.116412625571171,0.8341602213374313,10,food
674,-12.612679984863478,11.308950142978079,8.60941322749213,0.8552100826632877,10,food
675,-7.836697390968127,8.727358156012542,-0.7130838623631631,0.8277390846830834,1,animal
676,-8.965854749378884,13.897129061061353,1.8775891503447248,0.8535576872921665,99,
677,-6.252004564327247,7.294730484580539,8.797466628293614,0.7572302811419375,6,container
678,-13.674627289316271,12.435850924614616,5.965171551447597,0.7608900714428164,5,clothing accessory
679,-14.125262695300954,5.735585989199229,2.8046063371380368,0.765314137712039,13,home decor
680,-12.271183752624168,10.881545339436013,1.4512168838421873,0.8019675676084274,4,clothing
681,-12.38416231953785,9.16521408482255,5.320818100006081,0.8125601113219408,19,office supply
682,-8.894729426025924,3.484110247497543,-0.4467870761772229,0.7798769237049159,26,vehicle
683,-13.677788170963886,7.000087798025691,0.36376777736308713,0.7899622022536016,22,sports equipment
684,-7.089312950292297,9.718960750570051,0.8301101973948937,0.8132787507386353,1,animal
685,-8.637587394775569,5.64909117781714,5.718293785353361,0.7539217637384582,6,container
686,-13.706364881514988,15.451717379934989,4.817327102582715,0.811686659448342,22,sports equipment
687,-8.01991581781904,1.7512129732590573,1.5005375467132887,0.840740819110524,99,
688,-9.14026603382702,11.226161790682175,3.239506543162939,0.75688932376994,1,animal
689,-9.052720181133726,4.794400028177019,0.07915464674363362,0.7732968454434185,26,vehicle
690,-10.820930743781373,4.076554148892707,1.9187289997950885,0.7760507980055628,22,sports equipment
691,-11.467704194777449,10.896560577968067,1.6315264984656752,0.7556833044531569,26,vehicle
692,-12.65578391616033,4.607805646952121,4.153106601131812,0.7223080586252307,18,musical instrument
693,-8.851989610992607,10.001850412314447,0.3911851728108479,0.7105738138893627,1,animal
694,-7.1432508382874635,9.061671996039543,-0.8600457940872449,0.7975147743644271,1,animal
695,-4.840224264521328,9.172681326817631,-0.23743061158807868,0.8619434268022201,1,animal
696,-9.445269891889598,4.87238974391761,3.8717085417242467,0.7816792007609799,13,home decor
697,-10.797930919039596,4.222460372227857,0.35222840031161784,0.7634550970313169,99,
698,-6.611951639130085,1.679404278303146,3.429092913619348,0.8182594135869802,10,food
699,-12.862431038980587,4.896596799235132,4.321059115902746,0.7968117421837161,99,
700,-5.44416454893058,5.505008006420262,2.27560216605341,0.7057518818863119,99,
701,-5.086835194141752,0.25148476545114906,4.378327896068387,0.7595822448839137,10,food
702,-8.931567494693095,4.953682852817809,3.3389580924498348,0.7858128472442069,10,food
703,-8.302042634581259,5.537475327382163,7.0315326428180045,0.8049596330793156,10,food
704,-10.409509562676414,6.041198690443491,-1.2178029236905437,0.7097087350839696,21,plant
705,-9.223872232687427,5.028191319555928,-1.4286864343976295,0.7720608757222485,21,plant
706,-12.311381646538349,12.494257025962185,1.0408905348512532,0.7626091965373095,1,animal
707,-7.5196491504243514,2.63565321382811,1.08645783744974,0.7289902263510963,99,
708,-9.08864033905012,3.905904489982785,7.026225905411618,0.8629256503373961,16,kitchen tool
709,-3.1777700762095566,-0.39477321431425594,-2.6013530950311985,0.755371877287646,99,
710,-12.4137613124754,6.940739428287437,-0.26426457439809325,0.7858260597656144,99,
711,-8.709829473241443,6.953300885015247,10.571671094692345,0.8341426692107743,10,food
712,-9.42701788845686,3.6053939323256015,4.737916240026643,0.8178260845943774,10,food
713,-9.577717300747599,7.5268403071245915,2.4675289967373444,0.8540952874723438,27,weapon
714,-12.322511159648599,7.398284003688903,7.880885093150034,0.7713702055325934,99,
715,-5.949494423076843,0.4507956875707663,1.0773597673681057,0.7666659524536724,20,part of car
716,-10.959485428703582,5.763981629924792,6.133484073244635,0.7432696030257007,16,kitchen tool
717,-6.587532559244026,3.918758670892879,8.721920761499527,0.7981495162780056,10,food
718,-7.707220159072863,8.986574759564164,-0.3262687559671095,0.7759985570416356,1,animal
719,-9.178449014627637,5.624905680359318,7.5778894146623665,0.8051237193689056,10,food
720,-11.756630656403127,5.132183787815792,0.7462850654335225,0.7275102342229001,99,
721,-13.863878059920884,7.44925569340441,2.6974779944092435,0.7013443742011655,99,
722,-7.386145192062166,9.967011704390169,-0.13777535382261738,0.8264693166599095,1,animal
723,-13.40710223414997,4.9915907023266675,3.4075059893648922,0.7721659192151283,18,musical instrument
724,-11.252610647838623,6.506854692675645,8.872633276557528,0.8494017562454662,10,food
725,-8.660157239245365,3.561741313089812,4.9960796058473464,0.8177841805890588,10,food
726,-8.05190592369727,4.352468067121036,6.588586196893912,0.8690017735656727,10,food
727,-8.527480770594565,5.538716477288966,2.75885759507487,0.8816901506487516,27,weapon
728,-11.24045343096878,8.723215829368533,2.892739896970469,0.7912191105936356,17,medical equipment
729,-14.094377870609353,10.356489815660748,3.645140895239977,0.7778564066238015,99,
730,-7.097457204939862,3.996854418473377,9.25471121574159,0.8180241008807747,10,food
731,-11.780067040514274,4.872791024214174,3.9949065037672655,0.7220534157183335,24,toy
732,-7.682212926522127,9.613016203227895,2.290173409582491,0.7899436982476137,99,
733,-10.214480799679743,13.494306153887258,2.5324633680767095,0.831551859673035,3,body part
734,-10.515659120729028,10.292388118510946,4.74583706759514,0.8089424216474402,99,
735,-12.383036566032205,12.095197011129416,4.786493089916196,0.8163056014018788,9,electronic device
736,-9.528924453932056,13.663845045405662,5.051057547608793,0.8828794574682267,99,
737,-9.814793213832242,7.411542497524568,2.348993078555036,0.7824030508914231,99,
738,-11.252565941907916,17.186937940130065,5.811793291771613,0.7962061741592371,99,
739,-8.152669555006417,5.832069940781911,9.263482630802239,0.8037951676954797,10,food
740,-6.331133143592727,2.861092521692597,9.182942240584282,0.8074349053291199,10,food
741,-8.667093450447966,1.8881272175272539,2.252429013469702,0.7935994525579041,23,tool
742,-11.183314449176851,7.907879728792067,1.1097477727815284,0.781166011008609,12,furniture
743,-8.446438702918396,10.76909656517492,1.586735219615693,0.8369478352784429,1,animal
744,-10.347477624495474,12.748214290401629,4.059822217255353,0.8240967350700525,3,body part
745,-8.86481272929376,3.4342578095259375,2.7544082165344403,0.8251430325208023,20,part of car
746,-8.024436434379115,8.96241677020799,2.255567899909899,0.8608448951089711,99,
747,-9.009972504511724,9.907812649118695,5.338397500861574,0.7764967900856403,5,clothing accessory
748,-11.66426521868238,4.428362302517757,4.267455851755673,0.7892414143734009,99,
749,-11.482498823981262,6.541183358309223,1.4633915032033378,0.714093660247234,99,
750,-11.395726408481352,9.952557227700018,1.5029381370682786,0.8269917582417583,99,
751,-11.345762325124161,8.06523356648752,4.569425665554123,0.8385592683800093,99,
752,-8.523575470631462,2.213028696500071,4.239914554754202,0.7804778554956078,99,
753,-11.93800305906419,4.988640788079774,4.629282896592386,0.7207412574473334,18,musical instrument
754,-10.243520836390847,10.908268345307992,1.3558724664874646,0.8213911964405695,99,
755,-13.500786727881648,5.8171197580826695,3.3515802835686053,0.8067049437155344,18,musical instrument
756,-7.02650178892522,3.8421319468886352,9.510579526187794,0.7452082081712521,10,food
757,-9.286358392365493,9.0658741798096,2.9504371170318637,0.7896889466303498,4,clothing
758,-13.152849106829226,8.930961087604555,4.446276402009738,0.7507347496676765,6,container
759,-11.437708823216305,4.882729323069318,1.0131615905012603,0.7894001831501831,23,tool
760,-10.174740658738486,11.680772859378497,0.9387410260632683,0.7490875613600828,1,animal
761,-8.838503130701326,3.0462169643810397,0.5510155322965645,0.7456540621390058,99,
762,-9.579329063813422,12.375853409229052,2.9549731345978434,0.860218906926224,4,clothing
763,-12.175428588482601,12.10545561637221,1.4628056854649547,0.8229635524870921,4,clothing
764,-14.46408728930851,9.642602360036944,4.8975518381271215,0.7254619751771549,99,
765,-8.881408238470314,3.995596530360035,2.666440759562455,0.7401249038817042,20,part of car
766,-11.602052930941499,6.657589434521608,4.681393242759145,0.7531521745558134,99,
767,-8.232008931829103,5.429750199504105,2.0285289174802625,0.8270263045078701,20,part of car
768,-7.780720232577136,11.818800819695316,1.6593175401116027,0.8905258867149114,4,clothing
769,-11.947736494094924,6.7787107373301225,4.631018295571199,0.8238400049968136,99,
770,-14.417898828127084,14.201990149568989,6.469094403859142,0.8515097031346887,17,medical equipment
771,-7.726543814434052,4.633111531965096,0.8103568535335754,0.8143180124325825,26,vehicle
772,-11.067770838880907,6.980841637119899,5.296426999971491,0.7494545989800896,99,
773,-10.682614371336525,5.936611797018642,-1.8206227140811133,0.7763171685473569,21,plant
774,-6.256846345667207,8.479121775172649,-1.2902107212521112,0.8268678420821897,1,animal
775,-9.460759535483469,4.236420035200032,0.49745943404880494,0.7315700816682397,26,vehicle
776,-11.42860048410328,10.421769533647776,2.565737737892923,0.776772253895765,22,sports equipment
777,-11.09173967411437,9.584349604112628,4.680207862449797,0.7566377673079393,12,furniture
778,-8.838393380088124,3.157391841489251,3.1278106539341985,0.8409340962340113,19,office supply
779,-11.378642415378007,3.6626812517482867,2.9446772369326046,0.82071327196469,99,
780,-6.762311409155971,13.297043632551036,3.948421333455292,0.8788328300818224,3,body part
781,-5.676676990457626,9.874374656126635,0.825556087031816,0.8218433199644205,1,animal
782,-13.753624752680748,9.93530430801042,1.1048483029533747,0.8349635103420175,24,toy
783,-12.171849798662366,4.124935676920536,1.7777208971027763,0.7694392301200375,22,sports equipment
784,-12.482510062772063,8.92747267226617,1.0715324443967984,0.7536032965750554,23,tool
785,-8.746031450931815,5.498350826423029,0.07299322288376593,0.8120821157381838,99,
786,-13.665613329090773,11.294901823588065,2.916412106906319,0.8192689168410876,99,
787,-11.745156846167463,6.939916223043449,0.7938534458728645,0.7410347007267859,22,sports equipment
788,-10.997762819354575,9.200578494789319,9.225752903654993,0.8253372266016683,10,food
789,-9.200535980447004,5.123364612520294,3.2130272637543595,0.8132277339136278,99,
790,-13.204333204712881,9.63688496811775,8.159868310855819,0.7217839017531607,6,container
791,-9.297033921787365,13.57223244069779,2.5562988865802008,0.8236967205307654,4,clothing
792,-4.296012687271628,8.000361073051346,0.489790719607111,0.8527153986115984,4,clothing
793,-12.42918641873621,6.055830805854386,3.927933273018033,0.8023897744152079,99,
794,-12.901691874559608,6.270089342164747,3.9649572729560396,0.7520253089382415,23,tool
795,-14.226837763085523,10.934346696338253,7.706436605978719,0.7359827166245653,99,
796,-11.699950264708782,11.80362684090877,0.8372546560616275,0.8246516195970627,99,
797,-11.693407646929106,3.650699134513627,3.0811130956222312,0.7321185479296655,18,musical instrument
798,-9.429312388615658,10.194792216334442,0.5073442558096609,0.774335911874436,1,animal
799,-12.49364661951716,8.541246987071581,2.5803616313842097,0.7952204950908993,99,
800,-13.215760193806664,7.734618214708356,4.099980621909569,0.7909693974927429,23,tool
801,-8.612397006863974,8.390543402605438,11.043521132926568,0.7896379766886829,8,drink
802,-9.053793450608836,9.921370992916232,5.375116071502468,0.832388368941829,6,container
803,-11.54789046526508,8.868881549547654,2.4134796037889004,0.802793782317494,26,vehicle
804,-11.851674323494695,13.41359373822348,5.54160295815415,0.8122485104546932,6,container
805,-8.11691540875273,4.4282696749516735,9.67617355657258,0.8591645820304358,10,food
806,-10.459459729581566,6.2280353555030645,8.417822951820952,0.7440899236323081,9,electronic device
807,-11.143935790728875,9.043787995199892,7.319223753882616,0.7862474717348183,13,home decor
808,-8.06702250953624,5.481380050823875,1.0825498915696428,0.6754398028319231,26,vehicle
809,-7.536732715090567,-0.29524386820681076,1.9765172144115748,0.7457278062434247,20,part of car
810,-10.284376829459111,9.021029093202316,2.9097721497477225,0.8534991177521666,24,toy
811,-11.305781903707905,12.06046730840685,1.2072175150247113,0.7679296448546308,1,animal
812,-7.454484646197846,3.6762298350471463,9.632288096110228,0.7941612038946481,10,food
813,-7.265989925251883,2.7262087379916573,-0.4193011837852324,0.7744849194985589,26,vehicle
814,-11.7383980083451,8.168383248750017,3.0189268441080293,0.8167903703550985,99,
815,-4.519253622092268,6.630420089437695,-0.4564738824933596,0.7962871605020997,1,animal
816,-7.124725934032659,11.75530510969749,4.277619752023915,0.7165210631742817,7,dessert
817,-8.738661051406943,6.894513296709455,10.566565348591867,0.8472377161106004,7,dessert
818,-8.930741163981619,9.697542764260074,8.254667147450453,0.8126606066914156,7,dessert
819,-10.297168199281995,13.669802972900946,6.899474334708573,0.8151904590814365,17,medical equipment
820,-10.362559772517239,6.363914571888553,8.844879937226958,0.8630705168814926,7,dessert
821,-11.455154041493476,11.844320579143487,9.142611230196744,0.7154995430768262,9,electronic device
822,-9.570316510091919,6.413920548123987,6.601153882692727,0.789984377888002,16,kitchen tool
823,-8.287582680539163,11.987904046260066,3.113171061866089,0.8043075391507448,22,sports equipment
824,-8.843150504994359,10.027883102087168,3.018963384041416,0.8226143944131751,99,
825,-8.383577620842464,9.652090439183132,-0.2563778806950525,0.7933837005274517,1,animal
826,-12.31744763524054,5.60395188751976,4.955805659642574,0.7265252905851319,99,
827,-13.946948142099032,10.93955937341592,6.311293921836448,0.7604146370259754,9,electronic device
828,-14.100079903219376,16.056318327390787,8.193292688256781,0.8536416344557746,17,medical equipment
829,-8.912277663015917,8.641507898629202,4.6052725238274395,0.7828623731358995,19,office supply
830,-12.588482383727946,5.775691697424116,5.304782391153233,0.6818172469017002,6,container
831,-9.413630406774594,13.819904517319955,3.5874070635237443,0.8049111408515581,5,clothing accessory
832,-9.564531218311382,7.725655666090839,6.462050936487344,0.7826940428164595,9,electronic device
833,-11.092024461093011,7.577953618471551,4.685536089829053,0.8043799426500864,99,
834,-9.11404982225286,5.5749139442606435,-2.346846697421058,0.762256317791027,21,plant
835,-12.935115871131647,4.903740107146815,1.1425349786882342,0.752965779493715,23,tool
836,-6.3970308832067175,8.942990126458245,1.2684485578835067,0.7410177775063997,4,clothing
837,-9.951030191093961,6.380501488898124,1.3291689155297706,0.7702674869209876,9,electronic device
838,-10.069163077890368,4.931028722083752,4.998644855488931,0.796965937357465,10,food
839,-7.30228474222889,5.656316900438135,9.893465773881763,0.8242629504152925,10,food
840,-8.162969971439734,7.1836175754813825,8.348839611994826,0.7675402052999836,6,container
841,-10.564004902727127,6.594774711600352,1.395892341775132,0.8279244782314087,22,sports equipment
842,-6.279707456298641,10.177190764518771,1.2396026861979534,0.8161903973596945,4,clothing
843,-8.234383324017369,3.5621253167035016,0.09475631843061791,0.7537355584082159,26,vehicle
844,-6.746059215393912,2.042575718401108,5.3389211022995315,0.8164957150416814,10,food
845,-10.328957656445107,12.181813206229537,3.099110791477072,0.8050888394393784,1,animal
846,-7.8957301172184655,8.308435868411394,0.9494039446026186,0.8167088060990502,4,clothing
847,-10.430240282935166,6.010043824315092,1.7289024558780293,0.7205138575455321,26,vehicle
848,-9.96036340751351,7.611548469269061,0.8370447466328765,0.7612848761162684,26,vehicle
849,-7.8141851322836215,6.210510080073216,2.5589955688731116,0.7901132299384382,99,
850,-9.814254733265948,7.3661443532023885,2.9490317154386254,0.7387823524589504,99,
851,-12.022504157571767,6.166868642912742,0.8566971479215558,0.8444734104760697,99,
852,-11.442105042454846,6.204712418569783,4.34295348348859,0.8002677895489192,9,electronic device
853,-13.724991376899059,10.971563881872257,7.0870327192057285,0.714413403842907,6,container
854,-8.759069845392503,6.714346437507035,8.776332889478669,0.7826586248081515,8,drink
855,-10.059399470210058,7.786568798212443,8.794266432398544,0.8593323895474088,16,kitchen tool
856,-10.060350312247747,6.215966496859013,9.8978648432407,0.7008760387891356,9,electronic device
857,-13.63327044935971,5.848989825859971,3.646969954580013,0.7810085630442104,9,electronic device
858,-13.501098299004406,8.04510769848439,4.489221300066088,0.7454790655276627,22,sports equipment
859,-7.7038548384430126,10.63411496785499,0.5441803528504708,0.8320317416311089,4,clothing
860,-9.214070120373933,5.764761381938065,2.614060388973092,0.7816653954358824,10,food
861,-10.24446219245103,5.195506520820906,3.6773329508966137,0.7743403871133595,24,toy
862,-6.591313172030322,9.751676459116327,0.11004481540935138,0.8125395345483712,1,animal
863,-11.227641137543284,8.163292593221202,0.09321089232520981,0.7822064920748844,26,vehicle
864,-13.90880892894891,10.583448226712644,5.923368967520215,0.8044071772603629,18,musical instrument
865,-9.7335346492946,4.545156377196202,9.069487578282432,0.7780538059501475,10,food
866,-9.035938314046826,2.408663016046734,4.76150530579951,0.7800773366081454,6,container
867,-8.541057450863182,6.553602110294994,9.294951976644642,0.8127896205316852,10,food
868,-7.700794691009292,5.544206056242145,9.007403338068896,0.7673225825664852,6,container
869,-9.939516856898317,2.360408138016283,4.123666286596126,0.7528491226259134,99,
870,-10.923963937472093,3.9234009362709275,3.8282398654739316,0.8036200008921448,18,musical instrument
871,-14.905177048137633,7.947734647751962,4.904000916557597,0.753546737223344,99,
872,-9.498247293562631,11.07240312549174,1.8974194647855485,0.8640272833950627,4,clothing
873,-6.41890170630015,10.0327704209976,1.1240746883581378,0.8046676365996008,4,clothing
874,-11.795510182757656,9.622549481242215,1.2855989885332775,0.820577641571686,24,toy
875,-7.161310512912272,10.664750445826833,0.9185285447096545,0.8423860734817686,1,animal
876,-10.277146400073498,6.89591248002775,6.743740470359985,0.8073218330166715,10,food
877,-7.133973846140101,13.173191172326323,1.9147476336350893,0.8727571819515186,3,body part
878,-11.079923540915347,12.261715479421753,1.5043386115372082,0.8566659598691853,22,sports equipment
879,-9.885204439083587,2.580879787676037,6.993562216036341,0.8023917148820873,16,kitchen tool
880,-6.7976680404193175,5.998472736957699,1.528800774673148,0.7767517028896781,99,
881,-12.491582860690418,2.9249219615751345,4.609028978621839,0.7747644086058721,99,
882,-11.062284681850818,8.321198906672235,4.353715574739906,0.7713710813398846,99,
883,-13.196146169408708,10.215444199687443,3.4616625164501715,0.7919102070016705,99,
884,-5.561461000403308,8.28589682736585,-1.1070406260631593,0.8072622848943806,1,animal
885,-6.876885919711202,8.768588717231383,3.9286082429473788,0.8050503888544609,4,clothing
886,-12.9807426804758,6.246370224329245,2.813788997858289,0.75815256559159,23,tool
887,-10.112546046532774,4.160512952436879,8.043577464392387,0.7753377240713076,16,kitchen tool
888,-10.130917613456855,11.352720198587292,0.45601265330881724,0.7984412170225597,1,animal
889,-9.178416653046087,12.2209072744353,1.423105442623256,0.8119793478967902,1,animal
890,-7.193828295373981,4.512434569767931,9.174316226886543,0.8033331643087741,10,food
891,-13.39879775105716,8.98002328553989,5.684049775874553,0.7351849213950529,9,electronic device
892,-13.764281037294086,6.99327170011818,0.9295709939395908,0.6716846502639876,99,
893,-10.641038682107244,8.62969350280325,5.114125908254816,0.7265416431114106,13,home decor
894,-10.876689190293524,4.352927925525216,2.038151119360449,0.7428476516840775,27,weapon
895,-12.986306536087488,8.868019336425245,5.470012910966872,0.7130253184493649,99,
896,-11.004750453463249,7.836350814421258,3.7291681933088316,0.8167227851093342,5,clothing accessory
897,-8.341185869256783,3.2230068962219396,3.521584875992958,0.7901874643485834,9,electronic device
898,-7.542092281815393,4.170366232394951,9.48749409206525,0.7804802604802605,10,food
899,-11.205435429696442,5.857222100646572,5.4220650532650305,0.8286877079560008,99,
900,-12.319818713414389,5.428181908680954,3.618601214492748,0.75173707228005,99,
901,-9.51517135565207,7.470829391489871,10.191465113317486,0.8617754653921423,8,drink
902,-9.99880623572467,10.376803783801057,4.400108848193157,0.7939450282481003,99,
903,-8.003332237002708,8.730921371127685,1.7050588087069196,0.7930013779901457,99,
904,-7.598749743975086,4.448961143519964,-2.3193356905542157,0.7865708309305871,21,plant
905,-13.27488273971175,9.452695627193393,-0.06487838108874554,0.7546162144600532,99,
906,-12.48900063648977,9.180946526086155,-1.2439291482201706,0.7732232979751414,99,
907,-11.688753338940643,8.845644347627152,3.8250983169427597,0.7710782411009299,99,
908,-13.690054406188722,6.243389282280293,3.0590769947063596,0.7513346961838621,12,furniture
909,-11.686777521362153,12.651340686106769,3.289380752403854,0.8152934518395492,1,animal
910,-10.307462475032201,5.15052528791879,4.637076769878123,0.826016779590234,10,food
911,-8.488183099205397,13.623160982778641,2.1960878799919827,0.8554621683905651,3,body part
912,-7.031793742754378,11.507778583986676,1.7455634075764324,0.893170716990201,4,clothing
913,-8.942198510597837,2.478082775862255,1.4821151730248818,0.8641975254144312,24,toy
914,-8.998074723310964,5.6787964503216815,6.119748855828953,0.7653446800568185,10,food
915,-7.402820611138631,5.816556393579054,8.47440853363238,0.7930503537042464,8,drink
916,-10.136403365971434,8.139888147019985,6.578744852219714,0.747248966138531,99,
917,-6.336012387449255,8.540081703360688,-0.39686994809773785,0.8247440020892179,1,animal
918,-7.320309252451302,10.510995297182042,1.0981519909730784,0.8696742758903321,4,clothing
919,-11.584660913183113,4.469856689636297,5.822463470199479,0.7666840157774047,23,tool
920,-9.439199948368344,5.69304531152372,3.8211646132862094,0.8165022426366727,10,food
921,-10.72103920359006,3.69815103856903,2.1833488960272165,0.8014329992301902,20,part of car
922,-10.25323770194231,5.845941388730478,7.243647318690468,0.7989401590369875,10,food
923,-10.26294865709324,7.263096891346125,8.55060835893095,0.7833918817185977,99,
924,-12.048237422791631,7.029618396964036,1.7707323124939987,0.762020842140144,4,clothing
925,-12.838271382077048,8.046796523384245,3.4017332120287573,0.7325105155533713,99,
926,-10.324237666555629,6.93565591658077,5.337117733157137,0.8154707803881391,99,
927,-12.103950379816956,10.16414872754817,7.132096537754172,0.7198429754527316,99,
928,-11.81132902360153,11.733025296430313,7.577746695042475,0.8084400152692837,23,tool
929,-11.944378380108692,15.203029121772904,2.606494103896297,0.7431581122129903,1,animal
930,-9.19453739019765,4.5405567200657275,6.154725484646748,0.7928540858075594,10,food
931,-6.405224745771028,3.2430562888359407,0.5303225105971953,0.831296749824827,26,vehicle
932,-5.06958924092692,11.526600623912966,1.8064203062884956,0.8553577831117612,4,clothing
933,-4.983266544663867,7.329653208130019,-0.35530924183185236,0.8273298161004226,1,animal
934,-11.159788571175406,9.648038856756495,6.4844774459371255,0.8388465345942882,99,
935,-9.547757523617591,9.55107806423458,4.756057403507529,0.7904607886598812,99,
936,-10.402144814188532,11.650079939082628,5.214841912046543,0.8329408260204302,99,
937,-8.552106902435487,11.314469424422303,-0.05461227077032355,0.781574421513446,1,animal
938,-7.93793105303945,10.165414036994454,-0.5870442115829925,0.7770983637709936,1,animal
939,-9.610510430080929,10.460569672690713,6.604716185921926,0.8209571084293074,1,animal
940,-10.87552270197795,4.996198989515117,3.6895746638684352,0.7652541780140893,99,
941,-11.942341335776817,5.614718960219902,2.044137367930843,0.8090967638533731,6,container
942,-12.766104095919543,9.279720888299668,3.1440687410756794,0.7779370512105909,99,
943,-11.70172791812792,8.64790689542098,1.7037350617345903,0.747629576777523,99,
944,-6.380014365525743,11.642953877403823,1.4060769229302772,0.9011730683024007,4,clothing
945,-11.184570712665613,9.813404924979116,6.972318258541749,0.8096221415031682,10,food
946,-12.154304503632478,4.566198283073589,3.049604730514336,0.7439397176962762,99,
947,-9.94315042611902,7.290917793517721,2.145283859405384,0.7998311261569446,12,furniture
948,-10.484378074537643,7.697768608716549,1.8173344286081372,0.7967367503785431,6,container
949,-11.60400103285936,1.6407301589772076,1.3143794102441226,0.7840581852536282,99,
950,-13.894682884803931,10.200003669847218,5.168171970050099,0.7755076870575159,6,container
951,-7.071841049771869,4.087174501367519,6.3622444135338325,0.7817945607271173,10,food
952,-7.7922375016713605,2.135015100158732,7.323515013657273,0.8682468209297478,10,food
953,-11.344579128053342,6.049613794760737,0.6570592670195453,0.8008751057035233,27,weapon
954,-9.566014544392402,6.006371806350067,0.7485057705531105,0.801437328787482,27,weapon
955,-8.04015998142476,7.07150351559306,3.1158276495208264,0.8648679252270619,1,animal
956,-12.026359091034653,7.4261472772318795,4.048627371216439,0.842098549100109,23,tool
957,-10.700147648412228,6.185709880133643,5.106979727965303,0.702941824435727,23,tool
958,-11.28958126207067,5.1766633726083064,5.122629526022812,0.7550673933659725,23,tool
959,-10.985635325187841,4.756380328059545,3.299079185060969,0.7628354200000542,99,
960,-15.292743821593076,7.47505640715637,2.225578315319141,0.7916580207937272,6,container
961,-9.881728021207593,8.468935768171086,3.9043145486808206,0.7671543128459046,99,
962,-13.049461043218372,4.065611394667795,3.7886106435411326,0.7915065351582522,23,tool
963,-6.109579882275823,9.688159511509484,0.5669653210680095,0.860795011709646,99,
964,-5.58370785252494,9.651598556728654,0.6699414918205725,0.8185877941413886,1,animal
965,-12.437925289744303,3.9703314728090984,3.291861669833445,0.7562815947891478,18,musical instrument
966,-10.118328552813798,7.335637795504243,5.187140542898083,0.7628390163033094,10,food
967,-7.106439788088659,2.000300924988747,2.024284600099745,0.7828048721710468,99,
968,-10.038434242309357,11.96610598667701,3.172136465248817,0.8416285806827757,99,
969,-10.564511531183824,7.089267609160669,3.59113044945423,0.7115078665489898,99,
970,-13.74065325281118,10.87143611047907,1.8004748713546679,0.7407831647864872,99,
971,-10.010005156313058,7.9193955778192,9.311445400583438,0.7842111434778315,10,food
972,-9.9988076206826,6.660986830560861,2.622513612399006,0.7848414168091475,24,toy
973,-8.697092640062465,7.851829963371058,9.772411582913474,0.7934387497583237,8,drink
974,-10.763103251562669,8.475640224705426,1.1035562488284165,0.7961078344920823,21,plant
975,-10.493689852723334,4.932516419567659,4.231359823653518,0.8557308994952665,23,tool
976,-9.97977283037637,10.847726628367832,9.580357900052562,0.7967666625458741,10,food
977,-8.721367883394386,9.40601146032169,8.407944926404689,0.8200895705431702,10,food
978,-11.3442332859885,13.780107216653425,4.480077487790905,0.8229557425275379,99,
979,-7.072158972844868,4.729797985429273,9.610358913946607,0.8034477463593318,10,food
980,-9.641150200127065,11.25425174932426,1.885085200479371,0.8223018380848933,99,
981,-13.115324615901429,6.983085045251901,2.375645534492107,0.7137632278234955,99,
982,-8.36061442357525,3.6978231040783607,1.7526287687077666,0.7695886337112737,99,
983,-13.79935487859915,10.134174790269793,6.7307050784448625,0.8288955901081902,23,tool
984,-13.199811518962262,8.085007389563573,6.968946125121368,0.8151151638743811,6,container
985,-8.986013013401385,8.77508551503992,3.0711034105504034,0.7971430641612194,12,furniture
986,-8.350904303618547,7.369435597172415,9.98715578449936,0.7825384001457607,6,container
987,-7.215757770032419,6.586616004158905,8.16709992221643,0.7986619293941305,10,food
988,-10.753988265434316,7.573387675901472,8.78106657787028,0.791839538830874,99,
989,-8.076956864261852,4.45709071257339,8.337829871472643,0.8181336999685939,10,food
990,-8.11994350978584,4.377288542548451,8.546789673009625,0.8112023005048874,10,food
991,-11.540129453467422,4.579677220246904,3.0628447271241424,0.7656136278523039,99,
992,-6.326154397392633,9.587080229280813,-0.2827956875423179,0.8303868541846225,1,animal
993,-12.91769098187619,7.282547071984302,3.0085992621227557,0.7812754211983995,99,
994,-10.319521068992787,7.175141249158595,5.270470367634097,0.7568612540995143,10,food
995,-9.653282128565664,4.32448529817643,4.5684293697511285,0.8293585774530897,99,
996,-10.013631937720298,4.904512487242012,2.128529035666111,0.8280118464864487,9,electronic device
997,-13.851774982486123,4.3342006009278276,4.573564160146712,0.733162725329705,99,
998,-13.895517281168647,7.826216583109961,4.962207404914049,0.7530886543980255,9,electronic device
999,-12.916738976751798,8.141138798341176,5.504470963140789,0.8026879044300648,99,
1000,-9.570060781712014,5.816168604398209,7.89846183048515,0.7736059136867418,9,electronic device
1001,-6.91433893266517,9.809312321890399,9.755073750612267,0.7434205662245275,8,drink
1002,-8.709448217356275,8.65785703441574,10.350047389162523,0.7930380134580276,7,dessert
1003,-7.633142687825175,3.677335703209566,0.5276475259545468,0.7291710334967548,26,vehicle
1004,-9.267035979973887,5.412959647543698,1.5631504153711915,0.7605786951682553,10,food
1005,-12.55300645459872,8.32522667000197,4.605278613966412,0.7505048959608325,13,home decor
1006,-10.637014811538611,5.849522800178361,3.51792277799611,0.7809239397550204,27,weapon
1007,-11.458328066464023,7.865681831578668,1.6318736620280714,0.7108601350433368,99,
1008,-8.839629518531591,12.391851599310986,2.862966819509462,0.8145273087346259,4,clothing
1009,-10.389918704076113,5.893833191516888,9.584775967095243,0.8092256504709487,9,electronic device
1010,-10.63330499169323,11.112984139181618,1.1164657311103605,0.7685048871999598,4,clothing
1011,-11.506782705345577,7.517596463160893,5.765807137668077,0.755186078023571,9,electronic device
1012,-12.403614503943725,4.769776718492979,6.99725374084538,0.7911341629168829,6,container
1013,-9.050788903479672,9.870971131316638,4.348824902039031,0.7996396657982024,99,
1014,-5.418205234839789,7.952379027851403,-0.6904609468072488,0.7920199245944837,1,animal
1015,-12.294144453885417,8.03102359896537,3.148908805299121,0.8682627064847862,99,
1016,-5.523778322601272,8.530045808416306,-0.5259437141649673,0.7768909289090202,1,animal
1017,-5.967628227430658,9.590699821025503,-0.06919925691752908,0.8195261841282382,1,animal
1018,-8.21904085829753,10.64216706239121,-0.09364496998582497,0.8144801595138568,1,animal
1019,-11.162144270947277,6.029783649281402,2.2296458382994957,0.8050165061063284,23,tool
1020,-11.238257883374112,14.11564011305579,1.4824677275812739,0.8297823873984269,1,animal
1021,-13.865901578855045,16.404719119024517,3.974696359398839,0.8279697281263438,99,
1022,-9.247716193405273,4.7703997040399235,-3.0315206110880486,0.718366416713657,21,plant
1023,-8.80521744837421,12.515202511023098,0.9742458695566875,0.7492460211101326,1,animal
1024,-7.702613330656515,0.9631404381598345,3.5492960250259142,0.7828310966703957,99,
1025,-8.911052090049836,5.140279830982362,0.9327950900761506,0.7540429218478,26,vehicle
1026,-5.012676889917012,7.65002706231374,0.8691143169914154,0.8100026601744492,1,animal
1027,-10.589344538017215,6.631516226814914,4.938388598771058,0.8111503345266818,9,electronic device
1028,-11.571161376762166,8.876711948235975,4.390856706720411,0.7781958883165708,99,
1029,-15.334068782307817,9.425975846126637,5.384662259369209,0.8233737219833648,99,
1030,-9.779753190060706,7.26057134160954,11.183320295947954,0.7870781579623043,7,dessert
1031,-8.868120838973091,13.621813718610879,4.467299500403856,0.8349041171219277,3,body part
1032,-13.665681531411792,12.383957293473376,5.548323349504248,0.8197861189940439,22,sports equipment
1033,-4.615984189930538,3.019529121408017,-0.7050015239959617,0.7709444609253838,99,
1034,-9.0802496673278,12.434305903111905,1.8658202079112647,0.842297544431691,4,clothing
1035,-9.654923921712392,6.5016287987518195,9.961442043542654,0.7828881439513372,7,dessert
1036,-9.053768156272202,9.218689842950765,10.026555531473145,0.7949379021922299,6,container
1037,-10.298018363658619,7.959211414108772,4.993107634359959,0.8263016280538746,10,food
1038,-8.993918133410252,4.9258381842066905,-0.9501606800659557,0.7551666490690881,99,
1039,-8.498407651585957,12.972304024784115,1.931320991099109,0.8812077193156096,99,
1040,-12.866751278849351,10.269930228017639,4.339999851399797,0.8291089998467355,10,food
1041,-13.870452145292132,6.415355177072337,3.2030439965706528,0.7045220682415805,9,electronic device
1042,-9.036373005477767,8.266162716949138,5.925723532438791,0.828849638502582,1,animal
1043,-10.67516226570787,15.10678836500425,3.764767843010017,0.9100840481856233,3,body part
1044,-8.341923942117784,4.028474665040599,7.884703914891098,0.7919231151097065,10,food
1045,-5.481577035762325,2.0926963855423018,8.214200646573758,0.7818441531997972,10,food
1046,-10.659334608806784,2.6117861956030093,2.7585586574608847,0.8032491140065642,99,
1047,-8.702888563599016,5.705469506603806,4.413192978054719,0.8398510478692173,23,tool
1048,-10.114958830014013,6.405295565809366,5.441309051210557,0.828927276877392,23,tool
1049,-9.32888326895572,9.362623481234316,5.144299947320741,0.8483479049222676,99,
1050,-7.653095627852028,7.447598204075866,7.165683766014874,0.7548974387253247,99,
1051,-12.950233959378323,8.261372110898073,6.320059931642353,0.7697599937124653,99,
1052,-6.738550049388374,13.332807331658907,3.4162859225536333,0.8735675559236252,3,body part
1053,-8.448764060000807,13.749083044816084,2.649078962577531,0.8761149022038057,3,body part
1054,-10.351838327541317,9.710892191028824,3.0933057083565405,0.7319436220173601,99,
1055,-8.879382845026669,3.107906061016316,4.419384460514039,0.775964512868191,23,tool
1056,-11.839992842444794,8.708288211772519,1.362266302878269,0.8347180827033788,99,
1057,-7.680718728419935,5.061813351653981,1.4748112089206604,0.7599754672925406,99,
1058,-5.725573643264378,9.653783496025188,2.8526470164806135,0.8313305543408239,4,clothing
1059,-11.578973351311241,5.8389691873371445,2.46417834279551,0.7808060952903348,6,container
1060,-10.808538936016342,7.4275540995348015,5.334346609911305,0.8008894577319509,24,toy
1061,-7.192349008692611,3.888695341160951,9.123663373468014,0.8339457903357202,10,food
1062,-12.833624673735242,10.995449040839311,3.844861226211885,0.8208109979451443,99,
1063,-9.55478541699653,16.078460156275753,5.113663677002933,0.8532418757123152,3,body part
1064,-9.977414215383641,4.998303918187046,4.423227759516923,0.7368384051999808,19,office supply
1065,-9.824827657998114,6.581991025140024,4.170329493279001,0.7626552093050959,19,office supply
1066,-7.816874340993862,2.4638630492914713,6.10901661205104,0.7788538110751668,10,food
1067,-9.315977663905555,2.6522106339394007,5.610423116870357,0.8220176220176221,16,kitchen tool
1068,-11.918587059196627,4.632850442478812,1.7790035397415993,0.781360277549948,22,sports equipment
1069,-5.635786190823296,2.9202967256830785,8.109828585785024,0.7509391810318481,10,food
1070,-9.108473692916473,12.849883334159967,2.726613208743575,0.8193536931468687,1,animal
1071,-9.965242715386122,4.064932035995689,3.5202724189224326,0.7291432039154784,20,part of car
1072,-10.232435493112995,9.12080387843291,9.71467201579374,0.7823526910114998,99,
1073,-11.888975403756499,9.168284174425573,4.5535350629108216,0.6719191208520477,6,container
1074,-8.875154635753757,3.3961403278767763,4.659322829067571,0.7591551267161024,10,food
1075,-8.394963864105396,3.665757408336562,5.899271795778683,0.8145459274075271,10,food
1076,-6.671316597898326,3.6096669644388104,9.872073200222848,0.8071705227394544,10,food
1077,-10.053458718980151,4.8111157950483925,5.711879891871895,0.7959273232829075,10,food
1078,-9.708376010967262,5.649411429431186,5.1327755792032255,0.8123692038111469,10,food
1079,-12.365337848645463,9.428994923837253,5.671503688750586,0.8044173049488359,99,
1080,-5.792485796130359,9.616616367359413,0.061704328952882935,0.8372790585708908,1,animal
1081,-10.12095563571252,10.149705968514674,0.8703046840204106,0.6593486463304482,21,plant
1082,-13.04769998268045,4.166197587174121,3.2164418019736716,0.7368016217610959,18,musical instrument
1083,-10.436562330329945,8.444924044386308,3.0672598379589227,0.8130722734437905,99,
1084,-9.217871365881981,11.158835213390365,0.21746728049185254,0.7913472421261808,1,animal
1085,-6.394182275245168,8.665597972934576,-0.5593890775805124,0.8379294660860388,1,animal
1086,-8.783918584722217,7.18808577238116,2.2270847038512027,0.774644110106241,12,furniture
1087,-5.412739366417851,10.333467253464642,2.095759755167768,0.7466878480597994,4,clothing
1088,-10.456306259699186,5.910340897072723,4.8222011024234055,0.8247239501848124,99,
1089,-9.172763444708156,4.265748695829689,8.090641788657937,0.7358932744619524,15,kitchen appliance
1090,-8.05065520244024,11.026981747759564,0.624024024730727,0.8169146194717515,4,clothing
1091,-8.850196217482136,12.17513529664737,0.6000844436673601,0.8252828097179831,1,animal
1092,-8.722970858660332,7.565839036632995,7.078626748146505,0.7765371356540256,1,animal
1093,-13.3202833538042,15.391762443965886,6.435311468952063,0.8237424255075091,99,
1094,-11.218054678094468,4.500083330212025,1.4424817536393748,0.78854988079956,22,sports equipment
1095,-10.305225675018862,3.8857508167964703,2.1068395460746445,0.7907130611032134,99,
1096,-9.976791744740941,5.164165579674444,4.684294063187962,0.8054977985930472,99,
1097,-11.702894641514101,4.067898256236379,4.044323698541743,0.806776444899836,23,tool
1098,-13.117149748533107,7.965451764676139,0.5127798108050249,0.744775285749291,99,
1099,-5.541980601235157,10.983728393732271,2.6451513260463773,0.8178504165847464,4,clothing
1100,-11.468815375842308,6.166882688923359,3.8554649481123184,0.7808822399964891,99,
1101,-10.704472295428365,2.5108057950534755,0.6709257723137001,0.8059252806813784,99,
1102,-11.579755749759435,8.196624053428048,-1.8402550814395309,0.718945794814343,21,plant
1103,-8.469629503590019,3.86242486049308,9.037005185153994,0.8016121567087502,6,container
1104,-7.909192818106788,3.89918267150653,10.104412919330448,0.8411493385046988,10,food
1105,-7.001457050188874,9.903279287607111,-0.06698488482817554,0.8169805125879551,1,animal
1106,-5.323842912145833,8.73808513481204,-0.5122577159422158,0.8605984621395917,1,animal
1107,-5.541423136155404,12.114713932747476,1.6804876741718884,0.8938838529178709,4,clothing
1108,-5.916336007013011,9.781158631675307,2.3953209839838387,0.8077469903454895,4,clothing
1109,-6.234734264244893,9.022599802402743,2.3490088950010346,0.8024771201199314,4,clothing
1110,-7.062400176823396,13.27102806682706,2.761607638316741,0.847468342526109,4,clothing
1111,-9.448843001073344,5.042594966969851,4.149007403239119,0.7894457845677358,10,food
1112,-10.993325341768719,4.288948793732363,3.2985926206489147,0.7307764603817236,19,office supply
1113,-8.056295012961414,6.128953404763103,4.092811225307252,0.760232786453365,6,container
1114,-8.684232293506373,6.241802524191025,9.46964892889803,0.7657988257357231,99,
1115,-10.98009358542504,11.381268148660359,8.893185903496201,0.7798382985069213,99,
1116,-10.878978248001802,4.620847986937837,5.228026180066806,0.8371024255689014,19,office supply
1117,-9.437411198472098,9.323066664208955,5.431305531636197,0.73713541807345,19,office supply
1118,-12.701564767158418,10.188762796935732,1.4345863190332646,0.7794772626953925,99,
1119,-7.447383999712466,5.632152307168936,10.05314930254865,0.8297678608654219,7,dessert
1120,-13.69094243260212,6.009970904498048,3.968944694672857,0.7621634392266837,99,
1121,-7.429291483454576,9.505841053865216,0.666807372487586,0.7914725797003902,1,animal
1122,-10.137284629047413,6.01027346278761,3.3931958349113778,0.7798157159567254,10,food
1123,-8.082464782815428,4.299823564673806,9.696916859882935,0.8362706273369916,10,food
1124,-7.8458734374714565,4.268417982503519,9.678184190173152,0.7719544263708381,7,dessert
1125,-9.72389767778759,2.7303368584140526,2.0748812586782432,0.8209170765355436,5,clothing accessory
1126,-8.657111103348008,3.5477363128638437,8.956462081274429,0.844998750555735,10,food
1127,-13.78529693742269,6.326552082159223,3.33827808487124,0.7534269289647736,99,
1128,-10.135580204088912,5.0659853830486705,5.07491094871109,0.8087395185483395,10,food
1129,-10.258800548908795,7.473935808618469,3.545384798856353,0.8216193583695579,10,food
1130,-9.194080887679622,9.65834503175674,0.0641795661836663,0.8075595005264082,1,animal
1131,-10.03676327249356,6.335192433627959,6.292036916068498,0.8247722392375006,10,food
1132,-10.173148782546454,7.139632996444545,9.829408435825638,0.828893311356035,10,food
1133,-10.369677273404177,7.3012315404669295,4.602418431599006,0.769681799474766,10,food
1134,-10.000905715334522,11.263965208596826,4.2188321533439925,0.794519248402432,99,
1135,-8.404538797983987,3.474012012788071,6.101837504397255,0.7730348364530157,10,food
1136,-9.622023199180962,3.3461489850503803,2.776625780678465,0.7107637488940293,20,part of car
1137,-10.753587208671133,5.736670491719981,4.712053458577908,0.7489723860150691,99,
1138,-10.307932451081538,2.5755427694092177,6.690409205960871,0.7998688085624688,16,kitchen tool
1139,-11.830531961770387,2.494345875615279,3.241905594632661,0.8086712061673573,99,
1140,-8.210542061317796,11.6533161805108,1.5580549404254143,0.7370041769888716,1,animal
1141,-11.616450109640011,5.4337863269166204,5.07915560250675,0.7257566112749041,19,office supply
1142,-11.996826127468157,3.9620034822946044,4.87182453612471,0.8093545626869507,19,office supply
1143,-10.41832977352778,4.853623200619511,4.900723759616997,0.8016444429554186,19,office supply
1144,-14.962456850478098,6.1108681075113624,5.60432245507658,0.7977103327143861,99,
1145,-6.777394401398174,12.811567905017576,1.1432320372820577,0.7873366087984189,1,animal
1146,-10.541830948819054,7.5850725666941825,4.472162816536693,0.6723666537369143,19,office supply
1147,-11.839065940390322,8.138928332807769,5.521152306495185,0.7791740285544553,17,medical equipment
1148,-11.838323324788046,9.074167236256525,2.699077784928673,0.7602974981626428,99,
1149,-13.807766429387733,9.12094682150469,8.81628332453559,0.7737146245682832,16,kitchen tool
1150,-7.516759534065913,4.7874165295667135,4.758901535983755,0.8256912356398878,10,food
1151,-9.638107811173677,5.7647419723050755,5.217996177813878,0.8047571674611836,10,food
1152,-8.670772727887636,5.129324116854937,7.0892165050187606,0.8630245014230894,10,food
1153,-8.215739457110711,4.7958825332927475,8.68790900390905,0.8292318115488849,10,food
1154,-10.776896966052425,11.153535168106322,6.250119851559314,0.7344095299770436,99,
1155,-12.883996134297831,10.155593314706781,3.455213855829744,0.7817490740036044,99,
1156,-9.937409734023053,5.980138171803302,6.291999494540208,0.8308068747357429,10,food
1157,-9.682354794171056,6.029778798444228,8.544568737582226,0.8134062753570587,99,
1158,-10.44170618905433,11.018677029915736,1.7979500777782236,0.7951316298877275,99,
1159,-11.087079159556025,7.969345294612216,7.8723362974458615,0.7910801905049957,6,container
1160,-9.883210363472484,11.87206498276437,1.6418547589885921,0.7423778037713615,1,animal
1161,-12.220746968664162,7.3100852597688055,5.81326555089103,0.7763412174540841,99,
1162,-14.46740161645315,8.575047459613977,2.0589303510486574,0.8120393042063,99,
1163,-12.599487012888657,10.053224645118297,2.1437537104569753,0.7738051009039457,99,
1164,-11.893556074149071,10.125641179019167,0.8693720900989623,0.7661410405312844,99,
1165,-11.432936016860056,4.846063463198379,2.535724692606129,0.7583633429318234,18,musical instrument
1166,-9.43440848130966,2.6381142198456926,0.4104495346075164,0.8066998361347483,23,tool
1167,-10.932559605441424,6.993285221119066,7.625589721988136,0.825537649101,10,food
1168,-8.585398715985505,4.840446451108474,9.305778449745278,0.8270549837717284,7,dessert
1169,-9.33062645652734,5.550674797863,10.035615479458137,0.8329005990841379,10,food
1170,-8.195918723569491,10.85036935176414,2.5629571907141067,0.8539656497676993,1,animal
1171,-9.591733587049687,11.567796614596915,0.43096769486800857,0.7627127739611694,1,animal
1172,-12.560148863503944,13.588079873064586,3.622418641294031,0.8148931777528018,6,container
1173,-8.961584700978209,11.562196001518663,2.724305187685962,0.8320831099794516,1,animal
1174,-10.629866526871394,10.390682978652233,7.937651146996895,0.8157640476769803,99,
1175,-11.947509092870105,10.505839511554589,7.883897752919302,0.8267429047916856,6,container
1176,-9.252461908453942,8.461979818958094,3.2349816632567925,0.7237279880413824,13,home decor
1177,-9.902093737382822,5.613447455254875,4.282773878822989,0.849513384916775,23,tool
1178,-9.144422779633437,4.147296578820017,2.6463965980498223,0.8054118250885406,9,electronic device
1179,-11.009983042411044,7.746317747261127,4.2048974830906864,0.7977901552092899,99,
1180,-11.039427492982961,5.7427331220286915,-0.7309694729562646,0.7472184348928537,99,
1181,-11.288177830772101,7.518801377408154,-2.3388488929079103,0.7260133391616809,21,plant
1182,-10.710796687209829,7.421436971836328,3.5318280492467737,0.7953147364331575,10,food
1183,-11.7286160326162,6.501440379527206,-0.37612626812325023,0.7624152205254618,13,home decor
1184,-11.35470420653276,5.467972769442737,2.7054892386919147,0.7660719632454185,22,sports equipment
1185,-12.427525774180182,8.085174906082653,0.6295262926177373,0.7830486773602949,13,home decor
1186,-13.163456123783975,14.161129080441201,7.5791097119533495,0.8295554619596432,99,
1187,-11.372325872742644,6.327239321011079,4.5740454473658545,0.7867486802801906,99,
1188,-8.927927900229317,4.106038868970136,5.369108328784291,0.8165357597401885,10,food
1189,-6.813341368961877,2.099468473781745,9.191375994227508,0.8039254640666709,10,food
1190,-8.674784265768112,8.346711901096285,7.752553548556361,0.7581539135518599,6,container
1191,-13.858298105061017,6.311490094554584,2.1486172500669345,0.7894980904280712,23,tool
1192,-5.846271008275207,1.7115348372272547,9.175404461498108,0.8399780009059945,10,food
1193,-9.875987464693841,7.273480673488663,4.644363320315111,0.7602955554245968,13,home decor
1194,-9.112917803667209,6.073798245143702,-0.06287544764891088,0.7044869694379353,21,plant
1195,-10.96433799688911,17.02344465742634,4.10261277621997,0.8465381045500162,17,medical equipment
1196,-9.228518235911448,10.49183621090236,8.353047273630052,0.7848045528840135,99,
1197,-9.403390933349394,5.952472438040598,9.50363430213611,0.7568846709065925,99,
1198,-9.50060824197647,12.157912750799417,1.497977102785232,0.8121584644501163,1,animal
1199,-10.70285318355458,6.153453835574793,2.684626278355627,0.8538887396217905,99,
1200,-11.450507357812517,9.976059673079083,1.9625973113660227,0.8023429739245441,99,
1201,-10.442399492913825,3.9148514279452673,3.1808871199760187,0.8332091059272599,23,tool
1202,-10.241169739429616,4.720838798722159,5.275682438778434,0.7963240186430668,99,
1203,-8.643334267332367,6.225646465527231,5.31759361000759,0.808905442914344,10,food
1204,-12.7409168780683,10.794688134733706,5.824687277555176,0.801122867206914,23,tool
1205,-6.0679694210108535,7.684211616952857,1.8724696871642115,0.8081932034856457,6,container
1206,-12.67756231180075,6.112222465023213,4.34872123630846,0.7848184817050033,99,
1207,-11.67275945237141,3.3367322174393204,4.411532579876286,0.8090530047021888,23,tool
1208,-11.119638414515208,3.8817340190273146,1.9314885300464486,0.771753957743748,24,toy
1209,-9.202188813811672,7.339757899357792,-1.2597222110527893,0.7151463724806647,21,plant
1210,-11.955052225649197,4.973817618260275,4.56185647421455,0.717137118091868,23,tool
1211,-4.95122855737391,11.255034395924413,1.748431581007472,0.8128356485144034,1,animal
1212,-11.943513033797696,6.476082785903208,4.17761759842111,0.716518737672584,99,
1213,-12.09422600623996,4.65521536927762,0.49801250470375713,0.7360733717258184,99,
1214,-7.725012840567089,3.4711781712475407,0.6408599761723913,0.8351519819736377,26,vehicle
1215,-11.826967409830926,8.514826566430287,3.35424339797576,0.7593751970402439,23,tool
1216,-7.599419100308118,8.903868130304462,0.9905366856788006,0.8360027065642495,4,clothing
1217,-8.244576747339426,2.480702800071684,3.813769188079708,0.7622818116892213,9,electronic device
1218,-6.751462796093426,5.910106220756491,-0.282022382287969,0.7899021089569871,99,
1219,-9.145846384369094,6.07762701882746,6.3533645364290265,0.8366151238102458,10,food
1220,-9.231367843604948,11.382468756193846,0.9043705008669944,0.8062470467996452,1,animal
1221,-7.420643465911097,12.262192323853032,0.9573464235587064,0.8251091201267711,1,animal
1222,-13.197173639398095,6.204598494024282,2.8809649206994905,0.7872129902617709,22,sports equipment
1223,-8.055255853038167,4.329077054562358,7.977663512675241,0.795885346140593,10,food
1224,-11.164425536916266,9.170350127548165,-0.3573767616911188,0.6858006289849441,10,food
1225,-9.718112113962418,7.677912531377094,9.112232133070222,0.8476455985725472,7,dessert
1226,-7.989299191930013,9.558934715820978,0.693423933112344,0.7947790184070672,1,animal
1227,-11.299737464155125,6.18468347813286,4.213429921110368,0.7721203571360647,99,
1228,-7.594425387699248,10.69232545893693,-0.001315355260246159,0.8297486708725029,1,animal
1229,-11.873844044661395,5.368464313436377,2.8583939352295644,0.7201744430268628,13,home decor
1230,-9.235828291785865,6.809527807264955,9.985426128783972,0.6949563137261933,6,container
1231,-9.896520847641838,4.976200503739363,6.059614130940065,0.855930325834507,10,food
1232,-7.70678501055926,6.800395558455124,3.907147287534459,0.7928198644088981,99,
1233,-5.351746471448381,0.7907357023228679,-0.7501795782771926,0.8219680774123284,99,
1234,-6.516148086406358,2.856410650860869,9.184475634279526,0.779908099693805,10,food
1235,-9.977450492053011,6.549379828684038,0.8487005514926029,0.721732920481316,13,home decor
1236,-10.313831988701804,7.9225523363068575,5.521388489635714,0.7924112760614193,99,
1237,-12.899304235351066,7.020761832238605,2.5887289382433694,0.7251555347993089,99,
1238,-11.581496324826391,11.891187674701,0.7991035663698002,0.8113850380125827,1,animal
1239,-9.62025189924947,6.671774699396437,9.710399136541323,0.8369752314108985,10,food
1240,-10.071224422367681,6.511170985940977,5.29589532211632,0.7265480142121794,9,electronic device
1241,-11.328042702104584,7.159066061846182,3.554034941084786,0.7546082064456846,99,
1242,-11.649979064647622,5.28853767858923,5.16850869482979,0.7645126678922244,9,electronic device
1243,-12.611205246639301,6.516535943849567,3.186065308086324,0.7213695994351726,99,
1244,-9.165619444965346,5.313224986489632,6.730439244623781,0.8040880346740114,10,food
1245,-10.036006682599304,7.14181042805316,3.5067397875993263,0.7772922484939607,22,sports equipment
1246,-9.15475853706881,6.7372752475559565,10.37334716575073,0.788640981436232,7,dessert
1247,-8.922770618355411,9.250090647121537,0.3358094373737872,0.7640636679554877,99,
1248,-8.331912721885676,11.155176604217418,0.6467563405633188,0.802248352152075,1,animal
1249,-6.486637416142849,10.568793487000576,1.6629812769957897,0.8528724013480112,1,animal
1250,-12.453795645833079,3.480115821197373,3.741554009574594,0.6925981688016349,23,tool
1251,-11.708583018685387,4.522931971078338,2.2235296987245254,0.7101076496453695,99,
1252,-13.2517868546455,10.486058152980512,3.6561640533908197,0.7352156639976332,99,
1253,-13.721164093687852,9.41245919841668,3.9963450070856146,0.8029696994211941,10,food
1254,-8.382317995465696,5.79315778114845,8.83373823611242,0.7784589522333628,8,drink
1255,-8.6582208728042,1.2975947500806109,3.72440831067663,0.8066298149555073,19,office supply
1256,-12.269682308326171,9.61994837511895,1.6626801521693588,0.8263322791263726,22,sports equipment
1257,-11.729822976866885,14.087725511970303,1.765576972375963,0.781972620378192,24,toy
1258,-6.839461331168117,10.881265822458538,0.8962587277693147,0.8261954041136825,1,animal
1259,-9.639901815113353,12.219419533855373,3.790319417790402,0.7894967445192093,5,clothing accessory
1260,-8.274691215810856,3.6426424027373576,0.1310798418528736,0.7607480755587304,26,vehicle
1261,-6.535429706415066,3.1755296019554207,9.367490848013352,0.8161111546473484,10,food
1262,-8.023761619815215,3.4563182977575098,9.120250382946228,0.8010871553301119,10,food
1263,-12.920266852103904,8.965235209727052,4.31726212314369,0.7846570773400042,23,tool
1264,-8.348136638630937,5.288041175603647,1.5883319424508964,0.7676316549057737,99,
1265,-6.771659130984483,8.787805109761331,-0.1816446572453729,0.8172249848978456,1,animal
1266,-5.6121436390329,7.744888597762561,-0.7597233114240896,0.8188888306950053,1,animal
1267,-10.534999058983106,10.930274936967221,0.4274227496352247,0.7095712909048807,1,animal
1268,-13.584634146006211,6.732071706240141,3.68415531500426,0.7936324099082074,12,furniture
1269,-11.913450581078065,3.1314679417157696,2.856848617292575,0.7641595852697995,12,furniture
1270,-10.609335036711618,5.143738656473144,2.2938608784275494,0.7731748379194421,22,sports equipment
1271,-11.707485706775739,4.3887449563452385,4.379359983133656,0.7552557617464551,99,
1272,-10.91150382937016,4.6323662448875815,4.847561988437983,0.7904342965318576,99,
1273,-11.838564963262149,2.8308625359233255,4.2027286677679365,0.7403355243149853,9,electronic device
1274,-8.074531901864798,4.9322894294353645,5.127929550693173,0.7975370022930999,10,food
1275,-9.771907029335196,9.86262145284789,0.6214433046577409,0.7939746420079332,26,vehicle
1276,-5.592179467317558,7.505214637867917,1.4463419136633096,0.7445218737901667,99,
1277,-11.072740469538656,5.602209063966154,2.788445494639552,0.7769316945849977,99,
1278,-13.42208390624503,11.780817962666967,5.059571317864304,0.7117785106901672,99,
1279,-8.508790684906451,14.290799639990677,2.445383036125251,0.7645179099580872,4,clothing
1280,-6.981128683301061,3.5185508688142555,5.109706357547819,0.8184348006880624,10,food
1281,-13.441161331435405,6.564735600399542,1.69599516362096,0.7911366846944768,23,tool
1282,-7.790443087120258,9.934389785966472,1.488396181682427,0.8160949920349484,1,animal
1283,-12.526902479493074,8.591240942103086,2.913813189830872,0.8039954335886622,99,
1284,-8.320288887816503,5.278953144219661,5.428401272628314,0.82084238071472,10,food
1285,-6.150272237732373,8.783767836668085,0.7449773228880523,0.803736152059323,1,animal
1286,-10.159817700673958,3.043827563275657,4.075899568891885,0.779475867951587,23,tool
1287,-12.334650175131864,13.40593141623996,2.928135455284056,0.8041919968409655,24,toy
1288,-8.923929226563125,11.250030852585944,0.7379013294019902,0.8522403455245203,1,animal
1289,-6.366670877535933,3.071584824302468,9.525000282157952,0.8255144569744737,10,food
1290,-13.184213600243298,11.730391832028772,6.703108062538321,0.8205272691472949,23,tool
1291,-9.528291806919135,6.020308788967223,3.86298116281766,0.8045783081233444,27,weapon
1292,-9.18773090160589,4.7264036483791365,10.299245150992771,0.8413940364167253,10,food
1293,-12.650968786334289,10.98038355105814,3.598636662043344,0.6884963444414663,20,part of car
1294,-8.59763976879494,8.029690262436665,2.212039388966946,0.7618304791269909,12,furniture
1295,-8.500438465792858,1.8499344404267613,4.379001890405894,0.7720378279187652,99,
1296,-11.596165562306156,3.54562163359912,5.693164182664749,0.7330505849520613,9,electronic device
1297,-13.072071426050613,6.139760741074448,5.048765892537286,0.7597018405001211,18,musical instrument
1298,-10.932793131364923,8.654225116081845,1.7226898808962043,0.798105234009782,99,
1299,-11.798590581969133,1.8196366164539164,4.64330829013532,0.7260128690616497,99,
1300,-9.564249284494329,6.8802062452204,7.36947885364898,0.8193330865426502,9,electronic device
1301,-8.699850058223424,10.833831573964313,1.4783719730896103,0.7325105511194564,1,animal
1302,-11.685655812792653,6.321510774253534,4.984845579301083,0.798864391645433,9,electronic device
1303,-15.470145072545044,16.66479426936374,7.9381761239456665,0.8173635895555024,99,
1304,-9.165797227415208,4.514255867933544,2.678740986829609,0.8568289237390204,27,weapon
1305,-11.740858578490528,7.198844562181344,4.492263398757155,0.77997013969769,99,
1306,-5.9388966615086165,7.771440496216545,0.06535123049538454,0.8554656556180947,1,animal
1307,-11.874247700601751,8.127684306548765,4.018999955111538,0.7880571970660407,10,food
1308,-9.08926734424541,8.493299381297799,2.5102423796461286,0.7900271002710028,99,
1309,-7.114265736730242,4.531903680724768,9.118007978163513,0.8286313620970458,10,food
1310,-12.483289307820737,8.169773748191833,1.9582927663087109,0.7717167461687761,26,vehicle
1311,-9.906390008219567,4.2424043909976366,2.142621111292678,0.8277584363886868,27,weapon
1312,-7.273742612405938,1.0280015849748096,2.649072510643463,0.7357918671333076,20,part of car
1313,-10.008741139782316,5.53908127971739,3.102735085262152,0.7720713959356601,99,
1314,-14.06095702043665,6.449471041178686,2.559114618319841,0.8151506328902813,99,
1315,-11.421846469649788,4.6658275044297035,-0.39004537007297907,0.7681021855765117,99,
1316,-9.109206078526515,3.6051512920648423,0.360534334709898,0.7561816331195221,26,vehicle
1317,-5.11177861540636,11.705140996470144,3.977098758459245,0.8191010592968233,4,clothing
1318,-10.816660701232728,6.2627819543680046,1.2409312384738145,0.8137344781096785,24,toy
1319,-7.898760233236266,3.838309950101767,-1.3889748126823398,0.7544438607711784,99,
1320,-11.237455723293444,9.046737732707058,3.84604589364349,0.7500686046005871,26,vehicle
1321,-10.535048702825783,4.158450307396588,1.7354560357757973,0.7887351423754226,12,furniture
1322,-13.277331718875557,9.296124126172806,1.0847791788640833,0.7703711348209364,24,toy
1323,-8.101468026294071,5.9474568437269335,8.910759200906803,0.8106287655997333,10,food
1324,-12.592411930794677,4.8791157051243665,0.21039338106752742,0.750302413921946,99,
1325,-15.20925576254627,9.835099335533938,3.0445660089037427,0.8005844956724667,99,
1326,-11.293428580944974,9.839397143261992,1.7954790056786973,0.7856556478022582,22,sports equipment
1327,-12.19671931636495,9.566294398648948,1.999588749035733,0.819986711400868,22,sports equipment
1328,-12.06229670633023,4.387788776119966,7.959514406163592,0.7665868176538909,16,kitchen tool
1329,-11.054638858343862,4.492126068633243,2.575988509450332,0.7056277471114994,20,part of car
1330,-9.971460416837605,11.046428230293325,2.845006568741024,0.826774787754449,1,animal
1331,-10.759558431628797,6.600909505279961,-1.446732800486308,0.8057412406997675,99,
1332,-12.209258954938068,7.870885952283915,1.6799377052000957,0.7778407432282222,23,tool
1333,-11.806544433902381,8.44818511992096,3.5231494040550198,0.7862794140932857,99,
1334,-10.331612697097794,10.109701890811904,-0.048978290068424364,0.7510337946681676,21,plant
1335,-11.837497564309254,2.778228425791385,3.885464752150878,0.7843519968138872,99,
1336,-8.903997095749837,3.205111328277301,4.067433250993242,0.7520168764389463,9,electronic device
1337,-11.178985948659422,5.8489134166792764,3.772539017684209,0.7828880656143173,19,office supply
1338,-7.858924864012682,6.861615273287862,2.2533271403590858,0.8050328105121073,99,
1339,-14.874950062177168,8.39859192816266,3.4289077947824143,0.6991942653097154,99,
1340,-9.135844256667928,4.9737063919976485,0.6521597746774287,0.7947967229386889,13,home decor
1341,-13.074121622301806,3.3281560311254483,3.8368769627666914,0.7936604753332315,23,tool
1342,-9.442184338531462,4.44359219001497,1.3225776890046155,0.7251829611283157,99,
1343,-11.752911503596984,10.389604793396073,1.6983519791653854,0.7927116473181448,22,sports equipment
1344,-10.26384980348356,3.0491364830111567,3.5285866896282228,0.8037270629747195,99,
1345,-8.627848606511854,5.379211337358401,6.432730964584693,0.8098432606420529,10,food
1346,-11.357568878262885,9.165539877817004,2.474319513900432,0.6846525223241796,99,
1347,-8.382815836867682,7.077326418369834,1.2113865380619577,0.6855126402623194,26,vehicle
1348,-8.415657557038308,3.680673380539383,6.439170283355909,0.7193780832289725,10,food
1349,-8.672300577866936,4.564537643411651,8.920557054769306,0.8592781790310674,10,food
1350,-11.253289618271374,8.164521007892926,10.587157175234271,0.8148595133471578,6,container
1351,-6.731810703606189,2.99714487235898,-0.9705939251420375,0.7936224575276475,99,
1352,-8.936359202499732,11.959382806031568,2.410745689753704,0.7751206240363478,4,clothing
1353,-8.543095746161946,6.456116452884589,2.1465244090037694,0.7738984158425772,6,container
1354,-11.581510746367892,6.916129357421896,0.41775889291687424,0.8131095548022012,99,
1355,-12.611694140657047,8.899045472256468,1.0702836497040096,0.7810525655569617,99,
1356,-11.26973214609358,6.981838494325524,2.012471172855322,0.7735441451904866,23,tool
1357,-6.979330332487783,3.713179215438268,9.014269340655067,0.7874460384858332,10,food
1358,-12.83337527821608,9.69665688335235,2.0454964111633216,0.8068716683045952,6,container
1359,-9.001723652480317,7.9091383781459825,7.042592382119114,0.7974470456894256,1,animal
1360,-11.343771790559941,7.2380663186956635,3.1535230229203632,0.6988164105542155,99,
1361,-9.996114813748266,2.9943408719011093,3.592341409078206,0.724115518627714,99,
1362,-7.490947667745582,5.308591699325623,10.094700539212017,0.8039971462190243,10,food
1363,-8.72780747142243,5.5840793781481795,9.390926447767729,0.7037836277449153,99,
1364,-6.972273907131138,5.038653598806824,7.889797858824722,0.8526334468691534,10,food
1365,-9.068674725674757,6.5151892070762765,7.922717431276885,0.8728133764160778,10,food
1366,-9.581482914834593,1.4846497071408162,2.100700791343345,0.7818551268302222,23,tool
1367,-12.36069684504632,3.536050078819382,1.8127673346368558,0.7284178727776288,23,tool
1368,-10.464206037266438,2.720243702281827,2.9364746986613572,0.848866776809018,18,musical instrument
1369,-11.130994711140726,4.7378472928053155,2.0353195128035515,0.7235362330868015,99,
1370,-12.404720433975534,5.382660040230067,1.8538201069216924,0.7457053358850536,99,
1371,-11.911505412398633,3.5719336455506623,7.12299636197954,0.8024529942597233,99,
1372,-9.456016221700972,3.9110691260706374,4.578239627227016,0.8461591818074489,10,food
1373,-7.9003911803956,5.838123066721,9.278783722379488,0.83348537435187,1,animal
1374,-10.758611014053153,7.386624158742416,5.0122192473309415,0.8144850146726319,17,medical equipment
1375,-10.07986701500496,3.7363949276022153,4.097570370598312,0.7414924506387922,9,electronic device
1376,-14.407728748173206,13.081258596051299,0.37776064724870634,0.8269704617088339,13,home decor
1377,-6.513449490932304,9.806484057870863,2.0921789354255615,0.7649147787385915,4,clothing
1378,-10.516488528193655,4.794568279051919,-0.34773995736131585,0.796010656358598,26,vehicle
1379,-10.669513255676376,5.973340379159971,5.034103530744352,0.7824798422278368,19,office supply
1380,-6.499180623369777,1.4509448977007702,9.09426330510015,0.7668558897446667,10,food
1381,-10.469427248981184,5.325686962650243,6.819022575637782,0.8083642921314954,16,kitchen tool
1382,-11.738422510295507,4.636784105708027,0.881910677457498,0.7497670033883632,24,toy
1383,-13.328406153895251,5.480535916007529,1.6272227839923163,0.7835502005448339,22,sports equipment
1384,-9.065470224523379,12.455903177708128,1.5772497628744342,0.8131667113374432,1,animal
1385,-12.273037576250461,3.434962381526406,3.0027942431544865,0.8639255561511661,99,
1386,-7.425625645004474,3.9680018378501294,8.540321454508055,0.8188676838067083,10,food
1387,-9.261804822497513,2.30537030237545,5.038370309065643,0.8087281589337745,23,tool
1388,-11.054156544247823,5.3127084410249035,4.3134474371115346,0.7298589102687764,9,electronic device
1389,-9.961341721440785,7.519276325425947,3.2904381703949155,0.7663884147517009,99,
1390,-10.924576204626362,2.3764057533448084,3.9345322009058012,0.8123826464570733,23,tool
1391,-10.327907844900283,2.775960313138513,3.282195682395351,0.7980864528425504,23,tool
1392,-10.869302104067357,10.261010366422289,2.4486131916283753,0.7097574224168799,22,sports equipment
1393,-10.094709207304366,9.067141977287822,2.1631140326419245,0.7562768362083724,1,animal
1394,-9.50077638832212,8.663012136441795,8.861432501071995,0.7265287017632235,10,food
1395,-8.515665994853123,11.646176907640529,1.1349082675221382,0.755854951771004,1,animal
1396,-9.36943569729524,11.233149471244312,1.8267568881384175,0.8230134346220861,1,animal
1397,-5.90606018561346,11.284946434604485,0.8198563176594001,0.82791797754449,1,animal
1398,-10.888619172875599,6.823926476868778,1.1185242390311088,0.7915109639733701,26,vehicle
1399,-9.587597142621672,7.294625146466766,2.404848061758718,0.8084851542493561,20,part of car
1400,-8.12799944646639,7.112744638808539,0.40960321337860783,0.6957036188743507,10,food
1401,-8.3451079891981,3.9266382249343206,4.5260356593426145,0.802002022603068,10,food
1402,-14.229939431093033,5.579683496581096,0.8628005151027444,0.8165328261482109,99,
1403,-11.325805867834813,6.8290533800191255,6.0036160281099775,0.822505011610939,99,
1404,-7.119621573007535,3.3031979640337195,2.2726772901258308,0.8043349778168741,99,
1405,-10.152171686502417,9.780836107872855,2.114056951697423,0.8323400400792522,99,
1406,-11.065402607748593,7.106898243817121,4.607427653303472,0.7591489004905133,99,
1407,-9.62402572002029,6.083851146754798,4.446237847896864,0.7951421767746738,9,electronic device
1408,-8.82070660601959,4.4590131666337935,7.082147945694995,0.7558553518706668,6,container
1409,-7.412517649998314,11.4325087731333,2.4011239658673706,0.8066603770617213,1,animal
1410,-11.371830611122048,14.091802134330676,8.234456598959621,0.8377174793376246,99,
1411,-6.3537897942931565,7.924837655128523,1.376273655680557,0.7883753023289629,4,clothing
1412,-10.152131994609418,4.507302385657966,-0.03693726377263522,0.8251367330363958,23,tool
1413,-10.503025737307755,6.460293137094506,2.8891135379421815,0.8011883558839257,99,
1414,-6.879994552155699,10.226665181951047,0.9606028421126681,0.792395697121307,1,animal
1415,-5.8550280567315625,6.695248286271604,1.7751561141625694,0.7506107310232709,99,
1416,-10.086411361404299,3.1895633093228395,3.3182859766445025,0.8025139850877978,12,furniture
1417,-8.684930485597315,2.935565226837191,2.254826760019629,0.8114457192969022,99,
1418,-11.69914318716657,9.892306321412466,4.555568266562825,0.7735865887161619,99,
1419,-7.3694621455705125,2.2216553824823917,1.7134121019316775,0.7851616560523329,99,
1420,-11.25221794378009,5.789303781732579,1.3809471527264252,0.7663128956694427,99,
1421,-12.475672990860666,7.62723914699372,1.184283771050524,0.7279449044017838,26,vehicle
1422,-5.204690624313517,10.04862393339246,1.8082286757506545,0.7606358997560076,4,clothing
1423,-8.486299088002195,9.66551162604463,1.9233866267194542,0.7680353494265936,4,clothing
1424,-12.48955975872063,11.060661089240462,6.157380889951554,0.7683206445364252,99,
1425,-12.380565661235627,6.828979872033553,5.760274154903477,0.7386354922930961,23,tool
1426,-8.584976212554025,5.686484362814008,2.306019814666465,0.8210555162446701,99,
1427,-13.433375835925542,8.756033828523174,4.902285153164616,0.8260464975403999,6,container
1428,-11.15613313752496,5.038923248821822,4.07112090064359,0.7941107132728306,6,container
1429,-8.289898326580742,5.16792443934321,9.339560405728353,0.8134888111460642,7,dessert
1430,-6.739009417949946,11.325276496877931,1.299580834237003,0.8394098586614762,4,clothing
1431,-7.081889464856523,13.01812125959994,2.2344780455107256,0.8260791022489832,3,body part
1432,-11.303353688866803,3.7045414986231946,1.8431324766465482,0.7893212777642727,23,tool
1433,-9.768386893372336,10.941384200008796,4.548314099143676,0.7819431046225754,99,
1434,-10.14737545194535,14.44389729431173,6.571232241254203,0.8431142545231122,99,
1435,-9.457619289414044,10.475841835947113,4.143343616275063,0.7445394932237037,99,
1436,-10.838843976082075,11.221125814028797,5.831351211164196,0.7992778264948202,99,
1437,-10.294334315013609,6.430757733247597,5.767407178629659,0.744962357079487,9,electronic device
1438,-8.643658209961746,8.296016808800458,8.481704328063612,0.8401247491328321,1,animal
1439,-12.500168132614982,5.228842589693475,2.4061152817911404,0.7894276688404241,99,
1440,-11.09328057018328,4.084773319893892,1.977098202312109,0.7746298939605804,99,
1441,-11.730861454673875,4.14678231045854,1.3410466947113417,0.8230403086862104,23,tool
1442,-8.587291662421217,4.593437508207489,0.6752384108777677,0.7591159251851256,99,
1443,-9.198709663844143,6.934278723599211,8.879651340765717,0.7472218772689998,16,kitchen tool
1444,-8.41483666095358,12.549377587654696,6.52331672117787,0.7859769562914622,99,
1445,-9.070917136863924,1.1198848033725035,7.488352076438187,0.7899625234053003,99,
1446,-10.107654356393796,4.137743449509409,4.714570067774813,0.8453780250466407,99,
1447,-8.7081421711393,10.874188898880362,6.215827941172862,0.8027955293808955,99,
1448,-13.61433017212782,7.056505550629691,4.15693005081812,0.727307860921893,99,
1449,-12.13112868424654,6.9368932211175025,-0.09746423210349443,0.7950129671007661,22,sports equipment
1450,-8.72095292782753,10.75741299545641,0.18916920424253225,0.8194693919160384,3,body part
1451,-11.101351331280723,1.9204757143975204,5.189006115656399,0.8068172735855663,16,kitchen tool
1452,-9.687798286396681,7.319000806095102,0.6994372987610689,0.7965630665940799,22,sports equipment
1453,-10.073332739761163,10.292181755293713,1.6365099638877474,0.787118162754098,4,clothing
1454,-13.584419573578442,9.602215499949923,1.653666414427483,0.7923160961310834,99,
1455,-11.008505603354113,7.346411458924411,2.535482478470108,0.7169442141648609,22,sports equipment
1456,-5.346407288472104,8.522533203186397,1.000905235482626,0.8139458530344281,3,body part
1457,-4.870063840292692,10.03667616415765,1.179428095632746,0.8302517942761847,4,clothing
1458,-10.58335356638437,12.419445326481426,1.4684280842671913,0.8530490122324408,3,body part
1459,-5.920027918982682,8.737862596298871,-0.8944904956400436,0.8303958603289248,1,animal
1460,-12.491459932078975,7.07757758818539,1.0441465268343537,0.7440971122373562,22,sports equipment
1461,-10.851181745636843,3.1597465656750163,2.0120810995325575,0.7569110532994211,23,tool
1462,-11.999524960343262,11.433915436978454,1.5624187278833777,0.8190540583555257,99,
1463,-9.374839605364674,1.7361270108498787,7.003439318158085,0.7262828634779857,9,electronic device
1464,-15.491685963153541,9.95342660993223,1.0290059160930707,0.7983802593381437,99,
1465,-13.154858992082696,13.583704699996515,6.117990361637539,0.8650218514547784,24,toy
1466,-9.250431887741572,14.577268123997115,3.234474291401783,0.8412308634966634,17,medical equipment
1467,-12.000193899123767,7.627865493389385,2.297325026043513,0.7546835067292125,24,toy
1468,-9.140969653749012,13.974306962450656,4.010180786328078,0.8043098117472316,4,clothing
1469,-12.890048019419428,6.773154572719919,1.1779855031654518,0.7276751062373658,99,
1470,-9.514270128558575,3.2198794722508275,2.679351742097621,0.8019691270076381,9,electronic device
1471,-7.04244197482193,9.385223789499854,-0.682267789379976,0.8408879061318086,1,animal
1472,-10.64485175242581,12.90263602759856,2.3693266690369073,0.8174688177828652,1,animal
1473,-11.606018022620804,8.951969285387,7.0741721160897155,0.7915772467441274,9,electronic device
1474,-7.452159554876228,7.95129446906596,8.761927342329795,0.7949248271548991,8,drink
1475,-8.231615651118052,3.367149157992888,8.508290115507648,0.8208636456458757,10,food
1476,-10.312698438763237,10.74581195895808,2.854141599781788,0.7961098435829873,1,animal
1477,-9.931129307076006,12.137431914877665,2.0321021242282473,0.8011491042921564,1,animal
1478,-12.812923629891358,14.702280398569448,4.432306334963388,0.8126027175953823,22,sports equipment
1479,-2.8665346749027494,5.671877991216179,-0.2696268246127529,0.7923102418316542,99,
1480,-7.411231873218803,11.05692642579323,3.1839838628759622,0.8311880362185242,99,
1481,-12.971708190349267,11.57094749363423,2.1575620593760463,0.7415445665445666,22,sports equipment
1482,-10.427446109967935,14.195709615047852,2.650973470162031,0.8249722954463304,99,
1483,-8.288368931320091,6.374929370140834,0.1914652924653551,0.7636779214041732,26,vehicle
1484,-8.853373055026815,7.497839825376368,0.8370650490100439,0.7777874564459931,26,vehicle
1485,-9.886108141768032,14.287143522512542,3.162997385490767,0.7909845254895672,4,clothing
1486,-6.866163251614455,13.66109485539531,1.2710894061792812,0.8149991870957555,4,clothing
1487,-11.915717395624618,15.333378871559493,6.4883146387746224,0.8130962364194073,99,
1488,-10.864888305319576,7.720473400957145,0.6858022971299332,0.7445050587751083,22,sports equipment
1489,-8.84019769079182,12.334802777999013,3.0782957294609417,0.8203182675262266,4,clothing
1490,-7.472859467066785,6.516600001471378,9.033564882782862,0.7856353240570485,8,drink
1491,-8.735099147430052,5.387935910243571,8.990639384580087,0.8422389600451473,99,
1492,-8.542639136895113,8.573814678529338,3.3972039792153734,0.8034443250503932,12,furniture
1493,-11.666436786056366,5.640381741670906,2.3914696762307472,0.8426706725487214,99,
1494,-13.888461627373125,7.161741331342709,5.501968875879529,0.7062868777073462,23,tool
1495,-11.441195307986881,8.948709205598261,3.4274642583965687,0.7947897123202002,4,clothing
1496,-10.226747893136947,14.39398580668503,3.25934490462416,0.8744543292854738,99,
1497,-9.543045653983281,6.703515069487352,6.521321494986937,0.8186552685571256,7,dessert
1498,-6.79832493807592,3.7513642920695904,9.608431400994402,0.788913585546493,7,dessert
1499,-8.138913386061095,4.465332767483253,10.629766084112278,0.7378406622840826,10,food
1500,-9.08191211427579,5.847709533655906,9.617758619346706,0.8076757184275425,10,food
1501,-13.927807104545833,9.477755349546001,3.8371736668821974,0.7753685410551353,26,vehicle
1502,-8.996855011031816,10.19745737130546,2.4179196927572897,0.8348637518234797,4,clothing
1503,-6.451041988282083,2.9565888014748407,8.601323715763987,0.8464959111203552,10,food
1504,-8.40435650117722,5.570100552156636,9.157467380590466,0.8491560511618279,10,food
1505,-8.152430084140118,5.058360175013493,8.32860625655011,0.8419606972139806,10,food
1506,-10.32696965591989,3.907685609192036,3.724040834497584,0.7328712509051419,20,part of car
1507,-11.080045743431096,10.418075041150221,4.450854686806312,0.7709986488320371,99,
1508,-10.22411129754073,4.8868229370171585,8.022353444140943,0.7722796096525316,16,kitchen tool
1509,-15.201285891948737,5.986207393057477,3.554488411145622,0.731699298750826,99,
1510,-9.997396794096694,2.5206960708828317,1.07887368666211,0.7520376054761598,27,weapon
1511,-9.290899077163182,7.5537300142233805,1.1015680795057103,0.7054670191156295,26,vehicle
1512,-9.627041143322318,2.749469161583773,4.483540631083365,0.7524422482588514,20,part of car
1513,-10.903696980811198,13.47709100642008,1.7369763850774054,0.8217305034859592,1,animal
1514,-10.015561911497237,9.318433657886347,1.4204482663638098,0.8383174643635283,99,
1515,-10.501014268402034,5.729016326903153,3.028522796107493,0.803079428190173,10,food
1516,-10.036285409202478,7.880095789739943,2.2272254261960396,0.869826206439933,99,
1517,-10.10075039488746,6.112866009130684,2.228988994773012,0.817010472106291,99,
1518,-11.427185933938091,4.795567052243274,4.879415704833576,0.7817107913241801,99,
1519,-9.626196082583624,2.78591165138599,8.368131969294263,0.7994339681428767,16,kitchen tool
1520,-10.489979944510628,9.808824986371453,5.650714858767057,0.7886656183473809,99,
1521,-7.222693521595599,4.389958963163023,9.732635899944707,0.8324618685598308,10,food
1522,-10.776162142467202,7.519621773243918,2.8350137562112163,0.7677921733956604,22,sports equipment
1523,-13.377960346379812,8.225783683732692,-0.0999983205573339,0.7531264978466221,99,
1524,-7.130336678589151,4.360967906613245,6.8336889612573835,0.8475660990550384,10,food
1525,-12.702335206753855,10.152665864012985,2.688041019821219,0.8012052519088168,99,
1526,-9.610264533851792,5.547792619446477,6.695910104665621,0.7832017476635481,10,food
1527,-10.713819356783823,10.989937324229258,4.64675754847816,0.8151893374775275,23,tool
1528,-8.348327509433554,9.185548938836085,7.308253023772496,0.7794539412639542,1,animal
1529,-6.626135210314678,8.159925379253192,-0.4262489903070047,0.8132512997368166,1,animal
1530,-10.28392819338151,12.466372056908,2.943443890200364,0.8565341092619655,24,toy
1531,-12.17551269340872,6.913508750021111,1.8564617444096982,0.7729344880325794,13,home decor
1532,-12.343471391220708,4.584445060021559,2.5770456800101234,0.8156806710282967,99,
1533,-14.66861813027992,7.026833245767401,1.7359170057827005,0.7761538876659978,99,
1534,-10.637344295228782,7.598480164625323,0.2740761901420528,0.7268011257035648,99,
1535,-12.51362730358489,5.328970773246981,2.3205529491204206,0.8207665848847839,99,
1536,-13.318408769821007,10.175214082549108,3.698888417879213,0.7973352175278842,23,tool
1537,-10.612710907918482,2.485035634787345,3.993666360580596,0.8109806150964688,19,office supply
1538,-11.432979373282759,4.9995931400113145,3.4578489831112775,0.7826371415161084,23,tool
1539,-10.156347547148819,5.407578646084004,3.989341170198323,0.7925910876953135,19,office supply
1540,-9.120660442499656,4.8452042553417,2.7842461979992867,0.7859481356667098,10,food
1541,-12.354991438702601,11.80903395273349,1.806942016171892,0.8093589925845054,1,animal
1542,-7.632733153091125,1.8113995937535166,0.07164147417338848,0.7764565727914915,26,vehicle
1543,-12.842153043550207,10.190250495363186,1.3541862236163043,0.7554367246619758,13,home decor
1544,-7.6380906539804325,5.483601677994173,8.509620304174797,0.8062635954099371,10,food
1545,-12.375362786375396,5.848489122377681,0.23208850588316438,0.724088526265874,26,vehicle
1546,-10.669485766973438,2.743727230248928,3.0350825190268917,0.7788181139572309,20,part of car
1547,-11.79375667126796,6.472891474349831,0.9260000850100283,0.7500292221328807,99,
1548,-12.768246965670597,8.326669166708717,2.6463412402226107,0.8174812715051393,12,furniture
1549,-8.873840194182483,2.8730770041706926,3.7736922393011914,0.7419017116658811,9,electronic device
1550,-12.397599577886782,11.536504668345241,6.885214968484704,0.7935165266198644,17,medical equipment
1551,-7.415793031597943,4.75618137992164,10.03603486881115,0.7893430937248295,10,food
1552,-10.988947953666537,4.408172289048218,-0.1530577156079128,0.7102639978954393,99,
1553,-7.5345821370112365,3.8391809531772148,1.4674794592951208,0.7954759664563759,99,
1554,-9.312415812834137,11.144115978014009,3.411202092372368,0.8582947393134874,4,clothing
1555,-10.121587098473706,7.415094840408185,1.199024066313556,0.8576388851994025,24,toy
1556,-8.008317641126842,11.887650226549885,1.945282569829907,0.8184916091542059,1,animal
1557,-6.271952536349293,3.05969615092551,7.604803534548555,0.7484570218203082,10,food
1558,-14.489453923234377,9.988938196696736,3.8765201856428484,0.7097973774342181,99,
1559,-8.001461434278664,14.14184470325801,2.101304414921494,0.8547035584583723,4,clothing
1560,-5.357887537573681,10.93438929732649,2.9023788489159608,0.8818364900681974,3,body part
1561,-10.422957068813888,7.081278663590431,5.408847198705824,0.7846599237123016,12,furniture
1562,-13.028316224523646,7.587612542964531,3.511405167156973,0.7871119318019271,22,sports equipment
1563,-12.004712041457463,8.772638086824974,5.5899981144520225,0.7646643970076494,99,
1564,-10.917187610530625,5.774754486071615,9.542401972075794,0.7188696253578644,15,kitchen appliance
1565,-8.107812500395175,10.308836688096134,1.9026247780910792,0.8033222677933399,4,clothing
1566,-7.518108762958928,5.055232366266403,8.26882739067042,0.7875753716300204,16,kitchen tool
1567,-9.803775530260351,9.189498166037408,3.5392099800780867,0.7321298016589869,99,
1568,-10.536973403572391,4.289140082904483,0.16193597280015637,0.7756095800040035,99,
1569,-9.551189912851513,6.222728095022111,8.417804527846387,0.8360983619818477,99,
1570,-9.569528963699025,6.723327997271772,4.457620423092039,0.8119613998625553,10,food
1571,-15.463011055465495,8.599758984478623,3.2317767964287025,0.7418954323352013,99,
1572,-12.851242323571128,9.152043244583378,2.227636052799108,0.7662015420038527,17,medical equipment
1573,-8.656600828487521,4.825761750364085,8.910013050079003,0.8497753634301005,10,food
1574,-11.166674859449081,9.977800879323057,1.1927989719365328,0.7697358061546926,26,vehicle
1575,-8.171826775083833,5.173868672631217,9.81777260826803,0.7959823142910435,10,food
1576,-9.81512473851294,4.75647686847521,-1.3343037233484303,0.7891889308581208,99,
1577,-9.65439416209531,6.867829936073657,0.7752903886911373,0.7637758530511721,26,vehicle
1578,-10.477842364373155,6.295349841486534,0.7741608641245457,0.8502325231465157,26,vehicle
1579,-9.655142477056001,8.711733579846996,8.50707670856875,0.8462763862154108,10,food
1580,-6.9551696934026825,10.133113684559916,1.9943848686131702,0.8392468943431717,4,clothing
1581,-10.541718186010556,9.004590288692638,2.4148848379133434,0.8144550365632532,6,container
1582,-9.360898492689703,9.058942715386117,9.73577972508895,0.757706052546578,7,dessert
1583,-12.192394421051688,3.429962181353468,3.6379378008022996,0.7904552786551815,99,
1584,-12.357655096608932,8.794410720792614,0.14810146296585996,0.741488048869307,21,plant
1585,-13.64219125757525,11.521721453537834,4.047797537894158,0.7793810119419877,99,
1586,-9.561487993144494,7.40000553911553,2.78846606923768,0.7499428543033195,20,part of car
1587,-12.29617073451587,7.776719450593854,2.025440953381751,0.7951610762205276,22,sports equipment
1588,-8.953563432535473,6.999595774539964,8.706024250599844,0.822439273867387,10,food
1589,-13.083466271565738,11.781671047674314,4.644083665672295,0.8444481670091427,4,clothing
1590,-11.739809791564234,10.880586356187816,6.229340334251189,0.845684287508742,17,medical equipment
1591,-7.928852802274842,11.8231151411056,1.7070363772562873,0.7723613552746439,1,animal
1592,-4.863821309611456,8.759735279877809,1.3903133596663235,0.8163854038003964,4,clothing
1593,-5.764752619117255,9.662440046544253,1.0554535955521178,0.8167225753054336,4,clothing
1594,-11.653285372399395,9.562202662108723,3.881988734079197,0.8349707936174102,23,tool
1595,-10.07150110755446,5.614046443201422,5.735394724070001,0.8203779621462549,10,food
1596,-9.282447019334471,10.114837566948093,1.592848910297857,0.7717103695762233,6,container
1597,-7.810916957796569,9.365466465383282,0.6900886083815163,0.841278403168647,4,clothing
1598,-14.881015146105106,9.676065196288171,0.37630316286040005,0.7912969668246261,99,
1599,-13.699118227869684,7.190583647137871,0.49843656606421777,0.7495750405800561,99,
1600,-10.732960502728435,4.430247049509945,4.393320635482737,0.771423998272778,99,
1601,-9.913500876587937,5.805994215742994,6.921296437680464,0.760562368903931,99,
1602,-10.628684992769168,2.334940432257368,2.3814376913889803,0.7598073814712619,27,weapon
1603,-9.1357614127093,10.844962762342554,2.628054926170647,0.8044236286554628,1,animal
1604,-10.57262631311609,10.078520464941517,6.7803338415295915,0.7911893618815136,6,container
1605,-9.096323284215213,9.67002491677717,9.143399068542948,0.7828818122068265,10,food
1606,-6.529564700953448,8.117921315221492,2.0464193169407254,0.8066026114806603,4,clothing
1607,-8.645706349394144,1.913985329228839,4.381016300940863,0.8427329896940715,99,
1608,-11.161606083611609,3.8480897352219983,4.8469486619721005,0.7855637587759122,12,furniture
1609,-9.126371723560805,8.043602005212872,6.089505413073925,0.7355611119731789,99,
1610,-10.40090077951544,5.654624474220206,4.240657543376437,0.7864178504422408,9,electronic device
1611,-11.204959366101388,2.826467435074377,4.055900103799642,0.8452661838656221,19,office supply
1612,-12.85822292837754,7.866374949302214,3.454057507026972,0.7901512117346601,99,
1613,-7.436864653196379,3.8020227604418464,8.706917789991055,0.8296632870417271,10,food
1614,-9.755760084235458,12.549950469471293,2.6473202284410595,0.7680521856548813,1,animal
1615,-11.7704807880833,9.764688617943884,8.27423028362387,0.8114762780596807,10,food
1616,-7.304899586461631,10.55401840167623,2.0661017871533236,0.8656836835196666,99,
1617,-9.922072531792407,5.662611219651521,2.039848827143752,0.759325837370653,20,part of car
1618,-9.542023341585992,3.292424649575518,7.046627505208567,0.8540308493265102,10,food
1619,-11.748157501688294,4.651693882319831,5.01048279474662,0.7710394670175719,18,musical instrument
1620,-6.7490263356659534,2.0675301483288555,-0.1469460787043386,0.7256083707963947,27,weapon
1621,-12.469054107538007,7.083302289811709,5.067111585732202,0.7191804361685249,6,container
1622,-10.17028076052009,7.80791521564108,5.856945762236708,0.7961648380416653,19,office supply
1623,-13.030699026644463,4.8244968035926465,3.968994809683397,0.8152644393933594,23,tool
1624,-11.173277804400426,4.845524356132563,3.8401274720904737,0.7616735158294851,9,electronic device
1625,-6.883231466050569,6.281425436467759,1.2865981553317019,0.7745942014748178,13,home decor
1626,-9.240550390282454,12.143395649953957,1.0418638942587162,0.8542860287444692,1,animal
1627,-11.635318327290994,5.3344609296407315,2.1351810526762254,0.8145796966564499,22,sports equipment
1628,-11.354126052185094,7.038743963951844,0.9289389666527217,0.7866981699735954,99,
1629,-9.92287257794886,14.776857185101072,2.1391625851097795,0.8799270376427326,99,
1630,-9.045932276602075,2.987307323082275,0.007860085478013697,0.6988007853295175,26,vehicle
1631,-8.736154616865555,8.614793561048044,9.461058672797149,0.7696953556936541,8,drink
1632,-11.405172120928972,7.9837061446891,8.53237624358907,0.8245809398248424,99,
1633,-8.901504835186358,6.067069261485362,8.009433546035444,0.7642730002955145,6,container
1634,-9.554166507985142,9.073323281095838,9.103160795964213,0.7981165308064846,6,container
1635,-10.361556629007268,10.67753314449977,1.4670288029232001,0.8022717529938327,24,toy
1636,-14.169737256461067,8.03737333279405,3.044967827654131,0.8088696138448731,22,sports equipment
1637,-15.639179309243502,12.509750496887788,2.5185275843378188,0.7911644585949374,99,
1638,-12.189030697612461,4.207198001065329,4.355115576347723,0.6985935226676075,99,
1639,-13.971810212798363,5.194849433797811,2.2621358464108683,0.7484802543048432,99,
1640,-14.884138138962044,7.7559230290291366,3.1001309987643952,0.7907978652794494,99,
1641,-11.193471878918164,4.707208981501944,4.152089275820463,0.7561559520618756,9,electronic device
1642,-12.69976104171328,8.112233118364713,0.6935916279792194,0.7757536883687778,22,sports equipment
1643,-12.046053372286305,11.116022264822245,1.4049542651124105,0.8074191914471922,6,container
1644,-13.720908958021875,11.214559850287621,3.801173671499371,0.7232219000511685,6,container
1645,-9.045722884672108,7.411395897961781,7.201420889552265,0.8332462766189054,6,container
1646,-13.452609466722626,8.617520985534796,3.820084869235493,0.7638215335535246,99,
1647,-9.977891241947747,7.2424270711380405,8.086867125264888,0.7768600521793522,6,container
1648,-9.231893395457483,7.2215210222910615,5.72482323351096,0.8563916426961999,99,
1649,-11.364604372870993,6.848821286973765,5.672681376811293,0.7775548706492149,99,
1650,-12.04681865857464,8.490293332810667,1.2704083994282784,0.7785381744284563,99,
1651,-10.217179605029223,7.027246913216608,3.807275679486621,0.7936375687498924,99,
1652,-10.131525087043023,6.238544592042993,0.9714098157191509,0.8365858366486058,12,furniture
1653,-10.354311448190343,12.661206929628106,3.832029230912736,0.8732568528087531,3,body part
1654,-9.688922954831147,2.2675648181189363,2.858623467581193,0.8110450593781937,19,office supply
1655,-9.885654660901494,10.493133183349258,3.3594697387859505,0.835006377994183,4,clothing
1656,-9.559071600829915,13.717598055388802,1.468371473440205,0.8465485079937493,1,animal
1657,-10.72909634785757,4.626232103546037,3.7615930712797727,0.8567254400855172,99,
1658,-6.541490699234146,9.172542754365628,2.777316770173244,0.8198371450148877,4,clothing
1659,-4.419673440612496,7.662618201058756,-0.35869866685834867,0.8280873170475225,1,animal
1660,-11.530708128574634,2.721666405043335,0.6211984408844946,0.7534087276770205,99,
1661,-11.992126268579964,5.903367476811089,8.410342816024894,0.7653240138994462,16,kitchen tool
1662,-8.184988520462035,7.030639718085787,1.333017695165596,0.7719869868363075,99,
1663,-8.12705630975074,3.914026989915624,8.740345845209074,0.8071278615746684,7,dessert
1664,-7.3809358926360575,10.010633536879647,0.13266782182802028,0.8029070863016485,1,animal
1665,-7.4242038814800235,4.051455990880102,9.245265768283822,0.8467469040199436,10,food
1666,-10.688822367416183,5.410858875559352,8.418775895444929,0.7895540496241945,9,electronic device
1667,-10.132304612409754,4.270371055389757,8.074346155845612,0.7164735075426439,9,electronic device
1668,-8.869204277882625,15.059324916780295,3.063184273674616,0.8485971270218473,3,body part
1669,-6.50984469787899,11.085984580996747,3.8134194851355634,0.8530864861497083,4,clothing
1670,-11.133231310369414,14.086414904158636,7.096387413199074,0.8402181663620321,99,
1671,-10.96130675099703,12.632636471491995,6.786124875937885,0.8163409984333126,99,
1672,-9.744363133728553,6.407685342570017,5.4917028985146485,0.7927523848484788,10,food
1673,-6.3909471501358,3.818747913101903,9.221355792282662,0.8173055389197881,10,food
1674,-11.367208828043488,3.7142206176238273,7.466148120250229,0.7873136767519102,16,kitchen tool
1675,-9.588693247347347,15.538668989290013,6.902185233945589,0.8829353569214602,3,body part
1676,-10.186786715076703,1.4144505349695167,3.1381724924442,0.8227212833414509,23,tool
1677,-12.36448348564344,5.864839679618556,3.5719966355998567,0.7596588527170142,6,container
1678,-8.577179885510022,14.45051173755711,7.149801588365944,0.8707863075449725,3,body part
1679,-13.443172792512202,14.343927529032436,9.45420250249245,0.8097310622881944,99,
1680,-12.838031635922185,11.937535873669306,8.807455402921281,0.8841353108038504,99,
1681,-12.154847569843126,4.919878772067833,7.188225251745691,0.8322919155590739,99,
1682,-9.55732697535506,10.507178639994274,3.4190647537337213,0.7755731262788726,4,clothing
1683,-13.295816949494558,10.082896119120202,5.265761860846086,0.7805978511246607,99,
1684,-10.291980220068249,4.001361155814841,1.3271261689413334,0.7672659098127741,27,weapon
1685,-6.815278897896975,11.632506508492757,2.0272503491509113,0.8972289476771222,3,body part
1686,-8.46263595088567,3.673020886970352,7.516727044631256,0.8116653149144399,10,food
1687,-6.885008023117655,2.566338797094694,9.22785754095181,0.8484211231643839,10,food
1688,-7.484836578233976,4.677902927920058,8.75528171644936,0.7831931086917757,10,food
1689,-12.949011608504378,6.998612573001528,0.5017005078655473,0.7592273074142454,99,
1690,-10.80905103022147,11.992628264831444,1.6475358803679154,0.8303930048253702,1,animal
1691,-9.238266026863315,4.845411140079961,4.588804049811154,0.8122320748986943,99,
1692,-6.872206587656285,7.82406872173333,2.6774816020812704,0.811002831010453,99,
1693,-10.217016113274052,11.491998995868409,5.059125911960208,0.7930764321869381,99,
1694,-12.208954207312276,11.093956603179711,2.300348261826463,0.7503794956815004,24,toy
1695,-11.693852583841768,5.71348756442208,0.09559411694359275,0.7369236935955598,26,vehicle
1696,-15.013565699294505,7.3647658713029545,3.6221464163977446,0.7607206110030245,99,
1697,-13.306119854089921,8.109745134692751,1.8234383411166852,0.738523202419223,99,
1698,-9.996415995188688,4.404527915083594,1.078263712476327,0.8022500479604848,26,vehicle
1699,-9.990482487456685,3.120936159946882,0.22004404375882483,0.7351232002584823,26,vehicle
1700,-13.680604100116494,5.202600939186958,2.7358831731192703,0.7504808081878419,24,toy
1701,-11.924560914371943,8.0013467238599,2.3818870234612053,0.8178731762912542,22,sports equipment
1702,-13.74316705695968,9.502930937844758,1.9638351070860733,0.8293815901990301,99,
1703,-12.995469231725668,5.096088944077765,2.436815413055436,0.7929557621865315,99,
1704,-11.423295725781303,6.552391333858856,5.020687213309357,0.7627599181514458,6,container
1705,-9.473295421633441,5.492834899081952,7.48138974178745,0.7768333059312477,99,
1706,-11.10202563999718,7.777690055561677,3.4604861745068503,0.7662954659034203,9,electronic device
1707,-10.006175622637802,5.4791035573504345,1.108502642095276,0.7559656133187402,99,
1708,-11.582889076403589,6.618603275999162,-1.899453299424776,0.6870650832434725,21,plant
1709,-12.408723508866322,6.836213016024439,-0.6591946771407731,0.7228680871973556,99,
1710,-10.940252809816144,6.294505694493543,4.094424514635021,0.7725331937494594,18,musical instrument
1711,-11.404263275795804,7.751499408382432,0.21636778981436147,0.7581033687663707,26,vehicle
1712,-13.070037591533852,6.26841238270083,3.435612046921666,0.795603477948912,23,tool
1713,-9.310520294895534,5.167912179738547,2.143877885752773,0.7845867165386453,99,
1714,-12.506167737268044,5.061087923127261,3.9183703840179143,0.7637172786563031,99,
1715,-9.730426332220892,4.450730231728375,0.7841400562987627,0.7979317430536943,26,vehicle
1716,-12.332429495438253,4.229367692122902,3.495129105023621,0.8029161522871515,18,musical instrument
1717,-9.282317454048524,6.867706021638024,3.64019607396683,0.701832156778975,99,
1718,-12.67235515956472,10.2104197536251,2.9247012572163626,0.7877685157387588,99,
1719,-9.867860664864406,2.581757782927563,3.645616550666138,0.7615502969302432,23,tool
1720,-9.563047327465862,5.203860834383271,1.1408175471455113,0.7493818681318682,26,vehicle
1721,-11.319504063836387,3.113422492698076,3.1207146399178263,0.7975258267620271,18,musical instrument
1722,-12.608330636464139,6.531859208915669,1.7824586429353413,0.7600154663287715,6,container
1723,-12.006533990967819,3.8564179922788333,2.7571323172104876,0.7838015073097321,18,musical instrument
1724,-4.969356819148993,10.107543659739854,0.7290172596564826,0.8674381466869793,4,clothing
1725,-10.400641336076914,6.587873688378662,1.1210058337515265,0.721857991330071,26,vehicle
1726,-9.971067682278296,7.378103346546555,-0.7896820276337705,0.7581372558949842,21,plant
1727,-9.863372031707003,6.2703599569928885,-1.9602034203439758,0.7766679380656867,21,plant
1728,-10.916033144817945,3.232915247139892,4.3715605852884245,0.7883871320304204,23,tool
1729,-10.20225594273105,6.904383038498432,8.61106656314109,0.7945678684691135,6,container
1730,-9.950768864350897,11.114221471268998,2.588912754823066,0.886843543941008,4,clothing
1731,-13.131812637887576,6.0558136289424,4.196139872029568,0.7617224220287183,99,
1732,-9.840781176408651,4.895012526975579,-1.0756562766790436,0.8404603557716152,99,
1733,-10.090695485536301,12.921286549004899,3.4956771578911123,0.7987575754456372,1,animal
1734,-13.563793382422501,6.0722036065560285,3.8117627358327844,0.783159641990456,99,
1735,-8.61010989709793,1.4361855377914372,4.918057763425937,0.7322567642635917,9,electronic device
1736,-6.838198835689167,8.574986348970697,-0.4925926619945055,0.8020998140221505,1,animal
1737,-5.584083468224,10.06515639704612,1.7576696541203192,0.8307736590402097,4,clothing
1738,-6.019837804176834,9.5485046681173,2.1681286246632565,0.7938087853679643,4,clothing
1739,-11.695680052203562,7.536354381898404,6.094288969572836,0.8182144796794991,17,medical equipment
1740,-8.018091126657689,4.546972907203731,-0.5920578313278485,0.7653796889853622,99,
1741,-9.660500962555188,1.0374863764062214,4.228621768168896,0.753209716178788,99,
1742,-12.003280222130497,6.953615064630775,2.9743507364513104,0.8075532673036927,18,musical instrument
1743,-12.820244099621652,11.087993988295176,2.53040535282191,0.78706899603715,99,
1744,-6.388987542706375,11.512333812286954,2.7459494265120097,0.8429495958601178,4,clothing
1745,-5.049567297007724,9.311279062095505,2.314523434368938,0.845182465097868,4,clothing
1746,-10.572906218079673,4.908840166615394,2.3940101202858295,0.8028562505351472,26,vehicle
1747,-6.391320746549072,6.980071093723596,0.22818090260551369,0.7954601870373712,4,clothing
1748,-9.508907561413471,12.661559985053476,5.346694910570958,0.8195620202186807,99,
1749,-10.21167338809244,7.4101300908658265,3.4016181026186465,0.7067435895248835,6,container
1750,-13.09814262295461,8.065996784067211,5.9333942199347485,0.8049676667455873,9,electronic device
1751,-11.294497430774022,6.395147586891756,3.8499201690953466,0.762716937811536,99,
1752,-10.455768453737662,3.6277581190993393,0.7952657015922691,0.7625816799951798,26,vehicle
1753,-12.200452571935688,10.405618675830691,4.648103695257225,0.7378114025979882,6,container
1754,-8.683256357118871,3.5882527332433405,7.489408738652348,0.7770000976523951,10,food
1755,-6.956758599027419,12.246361573258937,3.485673970230304,0.8037594131905751,4,clothing
1756,-9.584141384372977,9.038485281271,3.701854548652769,0.7838331758100694,99,
1757,-13.257390113134681,7.334306278119405,8.161712181011653,0.8307697314506027,9,electronic device
1758,-8.205195163308332,2.7171400972985302,2.276386116322607,0.7817787903153758,99,
1759,-6.662068540049435,9.19190559445673,0.5957392525164733,0.8063469035533699,4,clothing
1760,-11.68080204210322,12.020579990309724,7.807110721707335,0.7617513556058799,6,container
1761,-11.10455052424495,3.5328024234027295,3.9790150670826434,0.8381523578205372,99,
1762,-11.955747546092196,6.005871906586396,3.388894825330511,0.7593679865195226,99,
1763,-15.59489035368497,8.53732994781464,3.244071446607109,0.6760122143225481,99,
1764,-12.369542061100583,4.383809734819782,2.181747109058752,0.7876147807647988,18,musical instrument
1765,-8.225036828674689,1.1770887586755685,1.7453573704272924,0.7559011386455637,23,tool
1766,-12.278155591508408,13.424555032992371,2.9842461547458474,0.8149549231520192,4,clothing
1767,-10.140274409327457,6.516073131060454,1.3589524726445568,0.7501237771187786,22,sports equipment
1768,-9.435830147559777,11.67656455713306,1.0089831412632388,0.7130890260842656,1,animal
1769,-10.997599706511785,6.781024396480952,9.773863304585584,0.8522052559843257,10,food
1770,-7.3765118500862785,3.642494187046188,9.19376821288536,0.8492465724975353,10,food
1771,-9.726621112425548,3.2027985429154486,7.929829558829297,0.8575199725392281,9,electronic device
1772,-13.017957988742777,6.42954839628275,-0.7344816263327515,0.750748920080129,26,vehicle
1773,-10.28190051227956,11.661405608382529,2.744524644445586,0.8238807619423795,17,medical equipment
1774,-11.323821832003002,9.558851420454955,2.5472274029642956,0.7562324118909785,99,
1775,-10.166073565185858,4.265465104340708,-0.3201918604786269,0.7419141289176294,99,
1776,-11.348230609212813,9.51309359537896,4.490494559261955,0.812336803258325,6,container
1777,-10.958437761774782,5.6516092045974196,2.577390819306787,0.7074842075223174,13,home decor
1778,-10.567097631488659,4.890328967364895,5.9305518765109415,0.7859252328081341,10,food
1779,-6.91016212703143,9.404397277698344,1.3309063355963533,0.8355345446167013,1,animal
1780,-11.17354377369466,1.7364920858196147,2.7018886222994554,0.7794992049203248,99,
1781,-5.75428329736645,8.088586620487513,-0.4898308711463624,0.7805003675542829,1,animal
1782,-12.798936325825931,4.620973873641759,3.8335917021023667,0.774698987691483,99,
1783,-10.214715349458624,9.332979840393348,5.241677780905327,0.7969019856108625,99,
1784,-9.062027664394925,7.448218002975939,5.453242080827879,0.8007455053612172,9,electronic device
1785,-11.06488192699157,13.275995596426496,1.4724906193310525,0.7757805182658155,1,animal
1786,-11.649377350968482,8.237185042862002,4.7402268807637835,0.757226838202448,5,clothing accessory
1787,-11.102380296046402,12.171171892472413,6.040701353073697,0.7771391005585486,6,container
1788,-10.636043259650307,9.586802315519765,7.598541626431217,0.7799394396589668,99,
1789,-11.587720308443851,10.560770090388623,8.976580527461751,0.7466844371516806,15,kitchen appliance
1790,-9.447367529897917,10.286301431044556,6.304985130250908,0.7351601819589626,99,
1791,-11.772727245220667,9.102413333665835,6.344582602687955,0.8321766464073984,6,container
1792,-12.41030415040094,11.259682091454868,3.05785863200144,0.7706155738432617,6,container
1793,-8.068382490214761,5.754455455736024,6.506053879526697,0.8426775138465737,10,food
1794,-13.317379503582698,7.221501705451865,2.524061620775974,0.7629456377163432,99,
1795,-8.890641236528634,9.323342285669826,5.291091404423014,0.7724793145028541,99,
1796,-7.886449958425415,7.736062454681856,7.383358599577603,0.7362242510460147,99,
1797,-6.315279166410893,7.96971479090037,-1.5985218947768918,0.7797541078797608,1,animal
1798,-14.569203150400307,10.331255284694105,2.1622082562064024,0.7657528872327961,13,home decor
1799,-12.524064320396281,7.2234392137367625,4.497371629690143,0.7264553243489934,9,electronic device
1800,-9.098181085057323,7.665403379761174,8.369916901013758,0.7834663237537803,7,dessert
1801,-9.46331779803232,1.7467485100931976,1.2936559130439107,0.7546146773280921,23,tool
1802,-11.36942857973783,6.9057592630634375,0.09142043123239452,0.6630476325527376,21,plant
1803,-7.636340920071586,10.746186221074193,1.447774911415887,0.832307199419237,4,clothing
1804,-7.932747779968809,11.115538496300559,1.8759416451246784,0.7894415567416134,1,animal
1805,-11.701053239154641,5.916116233293756,2.2036270640286246,0.780764949819828,10,food
1806,-11.761874837398848,4.481147903478981,2.5482666422051428,0.7665092841119799,20,part of car
1807,-13.474446005323488,8.138368557365222,0.2667981396384042,0.7712350078604892,6,container
1808,-10.585449728864559,7.493757328295062,3.0833468723834705,0.7764102849787763,17,medical equipment
1809,-11.738756580700485,8.158788320907252,3.565634158103744,0.781472904655098,27,weapon
1810,-9.408635904392238,9.359069942002039,9.472176188581797,0.7902651643074438,7,dessert
1811,-10.071611459089295,4.431908867963771,9.127576100031975,0.8276551208657069,16,kitchen tool
1812,-14.235889308341703,8.600607451582936,4.481777913702829,0.7826192881539973,99,
1813,-10.102032828786003,4.603785742258226,3.5488114819153433,0.7637044651056353,19,office supply
1814,-11.423646762304486,13.160588402376717,3.9557820520866165,0.8461413648068137,24,toy
1815,-14.471503181107643,14.408726820770907,7.023198361161382,0.7482588106035729,99,
1816,-8.004143204605395,12.591480781103186,3.1806605327414106,0.8858876569975964,99,
1817,-14.401913345983752,5.44400841706709,3.543411061731144,0.7617800646445004,13,home decor
1818,-13.643165918052047,7.7666853966096765,2.564207561564959,0.6848244885058168,99,
1819,-12.47390454701961,8.387056869300835,2.988342319534966,0.7225151292866313,99,
1820,-8.636781554358464,4.861902419412687,1.1938025615593697,0.649435628026099,20,part of car
1821,-12.832545745048131,6.638701951691824,3.681556300616823,0.7458873722078694,20,part of car
1822,-13.440630419095486,11.230119121572345,1.9923081336110318,0.8205021648860478,99,
1823,-8.181700832060546,8.337651410863188,9.515595001252747,0.799042241373386,8,drink
1824,-9.157728624261456,5.5311161045649415,7.695707840679009,0.7672961170907258,6,container
1825,-9.712939896661352,7.901304720812851,9.48645137667721,0.73539201092145,6,container
1826,-8.565556160410457,8.579589905691707,8.845184701886463,0.766109528588258,6,container
1827,-10.033564842308024,6.070555789939632,2.000667562679156,0.8286022195124504,99,
1828,-9.358472464705756,3.5213054884056576,4.110640369500427,0.7970916792631024,99,
1829,-10.10537786197287,3.533727481646657,2.8499410953660904,0.7608429538270559,23,tool
1830,-9.6982842511427,4.867172013367682,8.884107872262138,0.7608481060125983,6,container
1831,-4.748321928761262,9.049583464714447,-0.17328053943203192,0.8379997738346707,1,animal
1832,-7.3005627257701775,12.166522014952792,2.3814424872290942,0.8551180504349819,99,
1833,-10.934100706604852,3.4677479095388186,1.235835503106897,0.80166909165167,99,
1834,-10.894805010657137,10.846866963722205,2.4461756800589805,0.8202534851042554,99,
1835,-11.340269179294832,2.907585833944361,3.0707577704943074,0.6920670524032128,12,furniture
1836,-9.61400639660955,10.894840491152713,1.4379309969729144,0.8576510084174952,1,animal
1837,-7.70655613573658,4.317313893251263,9.196551756752879,0.8284816339623488,10,food
1838,-10.18702265295797,5.973955162243985,4.094711084467801,0.7804281672542265,99,
1839,-10.883098412986229,6.829652114376488,0.6707196227363976,0.7433390075458769,13,home decor
1840,-11.150206744941782,6.696890540230789,1.0489605407727007,0.7213864778123692,99,
1841,-10.74541045342806,2.2379258697948865,2.8667543273940574,0.8316944742249621,23,tool
1842,-8.72040342168709,12.237925280255793,2.769041918755158,0.802362077971834,3,body part
1843,-10.849125384546985,2.8692697277541077,2.6392206447435815,0.7992990324102066,18,musical instrument
1844,-8.33823245378984,6.16175865647786,1.6668973959460651,0.7078021197561754,26,vehicle
1845,-7.86698731192087,10.720853465207437,0.8994284925411485,0.7610259035471744,1,animal
1846,-10.076980312246116,9.07030173722913,2.47369558291298,0.8392366699286723,99,
1847,-15.058539028792103,10.880962015606647,3.5327416013199686,0.8031291446876105,24,toy
1848,-8.340691107304508,5.917666873544472,9.82309152987587,0.7658811531774898,10,food
1849,-13.817713435599787,8.7705254034208,3.177602002662419,0.7226549088779289,99,
1850,-8.339276649046615,6.398024841044424,8.857010873771364,0.84315811785324,10,food
1851,-6.207225310645979,8.302914498641782,0.35366198473460136,0.8001629173143788,1,animal
1852,-8.59165346969086,5.1093214572280585,3.01842503954671,0.7974675868500317,99,
1853,-9.687687777468858,4.348452620216247,5.585066436599284,0.8232370288350045,10,food
