,0,1,2,bigcat,cat_name,cr,radius
0,-3.7614872671200015,19.30509292759825,13.653060604596005,1,animal,0.7797390820360361,23.942461512481987
1,-8.105233799099627,52.75588978289798,39.952770835378914,13,home decor,0.7984847327250593,66.67160279420055
2,-7.722493316785251,52.2884646433165,38.62474039337661,18,musical instrument,0.7528452093783106,65.46442551675598
3,-7.315391716032814,47.24941997167918,35.072683067455394,99,,0.7618513406522875,59.29684427665008
4,-7.045226212338438,39.68312652477723,30.158512020268397,9,electronic device,0.7944662057985066,50.33807297107401
5,-7.228932793116333,47.85707167850383,36.18326003879558,12,furniture,0.805999844651182,60.43000153900335
6,-7.631427348086754,54.28936417648001,40.28250842992659,23,tool,0.7251907697869563,68.03127392209193
7,-7.384575455161058,49.53595839582522,36.4930473014163,20,part of car,0.7951560114950681,61.96842446108584
8,-8.780066344989084,59.2045983127448,45.40459938534869,26,vehicle,0.7435045885816449,75.12557268826562
9,-7.945866505103795,49.63072389891146,38.05222632258571,26,vehicle,0.7626539564322118,63.042188075543486
10,-7.094196435319582,49.59916217883884,37.79701101018456,26,vehicle,0.7905644443789653,62.761600945240964
11,-7.037340951915434,41.26880829138535,31.490232396466,13,home decor,0.6915167869055066,52.38581336438386
12,-6.3095117623947425,34.7632321350597,26.15983513521215,1,animal,0.8363870150806295,43.96167901089908
13,-5.770339279649992,39.205363089002326,30.29520522419371,10,food,0.820347729377413,49.881427103870955
14,-7.130349350010558,42.23792239164347,31.610133118328275,21,plant,0.7518986941243039,53.23612012134362
15,-4.798689644791032,27.395823278711337,19.956946038813193,1,animal,0.8132426873349942,34.23212308083605
16,-8.081916852565772,49.73751345505755,37.36902180061186,99,,0.7450487333383564,62.734212476434436
17,-6.519720962865867,37.918486059240884,27.97339866447383,99,,0.7671410703118021,47.56920620842925
18,-6.708316354438912,45.01742143707243,32.9361180901218,99,,0.7793528366816241,56.18147039728196
19,-6.4029505065064445,46.00056005037322,34.919013932790506,26,vehicle,0.7523692131061679,58.10668493534269
20,-7.085164768564386,45.16144146111558,32.79716576169023,9,electronic device,0.7503827045402132,56.2619714962359
21,-8.098712132087298,52.70025757733177,39.83797100603883,99,,0.760987919409889,66.55802146092928
22,-2.3108409865549744,29.244164414554803,20.84129864816791,3,body part,0.8365940917408214,35.985008930286256
23,-3.7390251384002156,40.74514802012722,29.628715561182666,99,,0.8637443554163707,50.51740474305004
24,-6.211836016629126,30.716380172802833,22.861956338844376,1,animal,0.7547192904467438,38.79113255960532
25,-4.611486726669054,24.87209716106731,17.758502284131108,1,animal,0.7807796539898186,30.907142061266473
26,-4.724535612794182,25.81578500927189,18.66504019282025,1,animal,0.7213829798072418,32.20496417947245
27,-8.643611631332051,55.159014678166805,41.93250154909663,99,,0.7427858388224243,69.82523618624222
28,-7.456482360494593,46.601804133899975,34.63589397117873,23,tool,0.7379074854388374,58.54034872555406
29,-4.607608842024531,36.33250604145519,27.31496240872475,10,food,0.7514259463110777,45.68794398836006
30,-5.042841523839709,36.460146156414694,26.21491813559499,10,food,0.8265585952093325,45.18843260434721
31,-6.314985571284929,37.932878877784766,28.92677026853195,21,plant,0.6634847776082441,48.120062145540196
32,-4.2723310645359165,32.41170519057128,23.825860281764097,10,food,0.8204776639761957,40.452973490852905
33,-5.762486659628027,43.65660666675558,31.921142819301945,4,clothing,0.8204058310950777,54.388095361471066
34,-8.72833140600285,46.90235947713401,35.404051069709716,6,container,0.6884195044638517,59.40927474563153
35,-8.443011036184872,58.7260592962248,44.89057902507317,99,,0.7091216650057741,74.39891505275591
36,-4.349902024301672,40.24417469780397,29.44819118214197,3,body part,0.8251103855218805,50.057079505584156
37,-5.784278124839125,43.107157425665456,31.219412151608125,4,clothing,0.8255687669198581,53.53817880576976
38,-8.84974959255161,58.99050607187577,43.376122403174236,27,weapon,0.8159023739227937,73.75422611079337
39,-5.801052931750315,34.927304151789954,25.819040660143262,10,food,0.8075332676084237,43.81999145411537
40,-5.563162703916711,33.44802564005465,24.77466441619284,10,food,0.7882286857834038,41.994085243317
41,-5.776570129474091,41.72327330671536,30.413910616258043,6,container,0.7826210779562147,51.95388586873298
42,-6.3028556245561935,38.72015240468577,28.839593105729797,10,food,0.8175056245355452,48.68981743414274
43,-6.238357473512897,42.20975515637735,30.62960583618113,10,food,0.8171612926547138,52.523835427436936
44,-7.861857621333831,53.99701723023638,41.60834201075492,99,,0.7950330257627584,68.62026522758799
45,-8.35451882378379,51.90471036532511,38.89396163591621,23,tool,0.8317437765969407,65.39600289483576
46,-2.007883535390955,26.436416822996,19.5264957514821,99,,0.8649896259588173,32.92718887277699
47,-7.737746154447608,44.351566440566174,33.00731224975323,99,,0.7595028308803852,55.824876383520404
48,-8.034073580904,54.613003095232045,40.957810210407075,99,,0.7759221079108509,68.73622525724649
49,-6.79789603665891,53.966085378671146,39.994182269634784,6,container,0.7586346533028325,67.51358661069649
50,-7.855232549239568,53.33172486346122,38.61260446558451,23,tool,0.8030283817999511,66.30920583848247
51,-5.674167894632702,39.30459946228427,29.519497237756877,10,food,0.8386790793308543,49.48179905133819
52,-5.701903874341024,46.41526454181762,34.74537694593453,99,,0.8093417621254789,58.259159875458344
53,-4.385622441703329,23.317523291972023,16.565405736337542,1,animal,0.779213680869929,28.937056586361965
54,-5.802942080503487,43.2221633212724,32.165270292636144,6,container,0.7891456960745815,54.1888747987884
55,-4.833909184747926,36.885997555120454,26.734191010737643,10,food,0.8156871869524309,45.811139067276514
56,-6.717024803860682,53.69833273679581,38.82281690580549,18,musical instrument,0.7654029441235759,66.60210562308832
57,-3.917614114635528,29.176044620584815,21.905562644132765,7,dessert,0.8040352260446132,36.693908960610514
58,-7.12680686376481,49.79889199794372,38.05541621064368,22,sports equipment,0.7888944969548628,63.078805658173245
59,-5.592936190465397,43.32466136193307,32.16430722796035,22,sports equipment,0.7860352151020906,54.24804030388025
60,-5.7744625868081965,46.52086476435191,35.656398951170786,24,toy,0.7961419311674186,58.89748774569778
61,-6.384214871980836,35.92685737316346,26.109964301354154,6,container,0.7644093597619754,44.86900395664293
62,-8.26854828809931,49.204106462982814,36.95603985714856,21,plant,0.7731107416524674,62.08994979492518
63,-6.475121933351902,44.279202043658486,32.44528638565643,10,food,0.8145355217547103,55.274510819383714
64,-6.46110254187243,43.10681336332485,32.3395453261404,99,,0.8331194877109437,54.27512686579924
65,-4.193764499167179,34.21049981885181,25.99172762401215,7,dessert,0.7974938719385984,43.16845912713322
66,-5.9759311745572266,39.56524119378117,29.080031629762196,17,medical equipment,0.8533712702813668,49.46481884848152
67,-3.668757264229132,37.123357217582644,28.203693359722,4,clothing,0.8461554760335249,46.76592509613497
68,-6.71830485276951,50.68749948377748,36.403871281970986,18,musical instrument,0.7209028178853369,62.76623350438515
69,-6.671855325899097,42.57323897727451,31.569700818811537,6,container,0.7866108178076415,53.41947529033885
70,-6.756208393033179,45.632819566329815,35.056409632550526,99,,0.8372539503674096,57.939213230319986
71,-8.058884815898168,48.735077809684405,37.697749679526574,99,,0.7623180826936125,62.138343754015146
72,-7.409568246936049,52.73492395131748,38.16528016675425,22,sports equipment,0.7873816910161584,65.51688725789775
73,-7.206422314925327,41.59901533465911,31.0904686417412,99,,0.8176916040045575,52.43117240494771
74,-7.552286037877967,42.57507505440804,33.331910948435436,99,,0.7701270682030154,54.59569880275217
75,-7.00090363195702,44.99498881733265,34.90692796110423,1,animal,0.713455250696459,57.37643497131518
76,-7.456670337151149,44.1561138684683,32.92938838460216,6,container,0.7818442515473123,55.585150389884355
77,-3.890401682252021,38.039211157897505,27.752902797550824,99,,0.8563788023332909,47.247649935787145
78,-6.323204833495202,48.80749797134479,35.53571516756607,22,sports equipment,0.8062906233477479,60.70372171506083
79,-7.745017496628191,52.704945096607155,38.98024797729851,22,sports equipment,0.8071709625063285,66.00951648081613
80,-6.704770274572292,53.571700123268315,40.12195696121945,22,sports equipment,0.777232731821949,67.26553671034017
81,-6.043516147629456,33.267301289987195,24.939784435519616,10,food,0.7288439165971375,42.014643521463185
82,-7.565530655110977,47.42837239586425,36.32485276987395,6,container,0.750885376093977,60.217793806874234
83,-5.264186823615293,41.51734115047013,29.572732585168353,22,sports equipment,0.8086267859720019,51.24400249465613
84,-6.75889338770811,49.07368356464366,37.56483762780541,22,sports equipment,0.7100569791650336,62.169333955195036
85,-5.866523853463421,45.453063317855815,34.42958310477893,12,furniture,0.7619022498570481,57.3218392924472
86,-8.089295358143803,57.60666443023937,41.566213535658896,18,musical instrument,0.759348673586241,71.49625580309423
87,-4.265224306161816,22.138869509785675,15.923875814405411,1,animal,0.7979304912634764,27.602382188966896
88,-7.5083304550184735,54.50379960110348,39.937347073952175,22,sports equipment,0.7302228322506259,67.98551969709669
89,-6.149835389845589,36.02159991332781,27.263989496597144,99,,0.7516862233904059,45.59277638956214
90,-4.023263551223837,33.273131603769556,23.647511208365508,4,clothing,0.822043802735997,41.01819989558473
91,-5.790328936226672,32.609758817779536,23.933147989319853,6,container,0.7868906994268036,40.86220566761098
92,-7.6565312673726735,50.72572004212978,36.114044272378315,99,,0.7830712451861361,62.73711292805944
93,-7.813055291127511,52.49660169086908,37.297410761381215,27,weapon,0.807895001392697,64.86936003673205
94,-8.185613523263891,55.718653995035844,40.567701877034885,22,sports equipment,0.7707799598043501,69.40685202020579
95,-7.213021247788728,53.738918600959224,39.24622799169686,22,sports equipment,0.7968352583564395,66.93403812334815
96,-5.458698505802998,39.6642111118902,28.95653568146829,10,food,0.8029628746754534,49.41182035887765
97,-7.610022542003564,45.02857469031081,32.25446229235151,99,,0.8152164886468304,55.9091702630206
98,-8.075617360700788,58.309539548445215,42.00768311117611,27,weapon,0.8031261076239846,72.31779475673424
99,-5.478632117094978,43.121587595427286,31.798888475817904,22,sports equipment,0.7530306342716097,53.85773885823724
100,-5.919648686543517,48.169014518365316,36.211345035229925,99,,0.8005449834718129,60.55210739109793
101,-4.8505620418572635,30.754132996044397,21.048964315703735,6,container,0.7610230138772341,37.58195773538231
102,-4.945851409987611,34.65215006963881,26.336572062822388,10,food,0.8158888345123164,43.80465704281546
103,-5.0418565310818355,41.951854748890824,30.594436192985707,12,furniture,0.8293577110830803,52.167019850847524
104,-2.9785310276214045,35.306572862363815,25.423539642604208,4,clothing,0.8598406892366053,43.60942675989878
105,-4.39023507847987,22.03254369446445,15.926841779933152,1,animal,0.8131854241409895,27.538544529001975
106,-3.146511387644347,32.14827405118961,22.997511739726157,3,body part,0.8892157258547346,39.65220806716581
107,-4.145608685419653,20.678422697452056,14.874975741063022,1,animal,0.7771789288680178,25.80790847636322
108,-5.79035400318876,36.75033686390705,26.843880733251222,12,furniture,0.783240404047152,45.87711185235952
109,-6.209769910978979,42.24167843116944,31.457736279531417,6,container,0.8001298888728533,53.03310108660602
110,-6.75428419135549,40.06588809540111,29.35384194056059,12,furniture,0.739768260551316,50.12528085190358
111,-6.435245953149063,37.34191237006556,27.545538345119137,1,animal,0.7645790069216878,46.84642454503444
112,-8.57860965184601,52.439120398975504,40.775622254168795,99,,0.8081771574266886,66.97839399382207
113,-5.655800542925947,42.59297327215877,30.976013488817415,8,drink,0.7918609982130597,52.96850822520483
114,-4.867446905732256,35.91141065874343,26.478017393217453,10,food,0.7826807489965385,44.882144110509685
115,-6.2542455950075535,31.365158472821385,23.28944393301426,1,animal,0.8350173384992922,39.56370751960546
116,-6.750582741300219,47.616724505521454,34.36869920744938,18,musical instrument,0.7657189580620827,59.111169039311
117,-5.248896402281407,36.809451042938164,27.741093886651594,10,food,0.8196554270962855,46.39024562936009
118,-5.428889398942862,45.38060494825587,33.251174983001,4,clothing,0.8158603591530422,56.52002108391124
119,-6.123097268653078,47.45869272650807,34.13062771164126,5,clothing accessory,0.8059146087973517,58.77686265411885
120,-8.11733703685236,46.19096461402745,35.982777016392845,12,furniture,0.8130257191994997,59.11223743317149
121,-4.809359297093916,36.53487128015633,27.594314069839868,10,food,0.7951923076923076,46.03664763306618
122,-4.118645549590806,38.01165966433611,28.052958728599283,99,,0.8101352374493253,47.42170394480755
123,-6.456177914105363,50.68566183752314,38.01109937657569,26,vehicle,0.7057918170604446,63.683296279183324
124,-3.430351183718996,35.32890290127385,25.68719994005347,4,clothing,0.8874203371154591,43.814734167989215
125,-7.60026928127534,44.17792418149123,33.61675292895859,6,container,0.8054367870569964,56.031590693287754
126,-7.710510678177622,41.13120501150907,30.07302022706218,19,office supply,0.7863576778050464,51.53265514403824
127,-8.542930395802445,57.30874594867023,41.721846075339016,99,,0.7521085066852226,71.40018530711971
128,-6.1455378024677,35.56911046694014,26.754296662382746,1,animal,0.7413489424889212,44.93018633602286
129,-8.197621756509195,49.29383177983881,36.31608945161987,6,container,0.7515266947711645,61.77330497115963
130,-8.048945217106299,47.93953889133076,36.277129333134546,6,container,0.7401486350826966,60.65488455907211
131,-10.01210922539557,57.200050140185446,43.578396514054155,13,home decor,0.7606118866584358,72.60278720488014
132,-4.141488191032538,38.03738546666078,28.252429372444922,7,dessert,0.8029860128223416,47.562531293243715
133,-4.605580799117715,35.27145380222249,26.07954604803284,10,food,0.8313133606027372,44.10702381583893
134,-5.001315786621916,28.449749881283267,20.769603274600986,1,animal,0.8067885690137169,35.577771825810096
135,-5.942094664208912,37.32616310935559,27.791448197157592,10,food,0.8017524031928307,46.91391621214256
136,-4.682999434256959,33.06430754437482,25.90694955380111,99,,0.783035743674383,42.265221545301856
137,-3.3964154875104238,32.01250511940322,23.51906185400656,4,clothing,0.7325663386544959,39.86831314059079
138,-6.7177342370294335,42.1222300931765,30.697591770525634,9,electronic device,0.7414925334347757,52.55237731836405
139,-7.431022351016194,50.85442888854817,38.4264314363656,99,,0.8223372833128931,64.1715175424067
140,-7.587269700474306,40.9783920535757,31.675284965186577,99,,0.755334955776844,52.34614555466398
141,-5.518967248607788,41.992668359227316,30.90656674311733,99,,0.7399041521850453,52.4314701612116
142,-4.900699418243459,42.672947040139306,30.513030739245274,99,,0.8303674909035093,52.688160992509815
143,-7.210462510406292,39.2821451341965,30.06900954416408,99,,0.8183656373579353,49.992229705476056
144,-2.791578978126244,29.912884947742754,21.643828656989985,4,clothing,0.7780958963330706,37.0274076600179
145,-9.238879287935884,58.73598126033428,42.82272855919683,9,electronic device,0.8450875387971435,73.2738593658478
146,-7.11100097383568,40.42462941279174,30.04232922656417,1,animal,0.8152041865580113,50.86510142886486
147,-7.832563530608003,58.34231489824878,41.9364228818373,27,weapon,0.7949677850982446,72.27612554136891
148,-7.2874496583219175,48.110284455340576,34.34032549376986,23,tool,0.7999178376791617,59.55639636440759
149,-6.149434922612882,42.11538232457975,31.603255590942496,10,food,0.8147679402536182,53.01213768713174
150,-3.9996947445790516,36.51651476336676,26.619671279577705,4,clothing,0.812255576401918,45.36584957372418
151,-4.09982162214777,21.809937117612428,15.738665487006642,1,animal,0.8168758454140356,27.20638685528699
152,-7.443702881820189,38.056754943987684,29.706396449224425,99,,0.7480672321634292,48.848698032373825
153,-5.594561333192496,41.991190678022335,31.902911505917796,99,,0.755169724296064,53.03164124957198
154,-8.44700029441933,54.11408672611501,41.87500587408174,26,vehicle,0.7342169340085573,68.94347186739145
155,-6.065326254462385,48.225429980019435,36.91724616953567,22,sports equipment,0.7768454820287822,61.03575463671211
156,-6.051719477488308,36.205913682776874,26.864421465764437,10,food,0.8057252929808244,45.488335152312686
157,-4.898849157805167,42.80928532443482,30.54622362347572,4,clothing,0.7637236070162899,52.81766192018712
158,-4.395073548000814,33.54768178313808,24.538531328266675,10,food,0.8389753467070092,41.795970430932165
159,-7.361450557999327,45.41519021378571,33.645312529350896,99,,0.7898394830102148,56.99769742428112
160,-9.100410852297925,57.61084854282571,42.47040891746887,27,weapon,0.7936801089368485,72.1495875325843
161,-6.945992500718233,48.02538508867866,35.00876550696385,3,body part,0.7775878329344312,59.835592142616036
162,-7.680236818064493,52.3448994234077,37.98426731234318,18,musical instrument,0.758592312812467,65.12894208018248
163,-3.4573920447881163,37.32749557192321,27.691102618638322,4,clothing,0.8359625807796541,46.605714774684756
164,-8.41079470600967,49.46212211743619,36.58889405506778,13,home decor,0.7880499107954181,62.096619554689006
165,-6.710091189386793,39.802734914995035,29.99851473379343,99,,0.7579507690703644,50.291091822676435
166,-5.801543803853274,39.08596575684268,29.247103888571786,99,,0.7564864027322036,49.16059108190236
167,-6.797938536769881,38.027407520307015,29.94842970022665,12,furniture,0.7810911041256298,48.87948580513733
168,-8.91814155208172,62.7388854173105,46.84844716923417,24,toy,0.8494199470443613,78.80658598313917
169,-5.978793894937557,47.80522933825789,35.19812603404028,4,clothing,0.805784743088177,59.66568532104328
170,-5.550332026328574,39.65725707809807,29.51389804518306,6,container,0.7810316650496368,49.74509425443185
171,-6.455282927544221,44.56770892074894,32.30601866727681,16,kitchen tool,0.7876851569052365,55.422289723988186
172,-7.378333270672826,47.38558110653552,35.65217533960985,99,,0.7394831901089925,59.75709752910911
173,-5.744248500032788,38.166024012002964,28.42231092314451,99,,0.6915540939637447,47.931926081963525
174,-2.9353736742895675,36.9896739481886,27.59073922634108,4,clothing,0.85021565208208,46.239607356215416
175,-8.728799320777764,61.47900934366488,47.21252930740681,27,weapon,0.82885189374931,78.00566294227356
176,-5.145464536969984,38.13621120911146,28.58935780254862,99,,0.7645208721605491,47.939522215488566
177,-6.226738937937833,42.52524003109837,31.2437292158261,6,container,0.7545982490623057,53.13510076037899
178,-4.942030078936849,43.56785890790911,30.34726430124928,4,clothing,0.8143809247398319,53.32483888105496
179,-4.382155626073966,38.2546715297493,28.12800940010189,22,sports equipment,0.8316375781421159,47.684463870241466
180,-3.2613831553780868,36.60915342632879,26.95681256859431,4,clothing,0.8371528810988743,45.58000086152905
181,-8.025603315494157,41.0337049962935,31.308997948329335,6,container,0.781539603686923,52.234362318582995
182,-2.2104230045797317,27.952339738044024,20.0585841926463,4,clothing,0.8617610124086375,34.475586528784255
183,-3.9412323326863627,41.51532143539201,30.403964689700157,22,sports equipment,0.8304005095056534,51.60868429863976
184,-1.9480221325033507,29.818937728637867,21.857654043891046,99,,0.8683954613091207,37.0232478018276
185,-3.799078026406531,37.032274963673906,27.28024142534087,4,clothing,0.876400958480324,46.152290897210705
186,-5.504951137918809,45.0212148720853,32.5382466652381,17,medical equipment,0.8617534698327383,55.820710956035185
187,-4.340256741348224,45.68749591443288,33.24949311785534,4,clothing,0.8214069348376154,56.67198517880284
188,-3.750414085710153,40.25193228276197,28.980292701676913,5,clothing accessory,0.8307190225033616,49.74073806634976
189,-6.978455542970836,39.406262766006506,29.797939264135408,99,,0.8081004349838873,49.89458458929059
190,-4.393160316923316,40.70872538269039,30.273363860690925,99,,0.8573075732231777,50.92127982774272
191,-6.463868182472811,41.83523274090058,31.321624681367652,20,part of car,0.6892734649063574,52.65940051924407
192,-8.238919049640275,49.16991720277196,37.681039410797155,99,,0.6750614672304355,62.49336985562567
193,-4.897730800197859,41.577320117672116,29.6822719601875,27,weapon,0.8588819342830896,51.319573106926
194,-5.610683044096289,37.5982753446774,28.255979523598207,10,food,0.793818392775389,47.36570966377984
195,-7.109352288832981,42.260165946878544,31.729176570559837,6,container,0.7806736542799262,53.32171379157098
196,-4.1685925483848765,33.07016637181768,24.526941206883773,10,food,0.8378911971820013,41.383377250534835
197,-4.966074746640479,35.28817569717184,26.290455164581786,10,food,0.774916219687623,44.284368293841275
198,-6.978996692631326,49.287452346839,34.87597210043244,99,,0.7722594478692041,60.78069416869
199,-6.5751095567192195,42.47094506773663,33.66165234485814,99,,0.8462606463913085,54.59047608526286
200,-7.213115744207285,42.72398499563904,30.83852598633021,6,container,0.7988687465508009,53.18254053405577
201,-5.223936868138888,31.877343302380492,23.614537284556068,10,food,0.8510118784195034,40.013758928446244
202,-4.9880960068063365,44.10082716720461,32.24459796970658,5,clothing accessory,0.7918821106681215,54.85871085646085
203,-7.621920089579941,48.47727513992663,35.765204476974226,23,tool,0.8096880418336446,60.723057582139816
204,-4.5259850678206455,33.11570746407886,24.977841237366984,7,dessert,0.8277516712234747,41.72561772532187
205,-6.029556836212335,46.44098253880182,33.691710841601115,23,tool,0.8289519319538082,57.6910027148469
206,-5.115245376940513,33.953190242828775,25.559874856082853,10,food,0.7978136372845227,42.80528081429499
207,-5.699109469484996,42.31999688154407,30.171581470782648,99,,0.7410484040303502,52.28562243339127
208,-5.5595268866363226,32.648432772610924,25.077901191038876,99,,0.8354534678106565,41.54190209726122
209,-7.578030067809217,43.8416317853654,32.57340369473427,6,container,0.7259559254536417,55.14110849060173
210,-5.386800334979077,35.795731966676854,25.820630000350842,5,clothing accessory,0.7741061646343145,44.46410888001827
211,-4.490389939761473,34.56908606242964,26.2543939456477,10,food,0.7468196220985871,43.64033128261105
212,-6.551253814991334,35.74424477847815,27.119836742831307,1,animal,0.7240232123171157,45.34374826026212
213,-7.899657897163162,53.65561048656233,40.883962832636534,26,vehicle,0.7308720228466775,67.91779993844261
214,-4.988744562011893,29.828983248004892,21.609615299313433,1,animal,0.7773634649839982,37.17030114619844
215,-7.21848754687599,47.67181616053936,36.56744994173275,26,vehicle,0.7102144806413101,60.51352752690754
216,-6.957425087883964,45.885871697501834,32.84160680161531,27,weapon,0.8360331934613559,56.85499206406613
217,-5.45780356419255,32.802813125650395,25.504018138163755,99,,0.715567956024564,41.907840673237274
218,-5.432446829013994,43.73805693009932,31.534289822923952,4,clothing,0.8420858323836576,54.19354700706384
219,-7.9310099060546575,46.45762079473217,35.16415077940164,20,part of car,0.7294280725576812,58.80245699010851
220,-4.590825638629008,34.661184398804096,25.411416461062128,10,food,0.8458441287709583,43.22283505890993
221,-6.336813294749824,48.15527895276264,35.953789101915014,22,sports equipment,0.7669761963327434,60.42980261870699
222,-6.222959191102001,39.2642647981541,30.40176915510122,12,furniture,0.8206655553831421,50.04673095211862
223,-7.615942891959977,51.10359945708665,38.02269690193947,99,,0.6955369646399814,64.15065037317002
224,-6.934260315375924,43.622607262158105,31.3385771728455,15,kitchen appliance,0.7846575094328627,54.15830730080363
225,-4.476307420923044,32.82573921411285,24.569739809790743,10,food,0.8179938867438868,41.24607372102674
226,-5.902379918000939,41.563572704140235,31.445111284285453,26,vehicle,0.7545929699129986,52.451536567672335
227,-7.239856284882171,41.14900069562069,31.205956483578053,21,plant,0.6898913755621073,52.148513855419765
228,-4.9987947329156155,37.69414668718223,27.965688586125943,10,food,0.8320938931717975,47.200809117565036
229,-7.582455918088571,45.34307042467717,34.19667321299518,1,animal,0.7783495294286373,57.29659791055113
230,-4.136760091365848,36.24429363016751,27.024398152579387,5,clothing accessory,0.7854904330193163,45.39911563359417
231,-6.255928791434327,41.14334631501673,29.375063342547875,99,,0.8066913100449686,50.939237699631875
232,-5.749866689805735,33.97621894311409,25.02127336689642,10,food,0.8478824550493427,42.585308987042964
233,-7.242210764510013,38.195237447642555,28.77944996954231,6,container,0.7050466809613153,48.36923113911126
234,-6.950448069063297,47.61174467381798,35.45566176530017,99,,0.7954536793483192,59.76864487723432
235,-8.872952090524599,51.44760629575063,38.9545063798586,21,plant,0.7776301669243576,65.13861404467974
236,-8.58240291681622,48.814729836181755,37.59526693231658,6,container,0.784517944851706,62.20883847587998
237,-3.490078757808185,31.72052630220175,23.996566641037493,7,dessert,0.7893155489496954,39.927529965953696
238,-5.137757384620764,38.043045574584546,27.78448670204078,7,dessert,0.7997533176663025,47.38826404110012
239,-4.915192009110176,36.83864087463062,27.689417772556173,10,food,0.7858661353113948,46.3459645552833
240,-6.459019735408538,35.24971766068945,25.774824132262776,99,,0.8074446467716229,44.14298460853994
241,-4.345500991718594,25.54856317116234,18.261169277642107,1,animal,0.8028208945998226,31.703040270084504
242,-3.029496412668718,32.10249563186797,23.146796332869478,3,body part,0.8553948966539754,39.69284891241512
243,-4.098142142185272,30.486779997283165,22.794751184104225,10,food,0.7994551597217509,38.286279594203464
244,-6.976694669949756,44.371610335064275,32.105615035056886,9,electronic device,0.7549220662561038,55.21127230035329
245,-5.76028238631396,34.85818959943724,25.939509708024094,1,animal,0.8345152370752253,43.83072437472451
246,-8.55836791102666,53.364927606584615,39.03936001603076,99,,0.7822201479745439,66.67182906008931
247,-8.287864507751387,53.21462545987666,38.45154035973185,9,electronic device,0.7611819826829752,66.17405848948579
248,-7.269616717655867,46.975365143030665,33.803733719592294,9,electronic device,0.7715344000865839,58.32859222480672
249,-6.4755799774850615,42.081109990772894,31.819352276663228,26,vehicle,0.7625694160353981,53.15283749158388
250,-6.031748047620119,41.63681609873852,29.44051692813993,6,container,0.7860639031130047,51.349298693811136
251,-7.092343174371673,45.498492921366,33.11262983693589,16,kitchen tool,0.7637369918462257,56.71737339243228
252,-6.78800613835276,45.59859039460051,33.62268452047642,13,home decor,0.7382176127454897,57.059560002442645
253,-6.069415008777636,39.79237586602664,28.915213798237726,13,home decor,0.7832288631470274,49.56168444080278
254,-6.376349846164217,42.824462795331414,30.60027186181488,13,home decor,0.7210403805427241,53.01857305781043
255,-3.7922764390913484,34.14706216792609,26.798072256036928,10,food,0.8256941965246498,43.57223762822461
256,-5.179386176259292,40.502725514908306,31.06946651796277,10,food,0.872834397986837,51.30895209424609
257,-4.49102611519184,38.49463907180801,29.953094785485874,10,food,0.8274523477090124,48.9815724539791
258,-8.302220102112083,61.56790216315511,44.851705725150204,17,medical equipment,0.795322411328509,76.62381445641573
259,-6.701164167948973,41.0932306070533,29.601675312284744,6,container,0.7975683345323912,51.08638159259465
260,-7.518649230914549,49.44790025287313,36.961803738321365,27,weapon,0.7954397227641846,62.19163819409978
261,-7.719380115537572,51.60768950661978,38.54534364850261,27,weapon,0.7786572287896101,64.87438602839329
262,-8.544698217893668,54.96100617247577,41.49690340356048,26,vehicle,0.8096292948613414,69.3953677071476
263,-5.763314242646086,38.85811012161572,28.551392484603756,10,food,0.819222359550196,48.562851296984086
264,-7.514573719902095,40.505594063050054,30.59587473984966,99,,0.7536085693557818,51.31549005601534
265,-3.991615081956547,33.412057694875706,25.11699411574908,99,,0.8147471109161709,41.99002243127264
266,-3.5848812716486944,36.77835914488,27.98872570891275,4,clothing,0.8148443419367682,46.355882495432546
267,-6.276972987256849,43.82491616196321,32.894663679613046,26,vehicle,0.756563173668437,55.15507741886245
268,-6.415127279205521,43.041721887528986,32.04788893435124,20,part of car,0.7641120346062206,54.04452669975297
269,-6.85052201648461,47.5232080806603,35.615212263284754,20,part of car,0.8032849589047504,59.78150468777869
270,-4.852830319617848,35.627002600415125,25.998942861257927,7,dessert,0.8455446403016336,44.37091734801009
271,-5.656749174254367,40.59877431038257,30.313199910346672,99,,0.8234258597976246,50.981853394423084
272,-6.942920546108254,37.08152726264739,29.055800063525222,99,,0.8179271270734686,47.61809873537147
273,-2.4342748309924027,28.341231563370492,21.345886846283502,4,clothing,0.8225730792024576,35.56399844977685
274,-5.092906110999028,30.86789450302751,22.996376155890104,1,animal,0.8114230150109484,38.8277982894817
275,-6.168597160541742,49.9019635389993,38.49162047024112,99,,0.7708322535534675,63.32347433931389
276,-6.274658947553739,48.69395644329091,37.310387087837725,26,vehicle,0.7572996363392706,61.66472025115752
277,-6.404138003402357,43.62079938322691,32.64614619755215,10,food,0.854378794588727,54.85943842175474
278,-9.070800083463649,60.98940407215537,46.61532669872195,26,vehicle,0.7086570146624034,77.29796573299575
279,-6.793031902913664,38.46323184029664,28.68610437447405,9,electronic device,0.7757643730729007,48.46089217314959
280,-7.5411418871963,44.234541089055654,32.36199887785834,99,,0.7360727784909429,55.32506138896444
281,-5.180427495427374,36.905792447310624,28.18788379898011,10,food,0.8324921152569899,46.72719912710535
282,-3.6787824269765115,27.723695189091387,20.741971037686284,10,food,0.7749576248051859,34.819047626419895
283,-6.697597419810512,41.30394606035347,31.151772776209384,99,,0.8191027956413665,52.166145328699734
284,-3.8087748082159414,21.9341913956216,15.609180315545268,1,animal,0.8403844016488433,27.189373436007436
285,-9.128684742053712,60.269817799636606,46.170191167028065,27,weapon,0.7466059299936215,76.46875424067738
286,-6.521277950633847,36.73743354881642,27.168368913419354,1,animal,0.796544143900837,46.155025287380965
287,-6.28378530626256,33.89887018354197,25.4922621374888,1,animal,0.8555502371178031,42.87743913041306
288,-5.650111768119664,38.815627210208895,28.547241400541903,10,food,0.8415133092463806,48.513108231641546
289,-7.041724492199338,47.27337046933537,34.720044624038295,10,food,0.8255039438520855,59.07485876453942
290,-6.951317936496994,44.49688938015612,31.770386586432956,9,electronic device,0.7994120979087916,55.1148931724948
291,-5.892247276886423,37.62132949692707,27.61837600865643,10,food,0.8369833080198936,47.04102150723195
292,-7.1876933808688905,51.912647313992544,37.968635279798484,18,musical instrument,0.7876587623538843,64.71632832828762
293,-7.192482824258007,42.35087741504715,30.7070247013744,9,electronic device,0.803484467588576,52.803882366852676
294,-7.889606011867435,50.28342616734649,37.631780620080185,99,,0.7316954697945907,63.29944504328078
295,-5.676690991151411,40.68420894319411,30.075176239843966,13,home decor,0.6760376279853916,50.91115696780196
296,-7.390239039588176,44.525249802940515,32.11276731685604,9,electronic device,0.7264727816913462,55.39262882210092
297,-4.9595740056457345,36.60199011820075,27.10464604777231,10,food,0.7933877944548677,45.81446160662986
298,-6.120324329278742,46.179318762309535,34.203840482515986,23,tool,0.7941334770179519,57.79178622434121
299,-8.263842015757373,52.744660605616374,39.08616861903291,9,electronic device,0.8123836482103641,66.16659946361555
300,-7.699747540081103,48.07393165257052,36.28190791990958,12,furniture,0.7678123335667296,60.71874388544121
301,-5.659091950020703,39.31560466478151,28.096718680811815,99,,0.7059924601464237,48.653547583756506
302,-6.006066905906104,43.7042191964909,34.28555187320755,99,,0.8321431082473403,55.871555218228444
303,-7.344560827479691,40.05735336311754,30.039929918590293,99,,0.7950149274844397,50.605647132706736
304,-5.559745724562917,39.00947103362095,27.816509994934844,8,drink,0.764668550676253,48.23285012460924
305,-5.995072652877102,39.96009878037372,30.221822497662007,13,home decor,0.7397963941557398,50.45898280515264
306,-5.568746183731309,45.688591672189276,33.39188150765992,4,clothing,0.8399150767639384,56.863662330775576
307,-6.876366176951724,46.14502732826653,34.8614407685283,99,,0.7790643257539548,58.24060449019736
308,-7.24612793030817,47.29010432701933,34.448265219237214,99,,0.7788679742980023,58.95373876063903
309,-6.372771830739643,51.7855733603237,39.21369490676133,26,vehicle,0.7575891694954596,65.26922473344307
310,-7.008671057401348,40.58952009999974,30.253150961377628,99,,0.7457653671389232,51.106592089778815
311,-7.527614159696727,53.370109727767236,40.41963512432859,99,,0.8197012746916471,67.37047195081121
312,-5.080017327053741,38.31065922272026,29.30445100154735,7,dessert,0.8030823092183812,48.50014468663631
313,-3.651221487307248,28.206152026003984,20.85569909810616,10,food,0.8439307664355803,35.26866336188783
314,-4.418167831043429,31.528295417577887,23.489257557330664,7,dessert,0.8085201120374421,39.5638577430961
315,-4.153018733515123,23.225664991868783,16.596292226803953,1,animal,0.8235210997918796,28.846420828118696
316,-4.751926279742859,35.66162070801421,26.243254701549606,10,food,0.8169013326799845,44.5313419090508
317,-6.569804524302795,45.56588879875796,34.19506555286634,99,,0.7950737247822407,57.347319568338605
318,-7.393400862433001,45.53750000959287,34.93910066324674,99,,0.7675769462780241,57.87112439371456
319,-2.853634803367798,31.508315222103047,22.380160111451485,3,body part,0.8746419666280295,38.75291893961804
320,-6.90610376203647,36.8944494301187,27.428521603817874,6,container,0.6970687385217046,46.48890690578457
321,-4.499321174317236,24.627713213838234,17.505010916347633,1,animal,0.8175600605514105,30.54821690957054
322,-7.835082876857898,46.79793240736175,36.4995175449679,99,,0.8304843815641426,59.86359312893481
323,-4.943275116755869,36.893558167316506,27.132782349433867,10,food,0.7952430562399367,46.062549659640574
324,-4.81242445357373,26.689039616260313,19.295164083396145,1,animal,0.8078881957641357,33.28314320740827
325,-5.5029576626531105,38.41835830671624,29.83244960241343,10,food,0.8510214821417318,48.95128034383496
326,-3.174393755373227,20.046610167824646,14.045723674285076,1,animal,0.8414892821302352,24.68249801922924
327,-4.793471795431391,33.496534795427294,24.924296078452656,10,food,0.8022253183884397,42.0263697000019
328,-6.95791725048029,47.86412756748352,35.993622044213275,18,musical instrument,0.7547590695527452,60.29036530095454
329,-7.813844726897135,50.3355961928977,39.08792880422674,99,,0.7868221638074163,64.20743408449535
330,-1.8384150161651365,26.41119717163372,18.700530307707204,3,body part,0.8723126805443879,32.41359189599403
331,-6.3183582457282474,44.44564930736529,32.7282642581847,99,,0.7076806118223261,55.55606784706989
332,-4.172780382122292,23.621692941011002,16.85557092192142,1,animal,0.8171262001749807,29.317345456585194
333,-7.124616860247807,46.390372435916674,33.98676399445809,99,,0.8116035711087135,57.94762244444009
334,-4.19855796323815,21.23320458846042,15.19901363716881,1,animal,0.8110505949442086,26.447814306836975
335,-3.5939335891184765,29.125220648743632,22.255074947244275,10,food,0.8214570098636211,36.830465614603035
336,-6.915971338403383,43.89923573905232,31.97960801686915,23,tool,0.7722275114577039,54.750971561599776
337,-6.509906442144534,40.066881875713214,29.657806505792703,10,food,0.8345685292813022,50.27245161977751
338,-4.912190014059428,35.70472551558444,27.481043722847172,7,dessert,0.8064310314918045,45.32289486533809
339,-9.279607018690168,59.70418800817851,44.47391821030822,23,tool,0.8171752145436356,75.02419991652317
340,-5.936415433409553,38.50040840544745,28.746100440269853,99,,0.7614445125052046,48.41343580150405
341,-7.371366977697332,45.49435680031865,34.951377649483604,13,home decor,0.7868938587086856,57.84178724236837
342,-7.826672266453459,50.39742524866819,37.33383923250164,99,,0.7764477047451872,63.20579737887853
343,-6.327931562564906,45.31267151822861,32.65792001243961,99,,0.839607838113615,56.21228208779906
344,-6.235881086804731,42.12078899340823,29.755844421832133,99,,0.854164678770482,51.94667800362471
345,-6.52485564354202,46.58689897294657,34.834717380107875,99,,0.8204688298742032,58.535206773672385
346,-8.03695105830704,54.929684963129084,39.04863004947657,99,,0.7694713448725002,67.87236831880199
347,-5.494972587574151,30.086461397577413,22.56167043671391,10,food,0.7561731576740959,38.005510864360154
348,-7.419061230250556,52.84600182869175,39.55718892200721,10,food,0.8418518296318921,66.42675345241305
349,-7.405120849098842,49.19287265364812,37.6555284331725,1,animal,0.7947111210088585,62.391612868151284
350,-6.786425404207338,46.453864347618,33.155130187932066,18,musical instrument,0.7866056304710399,57.4741658519068
351,-5.1999830485108784,37.9952212841866,28.577817518894463,99,,0.8100305336703086,47.82643953173117
352,-6.666367009569961,48.11854820848334,36.31015158747879,99,,0.7990741027610002,60.6486787910842
353,-6.98382771828008,51.27693297705525,38.406314552799486,22,sports equipment,0.7635555018018375,64.44488112069578
354,-7.424115104429187,47.81520012926209,34.72126513864478,16,kitchen tool,0.792525620589213,59.55650343424527
355,-6.7265306793758235,37.02897089096077,27.64928110057853,19,office supply,0.7412917064393317,46.699824899061596
356,-8.314433912577538,50.64458938331357,38.00606530834777,23,tool,0.8147516468169754,63.862862802363104
357,-6.243338316986148,45.347617314203106,31.942443315166113,99,,0.822088417664141,55.818503691503246
358,-4.725060406523478,40.27986009813308,29.369786414572967,4,clothing,0.8479060701920745,50.07372244409341
359,-7.820314631794372,50.891772048325095,37.10155013435087,99,,0.6987360291281166,63.463807051977994
360,-5.90257677382426,40.16124977199762,30.29655911151747,6,container,0.7609964711895196,50.65222492465006
361,-3.8900926159250684,35.92609057175859,27.04555767609531,4,clothing,0.7505609378913191,45.136227072515425
362,-6.969623163101219,47.611259631520376,36.05934450107188,99,,0.7751490987771477,60.13055809305832
363,-7.925233054649751,51.045894716543046,38.1512624554451,99,,0.843673017738979,64.2184670739435
364,-6.632369933565749,41.12976478235802,31.60869144632356,99,,0.7364997682391777,52.29488748373643
365,-7.364404432331731,45.889608865326345,35.138150675438006,10,food,0.7488879853209123,58.264743090014306
366,-5.86618683152107,33.85054379552283,25.40829055086927,21,plant,0.7189443158268726,42.72999756508668
367,-6.565860139308411,42.6508460407395,32.898294650754615,99,,0.8066408354518112,54.26327467346302
368,-6.818810918423583,44.25370096640994,32.123460287654765,13,home decor,0.8174198762221571,55.10719492423995
369,-3.269475103250895,28.85315585569681,20.738494097303587,4,clothing,0.7697615683931623,35.68303809526039
370,-6.931294614315784,46.165378708162116,33.43477664545462,12,furniture,0.7237649216596586,57.42098332169093
371,-6.1850389872712945,34.59804654280862,25.1438852811305,1,animal,0.8585535977836323,43.214517223764844
372,-5.489854383597061,32.461142296145816,23.937430862574843,1,animal,0.7955357971083262,40.70460485773418
373,-5.5485249171302655,28.66849359772402,21.625284590987068,1,animal,0.8288376907172994,36.33622968278274
374,-4.4639175907643995,35.635242752472664,25.89079474837527,8,drink,0.7476930810098706,44.27335924669922
375,-5.616415365586659,40.41837535322314,29.15426615795885,10,food,0.8117311013492016,50.15137508545442
376,-6.606401814171231,37.82322794975157,28.04006275960301,99,,0.7824772181774303,47.544571057394435
377,-5.511313384356712,37.96146171503197,26.750329329725933,8,drink,0.8040064780098216,46.76566336545674
378,-5.635325241649867,39.075459661363794,29.985324515285587,10,food,0.8453316838987571,49.57588248950322
379,-6.864793563118988,42.928152930783035,31.237725616591444,99,,0.8321684644694914,53.532674194461734
380,-6.721971097240647,41.13077800494458,28.840852731019268,6,container,0.7534022509915873,50.682547104269666
381,-7.089758553942147,37.82333192043955,27.59249868511432,12,furniture,0.7506114359116121,47.352033721952985
382,-6.751235181640475,39.951671050257424,28.586604731309375,9,electronic device,0.7451633780466534,49.58738918565805
383,-8.382363194007494,52.84845505104737,39.62403721652889,6,container,0.833953792934735,66.5829372987982
384,-6.062071863212091,39.67235640603809,29.76824324918737,23,tool,0.7494122070341583,49.96791855005818
385,-5.963906438662266,42.51386776900256,31.273935053697965,99,,0.8173749947034122,53.113615452464444
386,-4.414741334881549,32.44664241208301,25.005095715473622,10,food,0.7858503541815481,41.20108441062556
387,-5.234814316079732,45.55780764472839,32.62652824111056,99,,0.795378561455561,56.27972515378776
388,-7.503402247029128,46.24421099963483,34.5242978849609,99,,0.7481209976831654,58.195835252266846
389,-6.1141582325499195,42.42801081977661,31.361388908399626,99,,0.7976111142793981,53.11361169492835
390,-7.104675948196862,44.703586086539346,31.605314486253114,99,,0.7636276183017309,55.20672905634314
391,-5.9058883529624495,37.025440597832066,27.753942977610844,99,,0.8020425622890024,46.64808805841589
392,-7.630652562291087,51.06868213371451,37.1943093993754,99,,0.7022710712335902,63.63689028462372
393,-8.358318537027412,49.016409327897236,37.4811162602801,99,,0.6960579435808095,62.26800099796862
394,-7.017103016772176,37.63358412520839,27.31925210281054,9,electronic device,0.7935265369681138,47.03049993689253
395,-7.129536328917932,38.27706956835175,28.044249408944903,9,electronic device,0.8187803239231819,47.98379172092288
396,-5.93475636926656,42.862433374081995,33.628192837307076,99,,0.7978230052074352,54.80205179930108
397,-3.3645274295448573,33.48043980638299,22.923805622776026,99,,0.8584613430268919,40.71560829318177
398,-7.765792969949738,46.14935344295021,35.94760817604692,6,container,0.8051929563039054,59.011023523008454
399,-7.689428312820513,44.27294914378625,31.72303520633152,6,container,0.7652923962742285,55.00520244820883
400,-4.557438183171551,34.24520571642183,25.68790934996352,7,dessert,0.8195325940277728,43.050819320024836
401,-6.611418245879504,42.16499857139231,32.195350318202614,99,,0.8073834839913203,53.4615613114624
402,-6.78449537403816,40.3181613098936,30.188528166297267,99,,0.7448465311615103,50.82254166940364
403,-7.911297033867627,48.789113789866555,36.55834170659392,99,,0.7644638872165564,61.4774641108001
404,-8.676325272494273,51.20424836650926,39.42091882196889,6,container,0.7825232557921594,65.20093950075835
405,-8.124481147160248,42.983234936266804,31.73265195709666,9,electronic device,0.7902783683153568,54.04189929792531
406,-6.625867532127092,39.92164783947666,30.9908215985874,1,animal,0.7109396866377976,50.97127730524279
407,-7.026035377518214,44.58645698376359,32.14864968569574,99,,0.7513022639260811,55.4152776416822
408,-3.9955952251618574,31.194294714540376,23.318172273984256,10,food,0.7724683089012357,39.15081049148467
409,-7.937386420679251,51.14429712488177,37.434282193878126,99,,0.8216532463048144,63.8753999201592
410,-6.852585446673754,34.18879025129534,26.70756438076956,19,office supply,0.7996000476488282,43.92180894844819
411,-7.168157511959894,48.1882264397129,34.46618008916033,16,kitchen tool,0.7892602832910921,59.67751016471569
412,-5.018177898925618,34.53435730592163,26.385235392151714,10,food,0.8312369600748368,43.7491095984545
413,-4.194199979924019,31.05745395041842,23.581723010985076,10,food,0.8001930759197402,39.220586679966665
414,-6.664897842266088,46.3622459656081,35.20836616964594,99,,0.8014486975178978,58.596141191713784
415,-7.077460615444642,46.06414322165454,34.62676759188933,10,food,0.7615444064462954,58.060389021870925
416,-5.823705287422395,39.63762512602521,30.156067349618528,13,home decor,0.7567532584494495,50.14424460395017
417,-4.116758172618151,31.57262328178698,23.739373735625488,5,clothing accessory,0.7759747182123814,39.71569090554967
418,-3.4927179764024476,36.39478329243159,26.44196113350494,4,clothing,0.851196399639917,45.121576195336175
419,-2.328074167525818,33.051994071386346,24.819684749004683,4,clothing,0.8165460975542583,41.39892501580729
420,-8.822892660077924,60.21568188317713,45.83634432315166,12,furniture,0.7861604610245403,76.18885903107987
421,-4.538943789511018,37.11135678054968,28.144461292825753,10,food,0.8194773348684952,46.7970673683828
422,-6.063847548602049,39.76525905615539,29.978044675356312,12,furniture,0.7857332601410429,50.16701343964472
423,-3.91803652168816,21.690952446396604,15.413644583562274,1,animal,0.8062897158468404,26.896633015407332
424,-7.0632389556862405,42.70628139315424,31.862020400671156,12,furniture,0.7788555279871887,53.74852704018205
425,-5.477739271546499,44.92939071363064,32.893900501554185,4,clothing,0.8080721100526712,55.95234103798757
426,-5.223649861056999,31.38505637966511,23.085612756635268,1,animal,0.8226635077766337,39.3097163329246
427,-3.7433159973999093,19.762659937531325,14.07822888692394,1,animal,0.7802145706414001,24.551408738716308
428,-5.905785025510234,32.32518292604455,24.256452697042366,1,animal,0.7791464069657993,40.84325214051443
429,-4.9042040836404395,34.16547570239827,25.993159894914232,10,food,0.8378458494425597,43.208509682558365
430,-5.142540646492981,38.88764470201478,29.509055818533128,10,food,0.7783509954137176,49.086444259818556
431,-8.068195618758372,54.51972146221518,41.853370608525516,99,,0.7252877803744301,69.20404930460836
432,-7.532528786408292,47.75138772551595,35.36761668335047,23,tool,0.7393284744413671,59.89826649821374
433,-7.406594157837146,40.33957312765892,31.056203475341412,6,container,0.7474236903693273,51.44537463603951
434,-6.558665329830143,37.476554012267975,28.03376269892386,1,animal,0.7963402506878043,47.25886205361625
435,-4.4429515449618275,37.55893029205606,28.731674808431624,24,toy,0.849686746220852,47.49654935268318
436,-4.721411885095522,34.678039470232385,24.260369597941928,99,,0.7999244559404799,42.584312659904015
437,-5.221935351080479,34.385857956115586,25.428173714960185,10,food,0.8045566647068275,43.084194952061175
438,-6.727880461956668,42.44745403530667,30.935106834489055,99,,0.8555920319675284,52.95310722187228
439,-4.658297748148165,34.55800964203371,24.87964512462424,7,dessert,0.8156504006241925,42.836345664126576
440,-3.919400647498113,31.61288840075852,23.406678209912354,7,dessert,0.7782317562697346,39.52984947222551
441,-5.865495974783877,39.594713083119,30.734079692158915,12,furniture,0.7829375762742492,50.46512658944487
442,-3.9461191910842373,30.868606013425683,23.044835434845734,10,food,0.8344890765876228,38.723470067924765
443,-6.800376770346214,43.97695264308097,33.17477876026994,99,,0.8114257864172036,55.50480550171587
444,-7.9234548929838144,51.51133464958288,37.58944195217479,27,weapon,0.8054995309568481,64.25857826857349
445,-4.087358490635866,31.47551451465936,24.04769370595504,10,food,0.8180871356226613,39.820925227434564
446,-6.6667996453137714,36.424840620151265,26.92462163470477,1,animal,0.775565404398157,45.78373599747174
447,-8.349703411108727,52.86152888066245,39.07263127428437,23,tool,0.7991368726124825,66.26257840856161
448,-4.208474741015911,37.48593133190701,27.334650816427636,4,clothing,0.7926023777489953,46.584218816271296
449,-6.795716388479976,48.69994076060281,36.537473083559256,99,,0.8510406087638751,61.26053322205656
450,-7.133820315154492,47.64707806882239,36.712493185416946,26,vehicle,0.7832904809436293,60.571797040162615
451,-7.265809594059391,46.20924457996291,35.51251654685027,10,food,0.7607678856154467,58.730103909309335
452,-7.462589140794083,54.641674407588006,40.755161681475364,17,medical equipment,0.8131501730350135,68.57394565308572
453,-5.686379402579829,40.59621170148034,28.078788934980786,13,home decor,0.8015676199123599,49.68707782992167
454,-5.035946579420528,33.326525493178366,25.962026598679888,99,,0.7989905547131568,42.54462227483994
455,-6.355942306237248,41.33605038219094,30.522648408815275,99,,0.6875635712525958,51.775468415914865
456,-7.859018460518298,48.481582232628774,36.51028545860322,13,home decor,0.7498329809305421,61.19827555749106
457,-6.244440163200286,38.277319278362675,28.497030814330333,10,food,0.8129841195389977,48.12719573507682
458,-6.2064815689256125,49.80191534860829,35.698525482525596,5,clothing accessory,0.8202327571730056,61.58843972274252
459,-3.7437218847142426,35.452897948919684,25.22254758601759,4,clothing,0.8626840993109967,43.67035989381727
460,-6.305248114429216,35.64524954395119,25.24169143107593,6,container,0.734692367253343,44.13029520790358
461,-4.500779297616642,34.79837469930218,25.90257131282494,7,dessert,0.7910751661663948,43.613382081820596
462,-6.796191229097186,41.596817288134275,32.5859381896667,99,,0.7520901314586997,53.275949465266805
463,-7.3952636253069715,50.07605910545377,35.436540559491725,9,electronic device,0.8190761764368037,61.790371632198415
464,-4.32545650284272,31.341238453423248,23.59708886618797,10,food,0.7205892683308572,39.46904362549329
465,-5.382431333689414,37.399815633243165,28.497334627290005,13,home decor,0.7100570106454963,47.326682297856074
466,-5.690542638794724,35.347745246983635,25.769776097714974,99,,0.7644859882664762,44.11265951737615
467,-8.520631959761849,49.70371330041886,36.53238546648717,16,kitchen tool,0.7985004346896831,62.2709841958191
468,-6.289291311520494,45.11031486657957,32.60708621307062,18,musical instrument,0.7848154994075246,56.01533507772436
469,-6.648810549859867,43.56152530215652,30.90022184315153,27,weapon,0.800143668915446,53.820413212222086
470,-6.342914256425085,40.279872089296745,30.481587270133254,21,plant,0.7103318361606418,50.909997243186105
471,-4.500671220228553,29.5318070281586,21.222100631710596,1,animal,0.8273198620328589,36.6437064583189
472,-6.5577001012515606,39.40734129035318,29.22105902587921,21,plant,0.7075659485443946,49.495578275096925
473,-8.660489733695561,57.65550165838482,42.5501517311777,22,sports equipment,0.7969166341371317,72.17808785395819
474,-7.173767888622187,51.119788680035164,37.86509512805966,22,sports equipment,0.7695936017341666,64.0192249989664
475,-6.604438868716629,44.58847056677873,32.604154381748955,20,part of car,0.7511784574341842,55.63075770833998
476,-4.8887650558776645,26.120066891215615,19.215615715821475,1,animal,0.7658427952561969,32.793258537560334
477,-6.826065563879113,39.37721802194961,28.346236166084402,9,electronic device,0.7351030937703412,48.99662820045845
478,-2.219489187209626,33.35161700381052,23.907232396095775,99,,0.8875516332191559,41.095160905658155
479,-4.231196995266782,33.32638075154398,23.682882032081604,99,,0.7946752749361939,41.10267124354729
480,-7.398367446185385,39.14110598092347,29.26038339568035,12,furniture,0.7668299086431949,49.42602608687922
481,-4.448596808440705,35.556087828308016,26.565819985586078,7,dessert,0.7550978493051665,44.60681771573699
482,-7.42939918295345,43.57702813465904,31.52013607157041,99,,0.740384112132142,54.29247029965434
483,-6.692119850753928,42.703799664178696,30.415335550383528,99,,0.7935889289146671,52.85349194232664
484,-4.582429400861678,34.47267710729342,24.686714636487707,99,,0.8138944817347922,42.647368098171896
485,-2.952851456770599,25.889098043367394,19.142845583397587,4,clothing,0.8759429905665015,32.332851192782954
486,-6.162690922724449,47.0658129688747,35.20144767071841,99,,0.8124649853833065,59.095781811771054
487,-4.374663599486157,32.5694420753771,24.328219011394676,10,food,0.8639796273300767,40.88726548665731
488,-6.643908427178167,51.080451663861815,38.18271017675818,26,vehicle,0.740760780547366,64.11921254830852
489,-5.909495392790206,44.32648507621761,32.790297799953905,99,,0.7707292861749127,55.45234931740235
490,-5.114549587611531,35.00610431756708,26.30582464252638,99,,0.8169233127117415,44.086079062441854
491,-6.874938065864213,38.193755678140434,27.759832033466196,9,electronic device,0.7866055642983428,47.71410714597109
492,-5.077969618051041,34.21332081313932,24.512703187045837,99,,0.7984648165106347,42.39351028212749
493,-7.087838046314877,36.215487848065685,26.382626770537517,99,,0.8382478589192996,45.36344347112182
494,-8.52217293767283,48.717894232576384,37.09761166528401,99,,0.784004402920965,61.82469928195623
495,-4.233893097654541,25.760499146675183,18.427995048912106,1,animal,0.8059431643013756,31.95497095243475
496,-5.195492705110835,38.00669073883457,29.167027510022457,99,,0.7961179198811272,48.18938865701328
497,-7.727566049112294,44.68575593932179,34.28246948816567,6,container,0.7698467996776572,56.84909651981319
498,-5.891972742797156,39.99078803600653,30.06601249559936,13,home decor,0.7704501305535816,50.37800688721423
499,-2.202379588128027,30.514122877071696,22.720486065173457,24,toy,0.8244231435373927,38.10751445377899
500,-7.547533700930942,49.424884689371424,38.101090128952876,24,toy,0.8062239465058588,62.86077919131245
501,-8.909799914910751,53.67066662427326,40.28673222625256,99,,0.7225071748938411,67.69745773577763
502,-5.453820053075004,31.488502867983186,23.724833966502008,1,animal,0.8176752773786518,39.80122752851218
503,-7.043166489103188,49.854257737827496,37.46157062314363,99,,0.8428340149621162,62.756852074779346
504,-4.151453853707971,22.37588151435812,16.0812362675225,1,animal,0.782437103730187,27.866122847212548
505,-4.068247841164604,32.34224586480868,23.719230550389177,7,dessert,0.8412805436433486,40.31343952057911
506,-6.337642670802482,37.19115718720061,28.697565422074703,99,,0.716676126751656,47.401457242368586
507,-7.053641584846794,42.652146942257836,30.824969194526346,99,,0.7382119597329703,53.095557481157805
508,-6.233269227346694,37.611902329645126,27.006112733191856,99,,0.7882867725897872,46.72086222527597
509,-6.0316630175838855,39.33603151710098,27.903870720843912,99,,0.7617261787207231,48.6038098864443
510,-6.656249973331038,41.950413537685336,30.447944439734314,13,home decor,0.8024929483988718,52.26107710615454
511,-7.765314982307486,45.793613993338376,34.813053291877786,99,,0.7848173878280587,58.04570508528989
512,-7.732831310842974,45.07323152223201,33.93878731070209,99,,0.8432928493308529,56.949400032482835
513,-4.9057694606020865,34.617617892707294,25.274584511553467,10,food,0.814944149575236,43.14221441694576
514,-7.8088643894831336,45.32463612866727,33.820576254648806,1,animal,0.8001677565320858,57.08881135078872
515,-6.937620915241239,42.07560925151207,31.463448246887737,99,,0.7397494398174004,52.994679482322596
516,-6.845664862530898,37.85765334307896,28.561136510037333,6,container,0.7859478216395369,47.91454437641889
517,-7.770503124983759,54.31185475682686,40.40004258156136,24,toy,0.8100129784759982,68.13458539195796
518,-3.7136417635422054,33.10740754203577,23.606854047783575,4,clothing,0.7935971780604252,40.83105591747203
519,-5.8408842860929955,32.97672975762796,25.17421879507392,6,container,0.7556807554088144,41.89656223001365
520,-7.859185320233281,48.02209921947837,34.99985587346059,9,electronic device,0.7932118371402381,59.940626610890625
521,-5.042903303787225,37.741903278291474,27.586420423531674,8,drink,0.7457865034694303,47.02013109916967
522,-7.51818126883919,50.85741726169137,36.74135089374892,18,musical instrument,0.7437413406639399,63.1896099498841
523,-7.834180816565548,52.485614501150486,38.141428032775465,99,,0.8028189936769438,65.3519904135246
524,-7.131506916445614,39.94363680541393,28.769231169837152,9,electronic device,0.7761312874117753,49.73953331350888
525,-5.793948721988954,31.343228513113985,23.399215858364666,1,animal,0.7647920765255614,39.54100552849742
526,-5.17176911012616,27.67275970940185,20.35356582509546,1,animal,0.7829263496452201,34.73897620050486
527,-7.974944770354389,45.07763603709572,33.969350265213485,99,,0.7524937807548651,57.00447151078443
528,-7.60547499099777,49.821883057586746,36.25851919988529,99,,0.782720704208636,62.08658064196314
529,-6.671401404681487,50.661440224830834,37.74521909371851,6,container,0.7605720264725894,63.52787330604816
530,-6.877189744778291,49.65984520837538,35.638792957112166,22,sports equipment,0.8334134799985123,61.51032050270422
531,-7.489451980666526,41.498720177841356,30.83906995268303,99,,0.7204301606005271,52.24254877890209
532,-4.640210421308336,35.19125812385582,26.24324838328492,10,food,0.8041092316766257,44.14367776704444
533,-7.725610754373979,42.9400462513477,32.25358057754864,6,container,0.8039110860103892,54.25703727322753
534,-7.442467149025085,47.96911598888722,35.14115824193386,23,tool,0.8010114208284941,59.92768482599898
535,-8.066838786626134,46.63014148261771,34.497901956673964,6,container,0.7985797480917023,58.56235328357844
536,-6.697912867176446,43.55497639527393,31.847510917821324,27,weapon,0.8611556271807708,54.37059827912422
537,-5.385741171996332,31.759641388451055,23.92252979111916,1,animal,0.7808778269304587,40.12441227858339
538,-2.5123688621785742,31.950741180964563,22.82695090812651,3,body part,0.8889417528698659,39.347573585605595
539,-4.065845830683834,45.69577535400593,32.91490452036709,99,,0.8301815570754697,56.46260644982259
540,-5.6216997952275625,48.46395909618152,34.95895407972841,5,clothing accessory,0.779563935342578,60.02072400606791
541,-6.6116505595618165,34.06816338719734,25.2241134274967,1,animal,0.7858384368821708,42.90232601971304
542,-9.080784338914151,53.975738871201045,40.79273068272407,99,,0.7605559525687168,68.26337163849446
543,-5.333143844263688,41.57971000837856,31.45106560758654,10,food,0.8174086712430445,52.40691018842055
544,-4.486056051930639,32.87839840002363,24.41187457617099,7,dessert,0.8041024851339422,41.19530799222702
545,-8.216081955989045,47.797774398748246,35.80806619103704,1,animal,0.8346746311082671,60.28556082946274
546,-5.733050984296284,40.25243360309997,29.342453399222443,10,food,0.838140771121486,50.140860144657005
547,-4.232823817299907,32.366091821999355,24.174587968398555,10,food,0.8385834957410397,40.618855236703006
548,-6.946104658781163,50.048538153651236,36.928616765219516,16,kitchen tool,0.7375879222931374,62.584561015003345
549,-5.301777683170651,37.9892084548198,27.14016376944342,8,drink,0.8108843616465569,46.98805481244917
550,-7.695434626813382,47.47829563034468,34.80455748291483,10,food,0.8455095479944722,59.369735485678966
551,-6.291949273286495,41.22160591827204,30.001504748272932,99,,0.8269864892733038,51.370221989977566
552,-4.53365853751881,40.962404715206155,29.832835899815198,3,body part,0.8526934882771121,50.87701600538757
553,-8.418901106094728,56.54565931887841,42.515392653146655,9,electronic device,0.8316364805854537,71.24498646285295
554,-4.5968257182503605,24.379967649275446,17.663103477351676,1,animal,0.8207385448942529,30.454865846286665
555,-6.595070106071663,42.81739933499593,32.26821382872537,99,,0.8041238335622909,54.0190916178054
556,-4.672102378372266,34.51228485183795,25.756498378958693,10,food,0.7871505835947149,43.31655059066565
557,-6.961252783483995,45.753473953243,34.172854764734076,20,part of car,0.7037007701111949,57.529326624576946
558,-5.960123772271443,33.15648739584441,24.438515399134904,19,office supply,0.7870745580756925,41.618706932404066
559,-6.443310213627604,38.47835347379136,27.59930366867158,19,office supply,0.853934515776621,47.789345000309616
560,-5.724628170697132,40.839197289692365,29.13512376316629,8,drink,0.7976876670240515,50.492245341776716
561,-7.18352820585872,56.28815686127546,41.95838661095649,22,sports equipment,0.8050185885835348,70.57241590960602
562,-6.615246683675395,51.70674085022721,37.424404007689105,20,part of car,0.7699574805739164,64.17113489232655
563,-7.28359620669748,49.70785378981859,37.01587203578762,99,,0.7723499430980699,62.40269453046082
564,-4.204813511622846,36.436937293457895,25.389625683336444,3,body part,0.8402219146377473,44.60901196322158
565,-5.221123793066024,49.34387291265029,34.98941368928897,4,clothing,0.8404914921763446,60.71521224538794
566,-7.454332125500181,53.2494079458149,38.41023296565338,17,medical equipment,0.7905584779541779,66.07883557155684
567,-6.946136890806213,44.335157367291025,31.36893255232046,99,,0.8666035104176956,54.7527618112576
568,-3.9100822590997537,36.63647222303826,25.516434928737688,99,,0.7656638466940509,44.81749983761795
569,-2.3266530550638485,28.731769571368613,20.27329800386054,3,body part,0.8797946633312489,35.24109120180868
570,-5.161824612172901,46.198704507543596,33.955211393883815,22,sports equipment,0.7494073758027556,57.56666667704063
571,-7.592358972311515,47.8113586125074,35.035016926888076,9,electronic device,0.744014754119284,59.7580315790736
572,-4.146761376293741,31.427249820355513,23.505000615300137,10,food,0.7336425778498951,39.46330846632372
573,-6.157079838384908,37.40688263658162,27.151898714783353,99,,0.8142765975644668,46.63057049341227
574,-7.255772734358255,45.54576859704732,34.008579386056375,99,,0.7620610723736565,57.30311289036693
575,-7.807948158683985,44.33979017295522,34.89631941390978,99,,0.7527912049574438,56.96256802206173
576,-7.660187011393016,45.15594617139643,34.73623686217873,99,,0.734653035698332,57.48342448940347
577,-7.415580003008664,42.350105036616554,32.81903652562319,21,plant,0.7679033026594003,54.08892106396342
578,-3.6547837028450068,18.8354637242857,13.241053883483206,1,animal,0.804157111196031,23.312178052871197
579,-7.656928623197534,58.71157054112994,44.75043414992891,99,,0.7685726961468073,74.21777703457535
580,-7.083943220685892,47.71168947861564,36.22284113424162,26,vehicle,0.7367720241436545,60.32148692045191
581,-5.97683897958405,39.846343925018424,29.341266185692135,10,food,0.7939499682474801,49.84339103390106
582,-5.454754841958486,46.15949106294365,34.38927672307976,13,home decor,0.8164591336847434,57.81933343711599
583,-7.51423302154717,50.762963234909684,37.61612806391663,23,tool,0.7473909719577243,63.626372085888086
584,-6.636209901247817,36.31858130180451,27.681405737794844,19,office supply,0.7759086742320315,46.144759759366224
585,-6.3943564861840745,32.61127157745229,23.845573547573782,6,container,0.8616973748858695,40.90225185223306
586,-8.455055996926593,52.07098948883661,38.952649307147674,99,,0.7753495098680863,65.57579436273211
587,-7.464632837976535,44.98186004365561,34.73867019739233,20,part of car,0.7960759074045339,57.32245357166782
588,-2.855412685204899,32.0335891172834,22.3145691339329,3,body part,0.8322343983929352,39.14389108112321
589,-6.420485895677149,47.296790294436065,34.18606498380426,99,,0.8244014115965336,58.710272102668185
590,-5.912230200803514,38.147946716376985,28.32684502372855,99,,0.7108142563966967,47.88142075608415
591,-6.106007785911159,38.6502213925055,28.824058870156378,99,,0.7970837529933441,48.59989006696968
592,-6.960259401871561,46.50790869933416,34.96048610652194,99,,0.7797996773577742,58.59749458237321
593,-8.529638273190079,54.60719960663472,40.92240773459754,99,,0.7352588738274665,68.77022926199217
594,-6.384404017964137,46.626772732122056,35.73384414402045,99,,0.8158309048724609,59.09081288480217
595,-7.345250151374066,44.53523860804448,32.882511373659284,13,home decor,0.7293436019197792,55.84442435821636
596,-5.634965466926341,42.42985233121813,32.10515841252453,26,vehicle,0.7836841380167049,53.505012861934006
597,-7.53222629051348,46.2983022137563,36.22216623855249,99,,0.8008774895615511,59.2647664956266
598,-7.150226909435275,48.65145569759858,36.09230599738325,99,,0.7867177797623062,60.99790519813411
599,-4.5257784428669,37.67072578115536,27.493440758535478,17,medical equipment,0.7673022513032443,46.85568840744976
600,-6.517452681606308,39.180137025040565,29.454341182095725,1,animal,0.7933594071716086,49.44813991677778
601,-7.2527720279221874,41.74874814230872,30.971860503907443,6,container,0.750053016467217,52.48634885960766
602,-8.239146675712673,53.983622918938494,40.09471451588102,99,,0.803292300857568,67.74733362655721
603,-9.288711537071537,59.16629143997073,45.86506207059414,99,,0.7778058731854968,75.43562900591427
604,-3.9876801660911037,38.67028719649553,28.747430011367655,4,clothing,0.8477985176035748,48.34984423165151
605,-8.244002641021572,59.663452222689166,44.72081477762697,22,sports equipment,0.7819154728149779,75.0176138320135
606,-7.5746766770626985,52.26590795785115,39.32697371203799,99,,0.6973376217278657,65.84612154689093
607,-6.4477423027871215,43.09749836385585,31.691152441461277,27,weapon,0.7731890791215134,53.88225022299686
608,-5.653076748400824,34.274089241195995,25.322724382922157,1,animal,0.8099609201181731,42.987333485693405
609,-4.06782100548497,31.78686209830287,23.11911893840867,7,dessert,0.8344992219156325,39.51512913147918
610,-7.743059551600177,46.784293641983595,33.67850476351346,99,,0.7067501858001756,58.163276952944905
611,-7.984137878331885,51.87497412122893,36.78598925071192,99,,0.7949615168701953,64.09343494377468
612,-6.649269913131434,42.430422694336045,30.10557441521465,6,container,0.7648809344157862,52.44901496947039
613,-7.8132273285535145,49.61156998398039,35.43133819328933,99,,0.7926541857703605,61.46327459329093
614,-4.361668667360999,41.485801557742256,30.812546965144357,4,clothing,0.8600506519855643,51.86047565276889
615,-6.2137455611092145,48.917116001810456,36.68403933710356,22,sports equipment,0.8329379252407807,61.45904013177351
616,-6.501741280051464,49.315935606271694,36.735048814274386,99,,0.8298872198262442,61.83686566912802
617,-6.182813721671822,49.32404895541401,36.00851505890887,99,,0.7738843243326998,61.38161082621274
618,-6.192808002750968,40.41864505501171,30.924419104997636,10,food,0.7537450107572061,51.26731352454019
619,-5.982697479461359,37.8547374720144,28.54821307153854,21,plant,0.6642099424561091,47.788851082484165
620,-6.364622460517319,48.78744149593205,34.798783283061745,18,musical instrument,0.7716947083526181,60.26340668071638
621,-6.588774729592868,35.674756705116266,26.700979214815685,1,animal,0.76666837466694,45.04489437701657
622,-9.217868773065405,50.20487713845665,37.93931154371398,99,,0.769851645183248,63.59945089083686
623,-6.685926114258116,41.690279568910796,31.824988759109537,23,tool,0.798069199883355,52.873537124507834
624,-5.759647289125745,39.798058439790935,31.24986542460836,99,,0.796721822044239,50.92752773823093
625,-6.235900542155729,36.3484580900695,27.490883099891114,19,office supply,0.7625245292864783,45.99832078140544
626,-6.029031335737023,43.36629422443478,32.06484876377968,10,food,0.7924019286912979,54.26913689982187
627,-7.367933639661851,43.748702038836434,31.25568589867251,9,electronic device,0.70936981289998,54.26926641477502
628,-3.3810642421423776,34.915185850448886,24.987618964270368,3,body part,0.850340631818451,43.068351487890084
629,-6.298054249681131,48.91315914933307,36.19305828416932,22,sports equipment,0.80228106904563,61.17270709443215
630,-5.655462452486558,54.157098824242425,40.51712392194169,22,sports equipment,0.808904458025928,67.87203355960557
631,-6.108401058079492,43.55329893983628,32.19224760380777,6,container,0.8197003927347316,54.50269000530119
632,-5.437771721359555,44.00802254191552,32.909544029355516,99,,0.8565091855528313,55.22058943513236
633,-6.46969564393414,47.639651665175755,34.544563965588374,12,furniture,0.8157273433807527,59.20067796974161
634,-7.410780470437756,49.563768540871244,35.8364191056049,23,tool,0.7944118193771148,61.60954271431207
635,-7.78176801208024,49.03446355307169,37.25350684321939,26,vehicle,0.7828844799851534,62.07059127678055
636,-7.696849299312547,43.46823496011495,32.99997250718729,99,,0.789064985108101,55.11557969539288
637,-7.501600408743702,46.98113331547389,33.133464895296704,19,office supply,0.7804675885163691,57.97695570023191
638,-4.331968665592219,22.645604037826306,16.401034709583595,1,animal,0.8286589878381215,28.294580299107704
639,-7.70496324278244,43.949121745420946,33.45978471715944,13,home decor,0.7575586676196434,55.77139906874416
640,-7.917419896808543,43.07254827350823,32.02307180205184,9,electronic device,0.7320711030755961,54.25317576175098
641,-4.504518775001899,34.55222981624728,25.83655001447795,10,food,0.8272889249883458,43.37827326346373
642,-5.659634640705514,43.702660264407236,31.578431129103244,18,musical instrument,0.8360521613146851,54.213940006496394
643,-5.76528036181391,44.57281464400092,32.718715593131925,22,sports equipment,0.8144565303407888,55.59216323370619
644,-5.812556778043287,29.471488354847697,21.67025801572053,1,animal,0.8016633421475649,37.03990448983097
645,-5.012987664862488,35.567072922942316,26.544894079624044,10,food,0.773721767877961,44.66293903598844
646,-4.33132713896176,33.31105495548811,25.470684425921437,7,dessert,0.807044073355049,42.156168494742644
647,-4.144157543685999,31.30557140773834,24.06211388497273,7,dessert,0.8600748064444707,39.7013622880285
648,-8.259081366853467,49.598336778257355,38.65352038888054,99,,0.8086147895244608,63.42162150755329
649,-5.33269146930601,38.05997720928763,27.463907062030692,16,kitchen tool,0.7738879915548723,47.23627477469156
650,-4.153122164258711,34.009017603675076,24.81518759560164,4,clothing,0.8033125911816543,42.30431700764402
651,-8.169574783637009,50.39766694927016,37.25723458902047,99,,0.7469533515265224,63.20417957141995
652,-5.916204198685052,40.7406946441169,29.570099230814048,99,,0.7916561045158382,50.68724139984246
653,-6.817383210773632,47.70684340464797,36.056017916521725,99,,0.8370549515045664,60.186842826939156
654,-6.552458566734589,44.87223392309859,34.73880947147134,99,,0.6790460555704461,57.12474922494838
655,-6.242656546135609,42.712718910016896,34.17376279162651,99,,0.7812158923842434,55.05627285584705
656,-6.678209764975486,44.89673632488852,34.12036750778458,26,vehicle,0.7518792995622265,56.784812205006546
657,-8.438641507750951,52.304236920035876,39.322667703028124,99,,0.7783303713736467,65.97890621680806
658,-6.665733777986353,43.30033833532411,32.054711781004464,10,food,0.8030209584554004,54.284950530656225
659,-4.001809673641471,38.70875744823991,27.57298653995231,4,clothing,0.8444900514774311,47.69331159170131
660,-8.180664266448733,57.208601173453744,41.74936411647382,99,,0.8492385885758801,71.29345496042085
661,-6.4824243515686435,44.01462763219948,32.55972580742016,20,part of car,0.750683809163673,55.131161929795844
662,-8.781538059354531,54.07627343405586,41.86922874148048,99,,0.7718650547316175,68.95209260500425
663,-7.301960647540368,48.328322837769434,34.55107914495851,99,,0.7018113094332609,59.855847564720705
664,-5.842802884717914,36.65622437406102,27.310020946673735,17,medical equipment,0.8235122761518783,46.08312462299981
665,-8.105672886087765,52.01148963116374,37.332096846494956,23,tool,0.8055438971597509,64.53357607900705
666,-4.714297331138901,24.49770047104581,17.596550518694507,1,animal,0.7967075137775393,30.528683526356478
667,-6.407270149703497,41.76490927444401,31.3664678603476,99,,0.7887047262567832,52.623341432372385
668,-7.593888514949255,47.87628274080211,35.321776148816035,20,part of car,0.8188918172677914,59.97860837133331
669,-5.62481472021086,38.31250972384706,27.206643140129415,99,,0.7649146479285853,47.325345988496764
670,-4.273019356028082,37.53335695236442,28.26348627405147,99,,0.7939517630066412,47.17876889972956
671,-7.943326654058604,51.207031597012055,38.737635576502335,9,electronic device,0.7410465686701246,64.69822975451777
672,-6.115874549272576,40.99328148396573,30.671199677621956,99,,0.7877529313504924,51.56137641675836
673,-6.704961008716885,43.99806531105255,33.08039030134044,10,food,0.8341602213374313,55.45357045072101
674,-4.901959173128059,39.90690044109055,29.49123608052736,10,food,0.8552100826632877,49.863041544891004
675,-5.450122050099784,30.13137282016164,21.65986411070426,1,animal,0.8277390846830834,37.506708355742624
676,-2.368180340235182,31.926119581185173,23.35414133719657,99,,0.8535576872921665,39.62702748420281
677,-5.960612299012395,37.49002184290314,26.67693010151953,6,container,0.7572302811419375,46.39708219707195
678,-6.033784003011225,46.58511927931666,32.67768652213257,5,clothing accessory,0.7608900714428164,57.22247009787256
679,-7.456205146974076,51.614253098359576,37.258473238818745,13,home decor,0.765314137712039,64.09227680604783
680,-6.522014839991212,52.86001744218972,39.111954991051014,4,clothing,0.8019675676084274,66.07921870591137
681,-5.7431994637055634,41.58338435440641,31.45510160089388,19,office supply,0.8125601113219408,52.455558439204104
682,-6.63461231878985,51.436911601724354,39.175078580954555,26,vehicle,0.7798769237049159,64.99585169507519
683,-7.285769757890019,50.92878014089829,39.64487822218982,22,sports equipment,0.7899622022536016,64.9502845017418
684,-4.043710356023203,22.467669551505107,15.896282301468277,1,animal,0.8132787507386353,27.81797188018948
685,-5.977122249007095,41.19018049853787,29.52881384782077,6,container,0.7539217637384582,51.03241917782222
686,-4.594912804507989,43.54754779440884,32.22612398040028,22,sports equipment,0.811686659448342,54.36934071135573
687,-7.2930780609548425,49.521413581787655,37.90994319877725,99,,0.840740819110524,62.791107523885586
688,-5.94705814653897,35.67505819602667,27.27495670055012,1,animal,0.75688932376994,45.29901258200988
689,-6.876242810435346,49.34660478897477,37.6147601901758,26,vehicle,0.7732968454434185,62.42788081900399
690,-6.844261782155116,51.30322904344346,37.28165868604411,22,sports equipment,0.7760507980055628,63.78704652207514
691,-7.464603799541667,55.18920014486983,41.45362989381459,26,vehicle,0.7556833044531569,69.42601496476657
692,-6.363729864579788,46.046101234166905,32.72808020413426,18,musical instrument,0.7223080586252307,56.84951829615389
693,-4.574614180581036,23.75779398674738,17.28600634275453,1,animal,0.7105738138893627,29.734927026977097
694,-4.483270846461261,23.98043413887888,17.392718144057135,1,animal,0.7975147743644271,29.961101171526582
695,-3.6857754884987872,20.227371713665125,14.19446582904655,1,animal,0.8619434268022201,24.984282410474965
696,-5.974525824096355,39.407469531314455,29.872496495367898,13,home decor,0.7816792007609799,49.80973459626179
697,-5.968393765533182,41.91545577833769,32.993683551062,99,,0.7634550970313169,53.675975179905734
698,-7.157017480678612,44.96775664444511,35.20682265941895,10,food,0.8182594135869802,57.55729665841292
699,-6.995121243474771,48.023558356561104,34.41233012113418,99,,0.7968117421837161,59.492876403842345
700,-6.326632976785994,37.22271630639294,29.353246697162998,99,,0.7057518818863119,47.82436602521436
701,-5.530874285905802,36.214807919223354,28.16647578891298,10,food,0.7595822448839137,46.21096451449762
702,-6.0986909203141195,37.63990198266784,27.997724667924867,10,food,0.7858128472442069,47.30569562734801
703,-5.203336474960619,39.32446586707788,28.86010618025091,10,food,0.8049596330793156,49.05501049778693
704,-8.019551320458238,46.67461261140091,35.52266198409839,21,plant,0.7097087350839696,59.200440709865646
705,-7.1161316072961505,39.70233826962631,30.882309638027397,21,plant,0.7720608757222485,50.799921670286
706,-7.037658448394593,35.40502540983747,26.244187794799466,1,animal,0.7626091965373095,44.62960736681646
707,-5.5774316739106915,28.53511485060487,22.86954766639959,99,,0.7289902263510963,36.991576528719015
708,-6.946836043643784,41.234144440770855,30.89461364907345,16,kitchen tool,0.8629256503373961,51.99029093306882
709,-6.465121637608419,36.520693738774995,29.182738424235666,99,,0.755371877287646,47.193125462166975
710,-6.909877887075638,42.70081207714201,32.98258196245662,99,,0.7858260597656144,54.3962910258766
711,-4.8927075910146245,39.10842493637999,29.056697095191698,10,food,0.8341426692107743,48.96630611611787
712,-5.991796946521036,36.63915726907522,27.25693673494017,10,food,0.8178260845943774,46.05724781409433
713,-6.4930790172991095,44.44096964078605,31.737102201412622,27,weapon,0.8540952874723438,54.99457713157787
714,-7.579355664634594,50.76015193154119,37.177387433653315,99,,0.7713702055325934,63.37347862312859
715,-6.590258790591716,40.68702521884621,31.16712116374851,20,part of car,0.7666659524536724,51.674509903063225
716,-7.729933821129319,50.20752670374987,37.197351053825486,16,kitchen tool,0.7432696030257007,62.96181811231571
717,-4.338753025910102,30.8457983556365,23.093330805149847,10,food,0.7981495162780056,38.7761522290765
718,-4.913516295720956,26.48734744458822,19.24303421387979,1,animal,0.7759985570416356,33.10614116437006
719,-5.356919483831189,37.356982111175206,27.791041515246174,10,food,0.8051237193689056,46.867714765209655
720,-7.710459454968415,49.14070044367532,37.142284226086375,99,,0.7275102342229001,62.07905365445843
721,-8.102513829093857,49.385877453739035,36.71441906835677,99,,0.7013443742011655,62.069027620491255
722,-3.8921707517967064,20.607122428327678,14.765421356204715,1,animal,0.8264693166599095,25.648004908052666
723,-6.474548886860822,47.30151743941775,34.403987285401726,18,musical instrument,0.7721659192151283,58.84715521156461
724,-5.023719208264771,39.2378429478457,30.00035267807538,10,food,0.8494017562454662,49.64742928583712
725,-3.4700956594164722,31.65229115208772,24.651047921682864,10,food,0.8177841805890588,40.26888703079757
726,-3.8379417934495965,34.71881656331115,27.08498144777271,10,food,0.8690017735656727,44.20093031592149
727,-6.4463559182768275,42.68268432176876,30.714980563873365,27,weapon,0.8816901506487516,52.97902487377421
728,-6.0206579394996105,45.44148587555993,34.153395525906795,17,medical equipment,0.7912191105936356,57.16319958288027
729,-8.746865235350327,54.983939113554925,41.971764381453156,99,,0.7778564066238015,69.7235269990031
730,-3.9407975711354286,30.04239267600072,22.700105312945322,10,food,0.8180241008807747,37.85987353933577
731,-6.480900477500249,46.48020914333548,33.72824918549579,24,toy,0.7220534157183335,57.7927911259386
732,-6.418519623032419,40.26742970563527,30.688700833990637,99,,0.7899436982476137,51.0339068475823
733,-3.183196375401786,31.87375252271537,23.822947237432498,3,body part,0.831551859673035,39.91994055758561
734,-5.722602928116842,40.29550348319997,28.767343009702877,99,,0.8089424216474402,49.84010241838768
735,-5.490257569510793,41.92050318545156,30.8634007398318,9,electronic device,0.8163056014018788,52.34521010301205
736,-5.110996995505451,38.825818236848775,28.417345917845477,99,,0.8828794574682267,48.3850390209967
737,-4.612390745860525,41.016350573286964,30.812433006506716,99,,0.7824030508914231,51.50748674245077
738,-2.8377897417058224,29.841295111653846,21.2748975806262,99,,0.7962061741592371,36.75836247202915
739,-4.415672381919625,32.763775216999505,24.52787826804572,10,food,0.8037951676954797,41.16527591777551
740,-3.8141289021805003,29.44529765798,21.55488248401569,10,food,0.8074349053291199,36.690408724204985
741,-6.681460069193762,42.88677415907966,31.04477515737886,23,tool,0.7935994525579041,53.363802066572624
742,-8.629254318469131,58.25424244029717,44.93218571597659,12,furniture,0.781166011008609,74.07376124918153
743,-4.024927093359219,23.675357075923852,16.92470339617379,1,animal,0.8369478352784429,29.37972354920671
744,-4.512363136671911,41.79290804144009,29.85715214176593,3,body part,0.8240967350700525,51.56023775792759
745,-8.317209802013775,56.527745472878856,40.896875191404405,20,part of car,0.8251430325208023,70.26461689612061
746,-3.9921841003320933,38.14190166932987,27.362864430909173,99,,0.8608448951089711,47.11123588601861
747,-5.102429557274597,33.951651494968594,24.97800613327529,5,clothing accessory,0.7764967900856403,42.457628490257086
748,-7.794048843578782,52.148752254897154,38.241817192694775,99,,0.7892414143734009,65.13582839972344
749,-6.623456644366841,51.28187258937068,38.58313674350649,99,,0.714093660247234,64.51634734825257
750,-6.4622878741694265,50.47648202770687,38.80245999864288,99,,0.8269917582417583,63.994275559680595
751,-7.065608363863353,50.19660735964771,36.455522233612434,99,,0.8385592683800093,62.43898872736125
752,-6.9437313196210795,38.648761175289344,28.170961588505115,99,,0.7804778554956078,48.32747895188275
753,-7.181717513938486,45.82096306105906,33.55731371505796,18,musical instrument,0.7207412574473334,57.24710495792575
754,-5.898616365208454,51.20990418202954,38.10896229768977,99,,0.8213911964405695,64.10570153085676
755,-6.8903331043076195,46.6607227412074,35.009512399281455,18,musical instrument,0.8067049437155344,58.73981354631277
756,-4.906600027426404,34.52176845719989,26.160869309910787,10,food,0.7452082081712521,43.591493485448446
757,-4.715861113503571,40.96221171362627,29.915605787696265,4,clothing,0.7896889466303498,50.94198272700664
758,-7.29011235362214,49.25264756606507,35.926117456681915,6,container,0.7507347496676765,61.39751579589157
759,-8.737852100418987,55.18755815218007,41.22878403263539,23,tool,0.7894001831501831,69.4393927604407
760,-6.3913669116768785,35.597741218312,26.699531410173552,1,animal,0.7490875613600828,44.95457405390948
761,-7.606240866193631,43.64334504112098,34.229493690887146,99,,0.7456540621390058,55.984414838661806
762,-4.162305490468778,40.00512430893257,28.882109270693608,4,clothing,0.860218906926224,49.5167748737074
763,-6.675535603583184,53.185527065879114,39.665602353145175,4,clothing,0.8229635524870921,66.68300439323278
764,-7.458598138625797,58.66972332154615,42.31456992466277,99,,0.7254619751771549,72.72062945773685
765,-6.388141224001414,45.924171466282445,33.53782976651927,20,part of car,0.7401249038817042,57.22432960385227
766,-6.221275661940388,46.27799618934666,32.84947657278931,99,,0.7531521745558134,57.091552030657475
767,-7.042983527576737,46.36829917454781,34.72807377805971,20,part of car,0.8270263045078701,58.358049090459204
768,-3.3978925984635766,37.288370306261456,27.23593000788181,4,clothing,0.8905258867149114,46.300800399148734
769,-6.899965861366508,52.05823147113028,37.507501611837554,99,,0.8238400049968136,64.53279530557931
770,-5.510064483568749,46.30214481786594,32.49284888458749,17,medical equipment,0.8515097031346887,56.83339382778714
771,-5.76102494550796,41.25099167705326,30.79685803693148,26,vehicle,0.8143180124325825,51.80038791080616
772,-7.7619406146920635,42.54821923371191,31.45871712806178,99,,0.7494545989800896,53.481301081868104
773,-6.656068464112554,37.27085813549763,28.772565423472436,21,plant,0.7763171685473569,47.55292456414585
774,-4.3738697727124976,20.997374503518827,15.019277913622442,1,animal,0.8268678420821897,26.18394893587095
775,-7.015202328667078,47.661605865596854,36.23358800645985,26,vehicle,0.7315700816682397,60.280300573417044
776,-5.448484285636456,47.72405358644982,34.78249525992629,22,sports equipment,0.776772253895765,59.305086191995
777,-5.986439428196357,47.985143014261034,36.65800543260363,12,furniture,0.7566377673079393,60.68130494166507
778,-4.90728402684668,36.392824364707145,27.93596134045517,19,office supply,0.8409340962340113,46.140405695832065
779,-6.53578317534293,37.242180762034124,27.91223127886946,99,,0.82071327196469,46.99775680383287
780,-3.01522320993946,35.06766925500231,25.507822365965165,3,body part,0.8788328300818224,43.468172262445364
781,-4.1362798988882155,22.24423564827452,15.833593656402359,1,animal,0.8218433199644205,27.615530396028586
782,-7.434990360638579,54.03069425164595,40.55699800695547,24,toy,0.8349635103420175,67.96664689620803
783,-7.826164289050879,53.50210513686468,40.18174620984536,22,sports equipment,0.7694392301200375,67.36688229410471
784,-8.324993318918061,56.30514441228936,41.88176978083296,23,tool,0.7536032965750554,70.665815222238
785,-7.0107351629292705,42.91685139045608,32.62371727402644,99,,0.8120821157381838,54.362794902128016
786,-7.375326608682117,53.431009237497925,38.55863294958732,99,,0.8192689168410876,66.30261205762051
787,-6.912187861264431,44.61328748362516,34.553749275552825,22,sports equipment,0.7410347007267859,56.85143226097091
788,-5.60202036814657,38.99189909421429,28.95288060541305,10,food,0.8253372266016683,48.88783204980378
789,-6.920559649659351,43.15537630758632,34.21301509705955,99,,0.8132277339136278,55.505054293690236
790,-7.925538263945627,53.347573113179344,38.900921289866595,6,container,0.7217839017531607,66.49856683447906
791,-4.887631750420256,43.40758321720492,31.53021971940059,4,clothing,0.8236967205307654,53.87264593873188
792,-2.489561836126947,29.228370585431602,21.207356885054068,4,clothing,0.8527153986115984,36.19734177070566
793,-6.819259868241869,42.42671737244507,31.352507835903758,99,,0.8023897744152079,53.19312361341786
794,-6.893712325935532,48.92772170901875,35.778862682366096,23,tool,0.7520253089382415,61.00469027961333
795,-7.997981299406581,56.41311318085347,40.10785741771115,99,,0.7359827166245653,69.67816925164502
796,-4.584313872209254,40.445694148667975,31.201194515942912,99,,0.8246516195970627,51.287275693569754
797,-7.288606280554461,52.05743284356474,38.726035561823416,18,musical instrument,0.7321185479296655,65.2901671472114
798,-5.570092224911803,31.935377509195707,23.376552387028287,1,animal,0.774335911874436,39.966954669480934
799,-7.2322242680845825,49.094150241897054,35.81715126366768,99,,0.7952204950908993,61.199746572042955
800,-8.783988704452408,57.43163140274386,42.300769401804054,23,tool,0.7909693974927429,71.86727930793808
801,-5.089714848819511,36.86911813196473,26.50555908898512,8,drink,0.7896379766886829,45.69225023667302
802,-7.515488245121219,47.31398990198034,35.556847617895144,6,container,0.832388368941829,59.66058679337196
803,-6.420682088792503,48.732330920530906,37.265144933416266,26,vehicle,0.802793782317494,61.68270634741956
804,-6.191147914686983,43.483730387397735,31.59325070608139,6,container,0.8122485104546932,54.104515625618
805,-5.033542332203231,39.990297840211156,29.794005379035536,10,food,0.8591645820304358,50.12228273218287
806,-7.839118420212122,48.604178743210426,34.92537420721998,9,electronic device,0.7440899236323081,60.362237635979035
807,-7.713576798849246,50.9151126825153,37.32294728787422,13,home decor,0.7862474717348183,63.599138050435975
808,-8.003599005842736,51.27563276531228,39.228086734715134,26,vehicle,0.6754398028319231,65.0545225283825
809,-5.993189507326174,41.01769521589725,29.879540505354413,20,part of car,0.7457278062434247,51.09947731734719
810,-5.455074403340851,51.667590689080605,37.626795722908085,24,toy,0.8534991177521666,64.14883881048672
811,-6.428116969062491,37.80698217584461,28.411234673970384,1,animal,0.7679296448546308,47.72721283201019
812,-4.897628229344279,35.013264442191364,26.15596086175057,10,food,0.7941612038946481,43.977832345093134
813,-6.248636284674458,41.54630856753657,31.126273170761234,26,vehicle,0.7744849194985589,52.287532859257794
814,-5.339580068440888,36.84257493474074,28.052276117608887,99,,0.8167903703550985,46.61348129573511
815,-4.188171567207692,21.569254670604455,15.375360594132689,1,animal,0.7962871605020997,26.817442859477996
816,-7.196235433044019,44.79379677603895,33.954993486469405,7,dessert,0.7165210631742817,56.667553473633
817,-3.80852159209664,31.167392385953313,23.014660927731754,7,dessert,0.8472377161106004,38.93052533007883
818,-7.187078047222897,46.7130273114711,35.365540613344315,7,dessert,0.8126606066914156,59.029505116790745
819,-7.7338445355306344,53.783286724985295,39.79075163555738,17,medical equipment,0.8151904590814365,67.34803781821968
820,-5.28269220797313,43.3948313586007,32.8761823519292,7,dessert,0.8630705168814926,54.697912132392
821,-8.299942139622237,50.06629783467402,36.64745145054897,9,electronic device,0.7154995430768262,62.59839387885048
822,-8.157328948173088,54.25024718839049,39.810997136006655,16,kitchen tool,0.789984377888002,67.78308659638702
823,-5.385454385888133,44.81241920642306,33.07526848500177,22,sports equipment,0.8043075391507448,55.956495775107534
824,-7.132049077254358,45.153103074073236,32.903220757516294,99,,0.8226143944131751,56.32309275489138
825,-5.521786107778353,28.378288525044955,20.931759492519404,1,animal,0.7933837005274517,35.69251934066057
826,-7.461387537865856,50.91637481512922,37.67186455837566,99,,0.7265252905851319,63.7755353376947
827,-9.208057692701352,56.766527092267346,42.19400507667578,9,electronic device,0.7604146370259754,71.32714061982144
828,-5.7212873377354985,44.550657238701525,32.004732809756014,17,medical equipment,0.8536416344557746,55.15248962127706
829,-6.024986789415149,35.622150499788006,24.82915850954962,19,office supply,0.7828623731358995,43.83748606312312
830,-8.193850978222255,51.659587032163266,37.27545585210579,6,container,0.6818172469017002,64.22858970247792
831,-4.120576348535585,38.28417799276712,27.81061355033685,5,clothing accessory,0.8049111408515581,47.49829112791496
832,-7.7125108732191725,46.744159705426426,33.246500329645784,9,electronic device,0.7826940428164595,57.87770792546188
833,-6.918780882590743,45.27884740735734,33.419753350906895,99,,0.8043799426500864,56.700295109245296
834,-7.477283403011665,43.07489567757681,33.36781279561339,21,plant,0.762256317791027,54.997884827383864
835,-9.209917252698498,60.35794740592325,45.21185833821138,23,tool,0.752965779493715,75.9737884092418
836,-4.283064613851736,38.985504692721946,28.366051137779365,4,clothing,0.7410177775063997,48.40296556807019
837,-6.9816105920844445,49.7425991346198,36.41437003953947,9,electronic device,0.7702674869209876,62.04091714750431
838,-5.992322197130159,38.05101742264201,28.385384893455708,10,food,0.796965937357465,47.84890727866257
839,-4.794538320421565,36.47219803279312,27.397592976233042,10,food,0.8242629504152925,45.867602160355005
840,-6.4213751035824105,40.28808804715819,29.161937582283954,6,container,0.7675402052999836,50.14760911817735
841,-6.981416196782344,54.43356583508673,39.85894428344157,22,sports equipment,0.8279244782314087,67.82690248733105
842,-3.1718421546432696,32.368340376495404,23.388464067614716,4,clothing,0.8161903973596945,40.05983390910077
843,-5.308595454163992,37.96068642311168,28.71440408266008,26,vehicle,0.7537355584082159,47.89271240211888
844,-3.3064180493622852,30.025720978820836,23.78170354408204,10,food,0.8164957150416814,38.44536050128487
845,-7.176392979948626,43.39090335617156,32.845226913018685,1,animal,0.8050888394393784,54.891529776778526
846,-4.230440051676089,40.098062311272614,29.624452950807935,4,clothing,0.8167088060990502,50.03358308960252
847,-7.4934085192565565,50.46376467528633,38.02248668345018,26,vehicle,0.7205138575455321,63.62744855824638
848,-7.72529355398083,51.512469783758064,39.35731432242242,26,vehicle,0.7612848761162684,65.28562548058893
849,-5.531406028782564,41.573513552145556,29.533797004731227,99,,0.7901132299384382,51.295210763212125
850,-5.241988275672478,45.085995329448224,33.297249192502974,99,,0.7387823524589504,56.2932697550689
851,-5.982987920274314,37.2751162944351,29.287607178358954,99,,0.8444734104760697,47.78069038274429
852,-6.874945150449601,46.9404558741467,34.17844376822203,9,electronic device,0.8002677895489192,58.470824236638904
853,-7.877053101640701,52.214584320919705,37.86317767986211,6,container,0.714413403842907,64.97715756625023
854,-4.633605236276187,34.09834550791365,25.424152327966727,8,drink,0.7826586248081515,42.784985514294114
855,-7.187082796381205,49.35237010521549,35.64384392474828,16,kitchen tool,0.8593323895474088,61.30084994399361
856,-7.254875061413266,45.365369113945434,32.7770017755463,9,electronic device,0.7008760387891356,56.435642748137425
857,-6.544922366771811,45.02996463988086,33.40408753573443,9,electronic device,0.7810085630442104,56.44791216999083
858,-7.202211268267888,55.815357178742104,40.78890090433944,22,sports equipment,0.7454790655276627,69.50511046770119
859,-4.4295814264683395,42.2767468145245,31.239770681739856,4,clothing,0.8320317416311089,52.7528936180833
860,-6.339522439245147,37.90377419140018,28.827666267520364,10,food,0.7816653954358824,48.04081582510729
861,-5.755835766565783,45.97084010197733,34.09683386934122,24,toy,0.7743403871133595,57.524271963812794
862,-4.391635789802427,24.02746204528365,17.335865723067414,1,animal,0.8125395345483712,29.952255968725353
863,-8.084207164018997,55.37631232635969,42.60534428150486,26,vehicle,0.7822064920748844,70.33566473477642
864,-6.209145074555266,46.86787103765253,34.22506407858219,18,musical instrument,0.8044071772603629,58.365279313492195
865,-5.498557710497666,42.43371751060473,31.57534446678578,10,food,0.7780538059501475,53.177597697354244
866,-7.167446300080582,45.94863244993897,34.517762761445546,6,container,0.7800773366081454,57.91480861178392
867,-4.053898466646554,32.92458526495808,24.816550257831427,10,food,0.8127896205316852,41.42853574949092
868,-6.769119812823858,43.62081725741238,31.223266288208947,6,container,0.7673225825664852,54.06929848767538
869,-6.688102039105946,44.86944112422169,32.62915465466723,99,,0.7528491226259134,55.88075866667955
870,-8.318062343718754,51.66023708919353,38.093404216370516,18,musical instrument,0.8036200008921448,64.72308476932687
871,-7.265855373618544,46.44924955263154,34.24939323638241,99,,0.753546737223344,58.16653999829576
872,-4.276211317352862,39.64841820273599,28.74509425771481,4,clothing,0.8640272833950627,49.15855462780219
873,-2.465822783994577,30.866906788267407,22.691441297689966,4,clothing,0.8046676365996008,38.38942204363286
874,-6.387807215960371,49.0678986739605,37.79844152466957,24,toy,0.820577641571686,62.26704540124089
875,-3.7947549987228335,22.332529597471055,15.893480192030484,1,animal,0.8423860734817686,27.67209345779097
876,-5.301265861340219,34.265209970226486,24.902706911700896,10,food,0.8073218330166715,42.68902488422985
877,-1.4286052411309538,23.33743228448238,16.307236060437333,3,body part,0.8727571819515186,28.506185407707832
878,-5.143321775304123,45.99924549733694,33.40103660700367,22,sports equipment,0.8566659598691853,57.07901183124135
879,-7.274296233749123,47.35431807072603,34.62676114447053,16,kitchen tool,0.8023917148820873,59.11310694758008
880,-5.308295810074303,41.48904690585298,31.892646221465153,99,,0.7767517028896781,52.5990484759074
881,-7.401877127242538,51.06696023956268,38.12108024249373,99,,0.7747644086058721,64.15480474579061
882,-5.563913191727674,36.72812968664372,25.830037631566565,99,,0.7713710813398846,45.24492771938249
883,-6.459398402880954,50.02483310501084,37.24335942347451,99,,0.7919102070016705,62.69988497642908
884,-4.2765758711939394,22.38504053621282,16.13249026361652,1,animal,0.8072622848943806,27.92196954184377
885,-4.495919980570168,36.57638302520922,26.44533557377295,4,clothing,0.8050503888544609,45.35858094438101
886,-6.922437248802564,45.32839358408868,35.10078394947446,23,tool,0.75815256559159,57.746414921147654
887,-7.324518314590361,48.783817029972056,35.419288821109916,16,kitchen tool,0.7753377240713076,60.72919720486813
888,-5.717227865099424,33.72074257858874,25.20576060882127,1,animal,0.7984412170225597,42.48653365929166
889,-4.244028717032217,24.451006400752636,17.39236029691771,1,animal,0.8119793478967902,30.304417012350527
890,-4.613475758671974,33.24106049557382,24.732473823018974,10,food,0.8033331643087741,41.68869778312308
891,-7.44763936134012,46.302618388829906,33.17691613457325,9,electronic device,0.7351849213950529,57.446562698900436
892,-8.665680772448109,52.71721170090495,38.940525246983775,99,,0.6716846502639876,66.11023324175302
893,-5.950858732460677,34.835279881743475,24.92333159546131,13,home decor,0.7265416431114106,43.24444359580113
894,-8.240751411877405,50.49743064804043,36.82737037327318,27,weapon,0.7428476516840775,63.04090493081656
895,-8.084846251613698,51.41686149617219,37.43904634005575,99,,0.7130253184493649,64.11505732572986
896,-5.897056919973097,49.39012322418871,36.28008559905185,5,clothing accessory,0.8167227851093342,61.56625831973612
897,-7.132729714560492,38.3029963607423,27.69991067964733,9,electronic device,0.7901874643485834,47.80460663003569
898,-4.2746057154171515,31.239238599844203,23.682859549698527,10,food,0.7804802604802605,39.4339969920755
899,-7.505017722684656,46.397534642972545,32.645324245434665,99,,0.8286877079560008,57.225638546487296
900,-6.876436425638318,40.179858319135576,29.685699509823785,99,,0.75173707228005,50.42764269573986
901,-5.229255299105956,36.30306307098895,26.533392995172463,8,drink,0.8617754653921423,45.268956727051886
902,-5.046862418399659,33.62701826362034,25.25496314201579,99,,0.7939450282481003,42.35634947533471
903,-6.299509491056755,41.11236352535719,31.448402050477775,99,,0.7930013779901457,52.14318983335723
904,-7.7131780206428875,45.75311462202428,35.7294550430457,21,plant,0.7865708309305871,58.56137439018354
905,-8.85284496184937,58.86538086343381,44.046988089294956,99,,0.7546162144600532,74.05162447815816
906,-7.8746011328546475,48.457770980130796,37.61802673447027,99,,0.7732232979751414,61.8488548540689
907,-6.467274722369677,50.11045460427082,36.76861996021069,99,,0.7710782411009299,62.488516679144276
908,-7.881664787896529,46.06904053854855,34.36164751373971,12,furniture,0.7513346961838621,58.010343524493045
909,-6.438772019646375,45.02467496303227,32.562775943126184,1,animal,0.8152934518395492,55.93758591296127
910,-6.645981198464484,40.99459337798926,30.742510140018044,10,food,0.826016779590234,51.67037528435551
911,-3.2187555590719428,34.55111870690292,24.92614972430095,3,body part,0.8554621683905651,42.72532189844591
912,-4.31764016576357,40.64786196863958,29.847258314035763,4,clothing,0.893170716990201,50.61372865228729
913,-4.757542083661856,38.63699238615151,30.754652560624102,24,toy,0.8641975254144312,49.61149102224248
914,-5.13721290357205,37.97252956512967,27.771300420208995,10,food,0.7653446800568185,47.32387436612491
915,-6.519857031035766,44.42678075010232,32.89392869576126,8,drink,0.7930503537042464,55.6619971665106
916,-7.257409253923976,47.11816746054786,33.150443153548,99,,0.747248966138531,58.066716587006965
917,-4.485010279190325,22.379033533792438,16.24812236110194,1,animal,0.8247440020892179,28.016743910961356
918,-3.253373585377756,34.57705606128836,25.59216319659237,4,clothing,0.8696742758903321,43.14065440663283
919,-7.681826452236202,49.923247500822214,35.75371190263579,23,tool,0.7666840157774047,61.88431960914903
920,-6.016706059294756,35.48068732573273,26.553712428712178,10,food,0.8165022426366727,44.723367143553816
921,-7.212137320217174,45.69700501959031,34.15876720345083,20,part of car,0.8014329992301902,57.506978440409114
922,-3.282377854277364,29.642947098793382,23.513137506495514,10,food,0.7989401590369875,37.97822998086508
923,-5.53898179222969,38.83729521513131,29.062153151861075,99,,0.7833918817185977,48.82237770473845
924,-7.7047314350472575,50.525673464298066,38.43443963217653,4,clothing,0.762020842140144,63.94851613091973
925,-7.403715992044714,54.71820107634738,40.565119096520675,99,,0.7325105155533713,68.51587718797263
926,-6.467256031706733,35.01592581482516,25.584816438527582,99,,0.8154707803881391,43.84658816193271
927,-6.995123888786413,43.415904163930335,30.79281437710628,99,,0.7198429754527316,53.68491324249278
928,-7.183731780052529,44.184290410169965,31.869926866718945,23,tool,0.8084400152692837,54.95043002404975
929,-7.508176168796383,41.35691864073236,30.471919092534154,1,animal,0.7431581122129903,51.91632962777497
930,-5.240549788080801,33.89200429403934,25.55316869812946,10,food,0.7928540858075594,42.767928961589874
931,-6.1162479441599755,40.85935954895049,30.311602751046333,26,vehicle,0.831296749824827,51.241477467009986
932,-1.6663097094633093,23.18861214519726,16.59086128829761,4,clothing,0.8553577831117612,28.561249964869777
933,-3.724524989863553,20.466816076180777,14.550088139973562,1,animal,0.8273298161004226,25.386368617376714
934,-5.996941018478973,47.61451161461241,34.727297381469,99,,0.8388465345942882,59.23757423543067
935,-4.913562511855683,39.88263370514412,28.40984252617532,99,,0.7904607886598812,49.21266828956434
936,-3.629416167101333,31.520809856942233,22.995377019511228,99,,0.8329408260204302,39.18573056638077
937,-5.459659204810005,31.816339288166994,22.957663284215467,1,animal,0.781574421513446,39.61239235143265
938,-4.228934034535009,23.025598075501286,16.748595083404066,1,animal,0.7770983637709936,28.78502192236101
939,-6.7803328040641535,40.455632454442394,30.412820371145564,1,animal,0.8209571084293074,51.06437851526608
940,-6.43843826280009,36.55999150529288,26.754873127453465,99,,0.7652541780140893,45.759258103657096
941,-5.742678659871085,41.022033309744046,31.745998066938114,6,container,0.8090967638533731,52.188063465914574
942,-4.68714287940922,40.34276142692982,29.17567201533636,99,,0.7779370512105909,50.00727492544114
943,-9.240093829438857,52.9037326230182,40.05083361616107,99,,0.747629576777523,66.9944291174576
944,-3.7128039060697193,37.00145347477432,26.42907833550159,4,clothing,0.9011730683024007,45.62223858772052
945,-5.139033669026573,42.46991006146425,30.90246614549941,10,food,0.8096221415031682,52.77371828433153
946,-7.630484388920907,48.27102660625853,37.07926321255453,99,,0.7439397176962762,61.34482913838447
947,-6.250829427913014,38.024563967931755,28.570380724945704,12,furniture,0.7998311261569446,47.970897305101
948,-7.269280937940709,49.88380622301767,37.027160925898535,6,container,0.7967367503785431,62.54795931829169
949,-7.531198841873686,43.07744963887318,33.557084414713714,99,,0.7840581852536282,55.122259911960406
950,-7.259771100764783,51.098609856835296,38.74770099548076,6,container,0.7755076870575159,64.53802397170017
951,-5.167968135141661,37.10912895175901,28.006507330077493,10,food,0.7817945607271173,46.77777035124486
952,-4.057314975970363,31.142972844213844,24.014870967473254,10,food,0.8682468209297478,39.53556108080501
953,-8.530914961895192,55.37099344543732,40.16517994969741,27,weapon,0.8008751057035233,68.93449866078178
954,-6.65432151818026,46.70831733475593,34.00234779005567,27,weapon,0.801437328787482,58.15588154561396
955,-6.924141929534348,40.35839062956176,31.305795994123763,1,animal,0.8648679252270619,51.54411992161987
956,-5.746036181101782,38.973587150207216,28.563072778557515,23,tool,0.842098549100109,48.66011255332751
957,-6.818735445758628,41.873579633810294,29.94049919514188,23,tool,0.702941824435727,51.92615252916962
958,-6.885219849851519,44.32919687740196,31.204930755960714,23,tool,0.7550673933659725,54.646423960407105
959,-6.195848199054204,32.02552758668413,23.91443336265298,99,,0.7628354200000542,40.446545899099455
960,-8.730829155057531,48.748456011197725,36.230605314828246,6,container,0.7916580207937272,61.36200862658704
961,-4.825454238234448,38.155108985967914,28.172355514874354,99,,0.7671543128459046,47.67367161854492
962,-7.962273734012758,52.25138866896281,38.13743429049742,23,tool,0.7915065351582522,65.1772146928079
963,-3.864397468780329,34.70456293108642,24.932607068779873,99,,0.860795011709646,42.90658633916972
964,-4.961522264241719,28.085893498036956,20.830845508618662,1,animal,0.8185877941413886,35.317959190270024
965,-7.665530537402555,55.13167417026259,40.00853090323786,18,musical instrument,0.7562815947891478,68.54884681941185
966,-5.051549141656689,35.98173257564545,26.202919533457905,10,food,0.7628390163033094,44.79727915792105
967,-6.104703607052782,37.05009943204288,27.344633600172937,99,,0.7828048721710468,46.45111689488138
968,-4.961461221384073,40.67702567260985,29.803244804054007,99,,0.8416285806827757,50.67020737940423
969,-7.326604693786212,38.61187315777072,28.710982101798862,99,,0.7115078665489898,48.6711041413753
970,-7.447089173180324,51.45661101582825,39.23811119501048,99,,0.7407831647864872,65.13732666098267
971,-7.2338967823447256,48.46376608164365,35.77609217131199,10,food,0.7842111434778315,60.671201212141014
972,-5.531555833297861,43.37202216212685,31.455351739355006,24,toy,0.7848414168091475,53.8625061560958
973,-5.0449478243759875,38.50324311405084,27.895984368793005,8,drink,0.7934387497583237,47.813566827358976
974,-6.946092637363389,38.6386166665605,29.427231760639955,21,plant,0.7961078344920823,49.062744215205264
975,-5.375369476454686,39.25400845494568,29.502538039980543,23,tool,0.8557308994952665,49.39809234767924
976,-5.053501821059049,37.57215578151905,27.244048503559704,10,food,0.7967666625458741,46.68450438411547
977,-4.0752377193883085,28.084565245232398,20.378995260114284,10,food,0.8200895705431702,34.93785647825294
978,-3.7529089353865746,37.93549578134659,27.07675476038228,99,,0.8229557425275379,46.758280699869125
979,-4.767249038123121,35.328982618554086,25.732889561095536,10,food,0.8034477463593318,43.96641083164649
980,-4.139324098723457,40.721004691195105,29.221472624935156,99,,0.8223018380848933,50.29143753587127
981,-7.94731079177133,53.53585369476558,41.334561536657425,99,,0.7137632278234955,68.10134622073245
982,-7.339629872218339,42.67364096352132,33.43976978844226,99,,0.7695886337112737,54.70948732394319
983,-7.042218795481394,44.83506734055559,32.27720205076803,23,tool,0.8288955901081902,55.69195526484673
984,-7.611994157050575,47.543103843360136,35.068830922626084,6,container,0.8151151638743811,59.566031262685556
985,-6.738497223889524,37.07581957396328,26.896819367063614,12,furniture,0.7971430641612194,46.29754457832395
986,-7.185408371368975,45.62757728139424,32.69556707777669,6,container,0.7825384001457607,56.59068835568567
987,-4.68627541357095,33.89192399650329,24.97685882444743,10,food,0.7986619293941305,42.36115161528275
988,-7.131736131478275,51.37096624836547,37.248560533113825,99,,0.791839538830874,63.85368505676694
989,-4.650951081653932,35.42341609962706,26.42381106679317,10,food,0.8181336999685939,44.43723152295648
990,-4.649365089867057,32.05543065579258,24.51401224299231,10,food,0.8112023005048874,40.62147248090322
991,-5.758567985365942,44.41824429053801,31.772487788891894,99,,0.7656136278523039,54.91477498261537
992,-3.462938224823189,19.476018252213674,13.891174349066697,1,animal,0.8303868541846225,24.171718037939925
993,-7.789580921129844,58.579557038829975,42.70117665160011,99,,0.7812754211983995,72.9083847113864
994,-5.611577735705467,38.52748234430278,27.687224635383338,10,food,0.7568612540995143,47.77487947116775
995,-6.399740349933736,33.73586136336322,24.38384125260731,99,,0.8293585774530897,42.1145667519801
996,-9.249678456176703,63.11381780737329,46.27191217918974,9,electronic device,0.8280118464864487,78.80355579847661
997,-8.48908411342902,54.00912429633951,39.5809419646227,99,,0.733162725329705,67.49593338230945
998,-7.638030576704207,52.805331824189786,37.861732205936825,9,electronic device,0.7530886543980255,65.4236451582112
999,-8.013206118508041,49.046105063533524,35.15663438934214,99,,0.8026879044300648,60.87463212034006
1000,-7.446811516160786,41.69008636887846,30.61497776867101,9,electronic device,0.7736059136867418,52.25701069691981
1001,-4.90417353249521,34.05451079384796,24.254572268518356,8,drink,0.7434205662245275,42.09566366472814
1002,-4.7806309724608465,36.29763949819582,25.844256285056876,7,dessert,0.7930380134580276,44.81404521535117
1003,-5.4128543926021795,39.7024743171952,29.981213056707674,26,vehicle,0.7291710334967548,50.04456609797667
1004,-6.109476254092192,33.91332260969842,25.43624122122454,10,food,0.7605786951682553,42.83038078272386
1005,-6.648662863372781,42.627724178481145,31.176501997253283,13,home decor,0.7505048959608325,53.22876913185384
1006,-8.791929274042332,58.112478887356026,42.56563242889716,27,weapon,0.7809239397550204,72.56852821206411
1007,-5.577130022823441,39.56671984540185,29.57946286294467,99,,0.7108601350433368,49.714930572980975
1008,-4.906094879274896,41.139838327457646,30.24138153592411,4,clothing,0.8145273087346259,51.294222109075136
1009,-7.579521115868274,49.210791819572556,35.63213802854474,9,electronic device,0.8092256504709487,61.22744835725612
1010,-5.116555967878911,45.433420966021295,33.86131907868328,4,clothing,0.7685048871999598,56.894321468812166
1011,-7.728066202851911,42.00266974448953,30.581321889155664,9,electronic device,0.755186078023571,52.52775001262161
1012,-6.68574085141688,46.4437045881414,34.962748184775286,6,container,0.7911341629168829,58.51590029414962
1013,-6.226200300365456,39.613541444853254,30.217222179684935,99,,0.7996396657982024,50.21034507190546
1014,-4.00720642096157,19.66831025830677,14.020770647537747,1,animal,0.7920199245944837,24.48432439884889
1015,-5.723352063631035,36.512199673164446,27.131683672044687,99,,0.8682627064847862,45.847854286729664
1016,-4.12434876224624,20.644942220526282,14.827556478793067,1,animal,0.7768909289090202,25.750346077932797
1017,-3.7183949317513325,21.690686806540388,15.063017028472455,1,animal,0.8195261841282382,26.668461466832884
1018,-5.356922787596345,29.085169712634478,21.467566794943092,1,animal,0.8144801595138568,36.544495386588146
1019,-7.912276495128863,52.48137037292954,39.12293003625663,23,tool,0.8050165061063284,65.93558985993684
1020,-6.2607762348659,33.36864647495964,24.55724988447658,1,animal,0.8297823873984269,41.901341369012556
1021,-6.5626654889389915,46.31061692652624,35.12291158084302,99,,0.8279697281263438,58.492398962180424
1022,-7.05605715978052,40.50332384851982,31.26966184350796,21,plant,0.718366416713657,51.65364398788823
1023,-6.24115838213133,33.2919558808242,25.56946799687756,1,animal,0.7492460211101326,42.43941656013828
1024,-7.2973308147008575,40.548056538387385,30.062199395389772,99,,0.7828310966703957,51.00129173410822
1025,-6.218355308574673,48.150669833202166,35.95338775862356,26,vehicle,0.7540429218478,60.41358323631919
1026,-4.086647869888428,20.42538222882361,14.712188325605112,1,animal,0.8100026601744492,25.501870820276665
1027,-7.973718936050656,49.28261662268654,34.85512906888151,9,electronic device,0.8111503345266818,60.88708005199643
1028,-6.032210746041854,37.95312276125329,27.84783143951743,99,,0.7781958883165708,47.45870636352408
1029,-10.55612832691091,60.40027492858202,45.02603207407744,99,,0.8233737219833648,76.07212775411475
1030,-4.68581192482646,37.324697851430436,27.071745520992323,7,dessert,0.7870781579623043,46.346189796452414
1031,-2.81786580022213,33.46250110241993,24.242610979926262,3,body part,0.8349041171219277,41.417188881206776
1032,-5.546403895254616,48.3185276936782,36.68892835184565,22,sports equipment,0.8197861189940439,60.92224698959245
1033,-6.88369489576594,41.220476408731194,32.67684049675505,99,,0.7709444609253838,53.04987121220116
1034,-5.640523240761084,41.5457142938065,30.13262530847472,4,clothing,0.842297544431691,51.6317439817124
1035,-4.228837916408478,33.29426659873408,24.59557341178792,7,dessert,0.7828881439513372,41.60929571532643
1036,-6.290310243941259,40.02897688594975,28.533457259295435,6,container,0.7949379021922299,49.558502566854976
1037,-6.111217793760846,39.1872597652432,29.38670957401477,10,food,0.8263016280538746,49.36159448821441
1038,-7.394801702955799,44.03764583637973,34.5336741046365,99,,0.7551666490690881,56.44972976198994
1039,-2.8745557321793322,30.689238176159822,21.799139735124598,99,,0.8812077193156096,37.75307806897285
1040,-8.058415254056518,50.25218978986686,37.43840961629144,10,food,0.8291089998467355,63.181129696142925
1041,-7.3254577948319755,43.68933589596341,32.71991387172142,9,electronic device,0.7045220682415805,55.072798791300315
1042,-7.186244258038599,43.56565824173167,32.8439339766883,1,animal,0.828849638502582,55.030288783874425
1043,-4.38283176874037,39.39573045228215,27.755346860048427,3,body part,0.9100840481856233,48.38999970555436
1044,-5.460830806236014,38.88203316343062,28.972965187766295,10,food,0.7919231151097065,48.796166732520824
1045,-4.577571997233947,33.59279025444619,25.503909509828578,10,food,0.7818441531997972,42.424982295277395
1046,-7.553906753242165,48.570514218082046,35.48158168146908,99,,0.8032491140065642,60.62259477508654
1047,-5.49986824291096,38.76399807921175,27.245306240144398,23,tool,0.8398510478692173,47.699086048830786
1048,-6.922519716123504,48.61399931997767,34.87521828031804,23,tool,0.828927276877392,60.22892211556453
1049,-3.889496055902408,34.23748319339864,24.965396961948414,99,,0.8483479049222676,42.55119834334631
1050,-6.008409887017726,33.27719952003143,24.36248571755637,99,,0.7548974387253247,41.67737644819466
1051,-6.383066133229933,47.32696730201308,34.753497916927394,99,,0.7697599937124653,59.062602251584536
1052,-2.8768100764783338,30.902041421044714,21.585794059798374,3,body part,0.8735675559236252,37.804215444790245
1053,-2.6075952624045597,30.731651813833018,21.67097543697871,3,body part,0.8761149022038057,37.69436499862169
1054,-3.932413132996612,42.86344128772326,31.656680464915805,99,,0.7319436220173601,53.43111350264418
1055,-6.729756024333168,47.1444522060352,33.83105468162761,23,tool,0.775964512868191,58.41600166756933
1056,-7.177446572599067,43.14980888116447,33.52020464565001,99,,0.8347180827033788,55.10921760712804
1057,-7.32441305459886,42.43091739468389,33.83158222213452,99,,0.7599754672925406,54.75952641506238
1058,-3.82159159865122,34.96357286728232,25.402757452950553,4,clothing,0.8313305543408239,43.38612769314723
1059,-7.302337906503676,38.36697926613791,28.453740401465517,6,container,0.7808060952903348,48.32147120838735
1060,-5.452623207148643,42.39567604913955,31.981271134030212,24,toy,0.8008894577319509,53.38469959502512
1061,-4.6300835458170075,35.5041917204357,26.74310549333102,10,food,0.8339457903357202,44.689808623333036
1062,-5.64638955161979,44.80396786453361,33.078157615035025,99,,0.8208109979451443,55.97715393426055
1063,-2.2572906300153264,28.2413203152885,19.74135996418398,3,body part,0.8532418757123152,34.53098358539137
1064,-7.27747466211181,38.65132998592655,28.069170825034263,19,office supply,0.7368384051999808,48.31940912245946
1065,-6.546893911627331,34.723715336285544,25.267790813117063,19,office supply,0.7626552093050959,43.44029787214791
1066,-5.604245164478562,40.20297112527608,30.68126093069448,10,food,0.7788538110751668,50.88247462005679
1067,-6.608859078457184,45.498729477213686,32.75330546956416,16,kitchen tool,0.8220176220176221,56.44989301621537
1068,-9.023076361554919,58.60245053332012,44.21687563098857,22,sports equipment,0.781360277549948,73.96482411324314
1069,-4.560288253867949,33.73767165302189,25.92302716355818,10,food,0.7509391810318481,42.7905369777952
1070,-6.439321888177826,34.78778027424426,26.58652343973554,1,animal,0.8193536931468687,44.25491782164183
1071,-7.418106787178382,44.47204086778525,32.458717283189955,20,part of car,0.7291432039154784,55.555009269389906
1072,-5.891566119023769,39.238647606882964,28.088883459292106,99,,0.7823526910114998,48.61447717852846
1073,-7.461805245315675,48.04022160408132,35.49717857277381,6,container,0.6719191208520477,60.196271611418375
1074,-5.1778716921391315,31.73755827351791,23.956119210411153,10,food,0.7591551267161024,40.09960857724962
1075,-4.898028324238073,34.75450555125597,26.35674465994215,10,food,0.8145459274075271,43.892417644129715
1076,-5.276174947777684,37.455379073726974,27.783069239383106,10,food,0.8071705227394544,46.932317010738956
1077,-5.614800578587929,38.860006570809034,28.8715095144954,10,food,0.7959273232829075,48.735922663536705
1078,-4.9953158071411305,36.329634700876824,27.005213131802144,10,food,0.8123692038111469,45.54203633794043
1079,-6.568632297938588,43.70761110158723,32.79729977011936,99,,0.8044173049488359,55.037851254243066
1080,-3.746049644166444,22.18201221446456,15.699661953891042,1,animal,0.8372790585708908,27.432716585961156
1081,-6.36951131305509,39.31073308821342,28.949301705134438,21,plant,0.6593486463304482,49.233794080029966
1082,-7.699987853233281,50.754746407501884,39.058980119688385,18,musical instrument,0.7368016217610959,64.50533329748771
1083,-6.638295506999791,44.45608209273962,33.98424329151831,99,,0.8130722734437905,56.35014635625861
1084,-5.238712515008379,30.18554773118288,22.27374903220361,1,animal,0.7913472421261808,37.877847042777084
1085,-4.483332835897832,23.81386118025809,17.259898636241637,1,animal,0.8379294660860388,29.750703496949093
1086,-6.7006794161022505,39.73912839098532,29.292807975663305,12,furniture,0.774644110106241,49.821341100091594
1087,-2.914187188589668,33.200166010583786,23.716636350028853,4,clothing,0.7466878480597994,40.90504064122138
1088,-7.2649644408385505,38.81614246442875,28.428654445542367,99,,0.8247239501848124,48.65861709635338
1089,-7.476653675294267,43.20831672180007,31.83104352676941,15,kitchen appliance,0.7358932744619524,54.18555449669928
1090,-4.558120323517458,39.98399074972035,29.270881091468976,4,clothing,0.8169146194717515,49.76223926862919
1091,-4.287330071987661,27.418231351406106,20.04092777318447,1,animal,0.8252828097179831,34.231263423884826
1092,-7.293406293891068,48.15541612341563,36.223187000607155,1,animal,0.7765371356540256,60.69808196201954
1093,-2.9791448861713525,34.62440958235039,25.08063676648419,99,,0.8237424255075091,42.857477571498265
1094,-8.618964180304529,59.61935989340817,44.47187704675296,22,sports equipment,0.78854988079956,74.87658155727071
1095,-5.87521603159098,35.64437185638322,26.38010177311576,99,,0.7907130611032134,44.731970424003606
1096,-4.801070427383282,38.79065356544445,29.49236655374073,99,,0.8054977985930472,48.96493404696087
1097,-6.6246503307379,45.7925675527274,33.995996795071314,23,tool,0.806776444899836,57.41579079979781
1098,-7.185681794099248,48.9651734459368,36.859562470784574,99,,0.744775285749291,61.707775676768605
1099,-2.7258257597235698,29.350252687239472,21.35039393466525,4,clothing,0.8178504165847464,36.3965215376768
1100,-6.076377066943147,45.94928020222882,34.77158806397764,99,,0.7808822399964891,57.94240283120439
1101,-7.521957205643476,40.47808537960487,31.302933120515995,99,,0.8059252806813784,51.71971440514352
1102,-8.383879667952332,51.33432616227153,39.3258464837112,21,plant,0.718945794814343,65.20755080879515
1103,-6.488048678388173,41.68221079975283,29.711700119867327,6,container,0.8016121567087502,51.59735067637766
1104,-4.076736384887761,31.400969761154975,23.398217872014232,10,food,0.8411493385046988,39.37152881307866
1105,-4.935018159607979,26.64388919158309,19.327040888751355,1,animal,0.8169805125879551,33.28341546483001
1106,-4.147525929843576,21.534310006306843,15.235228665716296,1,animal,0.8605984621395917,26.702821410538537
1107,-1.3893304036778857,22.98007314030724,16.449299767163094,4,clothing,0.8938838529178709,28.294760351246058
1108,-2.8412598026956486,27.671134554361725,19.70464458631739,4,clothing,0.8077469903454895,34.08867059691669
1109,-4.256816808705898,33.25483162126552,24.05461632202273,4,clothing,0.8024771201199314,41.26292381668226
1110,-3.0661014245186275,33.52298745967006,23.332139716227218,4,clothing,0.847468342526109,40.95827645182569
1111,-5.262975371724466,33.902493495929626,25.638190840140393,10,food,0.7894457845677358,42.82983544867278
1112,-5.986165360775864,30.973769228079384,23.256757506742535,19,office supply,0.7307764603817236,39.19292443347773
1113,-7.375647393463109,39.3776381689237,30.17121294226168,6,container,0.760232786453365,50.15277313013384
1114,-5.74566702299956,33.07711008508393,23.89306658469076,99,,0.7657988257357231,41.20663213537855
1115,-6.137279889124782,36.57552439303815,26.43643704617684,99,,0.7798382985069213,45.544707626239685
1116,-6.879223802252869,44.22453019779776,31.763898601153976,19,office supply,0.8371024255689014,54.88240196713151
1117,-7.214757039676321,42.02397707132316,30.146940822440733,19,office supply,0.73713541807345,52.21977986342337
1118,-6.564412337505401,51.56334157406695,39.4924653996414,99,,0.7794772626953925,65.28035329992147
1119,-4.37031897067413,33.49016630843895,25.15013827991767,7,dessert,0.8297678608654219,42.109623398592795
1120,-7.364574791127821,46.500490844174614,34.374864437835136,99,,0.7621634392266837,58.29377252951489
1121,-4.947828202600477,32.53756803609644,24.636427982510146,1,animal,0.7914725797003902,41.111165409940185
1122,-5.2806736005428965,31.097182336063042,23.386998270514745,10,food,0.7798157159567254,39.26667736163682
1123,-4.122513417877914,32.32314296048206,24.595563254647157,10,food,0.8362706273369916,40.825511871104496
1124,-4.193174058202804,34.23977404514146,25.279667078492768,7,dessert,0.7719544263708381,42.766884419421515
1125,-5.239111710330034,38.30315230343331,29.48172450522666,5,clothing accessory,0.8209170765355436,48.61843115214032
1126,-4.074607483377139,31.14100411858904,22.39746913902832,10,food,0.844998750555735,38.57474805480003
1127,-8.489350677406874,53.58063694924022,39.77868193822793,99,,0.7534269289647736,67.27032977140053
1128,-5.379373875513756,35.45846697090866,26.81296262312472,10,food,0.8087395185483395,44.77918610078418
1129,-5.035003136486545,37.142339360430995,27.019578862911356,10,food,0.8216193583695579,46.20565194517806
1130,-5.6483769029111315,35.53655358052683,27.05686377251443,1,animal,0.8075595005264082,45.0202696484972
1131,-6.095888881440193,41.84799394580285,31.68079015931752,10,food,0.8247722392375006,52.840201775367284
1132,-4.339162937021994,31.224786848485184,23.26708435773555,10,food,0.828893311356035,39.18128205198677
1133,-6.071070508817888,38.63294441495497,28.643941841181533,10,food,0.769681799474766,48.475124502088995
1134,-7.620293869742017,52.519837580337395,38.48748255880359,99,,0.794519248402432,65.55675809434491
1135,-5.561392730563879,39.04429710151078,29.94579286517638,10,food,0.7730348364530157,49.519054267813516
1136,-6.235108788613591,38.66535523503612,28.551354721642383,20,part of car,0.7107637488940293,48.467165519539435
1137,-6.750527668094496,40.98080993051619,29.525345141857848,99,,0.7489723860150691,50.95824184667906
1138,-8.287640707796585,55.91956168081402,40.71143599705481,16,kitchen tool,0.7998688085624688,69.66421885026904
1139,-7.462467205151633,48.9785071021852,37.54939473966353,99,,0.8086712061673573,62.16542141787379
1140,-6.08519891138452,35.21869768571238,26.160878751064157,1,animal,0.7370041769888716,44.29196190615852
1141,-7.490423104046511,46.426016847813884,32.58108653742546,19,office supply,0.7257566112749041,57.21021480986013
1142,-7.334578483487264,43.87254499895226,31.558743216077204,19,office supply,0.8093545626869507,54.53944003740618
1143,-7.220132286923334,43.07039532588567,31.569137439865965,19,office supply,0.8016444429554186,53.88691587450421
1144,-9.590029289482267,60.995086878276766,44.69265078316087,99,,0.7977103327143861,76.22205926821466
1145,-5.705439951767031,31.706683791728373,23.266094564248156,1,animal,0.7873366087984189,39.73886005391206
1146,-7.399529709104462,50.54225315418387,37.311518193890386,19,office supply,0.6723666537369143,63.25679239220514
1147,-8.339573799668148,52.61768767331679,37.02334899084487,17,medical equipment,0.7791740285544553,64.87601958924976
1148,-6.679956992905558,49.117645728855194,36.702384566907185,99,,0.7602974981626428,61.67844015755863
1149,-7.884893474748461,50.84939304596873,37.129727331997685,16,kitchen tool,0.7737146245682832,63.454306158053924
1150,-6.181647519892297,38.79503111084329,30.135211073250925,10,food,0.8256912356398878,49.511596130410446
1151,-5.51767840352629,37.67348910461866,28.688099385794775,10,food,0.8047571674611836,47.67330073164433
1152,-4.086834475122259,39.06531055013886,30.00884214641257,10,food,0.8630245014230894,49.43006485302387
1153,-4.675412807360253,36.419382694928295,27.364739110051605,10,food,0.8292318115488849,45.79366623628271
1154,-5.845673714273687,44.03827334727037,31.763731495866246,99,,0.7344095299770436,54.61205049367895
1155,-8.070501419487108,55.91406023256707,41.33543908540376,99,,0.7817490740036044,70.00095463089204
1156,-6.294376301539163,40.56170081464485,30.200446539729285,10,food,0.8308068747357429,50.960158135559055
1157,-6.119350807759706,41.82004563943503,31.075635768812962,99,,0.8134062753570587,52.460059188193696
1158,-6.4854689970316315,42.724545263179635,31.962368564624114,99,,0.7951316298877275,53.749800746773154
1159,-6.507683600851935,41.68254460087859,29.57363790649344,6,container,0.7910801905049957,51.52071941731225
1160,-5.202603929931346,31.026226589855867,23.072769181538565,1,animal,0.7423778037713615,39.01341438225283
1161,-7.6638939153519114,45.35466894390584,32.928187977081926,99,,0.7763412174540841,56.56895640199762
1162,-6.927109290200615,45.51488930765511,34.71358459789986,99,,0.8120393042063,57.65954342033963
1163,-7.022241614530649,50.09399203243376,37.93369432473841,99,,0.7738051009039457,63.227249506530605
1164,-5.853241752077743,46.293495333715605,34.94084900149432,99,,0.7661410405312844,58.29417705196842
1165,-7.830735497200675,51.24696739741397,37.766837849981684,18,musical instrument,0.7583633429318234,64.13973906281143
1166,-7.795168815011106,51.40698870378684,38.00119054898173,23,tool,0.8066998361347483,64.40134802615398
1167,-6.402014666247261,42.020631177928806,30.799240744362848,10,food,0.825537649101,52.491070353038026
1168,-4.8376737180157,36.570289867551026,26.62899212752659,7,dessert,0.8270549837717284,45.49607026685445
1169,-5.747159383700143,39.570519208252776,29.31105782567133,10,food,0.8329005990841379,49.578159932093115
1170,-4.790030774995727,27.576894984135823,20.315018388184452,1,animal,0.8539656497676993,34.585105231930896
1171,-5.2756356188999955,30.78712795013844,22.940100176451722,1,animal,0.7627127739611694,38.75471293542557
1172,-7.295549103279641,45.89977293868483,33.527782365691415,6,container,0.8148931777528018,57.307297815394826
1173,-4.186658697035851,24.73142809214072,18.031110681919507,1,animal,0.8320831099794516,30.891626680151127
1174,-3.6572743698572467,33.36193625512507,24.598889199744555,99,,0.8157640476769803,41.61129409629978
1175,-4.218951116122952,33.93974590955653,24.95866210334013,6,container,0.8267429047916856,42.339588034299545
1176,-5.195493562581762,36.494720468386866,27.284297308821706,13,home decor,0.7237279880413824,45.86164688561347
1177,-7.069629930190322,49.966733609079846,37.346478595832814,23,tool,0.849513384916775,62.78067854379714
1178,-5.376947905973919,41.53180722376266,31.579829442297587,9,electronic device,0.8054118250885406,52.45081703519924
1179,-6.110098215048231,49.12265908334427,35.639604921602796,99,,0.7977901552092899,60.996314434430666
1180,-7.540513243544708,42.55676390662421,32.483022857380035,99,,0.7472184348928537,54.06555528368594
1181,-8.092297022042485,48.040000290336984,36.680060103313146,21,plant,0.7260133391616809,60.98158499228435
1182,-6.157691300490265,38.51123752602496,28.140160237681417,10,food,0.7953147364331575,48.09263141210338
1183,-7.3916114305634615,44.323005838901935,34.61210680822887,13,home decor,0.7624152205254618,56.72003793933864
1184,-7.095904824150613,44.97097537581015,33.9248246074108,22,sports equipment,0.7660719632454185,56.77705712846266
1185,-5.6536783790093335,43.67259505882928,33.665623604642896,13,home decor,0.7830486773602949,55.43134357992098
1186,-7.2732099670535115,57.01417234660119,40.55145676370317,99,,0.8295554619596432,70.34156720781304
1187,-8.152490512653632,51.68516652295447,38.100860643622184,99,,0.7867486802801906,64.72630934827939
1188,-5.81655819452901,39.186778174898414,29.931593324314854,10,food,0.8165357597401885,49.65215213755801
1189,-4.434916174664718,32.938194355884015,24.618096215945272,10,food,0.8039254640666709,41.35992976541222
1190,-5.934925094087785,39.76305542976066,28.612029784562452,6,container,0.7581539135518599,49.345437087691714
1191,-9.257254437767173,57.498548222938005,43.158589652212406,23,tool,0.7894980904280712,72.48754146913208
1192,-4.007020642754028,31.51255273786559,23.038368708170896,10,food,0.8399780009059945,39.241096152144436
1193,-6.6468756785463965,38.72441048391073,30.035942629858095,13,home decor,0.7602955554245968,49.45623088425354
1194,-6.713530556287571,37.89926095769194,28.670338745756556,21,plant,0.7044869694379353,47.993893335151185
1195,-3.9526602951267744,40.73025560586111,29.350013732257512,17,medical equipment,0.8465381045500162,50.35871872090429
1196,-6.668501146953205,43.599344597265436,32.01147756302984,99,,0.7848045528840135,54.498683035706264
1197,-6.69782624914523,44.30085356367675,31.516144519214986,99,,0.7568846709065925,54.77858950621233
1198,-6.749548786385879,37.140189282746654,27.873806437359196,1,animal,0.8121584644501163,46.9243982815488
1199,-4.975417255796152,36.42442441388091,27.18719891429649,99,,0.8538887396217905,45.723486913809644
1200,-4.555937233571718,38.118244316152186,29.569536236001746,99,,0.8023429739245441,48.45734812218198
1201,-7.182624652482381,45.5435030687549,33.18133878125148,23,tool,0.8332091059272599,56.80494707319353
1202,-7.453700447017912,43.09279491835357,30.748258918397912,99,,0.7963240186430668,53.4602847985492
1203,-5.269444320934551,37.68225550454194,27.489717191215867,10,food,0.808905442914344,46.94043006422118
1204,-7.622125410334706,49.91167477937887,35.53795804105687,23,tool,0.801122867206914,61.743165911550676
1205,-3.4924251701436275,33.14372090253378,24.445943111353937,6,container,0.8081932034856457,41.331675545973944
1206,-6.417580444789693,48.05127593767431,33.87305262785741,99,,0.7848184817050033,59.13961576078647
1207,-8.337356983929718,52.518419856031564,38.083789540141424,23,tool,0.8090530047021888,65.40696424227069
1208,-8.108744172420918,59.26965132585559,43.86382517312007,24,toy,0.771753957743748,74.18004084091831
1209,-5.424137719445164,34.4646903891991,26.59552592998147,21,plant,0.7151463724806647,43.86978633541742
1210,-8.57562516340302,55.752650861121765,40.86775691629505,23,tool,0.717137118091868,69.65682292751167
1211,-3.7990766754810306,18.601085981159386,13.079446044244621,1,animal,0.8128356485144034,23.05439854103712
1212,-7.225367512495604,38.99893983068147,28.763038656412313,99,,0.716518737672584,48.99424084887947
1213,-8.789303701233111,54.893153498764434,40.960941502198146,99,,0.7360733717258184,69.05294265516802
1214,-6.091150983202001,43.75990480718469,32.77734160186748,26,vehicle,0.8351519819736377,55.01259411734318
1215,-7.811049371893777,54.0281521902793,38.97723525876116,23,tool,0.7593751970402439,67.07666203533803
1216,-2.48832873802526,28.113489741584686,20.37645850848767,4,clothing,0.8360027065642495,34.81034539769448
1217,-7.591720066122794,43.44853844797025,31.931504441527064,9,electronic device,0.7622818116892213,54.452095301525205
1218,-3.9581446350626583,34.02576228311558,25.480611039000664,99,,0.7899021089569871,42.692867634067504
1219,-5.678845234183171,41.61113798439533,30.805265248255026,10,food,0.8366151238102458,52.083591029858354
1220,-4.328715344248175,23.58445545924197,17.012104926578218,1,animal,0.8062470467996452,29.400272615630705
1221,-3.354039962349422,19.22514196186511,13.399059515570212,1,animal,0.8251091201267711,23.672567740418366
1222,-7.876662309766284,52.59705117224118,39.332891660008634,22,sports equipment,0.7872129902617709,66.1480760679812
1223,-5.215545320127414,39.86879742023802,30.708249562476432,10,food,0.795885346140593,50.59367067048619
1224,-5.164943513473078,34.44526899787603,26.454603584337676,10,food,0.6858006289849441,43.73784686787701
1225,-4.952011140141383,40.99343448288164,30.86096058099657,7,dessert,0.8476455985725472,51.54981060116727
1226,-5.454185868675735,29.08268510683217,21.315100974833395,1,animal,0.7947790184070672,36.467578012264035
1227,-7.408412067614566,47.32076909547351,34.796405345683304,99,,0.7721203571360647,59.20244574451123
1228,-4.428239460782186,22.390601790390843,15.913364872075984,1,animal,0.8297486708725029,27.824153802221982
1229,-6.0162197703581715,36.53215984732399,27.728946434814166,13,home decor,0.7201744430268628,46.25676246583274
1230,-6.831132960659826,42.431623662857184,30.48892220584501,6,container,0.6949563137261933,52.69422588355031
1231,-6.047367959347939,40.25786754445019,30.49184908506142,10,food,0.855930325834507,50.86275080143036
1232,-4.71395500602153,37.80002043161133,28.477743362914964,99,,0.7928198644088981,47.560958605489404
1233,-6.878079916168185,45.90520539149286,35.25141884620138,99,,0.8219680774123284,58.28600514736504
1234,-4.532729018624391,33.332594891616516,25.114327521831925,10,food,0.779908099693805,41.980197253452054
1235,-6.34243573512473,41.677631288892854,32.054290834126164,13,home decor,0.721732920481316,52.95969223650976
1236,-6.710208317342554,40.89419524755821,30.830846116229875,99,,0.7924112760614193,51.651748981522324
1237,-7.674269275156422,48.06398625220679,37.55311306760986,99,,0.7251555347993089,61.47582845662694
1238,-6.779964866506935,35.09524105359172,25.71951605356402,1,animal,0.8113850380125827,44.03563754767627
1239,-4.209089228446888,36.20415035987209,27.064628852736252,10,food,0.8369752314108985,45.39769895434809
1240,-7.0151006124826445,36.12708250527992,26.17401506805985,9,electronic device,0.7265480142121794,45.16034534555267
1241,-7.805842932620321,49.83514595575611,36.86004019758148,99,,0.7546082064456846,62.4750791891261
1242,-7.507187655913442,41.723116411131784,30.01154030375062,9,electronic device,0.7645126678922244,51.94101328393201
1243,-8.038453697850063,54.02941836420962,40.64206282443956,99,,0.7213695994351726,68.08503548690389
1244,-6.329230820546284,43.806811418089545,32.7190572191249,10,food,0.8040880346740114,55.04209838576453
1245,-6.181200352414562,43.30223367278319,30.97259095507157,22,sports equipment,0.7772922484939607,53.59656770091896
1246,-4.913678304628829,38.73844594463426,28.332499237117087,7,dessert,0.788640981436232,48.244605311972144
1247,-7.204942035094878,43.514628504740315,33.04790537330696,99,,0.7640636679554877,55.11440948787972
1248,-5.813153152284566,34.55142618739379,25.410154175800855,1,animal,0.802248352152075,43.281286214630995
1249,-3.838084933573967,24.913044311252783,17.486119334060934,1,animal,0.8528724013480112,30.67825031152839
1250,-6.525691094105699,42.903491908119896,31.714968992717615,23,tool,0.6925981688016349,53.75066065058958
1251,-6.950914576266834,43.30674442382977,32.89563344344405,99,,0.7101076496453695,54.826198351544534
1252,-7.914971652135124,48.138958320305925,35.84018210322612,99,,0.7352156639976332,60.5353181011768
1253,-6.696496533115139,48.031938827508746,35.74953288265577,10,food,0.8029696994211941,60.24897770647774
1254,-5.089536968583093,38.74482957182626,28.754414313083426,8,drink,0.7784589522333628,48.516817162638496
1255,-6.870208240150557,41.66078884797949,30.02359343965042,19,office supply,0.8066298149555073,51.80962508770339
1256,-7.009521245212365,49.48168285531345,36.995963823200384,22,sports equipment,0.8263322791263726,62.17935079661459
1257,-3.059656351824206,34.21150607067707,25.379299639145664,24,toy,0.781972620378192,42.70711292968387
1258,-3.6169690864342003,25.77001222388985,18.431809701275306,1,animal,0.8261954041136825,31.88898876188581
1259,-5.5084501342882515,36.905538308869524,26.07553924252127,5,clothing accessory,0.7894967445192093,45.522472774857505
1260,-5.831203093630834,41.605156874825724,31.406105193904118,26,vehicle,0.7607480755587304,52.45317389394658
1261,-3.9332302027704116,31.35309214028876,23.463301007534582,10,food,0.8161111546473484,39.35750475774087
1262,-3.7032725753639464,29.405711509985533,21.869345540138124,10,food,0.8010871553301119,36.83311514832675
1263,-8.858099185273925,54.801062188377145,40.380630340815486,23,tool,0.7846570773400042,68.64559450446997
1264,-4.94077317344356,35.362129293524426,27.760374236807227,99,,0.7676316549057737,45.22753371001948
1265,-4.435521509523524,22.41902969847323,16.247678803067373,1,animal,0.8172249848978456,28.040574355210975
1266,-4.275460799205666,21.42358102796765,15.534684636777884,1,animal,0.8188888306950053,26.80626448932381
1267,-5.624587555213871,41.97961512465154,31.299062119935353,1,animal,0.7095712909048807,52.66455507044288
1268,-7.746098467987123,50.606394022099416,39.42436679682788,12,furniture,0.7936324099082074,64.61648284088632
1269,-6.466691812829968,36.02946210461143,27.62162300074116,12,furniture,0.7641595852697995,45.85732547526978
1270,-7.371983072098498,55.05644086802723,41.009529984661214,22,sports equipment,0.7731748379194421,69.0459221462985
1271,-8.122704796181216,49.11008081511605,35.74814380668803,99,,0.7552557617464551,61.28383274972921
1272,-7.748393242310954,42.23632922701818,32.13603598452178,99,,0.7904342965318576,53.634596234231495
1273,-8.213868885634591,48.98464176521568,35.91734149243763,9,electronic device,0.7403355243149853,61.294520071710245
1274,-5.828949254373617,39.18094439258452,29.555719272306224,10,food,0.7975370022930999,49.42331023523452
1275,-7.034151075992724,54.71389960075015,41.371487882258464,26,vehicle,0.7939746420079332,68.95426093050898
1276,-6.1178619830294965,40.222497315081725,30.352051527235552,99,,0.7445218737901667,50.75947751323999
1277,-6.763354021217051,43.135717653250516,31.881921128758453,99,,0.7769316945849977,54.063758562808374
1278,-8.63558996473629,50.995493252980225,37.49000886420879,99,,0.7117785106901672,63.87968777938931
1279,-4.490772846476169,39.45878690723256,29.00997645485301,4,clothing,0.7645179099580872,49.18070392806676
1280,-5.360690437627903,37.21737097065653,28.434551215334874,10,food,0.8184348006880624,47.14226773027624
1281,-8.487354957964278,56.396737663371724,43.41878230860461,23,tool,0.7911366846944768,71.67857330064298
1282,-4.2627411660909145,24.417233426354734,17.438821792908456,1,animal,0.8160949920349484,30.306513424856384
1283,-7.574797996956963,51.106088764627124,39.42172754424535,99,,0.8039954335886622,64.98678693461743
1284,-4.454717600026995,32.490265305369356,24.898317485581448,10,food,0.82084238071472,41.17509031103744
1285,-3.734093186714769,19.464363689906182,13.769485734535303,1,animal,0.803736152059323,24.133040487546925
1286,-6.107102577421059,39.271884609454986,28.064438929094333,23,tool,0.779475867951587,48.65378048080494
1287,-4.4042948870321315,45.63253712478621,33.66249724996499,24,toy,0.8041919968409655,56.876093211478846
1288,-5.450546483470627,33.1303028715045,24.18491264138542,1,animal,0.8522403455245203,41.379166555134205
1289,-4.001857839838261,31.708984839063884,24.040996640894225,10,food,0.8255144569744737,39.99305071111412
1290,-6.581430244034206,47.34100656300798,34.070968678242956,23,tool,0.8205272691472949,58.6968230241609
1291,-6.332218224956646,43.403932974692594,31.18956278141966,27,weapon,0.8045783081233444,53.821809815503215
1292,-4.327584157539491,32.73184958653637,24.42480963653543,10,food,0.8413940364167253,41.069128159448695
1293,-5.428602252734543,47.73513092295671,34.688174680630354,20,part of car,0.6884963444414663,59.25691444316129
1294,-7.023119924704188,46.7205273397535,34.50340026492843,12,furniture,0.7618304791269909,58.503132550516426
1295,-6.353294087288688,42.426797927835494,30.101290146065036,99,,0.7720378279187652,52.406919358292335
1296,-7.536490117175992,51.58512529326306,36.92539148684273,9,electronic device,0.7330505849520613,63.88511854308902
1297,-6.641318228270062,51.58569708190533,37.19021601504106,18,musical instrument,0.7597018405001211,63.939842183732864
1298,-6.491841173331637,47.41540346114446,36.27873559895203,99,,0.798105234009782,60.054235020201055
1299,-6.610886451253175,45.63484713658946,34.447123915055826,99,,0.7260128690616497,57.55734044299181
1300,-7.351478722708996,41.98075800630137,31.085948072109506,9,electronic device,0.8193330865426502,52.75191418077612
1301,-4.9708022963846545,29.19180450718632,21.24285898546111,1,animal,0.7325105511194564,36.4435094870364
1302,-7.921464689427305,44.662676076216925,31.953105747857666,9,electronic device,0.798864391645433,55.4842788909498
1303,-5.2392522173510665,47.142251974174634,35.41977993198082,99,,0.8173635895555024,59.19799401519904
1304,-6.798341263276584,44.55103430044127,31.890832560986986,27,weapon,0.8568289237390204,55.20903279902639
1305,-6.947595132202084,46.78967570267471,35.53192730104627,99,,0.77997013969769,59.16131073775583
1306,-4.245116996558115,22.273707976740344,15.987925783245819,1,animal,0.8554656556180947,27.744420271437452
1307,-7.9611871665301015,51.34034975803715,38.849195758272664,10,food,0.7880571970660407,64.87273715084557
1308,-5.762195709968346,43.888438982389076,34.092190480733194,99,,0.7900271002710028,55.87195564400321
1309,-5.071408378577365,34.43162395529444,26.146176557240814,10,food,0.8286313620970458,43.53020169610428
1310,-6.703823496552589,51.23382906330412,38.967903239083135,26,vehicle,0.7717167461687761,64.71741630203837
1311,-7.937997652270305,51.6358719614441,37.47328905202,27,weapon,0.8277584363886868,64.29247601642311
1312,-6.792024476589215,47.33214451491651,34.78902750443401,20,part of car,0.7357918671333076,59.133238838878036
1313,-4.628927911805802,40.234267824815454,28.150779094571114,99,,0.7720713959356601,49.322303724005195
1314,-7.45266829845091,50.66401044972796,38.08525611889234,99,,0.8151506328902813,63.81904851420542
1315,-8.632770242506156,55.34517470251701,42.1710177264564,99,,0.7681021855765117,70.11424834509124
1316,-7.0581594017884575,48.27581480122757,36.67604629489617,26,vehicle,0.7561816331195221,61.0369091672313
1317,-3.120553949106687,28.616466472906545,20.417584165475578,4,clothing,0.8191010592968233,35.29189359468472
1318,-5.296740189900457,44.562629941124726,34.05891611573979,24,toy,0.8137344781096785,56.337316326640305
1319,-7.171429786564633,44.778642812406275,33.81778631713239,99,,0.7544438607711784,56.5703007654716
1320,-7.702652285906638,51.053954940475684,37.8648821784565,26,vehicle,0.7500686046005871,64.0280131636934
1321,-6.339253276520734,41.6886733197963,31.81457401071242,12,furniture,0.7887351423754226,52.823278341576575
1322,-6.474479920234753,43.52031802954777,32.46693049120499,24,toy,0.7703711348209364,54.681244930517444
1323,-4.699821255525795,36.77032991462415,26.6174917963248,10,food,0.8106287655997333,45.63591076544451
1324,-9.23403211938143,56.88981462967278,42.470176450846495,99,,0.750302413921946,71.59213815459303
1325,-7.621966383270722,60.40744812621627,46.83666262869285,99,,0.8005844956724667,76.81684142727565
1326,-6.040522233669841,49.836770142160525,36.83860192234507,22,sports equipment,0.7856556478022582,62.267761792527985
1327,-5.62495401429573,53.615305143245806,40.496101466719736,22,sports equipment,0.819986711400868,67.42533119880956
1328,-7.389464481515223,49.54788494042655,36.867170358333745,16,kitchen tool,0.7665868176538909,62.199560590278494
1329,-7.833197678190436,48.885741817044035,36.455724737742614,20,part of car,0.7056277471114994,61.483287200851215
1330,-4.803432465916845,28.149488935572034,20.5801467787469,1,animal,0.826774787754449,35.19956153453169
1331,-8.189831812928261,48.50561051771158,37.74195572160624,99,,0.8057412406997675,62.00260332043865
1332,-7.000592359477894,49.77425825260589,38.06028294172254,23,tool,0.7778407432282222,63.04815790794099
1333,-5.628807374854117,49.37230190803777,36.266935495478435,99,,0.7862794140932857,61.51908873183051
1334,-5.2908748294419174,35.24401818756684,26.444616136414773,21,plant,0.7510337946681676,44.37850715232197
1335,-7.470501093643312,52.47949535182517,39.16090316129941,99,,0.7843519968138872,65.90509961589494
1336,-6.93566594973222,37.62953708825704,27.329205483555352,9,electronic device,0.7520168764389463,47.02096336747237
1337,-6.605007694216463,47.09261634979234,34.76957185568813,19,office supply,0.7828880656143173,58.9089447226586
1338,-4.316171227214044,34.60521057696668,24.520556937010895,99,,0.8050328105121073,42.63106432685008
1339,-8.651314959324617,54.991028740641035,41.44447611877879,99,,0.6991942653097154,69.401030923463
1340,-5.530840724766954,32.055724931582034,25.017302961406685,13,home decor,0.7947967229386889,41.036875459454734
1341,-7.686978716674597,45.88223648570205,33.78717923668141,23,tool,0.7936604753332315,57.49645856478582
1342,-7.6921654366045225,46.495987915278725,36.32844408985082,99,,0.7251829611283157,59.50463974608413
1343,-7.5124319687657,55.782662595278104,41.225451098325244,22,sports equipment,0.7927116473181448,69.76876019082164
1344,-6.34268344642782,46.02408645898938,34.5742268516607,99,,0.8037270629747195,57.912203636852
1345,-6.161802381111231,42.79903357523108,32.99549785690526,10,food,0.8098432606420529,54.39143280317834
1346,-8.33709314600245,54.45415233188167,42.09416278891349,99,,0.6846525223241796,69.33022695194676
1347,-8.648454388064318,55.73434049440589,42.743286104773055,26,vehicle,0.6855126402623194,70.76793751893075
1348,-5.2816645015847055,34.723447219416116,25.643709573292917,10,food,0.7193780832289725,43.48808580963609
1349,-5.926596736179939,40.254952387781614,30.16541823431916,10,food,0.8592781790310674,50.651142118093034
1350,-6.464205379846718,45.418006719260354,32.862370830676426,6,container,0.8148595133471578,56.43152223851941
1351,-7.510626113719893,42.594663435429105,33.114355460670204,99,,0.7936224575276475,54.47270321338193
1352,-4.494051979187343,40.658808975509736,29.407607571149466,4,clothing,0.7751206240363478,50.37998246880755
1353,-7.299917824981695,45.41083125133554,35.126282974500185,6,container,0.7738984158425772,57.87303474670582
1354,-7.743867104541017,47.59363714389333,37.372030872449386,99,,0.8131095548022012,61.00647888420282
1355,-8.026429286527227,52.15519735855385,40.8260360779659,99,,0.7810525655569617,66.71846371463224
1356,-7.069860154917006,39.193358069901045,29.8354689106746,23,tool,0.7735441451904866,49.76200804354051
1357,-4.733861756805852,33.949723345788286,25.880192568398076,10,food,0.7874460384858332,42.95087344589721
1358,-6.932739938578228,46.27860593479135,34.19512818159067,6,container,0.8068716683045952,57.957562420093886
1359,-6.9770664237785205,43.54410800519729,33.112967521889644,1,animal,0.7974470456894256,55.14741531527858
1360,-8.474318624050309,54.608781354379296,41.569100387136245,99,,0.6988164105542155,69.15145106321444
1361,-7.967636950736145,50.840016826760696,37.59006970810705,99,,0.724115518627714,63.72757558690268
1362,-5.06453573090929,38.255493548883805,28.410697682066615,10,food,0.8039971462190243,47.919725078720276
1363,-6.241267113339708,40.47345499844049,28.762881966449573,99,,0.7037836277449153,50.04355456706441
1364,-4.975682927183418,34.466636830389156,26.69758593334222,10,food,0.8526334468691534,43.88015006421463
1365,-5.547461764256062,42.05237805703553,31.406915718701597,10,food,0.8728133764160778,52.77851065764695
1366,-7.922215303185259,47.169514082491624,34.56052937677447,23,tool,0.7818551268302222,59.0097851622194
1367,-7.403012363513596,43.990700780443845,33.325462110209024,23,tool,0.7284178727776288,55.68278703574252
1368,-6.270418879130565,45.19131081109205,32.38960758988425,18,musical instrument,0.848866776809018,55.95229580250635
1369,-7.599333083314341,46.8519765283764,35.87763822412186,99,,0.7235362330868015,59.49842428558641
1370,-8.17964119230697,54.34296942557747,42.040222743633564,99,,0.7457053358850536,69.1913664004293
1371,-8.001253851165751,50.84035745553665,36.4422624891433,99,,0.8024529942597233,63.06187837929629
1372,-6.561782974590841,40.204725326916275,30.248812112177717,10,food,0.8461591818074489,50.739211351934145
1373,-4.748193217901297,33.761470129531496,25.147869752411665,1,animal,0.83348537435187,42.365051129746476
1374,-5.687892194244652,41.43592404037078,29.455106519013775,17,medical equipment,0.8144850146726319,51.155559020884276
1375,-7.367263058784718,37.52288136192095,27.4578749465406,9,electronic device,0.7414924506387922,47.07630069640127
1376,-6.568571733688067,51.59247168719326,38.83749305177923,13,home decor,0.8269704617088339,64.9097845933989
1377,-4.455351100972008,39.58821710759325,28.844275446930034,4,clothing,0.7649147787385915,49.184035146063835
1378,-5.4765858231855225,39.53595631303155,30.24023272632672,26,vehicle,0.796010656358598,50.07550807737309
1379,-6.930567139677615,42.72326268958685,31.049673472965726,19,office supply,0.7824798422278368,53.26717712155221
1380,-4.127464627021893,32.58296323827792,24.872298349852993,10,food,0.7668558897446667,41.19850340532272
1381,-7.923776234908055,52.72011375813504,38.41621783767682,16,kitchen tool,0.8083642921314954,65.71150901815778
1382,-7.968052949031831,58.86695449436569,44.274921699198906,24,toy,0.7497670033883632,74.08830468238891
1383,-8.210234552532992,52.970235233305544,40.64957904942803,22,sports equipment,0.7835502005448339,67.272892378543
1384,-6.296761339482932,36.715086707588895,26.9592264412706,1,animal,0.8131667113374432,45.983113048421174
1385,-6.313911674461653,41.46845581868479,31.798731364531324,99,,0.8639255561511661,52.6370366283356
1386,-3.8943878375001426,28.478638154374075,21.48773535211018,10,food,0.8188676838067083,35.88762820693178
1387,-7.131321138383132,46.80599400037265,34.11952665026084,23,tool,0.8087281589337745,58.359223044687035
1388,-6.872592365356182,35.439130605353014,26.07718311073583,9,electronic device,0.7298589102687764,44.53295389792223
1389,-5.5750708903431105,35.46840297658849,27.687101933147048,99,,0.7663884147517009,45.33943800488155
1390,-7.440639254750556,46.850640180165364,34.011774740697774,23,tool,0.8123826464570733,58.37076681715452
1391,-7.060198070215313,45.814530159987136,33.14505702064135,23,tool,0.7980864528425504,56.98607176734162
1392,-7.752100556137816,54.5340236385496,40.575560243521245,22,sports equipment,0.7097574224168799,68.41367470263515
1393,-7.395722374895359,43.57449806791956,34.111618366758975,1,animal,0.7562768362083724,55.83042270050498
1394,-6.161482591925162,40.19942834595503,30.293285500589278,10,food,0.7265287017632235,50.71135034183552
1395,-6.353938122024408,35.44409173121825,26.212986382018688,1,animal,0.755854951771004,44.539609600595135
1396,-6.916561768423967,38.33782662988491,28.765047943205385,1,animal,0.8230134346220861,48.42577578701699
1397,-4.818864849128741,27.68209783577583,20.01573505809241,1,animal,0.82791797754449,34.49854560614669
1398,-8.35558296796817,55.41493332530601,42.697768658808926,26,vehicle,0.7915109639733701,70.45374404972299
1399,-5.066978587522497,44.322818285328644,33.17256821712635,20,part of car,0.8084851542493561,55.5932169862527
1400,-7.328289568139974,44.257261107792054,34.81402618322864,10,food,0.6957036188743507,56.78402423080212
1401,-6.082024471441804,40.039388784662506,31.001886659135103,10,food,0.802002022603068,51.00255535114328
1402,-8.8194170077159,62.08318686233522,47.58773998267405,99,,0.8165328261482109,78.71910317069305
1403,-7.336294291506375,40.11627301766831,29.61043522478194,99,,0.822505011610939,50.39756391891079
1404,-3.9823932256978787,34.734707672060374,27.335456360933332,99,,0.8043349778168741,44.38002419251329
1405,-7.926495374485279,46.35251744977289,35.384703487998614,99,,0.8323400400792522,58.85118897513301
1406,-6.458497074784761,47.404204777431794,35.47553181933763,99,,0.7591489004905133,59.55992086051263
1407,-6.553274118491607,42.643592610894856,30.982125187030952,9,electronic device,0.7951421767746738,53.11603781854325
1408,-5.24309424293723,35.090645248155816,24.649138112421053,6,container,0.7558553518706668,43.20212299016624
1409,-6.165338720145935,33.72484711759317,25.39874466405028,1,animal,0.8066603770617213,42.66700065798844
1410,-4.048882660023088,34.24308481639559,24.549882858477737,99,,0.8377174793376246,42.32823002326552
1411,-3.5333587688832053,33.055428544908125,24.90241836681375,4,clothing,0.7883753023289629,41.53644689899455
1412,-8.196856435027517,51.88075709251745,38.349967255919644,23,tool,0.8251367330363958,65.03477070336575
1413,-7.256961206230975,50.27256090951831,36.669707677805135,99,,0.8011883558839257,62.64711747180113
1414,-4.100516070025291,22.474106541811047,15.880140152597416,1,animal,0.792395697121307,27.82226712831552
1415,-4.673601637744728,30.267661911013427,23.09470391951773,99,,0.7506107310232709,38.35804034303539
1416,-7.206589849065495,40.53066166441457,30.411192780748603,12,furniture,0.8025139850877978,51.181150031586384
1417,-6.522554783077664,45.13983903914546,33.67284571270121,99,,0.8114457192969022,56.69223339902556
1418,-7.907291059869857,51.42245889646311,38.416472690775514,99,,0.7735865887161619,64.67317763080023
1419,-6.649306852297395,44.00279109322864,34.850111104033644,99,,0.7851616560523329,56.52423506403089
1420,-6.614176539896001,45.626506975133154,33.50403560553129,99,,0.7663128956694427,56.99162984078884
1421,-8.457816132006776,55.150916325315954,43.0156196999405,26,vehicle,0.7279449044017838,70.45212390989178
1422,-3.931625323880741,35.56575796733154,26.07784534482837,4,clothing,0.7606358997560076,44.27679793421125
1423,-4.623895720992722,42.61616272404536,31.50096994147253,4,clothing,0.7680353494265936,53.19613561354325
1424,-6.1484832909975475,44.28223488804129,31.29360340884242,99,,0.7683206445364252,54.571144277623965
1425,-6.740013730257251,50.154775661862395,36.175612175583815,23,tool,0.7386354922930961,62.206142968794076
1426,-4.423599394863706,41.04949519821517,31.34561773966877,99,,0.8210555162446701,51.83798837836945
1427,-7.750536281486324,44.860079064006875,33.964979266075794,6,container,0.8260464975403999,56.79892008502048
1428,-7.87322519751079,51.86511237638459,39.82778779933309,6,container,0.7941107132728306,65.86524301795619
1429,-4.7635575783209125,35.104208352588884,26.574751450528563,7,dessert,0.8134888111460642,44.28559968569151
1430,-3.0400666069621445,33.427832963895476,24.318136464204112,4,clothing,0.8394098586614762,41.44917107408201
1431,-2.636802671981055,30.52251632397815,21.530582559290682,3,body part,0.8260791022489832,37.445196172819166
1432,-8.683696127624527,55.95110070067783,41.60913511908724,23,tool,0.7893212777642727,70.26558455896294
1433,-5.797746037755058,35.632838502123235,26.330244198971638,99,,0.7819431046225754,44.68327202000968
1434,-4.537735583526555,36.85502802173945,26.551739703845882,99,,0.8431142545231122,45.64952372161169
1435,-6.106831799651567,39.34887107528418,30.203370068422462,99,,0.7445394932237037,49.978701593965496
1436,-6.293212204507278,39.85778382583806,28.393319691809474,99,,0.7992778264948202,49.3399235354038
1437,-8.03198986590149,43.567300472478934,31.60182459237538,9,electronic device,0.744962357079487,54.417808199453134
1438,-6.3472706664928085,39.79423636586897,30.245330839276605,1,animal,0.8401247491328321,50.385008985150186
1439,-8.020509776288431,54.83098704322325,41.28352595094872,99,,0.7894276688404241,69.10206387763183
1440,-7.795959371585978,45.429234708977006,35.506614733261884,99,,0.7746298939605804,58.18343440003374
1441,-8.20452557536091,51.25386201867649,37.342313071657884,23,tool,0.8230403086862104,63.943107191377486
1442,-5.056759715884789,41.199375122309156,31.630442081683178,99,,0.7591159251851256,52.18662851320878
1443,-7.53956569330692,46.751522211409316,34.31162222006401,16,kitchen tool,0.7472218772689998,58.47937499067496
1444,-5.014075668887502,39.53164468008018,27.7879738563374,99,,0.7859769562914622,48.58048349868424
1445,-6.36669646428384,43.75774451507471,32.94404507253597,99,,0.7899625234053003,55.14150101925189
1446,-6.1937720619349035,36.30811020254996,27.064457273836112,99,,0.8453780250466407,45.70696365285074
1447,-5.763605305861163,34.829288682091054,24.893108760638288,99,,0.8027955293808955,43.19682117923903
1448,-7.73986866643945,53.3453865129511,39.77138838859064,99,,0.727307860921893,66.98805239403515
1449,-7.929478807728723,56.24349181503543,41.94258576717845,22,sports equipment,0.7950129671007661,70.6072765835597
1450,-6.2176492532336125,46.86036865602893,35.11895691561711,3,body part,0.8194693919160384,58.88883126413825
1451,-8.165362763842452,51.275508142337216,38.83519117632666,16,kitchen tool,0.8068172735855663,64.83843735024676
1452,-7.668484263717921,59.88781945180114,45.07736905906095,22,sports equipment,0.7965630665940799,75.34803096883957
1453,-5.51052037645056,49.736682509545886,37.32518047335473,4,clothing,0.787118162754098,62.428138841736626
1454,-7.720391191671045,56.89194776710099,44.10130837126261,99,,0.7923160961310834,72.3962952155991
1455,-7.807703767791506,58.625668066257326,43.399932100003554,22,sports equipment,0.7169442141648609,73.35859391118049
1456,-3.806634278525056,30.563532816451982,22.947372188900758,3,body part,0.8139458530344281,38.40835707406287
1457,-3.415476384671132,33.5318440166603,24.795707699344486,4,clothing,0.8302517942761847,41.843484109275785
1458,-3.9680563888638316,36.351395826934166,26.529715185257846,3,body part,0.8530490122324408,45.17737528766529
1459,-5.15075388966169,27.10554620906879,19.460296103634708,1,animal,0.8303958603289248,33.7630571092869
1460,-8.858990147959462,60.103669895488224,46.54498640716788,22,sports equipment,0.7440971122373562,76.5334475964
1461,-7.52461705827588,48.74753133915082,36.01815995496864,23,tool,0.7569110532994211,61.07576868183399
1462,-8.298280880679778,59.020333573075604,44.823638554079196,99,,0.8190540583555257,74.57492751507377
1463,-6.538797401179073,43.58830599519767,31.59977991357808,9,electronic device,0.7262828634779857,54.233222120497544
1464,-7.343714913849578,53.12925107133303,40.41332420116948,99,,0.7983802593381437,67.15567169737392
1465,-5.20831533974723,42.592020335736706,32.49926405344091,24,toy,0.8650218514547784,53.827585018959674
1466,-3.9735165240236157,41.92508652808821,29.934725719088767,17,medical equipment,0.8412308634966634,51.66807058359589
1467,-7.891081274111551,59.76153393643937,44.10044000448509,24,toy,0.7546835067292125,74.68975104189342
1468,-4.819935622277699,39.04160993658095,28.071730773085463,4,clothing,0.8043098117472316,48.327023024800845
1469,-7.619422201335647,43.57661177331861,33.800566377382445,99,,0.7276751062373658,55.6727489509596
1470,-5.845278587640387,42.87001107422863,32.39787119412535,9,electronic device,0.8019691270076381,54.0520784908661
1471,-4.501422339749912,24.675637242237553,17.747582712315168,1,animal,0.8408879061318086,30.72664264969033
1472,-6.53929447341342,36.16713047039816,27.044250642656834,1,animal,0.8174688177828652,45.631296184698314
1473,-6.287711701581943,37.51014710711664,26.4663844309017,9,electronic device,0.7915772467441274,46.33590356606869
1474,-4.439845416590255,35.6285451369225,26.403147541177496,8,drink,0.7949248271548991,44.56715893994286
1475,-4.705891691590093,35.33258437569572,27.33488515418253,10,food,0.8208636456458757,44.91918166742335
1476,-7.108215605531758,40.30313570975698,29.38429519422192,1,animal,0.7961098435829873,50.38160657616018
1477,-6.7655141299618595,41.07182629792827,30.2249920927173,1,animal,0.8011491042921564,51.44139620864435
1478,-6.531076949476923,52.629310822530364,39.25633271917386,22,sports equipment,0.8126027175953823,65.98150485047292
1479,-6.936441989231085,40.260657152542024,31.481256741373617,99,,0.7923102418316542,51.576198656364575
1480,-6.13979102931972,39.26693658260381,29.770566531489155,99,,0.8311880362185242,49.657587275981975
1481,-7.957590753677532,59.53067231344326,44.95834310221663,22,sports equipment,0.7415445665445666,75.02317516068088
1482,-5.390745392236505,38.70697805664007,28.874983211613948,99,,0.8249722954463304,48.59068780776953
1483,-6.693583334966611,49.433297798653314,37.615899179553935,26,vehicle,0.7636779214041732,62.477282753004324
1484,-6.651559412746327,44.83939352459768,34.28217298958376,26,vehicle,0.7777874564459931,56.83380894470098
1485,-6.434105383330454,52.8970866135039,39.496318126888205,4,clothing,0.7909845254895672,66.32841495061294
1486,-3.2202389438826793,36.50909205154922,27.21383013329534,4,clothing,0.8149991870957555,45.64949388337231
1487,-4.024854924989334,29.90537205776436,21.412244170735164,99,,0.8130962364194073,37.00020183063474
1488,-5.863097025661163,46.98293286939442,34.74595862826459,22,sports equipment,0.7445050587751083,58.72864317127898
1489,-4.652978472793989,39.07797816007308,28.49197338173554,4,clothing,0.8203182675262266,48.5852974976274
1490,-5.5856010935392355,41.5227077896391,30.86751716693232,8,drink,0.7856353240570485,52.039771500370406
1491,-6.778175676654198,46.47212263469562,34.64475622915252,99,,0.8422389600451473,58.35975481318593
1492,-5.706761343271084,33.51000487383352,24.66441458106947,12,furniture,0.8034443250503932,41.99786778278478
1493,-8.632232393650595,48.72090416488995,37.15935388649904,99,,0.8426706725487214,61.879394955061194
1494,-8.230250884482622,55.12664161097544,40.255092092902395,23,tool,0.7062868777073462,68.7543168414501
1495,-4.131775202067474,40.926842059975314,30.82267596538905,4,clothing,0.7947897123202002,51.40151088236566
1496,-3.798277936525667,32.64194363126997,23.604567961286563,99,,0.8744543292854738,40.461080410057015
1497,-4.633336904311959,38.27152733267817,28.62886284923374,7,dessert,0.8186552685571256,48.01863599983893
1498,-4.170862149160879,32.15687927222592,23.54649018051932,7,dessert,0.788913585546493,40.07365937142637
1499,-4.889073831296082,36.79713243400033,26.67835000068385,10,food,0.7378406622840826,45.71286861543707
1500,-5.568501885297312,39.504180358720646,29.28448258014649,10,food,0.8076757184275425,49.48908363515931
1501,-7.626431681944689,49.8081227952078,37.20722735278861,26,vehicle,0.7753685410551353,62.63696451668112
1502,-6.469042216120498,50.365244151530185,37.413069910585,4,clothing,0.8348637518234797,63.07332340832783
1503,-4.45186060280528,33.75814425299527,25.685873435485924,10,food,0.8464959111203552,42.652027623275416
1504,-4.797956007072634,32.628490033142086,24.55038837647464,10,food,0.8491560511618279,41.113991695338925
1505,-6.450166848000586,42.818468406941236,31.98700872725889,10,food,0.8419606972139806,53.834882895767564
1506,-6.285972960959333,41.39381741087962,30.03223316471975,20,part of car,0.7328712509051419,51.52568878502495
1507,-7.574205499643381,52.721196666194864,38.898817900288336,99,,0.7709986488320371,65.95461470516082
1508,-7.279691903634449,49.734844030021414,36.33317080046018,16,kitchen tool,0.7722796096525316,62.02135056025312
1509,-8.439528561673802,57.12530034927211,42.14269703192233,99,,0.731699298750826,71.48798846982794
1510,-8.926376005823762,56.88154182488188,41.7856845512525,27,weapon,0.7520376054761598,71.14234619683214
1511,-7.007550942682502,50.011226347770396,38.3909297839424,26,vehicle,0.7054670191156295,63.435731419270404
1512,-6.402443112935355,41.78313214548012,30.14678833590274,20,part of car,0.7524422482588514,51.91965193133279
1513,-5.867368900025314,30.600155964677107,23.23544257511503,1,animal,0.8217305034859592,38.867484540847464
1514,-7.119338721488813,41.061431649422616,32.86249826300698,99,,0.8383174643635283,53.07230864601267
1515,-5.716383820163155,33.385009787891896,25.08315338975279,10,food,0.803079428190173,42.147366542773796
1516,-6.6399711610670185,47.463971380048626,34.82880792262704,99,,0.869826206439933,59.244946261239235
1517,-7.151991394763207,49.30214149856805,37.94741844509206,99,,0.817010472106291,62.62474514041958
1518,-6.755249022970909,43.6907430394471,31.760443801497026,99,,0.7817107913241801,54.43565198626168
1519,-7.584137320692847,52.07513365632473,37.8355498630434,16,kitchen tool,0.7994339681428767,64.81409968256949
1520,-8.125985333064525,50.113277456208316,37.024807581057466,99,,0.7886656183473809,62.83477215245096
1521,-4.406308817884696,31.97796785867102,24.053743524093836,10,food,0.8324618685598308,40.25653441730487
1522,-8.166999517900999,52.78372488961115,39.177056713268136,22,sports equipment,0.7677921733956604,66.23943890962678
1523,-9.424129101488766,60.96017814452339,45.70164612133022,99,,0.7531264978466221,76.76977261222578
1524,-5.928063270240391,40.01995538024778,30.517203267400518,10,food,0.8475660990550384,50.67581729027009
1525,-7.112289453227056,53.81282478581842,39.1754740312862,99,,0.8012052519088168,66.94118715911496
1526,-5.885622377232951,38.51328681294866,28.787914596213263,10,food,0.7832017476635481,48.442314547332465
1527,-6.298302123677674,43.23896728693369,31.889936037507457,23,tool,0.8151893374775275,54.09477721701016
1528,-6.563213087385642,41.78722057559699,31.287888024441642,1,animal,0.7794539412639542,52.61349167745879
1529,-4.592949969513507,23.31006870329338,17.00109348881415,1,animal,0.8132512997368166,29.21457978801185
1530,-7.129814214383494,53.53256590334992,39.39626975770665,24,toy,0.8565341092619655,66.84785661298437
1531,-5.551342836498419,36.7069838316717,27.740091814823746,13,home decor,0.7729344880325794,46.343637785588236
1532,-6.8836124410342725,40.98104619406518,32.166402948095836,99,,0.8156806710282967,52.5500499145123
1533,-8.51801752773214,58.39608941876997,43.322440521315094,99,,0.7761538876659978,73.208563260937
1534,-7.17649769852637,43.372805973711216,34.22388903483023,99,,0.7268011257035648,55.7133466767033
1535,-6.749589650887778,44.92785723274869,34.14535927190113,99,,0.8207665848847839,56.83286791803511
1536,-5.309521346124535,43.28057306040194,32.8779021475353,23,tool,0.7973352175278842,54.61094643919522
1537,-6.560001545313216,39.570299712533,30.179760769015903,19,office supply,0.8109806150964688,50.19621698583701
1538,-7.614542117054708,47.81944255143962,34.81354650561868,23,tool,0.7826371415161084,59.637767881449996
1539,-6.375072916193344,40.59755541193274,29.795634355571757,19,office supply,0.7925910876953135,50.76005207604361
1540,-6.358403465416073,39.6875184415323,30.276897797014588,10,food,0.7859481356667098,50.3211581234658
1541,-7.966838968614544,45.04145226750366,34.11681667290806,1,animal,0.8093589925845054,57.06277355168134
1542,-5.943758286468155,41.093963001373005,31.354167091440665,26,vehicle,0.7764565727914915,52.030047585257435
1543,-5.631911668384876,45.43255684677851,34.447163197555135,13,home decor,0.7554367246619758,57.292606006667626
1544,-5.356346265087719,36.17070553153707,26.900594747784435,10,food,0.8062635954099371,45.39440914633886
1545,-8.250506872950082,52.51100652836085,39.65553779651024,26,vehicle,0.724088526265874,66.31770765197335
1546,-6.996082103249123,51.60358375509401,38.059030906814904,20,part of car,0.7788181139572309,64.50089034060149
1547,-8.13704139753567,48.97165703409842,36.000897752629555,99,,0.7500292221328807,61.32290986544799
1548,-7.149678088289571,42.811972024421934,31.93492311818144,12,furniture,0.8174812715051393,53.88712425014174
1549,-7.2955324137977104,44.002963319020736,32.13821983269093,9,electronic device,0.7419017116658811,54.97591061610736
1550,-4.1255477731548895,38.02786900094738,26.94102550698343,17,medical equipment,0.7935165266198644,46.78629949621716
1551,-4.220182341412011,31.442938973712298,23.608081020121624,10,food,0.7893430937248295,39.5450355892113
1552,-9.032364009026502,51.189470026915316,39.00152444988545,99,,0.7102639978954393,64.98510868378256
1553,-3.7486892048536506,31.21111354070541,24.676159683148672,99,,0.7954759664563759,39.96372274843327
1554,-5.3219667699317155,43.463447993639015,30.74155134574491,4,clothing,0.8582947393134874,53.501753437986416
1555,-6.738937049140461,52.939366809037324,39.424578336125926,24,toy,0.8576388851994025,66.34973404374286
1556,-6.887137817756968,37.7600271375055,28.482845080088925,1,animal,0.8184916091542059,47.79670261223337
1557,-4.4552800811549345,31.853321845667416,23.884684574471976,10,food,0.7484570218203082,40.06197437005856
1558,-7.2614481870292185,49.799893485501244,36.65197474442914,99,,0.7097973774342181,62.258535748975426
1559,-2.815351205320117,34.82208562046857,24.32588133195207,4,clothing,0.8547035584583723,42.57055733655311
1560,-2.1887071728658345,26.417932990383328,18.900381457214213,3,body part,0.8818364900681974,32.55644393666398
1561,-6.955041749054493,52.29501899579916,38.999108850217254,12,furniture,0.7846599237123016,65.60542743259265
1562,-7.010556898192385,51.590269192694535,37.835561377028355,22,sports equipment,0.7871119318019271,64.36018558171162
1563,-7.780012331896788,46.44632308390183,34.05410888662373,99,,0.7646643970076494,58.11602061360261
1564,-7.843327477982776,49.83000004715945,36.352839404333544,15,kitchen appliance,0.7188696253578644,62.17777435212728
1565,-4.91328877219349,41.07205875104081,29.72833106011895,4,clothing,0.8033222677933399,50.939455083735865
1566,-6.45347721519209,39.19298112686133,29.22311829205428,16,kitchen tool,0.7875753716300204,49.312551956767656
1567,-5.975924742758347,46.36365477139805,33.68851094779504,99,,0.7321298016589869,57.621314894509304
1568,-7.559687284400897,44.434759520708305,35.11870568179334,99,,0.7756095800040035,57.139480346477896
1569,-6.36453486624159,42.746991678354604,31.63025000807341,99,,0.8360983619818477,53.55637513112842
1570,-4.962109496926151,35.15214015368588,26.538009297225567,10,food,0.8119613998625553,44.32337335428668
1571,-9.066101278832297,60.09201867276806,45.23564439411426,99,,0.7418954323352013,75.75954345372675
1572,-7.678285848346572,57.74129320475276,43.704173443783226,17,medical equipment,0.7662015420038527,72.82216551936939
1573,-5.86981684270331,43.32865764193663,32.21865532215515,10,food,0.8497753634301005,54.31269716730033
1574,-5.165838604441196,46.533755683998095,35.75057041289663,26,vehicle,0.7697358061546926,58.908230251745294
1575,-4.1312561720066325,30.357466920957524,22.866135352047205,10,food,0.7959823142910435,38.22961183891247
1576,-7.628618062029939,43.058989902829396,33.42285567197519,99,,0.7891889308581208,55.03961942326616
1577,-8.79149524112422,54.99887132187013,42.187745756876396,26,vehicle,0.7637758530511721,69.87111082057578
1578,-6.508744255547215,48.66912642095548,37.34289930197511,26,vehicle,0.8502325231465157,61.689056944003596
1579,-5.585199457378138,39.40510733459392,29.691842642899942,10,food,0.8462763862154108,49.654430381994075
1580,-3.2603976702382687,31.572139313633752,22.24119302287135,4,clothing,0.8392468943431717,38.756945711552326
1581,-6.940275969076526,41.462739699946674,29.971957584946495,6,container,0.8144550365632532,51.62987948297291
1582,-4.40653354446965,34.767750538664394,25.75629174234491,7,dessert,0.757706052546578,43.49253475844009
1583,-8.686184804019055,54.16746951667393,39.541448239394576,99,,0.7904552786551815,67.62463078759167
1584,-7.613685891904328,48.77522915616315,36.63031036096814,21,plant,0.741488048869307,61.47170755101619
1585,-5.678403250483851,46.052801968055896,33.1879895627716,99,,0.7793810119419877,57.04864138437229
1586,-7.93519107499277,49.727949339083914,37.547989526225045,20,part of car,0.7499428543033195,62.81470942644443
1587,-8.154149057068674,59.15585550476165,45.00779331544797,22,sports equipment,0.7951610762205276,74.77704759129779
1588,-5.635288861793831,38.35982485293068,28.791423431651644,10,food,0.822439273867387,48.29263615215093
1589,-6.0026247801747274,50.5154911898132,36.810424673683954,4,clothing,0.8444481670091427,62.792146953712475
1590,-5.132204809451925,39.27656528664005,28.630554929569797,17,medical equipment,0.845684287508742,48.87429572379507
1591,-6.118480140355062,34.43836346815639,25.540802010348138,1,animal,0.7723613552746439,43.31015175365438
1592,-3.5378588734187066,33.170406583129584,24.548406171462613,4,clothing,0.8163854038003964,41.417587615135886
1593,-3.936657090696555,38.74400693278546,28.296639257853165,4,clothing,0.8167225753054336,48.13829178052059
1594,-7.202710201537002,48.00785500285572,35.09600118360299,23,tool,0.8349707936174102,59.902942125591856
1595,-6.908645991390577,44.10059323951867,33.41584540461448,10,food,0.8203779621462549,55.76029445418067
1596,-7.979971437329589,49.90975099354282,38.376827928382546,6,container,0.7717103695762233,63.46214706596939
1597,-4.272687771887005,39.9830237233763,30.013423948957147,4,clothing,0.841278403168647,50.17672432512847
1598,-7.8993988874470515,57.894012487614056,44.9018062800635,99,,0.7912969668246261,73.69049729721846
1599,-8.065233760907741,56.14286643815924,43.64667277130533,99,,0.7495750405800561,71.56885839187656
1600,-7.503181606316756,48.580320961271916,36.28385194816837,99,,0.771423998272778,61.09716221817644
1601,-7.089410310172095,51.58273458991872,37.3171693791918,99,,0.760562368903931,64.05942067171122
1602,-7.192487307046129,52.051939034400654,38.56599875517788,27,weapon,0.7598073814712619,65.18030753906707
1603,-7.375167233682459,42.00486978109516,31.526970279951144,1,animal,0.8044236286554628,53.03538471704025
1604,-5.456574241151979,40.621253898548204,28.04410573175582,6,container,0.7911893618815136,49.66218216141354
1605,-5.768631752818483,39.1137448388145,28.167748490672228,10,food,0.7828818122068265,48.54466193773813
1606,-4.17617628347544,35.168804355551444,26.066408800437888,4,clothing,0.8066026114806603,43.97434383707462
1607,-5.929660615997791,39.45916754933159,29.90772885078298,99,,0.8427329896940715,49.86641177906322
1608,-7.7445160327485745,42.814012954419205,32.00480369345263,12,furniture,0.7855637587759122,54.01226428598522
1609,-6.029892557849499,35.95908495619526,26.59133300660711,99,,0.7355611119731789,45.12775627276798
1610,-6.8202872473511365,38.54557713045127,27.892725385102885,9,electronic device,0.7864178504422408,48.06539257994999
1611,-7.816657268730736,49.25357236587171,35.899726393135474,19,office supply,0.8452661838656221,61.44757828229645
1612,-7.2370354785336195,48.2491927114517,37.264411040031874,99,,0.7901512117346601,61.39214615881097
1613,-4.257184004791457,32.1147979362758,24.154854919293246,10,food,0.8296632870417271,40.4096631798705
1614,-6.9536427852193325,37.85572916456823,28.347041777079113,1,animal,0.7680521856548813,47.80129868609266
1615,-4.3963895641107404,36.350127726022976,27.786754462555457,10,food,0.8114762780596807,45.96480991432416
1616,-3.6050270695172353,31.559983472787017,23.24329104878618,99,,0.8656836835196666,39.36088611493808
1617,-6.086555338053853,44.124669039868955,32.85193646250812,20,part of car,0.759325837370653,55.34692677193407
1618,-6.260970671032125,44.111245612097925,33.647090591345304,10,food,0.8540308493265102,55.831249748295534
1619,-5.838188828735805,47.33157727653508,34.192698389629264,18,musical instrument,0.7710394670175719,58.68137080410395
1620,-6.603505596109097,45.407729006946596,34.093170318526944,27,weapon,0.7256083707963947,57.16478288329477
1621,-7.866219412036881,50.266616541642385,37.17101071804723,6,container,0.7191804361685249,63.01027046588519
1622,-6.5798787666162895,44.42576208944417,31.745121689916232,19,office supply,0.7961648380416653,54.99723532068547
1623,-8.733998856092773,55.1765615771181,40.48189648990751,23,tool,0.8152644393933594,68.98927182476505
1624,-7.215062396932062,41.69161048556479,30.194558531653247,9,electronic device,0.7616735158294851,51.980370094807064
1625,-3.679369656748048,34.15915668293249,26.04830603601859,13,home decor,0.7745942014748178,43.114962527018534
1626,-5.882334378152853,29.76137922984627,22.264918702753423,1,animal,0.8542860287444692,37.63068104936905
1627,-7.301817898250638,50.48801537580972,37.4631909633573,22,sports equipment,0.8145796966564499,63.29176027228337
1628,-7.848042958358745,45.85918760365259,35.43532593622328,99,,0.7866981699735954,58.48349502337926
1629,-3.1088156731422467,33.49180780324454,24.637425063213875,99,,0.8799270376427326,41.693748195197394
1630,-5.530077920349504,39.99916093566184,30.744445217667035,26,vehicle,0.6988007853295175,50.75170488864628
1631,-5.34196010011975,35.361175223473545,25.177138455908327,8,drink,0.7696953556936541,43.73599835060872
1632,-7.326027294330296,49.44943227448178,37.60184274441628,99,,0.8245809398248424,62.552502795345
1633,-5.662369313098364,41.2137293459587,30.02000101199614,6,container,0.7642730002955145,51.30140713080007
1634,-6.778261939432318,43.913865199487766,31.202266562865773,6,container,0.7981165308064846,54.29506266999304
1635,-4.407380906797975,38.35043356457343,28.175727058214548,24,toy,0.8022717529938327,47.791760339072795
1636,-7.583936076603324,50.5552030113439,37.130465896953076,22,sports equipment,0.8088696138448731,63.18240368692059
1637,-9.293975499549996,57.23955788545179,43.54915822711141,99,,0.7911644585949374,72.52085320649645
1638,-8.085613518464342,49.80525846817079,36.38227831647601,99,,0.6985935226676075,62.206198184335236
1639,-8.879660700450849,54.59554527712244,42.29662670050648,99,,0.7484802543048432,69.63136196071032
1640,-8.667532686644806,57.54637549281308,42.4005436609268,99,,0.7907978652794494,72.00359406290809
1641,-7.527504057204704,44.38122070761837,32.22691158366485,9,electronic device,0.7561559520618756,55.36180902978983
1642,-4.952765845314533,40.32905605802222,29.049630882209104,22,sports equipment,0.7757536883687778,49.948410449605
1643,-8.539662045293985,52.53465732202674,39.83237324583655,6,container,0.8074191914471922,66.47882374249899
1644,-8.094123398748685,46.672184099332604,34.45533253955148,6,container,0.7232219000511685,58.57454688349916
1645,-5.206278587138078,38.94091052068959,28.451574203682924,6,container,0.8332462766189054,48.507648093624596
1646,-9.552678608811757,58.60965667972425,43.56798613449561,99,,0.7638215335535246,73.65130644146102
1647,-7.628521760409437,49.9075891770476,35.665489354638574,6,container,0.7768600521793522,61.814148320751265
1648,-6.642840957591882,36.43312650657708,26.360722840206876,99,,0.8563916426961999,45.45753789736433
1649,-6.226767734620907,42.41734603631158,31.27339352996202,99,,0.7775548706492149,53.06627011638357
1650,-8.756981631204814,55.4901652665594,42.12525062025232,99,,0.7785381744284563,70.21666403652627
1651,-4.788462127252681,36.185264606272426,27.54079808696997,99,,0.7936375687498924,45.72524798661385
1652,-5.128846935052965,38.896472016510685,29.324070225303,12,furniture,0.8365858366486058,48.981034092727185
1653,-4.166006082293751,38.47261545633229,26.94775821372608,3,body part,0.8732568528087531,47.15590545704714
1654,-5.126819764186652,38.96822662468601,29.586645605769707,19,office supply,0.8110450593781937,49.19529007302177
1655,-3.2997816201119408,35.70994705275217,25.390068475860375,4,clothing,0.835006377994183,43.94023730545467
1656,-6.022057005703021,35.56947462880186,26.269448823978557,1,animal,0.8465485079937493,44.62663596401307
1657,-6.67199132987358,38.85367018245969,29.079458583322744,99,,0.8567254400855172,48.98712143464288
1658,-4.103461385165777,36.49104384420043,26.23590458747806,4,clothing,0.8198371450148877,45.13044832152853
1659,-3.8857507595922134,20.836225199849665,14.850608377174757,1,animal,0.8280873170475225,25.8802609862562
1660,-7.510672705069578,44.36563251123495,35.20985765180222,99,,0.7534087276770205,57.13539733356897
1661,-7.17665609503889,44.557025802740405,31.94621495614082,16,kitchen tool,0.7653240138994462,55.293702996964214
1662,-4.760672186114475,33.144197905251154,26.0204026004912,99,,0.7719869868363075,42.405933617098306
1663,-4.363976263395117,32.36155134586264,24.397152944895417,7,dessert,0.8071278615746684,40.76193526017869
1664,-5.2537562312688895,27.635045457160103,20.606784389104774,1,animal,0.8029070863016485,34.87029186594162
1665,-4.814506525732524,31.35728226863666,23.793912418582067,10,food,0.8467469040199436,39.65613310125472
1666,-7.381642063090368,45.01052748879862,32.86902091118,9,electronic device,0.7895540496241945,56.22107042761699
1667,-7.743927891481028,43.77402491043162,32.36702738435556,9,electronic device,0.7164735075426439,54.98870918422407
1668,-1.711218923452493,27.462564494310065,19.592333875335637,3,body part,0.8485971270218473,33.77839939207816
1669,-3.9826125621804285,37.5187098544654,26.71648667309241,4,clothing,0.8530864861497083,46.230784679881005
1670,-5.571898739532816,35.342152565624765,25.275944484418833,99,,0.8402181663620321,43.806245823112114
1671,-5.70985739502446,34.50402828489501,24.945962742891368,99,,0.8163409984333126,42.95848573362513
1672,-5.435505302154839,37.9564390255663,28.07619631987153,10,food,0.7927523848484788,47.52377069618164
1673,-4.775933774167056,37.13342444471093,27.99881842585969,10,food,0.8173055389197881,46.75077098455752
1674,-8.045383561373484,53.92560174612617,39.1139441465258,16,kitchen tool,0.7873136767519102,67.1014109168277
1675,-2.299210057687115,30.221919474233427,21.32188963936207,3,body part,0.8829353569214602,37.05770852858491
1676,-6.103748611667416,41.64068391385069,31.074496255160483,23,tool,0.8227212833414509,52.314688390925525
1677,-8.346322105911877,51.602894958658084,37.93023283429935,6,container,0.7596588527170142,64.58500153808231
1678,-3.6331001012283397,36.49030010672833,26.087536773217188,3,body part,0.8707863075449725,45.003344243718175
1679,-5.091929233108355,39.55760414063242,27.989605116791783,99,,0.8097310622881944,48.72524790348326
1680,-4.365680508690534,38.17155373457938,28.86393006068882,99,,0.8841353108038504,48.05468904658709
1681,-7.874855697947908,50.7478006918741,37.89459441930137,99,,0.8322919155590739,63.822824393229624
1682,-5.316215053325532,44.93400865009274,32.07455047448102,4,clothing,0.7755731262788726,55.462636648466734
1683,-7.856861671990853,48.464618801400526,36.29527918730949,99,,0.7805978511246607,61.05650532238646
1684,-9.09699211855938,62.42577422645916,46.44747187000806,27,weapon,0.7672659098127741,78.33964638989109
1685,-3.3172946131378986,32.24148388438173,23.569961083898573,3,body part,0.8972289476771222,40.07568829245099
1686,-5.529118134173763,40.130959785759785,30.352773298240262,10,food,0.8116653149144399,50.61971876218086
1687,-5.2330861822021095,38.25358426868891,28.691163362061086,10,food,0.8484211231643839,48.103063888493786
1688,-4.988871055849942,36.62265341044828,27.175041040653458,10,food,0.7831931086917757,45.87581533656831
1689,-7.6607212185007425,52.22123311262211,39.33823836638501,99,,0.7592273074142454,65.82735628263475
1690,-6.180479400612207,39.396550027663544,29.243871981585816,1,animal,0.8303930048253702,49.45190115838791
1691,-7.095773181671974,37.056608156892345,27.172538697811497,99,,0.8122320748986943,46.496118810318556
1692,-4.438408319571102,36.16412311611298,27.18490562095636,99,,0.811002831010453,45.459458452437815
1693,-5.412284369063901,35.783460798695145,26.93608640879749,99,,0.7930764321869381,45.11431745960001
1694,-3.359642345135638,36.338872004170916,27.537322486027822,24,toy,0.7503794956815004,45.71766556728634
1695,-7.8155644186139215,49.87605983344126,37.826224464873825,26,vehicle,0.7369236935955598,63.083497437582956
1696,-7.942613608057808,52.89054058637019,40.39182529681142,99,,0.7607206110030245,67.02233915086457
1697,-8.05954825575425,53.2878923467751,40.535877387169386,99,,0.738523202419223,67.43673438413187
1698,-6.47126867898612,45.11082613908372,34.15131364229017,26,vehicle,0.8022500479604848,56.94889091773729
1699,-6.629432754847059,45.05899378189832,34.8529867712064,26,vehicle,0.7351232002584823,57.349742686101735
1700,-7.510724220776553,55.486102585031965,42.32100306042785,24,toy,0.7504808081878419,70.18679262110496
1701,-7.247510593635505,53.474599694988825,40.47817619874757,22,sports equipment,0.8178731762912542,67.4577050508021
1702,-9.580888595908187,55.7181509640175,42.9347224925119,99,,0.8293815901990301,70.99081749525959
1703,-7.285494940903983,39.6138059010753,30.802113230250164,99,,0.7929557621865315,50.70603745069376
1704,-7.328167945038353,43.88517461624447,32.53243269012461,6,container,0.7627599181514458,55.117780917472025
1705,-6.90020350839912,39.35612665096355,29.124058842954966,99,,0.7768333059312477,49.44419396564081
1706,-7.736579361650657,55.14906714269661,41.259336638214265,9,electronic device,0.7662954659034203,69.30805960892476
1707,-6.558531471640681,46.10885484644523,35.25776083150747,99,,0.7559656133187402,58.41361595695681
1708,-7.71898606722224,44.53831339928932,34.60412708796017,21,plant,0.6870650832434725,56.927056114636606
1709,-7.971173549653489,44.07181087391728,33.7552367406358,99,,0.7228680871973556,56.082797085036674
1710,-6.841648034430683,51.5700600982926,37.20920630088262,18,musical instrument,0.7725331937494594,63.95939555616659
1711,-6.225000143163576,50.50245430925396,39.29684770998837,26,vehicle,0.7581033687663707,64.29222937480617
1712,-8.580072763198933,58.25265997531599,42.549056487867865,23,tool,0.795603477948912,72.6457999531242
1713,-6.709052881826526,43.98607475832425,32.08182135419121,99,,0.7845867165386453,54.85462081373158
1714,-8.266000932435814,55.22461576282419,40.510001086389,99,,0.7637172786563031,68.9865577166004
1715,-5.718329404225587,42.18171065623706,32.32612141982236,26,vehicle,0.7979317430536943,53.450670071672924
1716,-6.002299396695163,44.8752348602315,32.01641204026321,18,musical instrument,0.8029161522871515,55.451464739359366
1717,-6.620896992368205,46.99672088718351,34.1546945722404,99,,0.701832156778975,58.47282456367581
1718,-9.080247034103195,52.90200409267007,39.948424778471875,99,,0.7877685157387588,66.91001095129522
1719,-7.31462008228745,46.453419022976085,34.4270898101402,23,tool,0.7615502969302432,58.28077143164681
1720,-5.503378610823603,39.24065651712526,30.25438809408198,26,vehicle,0.7493818681318682,49.85423050229945
1721,-7.080043595721119,51.72722508130032,37.35501049674137,18,musical instrument,0.7975258267620271,64.19680397917386
1722,-7.941184557086376,45.37236571056562,33.389648523248724,6,container,0.7600154663287715,56.89097125949866
1723,-5.551025275997008,42.133750457991034,30.52216160881304,18,musical instrument,0.7838015073097321,52.322740357759535
1724,-1.9228481844020537,28.548221635828583,20.67282928722966,4,clothing,0.8674381466869793,35.29963419707901
1725,-7.463449887371822,48.008228762037035,37.01035309072466,26,vehicle,0.721857991330071,61.0758491466922
1726,-6.44560840145082,41.94606112760957,32.05513439067474,21,plant,0.7581372558949842,53.18410996331733
1727,-7.1602641619297485,43.25482842234822,33.120480372100594,21,plant,0.7766679380656867,54.94739106449095
1728,-7.028500283066744,48.22962014362201,35.4010715191747,23,tool,0.7883871320304204,60.238956997385515
1729,-6.3570974031777405,40.42783171715305,30.050968322941458,6,container,0.7945678684691135,50.77285654648915
1730,-3.773615014653978,42.129959539455506,30.791329668764828,4,clothing,0.886843543941008,52.31901799389527
1731,-7.594731918471951,50.6742468332913,37.69124840074657,99,,0.7617224220287183,63.609664761273265
1732,-8.06544016863643,48.730571906175086,37.81075946708167,99,,0.8404603557716152,62.20428839633374
1733,-4.859679353609985,28.707665565204422,21.063240729136304,1,animal,0.7987575754456372,35.9361469225218
1734,-6.646685325563818,41.104330562417545,30.993992652217134,99,,0.783159641990456,51.907340495610526
1735,-6.3944623577122,40.09901919794674,28.464545194706314,9,electronic device,0.7322567642635917,49.58881751587728
1736,-5.763635970159845,31.557639980446535,22.908826172871848,1,animal,0.8020998140221505,39.41977241627425
1737,-3.6011941461445796,30.24374863744815,21.88553038674563,4,clothing,0.8307736590402097,37.505057941996824
1738,-4.568170079251035,40.087039798624744,28.554326811370192,4,clothing,0.7938087853679643,49.42862042723854
1739,-6.715880258320186,47.81540573240422,34.86635470092872,17,medical equipment,0.8182144796794991,59.557356918599936
1740,-7.738817318365547,46.44474301198979,36.578425405496375,99,,0.7653796889853622,59.62369203665831
1741,-6.927389534646682,40.25090953924609,29.803772642368802,99,,0.753209716178788,50.56074869124581
1742,-6.641494896192229,49.23476208340222,35.54224368396189,18,musical instrument,0.8075532673036927,61.08536926265975
1743,-7.904487591101499,55.703159054013156,41.08664081393434,99,,0.78706899603715,69.666598209241
1744,-2.720895682224592,30.248480553739096,21.79931492635489,4,clothing,0.8429495958601178,37.38427450656064
1745,-2.813443190104184,29.590547029704343,21.783823450022933,4,clothing,0.845182465097868,36.851742159670785
1746,-6.92494193209037,51.626588276213646,38.18700429570068,26,vehicle,0.8028562505351472,64.58720256277064
1747,-4.2564614496934485,37.21145788329512,26.708649444925367,4,clothing,0.7954601870373712,46.00176102112706
1748,-5.414399451600057,32.169458774750424,23.40093164186371,99,,0.8195620202186807,40.147146859883236
1749,-6.55243479120165,42.516003482099116,30.36468451120193,6,container,0.7067435895248835,52.65509490303517
1750,-8.78217442041425,57.25605537147863,41.78176408910735,9,electronic device,0.8049676667455873,71.42197333209315
1751,-6.539991425135883,42.94797835963981,31.634766911223025,99,,0.762716937811536,53.740662542886014
1752,-6.772020164915963,47.85216518799978,36.53997695163957,26,vehicle,0.7625816799951798,60.58762155688237
1753,-7.02090922695349,44.14940734919001,32.024016258606466,6,container,0.7378114025979882,54.99091700444105
1754,-4.999408120538176,36.265481653596346,27.353324677416257,10,food,0.7770000976523951,45.69883600302293
1755,-4.020328865848411,37.46983060858546,27.22884976373331,4,clothing,0.8037594131905751,46.49259628673819
1756,-6.6562535324479875,42.235792500071234,31.72643503374163,99,,0.7838331758100694,53.242225339926655
1757,-7.141944697677159,47.395320532941945,36.23895579656519,9,electronic device,0.8307697314506027,60.0881494115969
1758,-7.717957095171967,42.48419576193234,32.78495349854771,99,,0.7817787903153758,54.21555982522951
1759,-4.074513712582653,35.315878219081156,25.749658850889183,4,clothing,0.8063469035533699,43.89598896614781
1760,-4.48741121840135,34.56107027526908,23.980854843753633,6,container,0.7617513556058799,42.30467866622207
1761,-6.986159942037741,41.837299670823406,31.51647857051995,99,,0.8381523578205372,52.843679811005366
1762,-7.156211324128993,46.40152322028433,34.374394092346996,99,,0.7593679865195226,58.18858725638695
1763,-8.45077415482298,58.46568708492272,43.39816039225483,99,,0.6760122143225481,73.30110828329815
1764,-6.905813503278285,51.42661275073388,37.467771896987784,18,musical instrument,0.7876147807647988,64.00172411803226
1765,-6.339013114930744,39.301663275166746,28.829046416939317,23,tool,0.7559011386455637,49.15198613256535
1766,-6.423739698244934,48.49362194046,35.32409269519948,4,clothing,0.8149549231520192,60.33810840053007
1767,-5.57218564271062,45.399712597864806,32.94240480786935,22,sports equipment,0.7501237771187786,56.368299524919934
1768,-5.596817107306178,31.54277785778141,23.33523929070586,1,animal,0.7130890260842656,39.63337721507571
1769,-4.746780576983986,35.06203769189096,26.552348113665772,10,food,0.8522052559843257,44.23692578946807
1770,-4.38871293769498,34.56783636425135,25.970371553854456,10,food,0.8492465724975353,43.458673596882846
1771,-7.855854820290249,45.786678959028485,34.16770621430347,9,electronic device,0.8575199725392281,57.66772557506991
1772,-7.971119798486941,52.09302079359012,40.09863353748055,26,vehicle,0.750748920080129,66.22025353180402
1773,-5.174858925397133,46.78442099210147,34.88749500033824,17,medical equipment,0.8238807619423795,58.58923552891412
1774,-4.975145812454695,44.263293764186365,33.860198041666614,99,,0.7562324118909785,55.95090939502886
1775,-7.2274449065833,41.260544504191195,32.27220112372026,99,,0.7419141289176294,52.87876188064439
1776,-7.211734838592333,42.89353337867996,30.965805592134547,6,container,0.812336803258325,53.3923724988876
1777,-6.280258441635932,34.285049494254885,26.63918285810689,13,home decor,0.7074842075223174,43.8697199474182
1778,-5.709073543025938,38.78330263767325,28.965372484542076,10,food,0.7859252328081341,48.74146989344186
1779,-5.305586587929788,30.33141872941128,22.259363902532446,1,animal,0.8355345446167013,37.99504563132233
1780,-7.999723871508889,53.90234592125834,39.31220692331101,99,,0.7794992049203248,67.19306579563553
1781,-4.322933795715844,23.915480580398796,17.105443805382286,1,animal,0.7805003675542829,29.719255976095116
1782,-8.030936037320089,50.101108368993096,38.47656289749391,99,,0.774698987691483,63.67937567094955
1783,-5.714269972806836,42.51400697372165,32.212693270878184,99,,0.7969019856108625,53.64467613889989
1784,-7.123232044066427,44.28196568218053,31.811765349300707,9,electronic device,0.8007455053612172,54.987465245002866
1785,-7.395934280874945,42.089943773048105,31.13773696227422,1,animal,0.7757805182658155,52.87553190122205
1786,-6.295505354183038,51.20670520118725,36.351068959317786,5,clothing accessory,0.757226838202448,63.112282954357795
1787,-6.744692624244487,46.635534580310164,34.37354652853293,6,container,0.7771391005585486,58.3258490305633
1788,-7.609538068866387,47.83400920697738,35.20244142393563,99,,0.7799394396589668,59.876618046114984
1789,-8.364933437369725,50.68868764792663,36.63960298015336,15,kitchen appliance,0.7466844371516806,63.101312771003094
1790,-7.419020965727883,47.66795579535727,35.26020758076277,99,,0.7351601819589626,59.75414730741729
1791,-7.531232960139181,41.395753016263285,29.879682611379568,6,container,0.8321766464073984,51.605457760203386
1792,-8.47277463287748,51.22474234844281,37.533589791288385,6,container,0.7706155738432617,64.06662548678985
1793,-4.733755054736718,36.054397407065515,27.212711656883894,10,food,0.8426775138465737,45.418715140628564
1794,-9.405799415634787,58.33883547736185,44.34418186511081,99,,0.7629456377163432,73.88027648018023
1795,-4.733568093412188,34.04848214782634,26.288429068844085,99,,0.7724793145028541,43.27571266164736
1796,-5.802464821009066,33.359846467577825,24.88748958052148,99,,0.7362242510460147,42.023030494717744
1797,-4.596434681946407,22.77856578583066,16.68239530286537,1,animal,0.7797541078797608,28.60581381617869
1798,-7.656777846466483,47.687254461665965,35.865739097718574,13,home decor,0.7657528872327961,60.158554887126726
1799,-7.146222338827834,43.504914012530044,31.11172019978424,9,electronic device,0.7264553243489934,53.96003308693628
1800,-4.664303185501193,34.87089040834116,25.258401838728613,7,dessert,0.7834663237537803,43.30960153965291
1801,-8.046014192148997,45.794921919970314,34.54918957897089,23,tool,0.7546146773280921,57.92719325670899
1802,-7.816626491150458,45.3880396164684,35.009990120917635,21,plant,0.6630476325527376,57.8521667545392
1803,-6.095233377879295,48.578241879674316,36.15593284663002,4,clothing,0.832307199419237,60.86254130465616
1804,-5.857145990807119,32.124983332552276,24.135698262923327,1,animal,0.7894415567416134,40.60606659002161
1805,-7.467615229789084,45.15740439581394,34.72307073739288,10,food,0.780764949819828,57.451267091520656
1806,-7.443797933783711,50.59366667674615,38.25963381997953,20,part of car,0.7665092841119799,63.86649211844673
1807,-9.119328713577007,55.90907176091206,42.00280502894939,6,container,0.7712350078604892,70.52107551401227
1808,-6.67540528766346,51.1051299835688,38.20673977723546,17,medical equipment,0.7764102849787763,64.15645182518602
1809,-7.450341307454476,54.84582437527334,39.95742837438359,27,weapon,0.781472904655098,68.26542403951568
1810,-5.498570929661895,38.27549837771039,28.726374148013605,7,dessert,0.7902651643074438,48.17107669569259
1811,-7.351438470856788,50.1795742636115,36.69784244730376,16,kitchen tool,0.8276551208657069,62.60003962582791
1812,-7.315787158604917,56.545208230180535,40.90205026552854,99,,0.7826192881539973,70.17021470302274
1813,-6.897062664014148,34.92316645855525,26.01672956561355,19,office supply,0.7637044651056353,44.09157795059694
1814,-5.779544163089283,45.620423710200086,33.56220007500841,24,toy,0.8461413648068137,56.93019817378278
1815,-5.5348856085860865,39.405261778730456,29.127936484625085,99,,0.7482588106035729,49.31375364340826
1816,-2.1379999190136694,28.180497347216345,20.556680194948218,99,,0.8858876569975964,34.94693942289577
1817,-8.733728222385693,57.49382730325759,43.34088734179807,13,home decor,0.7617800646445004,72.52758580163645
1818,-8.154794181483794,46.14626999708328,35.66673302638948,99,,0.6848244885058168,58.89053190082267
1819,-8.361636760589557,43.60383507761085,32.90573757846114,99,,0.7225151292866313,55.262998184807884
1820,-6.9325360816699435,44.51648424430331,33.336121494939704,20,part of car,0.649435628026099,56.045289028805456
1821,-8.17046185965042,55.298179997193365,40.44908550404015,20,part of car,0.7458873722078694,68.99835995235792
1822,-7.688055641912437,55.032098651760364,42.10419457735674,99,,0.8205021648860478,69.71657824777506
1823,-5.779365566157652,41.81859940665744,29.65565999664541,8,drink,0.799042241373386,51.59122495656033
1824,-7.740681447315607,51.313232625418784,37.210624295425816,6,container,0.7672961170907258,63.856061201694025
1825,-6.9469940779242805,45.244432360301076,32.068931628935346,6,container,0.73539201092145,55.890390606488914
1826,-6.078846954677371,44.618995506557404,32.145998750826664,6,container,0.766109528588258,55.32786256490241
1827,-7.269995942093066,47.81603923177616,36.369478366797466,99,,0.8286022195124504,60.51417524420006
1828,-7.260241219809192,52.606951413053444,39.682221591153045,99,,0.7970916792631024,66.29389979443475
1829,-6.6022539595050285,43.39146357262133,31.875846993597865,23,tool,0.7608429538270559,54.24461715119009
1830,-7.299497053935146,47.626175852074624,34.130950044214174,6,container,0.7608481060125983,59.046227944330084
1831,-3.9796151263719635,20.287444955610784,14.657453147117499,1,animal,0.8379997738346707,25.34282328670053
1832,-2.0317752368803585,26.00095183191413,18.336074036261426,99,,0.8551180504349819,31.880859741261357
1833,-7.1619702073702,41.52526576244569,32.42297167203707,99,,0.80166909165167,53.168511413605714
1834,-6.5499031423986365,53.163133564902054,38.53035422732164,99,,0.8202534851042554,65.9833933539137
1835,-7.703715543933088,48.00435496713118,35.98392385350541,12,furniture,0.6920670524032128,60.48642909683992
1836,-6.954005380440254,42.969981678016154,32.240280917694896,1,animal,0.8576510084174952,54.168378505287734
1837,-4.063463322349753,31.038616843408583,23.463017770366537,10,food,0.8284816339623488,39.120591414452626
1838,-7.364437763255709,46.9935843159411,35.228157032445516,99,,0.7804281672542265,59.19167980663306
1839,-7.020529588972855,46.703362694439136,35.14574829476986,13,home decor,0.7433390075458769,58.870328229739734
1840,-8.468074120092645,54.84224892600953,42.658935350007575,99,,0.7213864778123692,69.99403768723379
1841,-5.938377033291825,37.391623104229815,27.15493627308862,23,tool,0.8316944742249621,46.59171990980592
1842,-3.7247629149915267,36.50698942715875,26.28284257668796,3,body part,0.802362077971834,45.13781064383316
1843,-5.867364541659902,44.13631089980527,33.58098643227336,18,musical instrument,0.7992990324102066,55.76847278053725
1844,-7.402702195244529,48.17283422406367,36.61857910780098,26,vehicle,0.7078021197561754,60.961810117850646
1845,-4.411590228028253,24.870890674750104,17.951292817734704,1,animal,0.7610259035471744,30.98825979501688
1846,-5.5268807263273345,41.37297505025006,31.504673844653787,99,,0.8392366699286723,52.29544864641353
1847,-5.488845080961777,47.474889364794734,34.5115018447059,24,toy,0.8031291446876105,58.9494385053788
1848,-5.295045051556736,38.77214799317148,28.391054987104642,10,food,0.7658811531774898,48.346343867796314
1849,-7.370762576277786,47.48247810576461,35.4560641132447,99,,0.7226549088779289,59.716382596593974
1850,-4.936712901614696,36.61505576391446,26.70722526045953,10,food,0.84315811785324,45.58847797394054
1851,-5.1013332646819185,27.83685843023768,20.5081659009847,1,animal,0.8001629173143788,34.94995217399813
1852,-5.687959887864604,41.04326275797663,29.830465940721954,99,,0.7974675868500317,51.05642960241972
1853,-6.159715809268176,37.69830969562301,28.25244773123387,10,food,0.8232370288350045,47.51110875957489
