,Unnamed: 0,0,1,2,3,4,5,6,7,8,9,10,11,12,cr,bigcat,cat_name,human_typ,radius,within_cat_distance,between_cat_distance,between_cat_distance_resid
0,0,0.1737349774755071,-0.1189489293801972,0.018561219219183,-0.0436416661279782,-0.0985195328386016,-0.0170520004174532,-0.2317668912828685,0.0887927225998956,-0.0102086638909552,-0.1528492241199808,0.1541609654822587,-0.0590654134075769,-0.079702800743422,0.7797390820360361,1,animal,4.87435226758206,0.4186319117665698,-0.13834992333782226,1.1810848376346557,0.04722458500769844
1,1,0.0819199850096805,0.0009224402052811,0.2405670715834195,-0.0149984102938762,-0.0881307033769872,0.3856449570687785,-0.2005256539291679,0.1723584172404375,-0.362196724977349,-0.0753617971736119,0.1336490173217376,-0.2018093928492541,-0.1713815279547252,0.7984847327250593,13,home decor,6.37455507181896,0.7183611945282378,-0.09379658551385872,1.1200432378748724,-0.16055358302693157
2,2,0.0143935460890154,0.1945918808620071,0.1504788888012262,-0.0634041741042061,-0.0729989565709302,0.4109603074879941,-0.2224026192527473,0.0379109317933152,-0.3020473854718834,-0.0178951277417724,0.266767013620833,-0.2062762514454361,-0.0457370322779213,0.7528452093783106,18,musical instrument,5.342845892356779,0.7051338962080568,0.013478825169969455,1.2629362173639351,-0.011184998801596402
3,3,0.0970336576144866,-0.1561421306587964,0.198237156655091,0.3034245136139088,-0.0742072056794204,0.2815725344434491,-0.1852168575467615,0.1673548692903843,0.1163822978663299,-0.1008947651963682,0.3221188815358816,-0.1242665574431114,0.0996255373416784,0.7618513406522875,99,,4.655668531580393,0.6819938645410129,-0.07963367211355021,1.1356633933874616,-0.12712930390494637
4,4,-0.0680541252122696,-0.0429785921577201,-0.091057770820172,0.2137346638333433,-0.2493468686972702,-0.0772245962226369,-0.218619984273722,0.1434875955042873,-0.1244924484950902,-0.0120958336095666,0.194170360028577,-0.0254091894373164,-0.3183554305665891,0.7944662057985066,9,electronic device,5.28888605838626,0.5935621694372254,0.013629262812249854,1.2020271174417647,-0.01747263447441383
5,5,-0.0523852991454742,-0.2073165517931998,-0.1850120471846834,-0.0108261574920975,0.1254002999227259,0.0044731259057708,-0.1892403201960247,-0.1038782804640891,-0.0479553523128208,-0.2567016996183918,0.2968557408274672,-0.2569921204239537,-0.1583921803907816,0.805999844651182,12,furniture,6.013500985445796,0.6243962824626929,-0.13986944832531123,1.0886480572772015,-0.14594695623460008
6,6,0.353065234576744,-0.2416575796521244,0.2239124548210656,0.1550018834522549,0.0653494702175822,0.2877612576861298,0.1619973778006002,0.1356905328525051,-0.2642222906571483,0.1710756914498318,-0.0185191355347932,-0.2544548576322532,-0.1053664170844424,0.7251907697869563,23,tool,5.90325632300001,0.7511461965946795,0.011086196895267464,1.2419089966813228,-0.05473817021866889
7,7,0.0751637874688991,-0.2139813076105972,-0.2530150901898053,0.1772285404896532,-0.0848471130921568,-0.1124332551138931,-0.1892475828634506,-0.1400798210306427,-0.2055538726050798,-0.0617820776923428,-0.0798997865952269,0.0951972826517673,-0.0719046234140566,0.7951560114950681,20,part of car,2.975798193492376,0.5374268813280202,0.15458924411929476,1.2254354017237332,0.03341744758309728
8,8,0.0835810370612789,-0.2446695954930784,0.0190390236820123,0.2556662472746741,0.0202515553308576,0.1014963946131786,-0.2101888284465438,0.3901305206478016,-0.2550123490765435,3.787883451466471e-05,-0.0402250475347205,0.0506050499683742,-0.1018016802261495,0.7435045885816449,26,vehicle,5.91208449606644,0.6474900252014659,-0.13985549750815562,1.2102008687450256,-0.03570000226220227
9,9,-0.0698665046421366,-0.0822071410572019,-0.0015020506865779,0.1802588673805493,0.1195806540780026,-0.0613660476953058,-0.2918365984651273,0.4836433860526176,-0.169759625112898,-0.1531248513477966,-0.3081377035577374,0.0446528121979409,-0.0213256221912601,0.7626539564322118,26,vehicle,7.784419620577442,0.7286581902541932,-0.02774956821333685,1.322826388684584,0.03718853274460887
10,10,0.0127936314669208,-0.1536444672654567,0.0210444854015659,0.2419156370076645,0.1262549002954799,0.0550503891040101,-0.1510599197005284,0.4254920020070292,-0.1572458362581259,-0.197366565680797,-0.2314394077459562,0.0960157863490262,-0.0722987250176464,0.7905644443789653,26,vehicle,5.787896672572345,0.6612562922327396,-0.010002579094556374,1.3954096190158862,0.1427692837710901
11,11,0.1203072540830106,0.0621540555871359,-0.1951274820543204,-0.1326831840255981,-0.2217448224627735,0.111418808346039,-0.3471098108047062,0.1830607663906968,-0.2749018340313669,-0.2000812187935417,0.2282082094725292,-0.0621550021033413,-0.0449076260151352,0.6915167869055066,13,home decor,5.535304310137316,0.6805588469609641,0.10588067510785759,1.3326270204281805,0.07053685561164613
12,12,0.1570912503047631,-0.0130097200313348,0.0978729599091973,-0.2078933707133674,0.0083360274226519,-0.0978584106774567,-0.4181575789897902,0.3178656920589037,0.0440918297237398,-0.1938530566783914,0.0764534123442841,-0.0075722373492347,0.0338244798797852,0.8363870150806295,1,animal,4.243660066884402,0.6401214385274071,-0.023159913147421496,1.3032877434171997,0.060994264759577144
13,13,0.0750198575434279,-0.0045347977209885,0.1725933918874302,0.3455189192381481,0.1572297928020488,0.1643832050343169,-0.0519426964849817,0.2095704366574096,-0.0286558234636525,-0.1797723843875457,0.3911276061134014,0.0130050337020905,0.0670577034548585,0.820347729377413,10,food,7.419739392539958,0.6663085925731005,-0.0368281948914887,1.175838610446862,-0.07927514750460984
14,14,-0.1107659835393648,-0.1141920774863707,-0.00956751228533,0.0674508198578258,0.175622263236728,0.1852562613764902,-0.3033782180672623,0.035048245683622,0.159061011145378,0.2009907388426806,0.4392054105865615,0.2240892453228235,-0.0410796209694324,0.7518986941243039,21,plant,5.785437630583491,0.7063161251816656,-0.06148483562299101,1.1989634943928815,-0.07573649813011518
15,15,0.3211377652080868,-0.1553239707143673,0.0395169512961742,-0.1239681133752309,-0.1213682353856741,-0.0007716641286006,-0.1406305412059894,0.127177340073867,-0.0849405913450329,-0.2323229430078861,0.1246688256317526,0.014967872447838,-0.0966937380399488,0.8132426873349942,1,animal,4.229243429084865,0.5302560116031088,-0.11422496909436497,1.1255501700509414,-0.06295718677573059
16,16,0.1043046503262189,-0.218705324256773,-0.0789991624487102,-0.110281273640528,0.0249671247099498,0.3274366803349833,-0.1588685456929492,0.2899166244511991,0.1205047454087387,-0.0191370286279331,0.2505944140154846,-0.0795734947890435,-0.2244438325507943,0.7450487333383564,99,,5.436709740002695,0.6547025750061494,-0.10243132850905945,1.1802333482589273,-0.069198525115167
17,17,-0.0401562228832875,-0.0520231880722809,0.1436465786445541,-0.0221969359051689,-0.0239936382535724,-0.1558227761204317,-0.2357200056586204,-0.16820720963529,-0.2445092361022361,-0.2046972330162903,0.0135666244041591,0.1918548559417856,-0.1754589265036512,0.7671410703118021,99,,5.0886161319279255,0.5510207747523113,-0.14821043095276187,1.1015357684033458,-0.0971372621188682
18,18,0.1091857205144185,-0.1130936071941231,0.2486758910201477,-0.1828694559210601,-0.102605881740429,0.0199182652762632,-0.0867351452759367,0.2746518377981788,0.2563276451684438,-0.0404202135990075,0.1186185869752116,0.0608861229096694,0.2833782434099727,0.7793528366816241,99,,7.250107746867729,0.6158671262937645,0.07298358975132979,1.323937617443543,0.09351816894486675
19,19,0.1365577142403662,-0.1496949426644614,-0.2404835468599807,0.1313825916743078,-0.2184291628943984,0.006467282644141,-0.0944616175053198,0.2064252654128565,-0.222011898868589,0.1490309992990378,-0.1196285897710344,-0.0857194535558873,-0.1827793196967804,0.7523692131061679,26,vehicle,5.2472013839115474,0.5848114611752846,-0.09139617643626219,1.228268444904193,0.013052721857334415
20,20,0.113300846757241,0.142823567958225,0.2249854858768262,-0.0189263600062495,-0.1570245756870195,0.3687008534444649,-0.0897301762697261,0.165986933146312,-0.2793510031018358,0.0322422240633676,0.3148707302905539,-0.1345711344443895,0.0160442330231415,0.7503827045402132,9,electronic device,6.614226864853113,0.6906514757725742,-0.032241510208932955,1.317691315539182,0.05066016630149894
21,21,0.0166651916422459,0.0102699557194499,0.1460963272602756,0.1223732825680991,0.3054370433955,0.0929523774687174,-0.0568571607746089,0.3980341694225482,-0.0928123629195815,-0.0996204701749258,-0.056846175068725,-0.0034136734136504,-0.0533344982280788,0.760987919409889,99,,6.881422305147479,0.5700214984707631,-0.018033436699719463,1.2354540577576294,0.027478963161145176
22,22,0.0803970606974768,-0.0506226234777889,-0.3884155932601592,0.3572681908700517,-0.0245433879249924,-0.0543118834077739,0.3529053523590498,-0.2400502431611031,0.1158171524149,-0.241842825993895,0.2261919683280318,0.0290488887753631,0.2036439377115633,0.8365940917408214,3,body part,5.823888952375272,0.7991439790972266,-0.08611879664588007,1.5397771919171346,0.2196320543673198
23,23,0.0342693448481636,-0.0828102945270477,-0.2054651990573566,0.26991203330501,-0.0343540406375528,0.1645298417158395,0.2345102556070231,-0.2276740601648718,0.0201981103838893,-0.2451429420091948,0.106184506225465,0.0998917352357697,0.2174353451501391,0.8637443554163707,99,,8.252826632868224,0.6222667083605067,0.21996510164843364,1.4682391845427551,0.23468673314821675
24,24,0.2004605041957603,-0.1908890569226366,0.0384722614326169,-0.219881176194112,0.0090657718619875,-0.0290466066703122,-0.4225089416143308,0.1029464327360091,0.0467607144993929,0.0297253648073911,0.4089148495032783,0.1341386850150759,0.1111297736146185,0.7547192904467438,1,animal,4.382735668188888,0.7191057564461906,0.15992967633286237,1.3646625217196588,0.08370119035127033
25,25,0.2823835367147393,0.0201956026309738,0.1538054268305613,-0.2081964980845393,0.0032587303517497,0.0084389889844412,-0.2309436880817405,0.0178881476281976,-0.0468852863668122,-0.087376399020662,0.2486614908391135,-0.0889641047766778,-0.1297300502200465,0.7807796539898186,1,animal,4.98271433111015,0.5452494146149602,-0.10759940356758957,1.1651530532090253,-0.03069452905191028
26,26,0.2333814372787313,-0.1592762828715097,0.0862297376164366,-0.113029963399975,-0.1097987969563202,0.0264382696218277,-0.2017762880030152,0.1660982616503569,-0.0399790538280459,-0.1743149617608605,0.1959527916257563,-0.0715075022972854,-0.1541355220247581,0.7213829798072418,1,animal,6.3491661048343975,0.5294873368492325,-0.12349943651000805,1.1446159692621047,-0.04351507232948548
27,27,-0.0416299861201715,-0.0535877498678656,0.1481295709587567,0.1092228862481992,0.0947575221469432,0.3896353457912663,0.0921873341706189,0.3296139464638118,-0.1862140893070779,-0.0886022855231911,0.0394097024514893,-0.0398197701042504,-0.4147223942143445,0.7427858388224243,99,,6.087185359572683,0.7308041566583123,0.0718730705656705,1.323402313854519,0.03671387072175403
28,28,0.1262645104254365,-0.110971323629519,0.1519792124572487,-0.0410329733346263,0.1379063685094159,0.0934961996866171,0.0503441778320566,0.3862822710544,-0.0854409064999166,0.0261797109985853,0.1042303137966132,-0.0142885168402508,-0.1851025698727417,0.7379074854388374,23,tool,7.640913880005202,0.5346621263539417,-0.13791439500062408,1.1097016147448486,-0.08096281579849629
29,29,0.1740881486330393,-0.1458411604974573,0.1896469473083139,0.2375514421737748,0.178445411693197,0.1896015802942862,0.0879232987014227,0.1450782048666028,-0.2463787955571952,-0.1428326893240282,0.0967063326904099,0.0541892015938087,-0.0369898384597363,0.7514259463110777,10,food,6.589300293879754,0.5790537251577408,-0.07236654675658216,1.095684749247522,-0.11671219541217903
30,30,0.0428215657712488,-0.1977928626700052,0.1848535304275326,0.3751302162761276,-0.1397409358062056,0.1953957799159372,-0.0817143568155412,-0.077472029005369,0.0034490685312871,-0.2339119782594276,0.2487224641091168,0.0169192239728288,0.0554056442385784,0.8265585952093325,10,food,4.497113490924435,0.6373233249952097,0.09610371901266246,1.2529707034877735,0.012047079565647545
31,31,0.0788736627934237,-0.0891424640387021,0.0122132786647209,0.2169476347076685,0.0923965466652286,0.3128949697164053,-0.1445049423322119,0.1736942657401084,0.1167299448737895,-0.0373115581051255,0.3842858075933376,0.2071423580667677,0.0314039122870575,0.6634847776082441,21,plant,6.165457132125936,0.6522747969267134,-0.11365706521546903,1.1191851909740993,-0.12905813044862424
32,32,-0.0290007826995366,-0.1878708567575941,0.1770270379978699,0.2660936438302732,0.0026573760706896,0.1758806972628118,0.0124468136187519,0.0951617202154684,0.024717535690622,-0.1164369679739307,0.0370416044241041,0.2209604265055006,-0.164455193510548,0.8204776639761957,10,food,3.793217562598445,0.5194634601779285,-0.053941194281015736,1.13602423454341,-0.04719948117729755
33,33,0.061069362528792,-0.0789110686394315,-0.2938961779455307,0.2989994259408294,0.0957778973879718,0.0904062693403301,0.0117249725227367,-0.106945206238935,-0.2145149860731009,-0.2264705111355432,0.3621256418161502,0.1738066337013511,-0.0515055675169978,0.8204058310950777,4,clothing,4.997497814141473,0.6898953665072772,0.0727480441788827,1.1702714183552596,-0.0963895672540711
34,34,0.1046879999667241,-0.1106484363918352,0.0187243279486951,-0.0417468663067501,-0.1921470391366527,-0.0295288255241512,-0.5513071772364467,0.3376435726686318,0.0271021242455687,-0.1410678416619006,0.2271208152387538,0.1047499148753564,-0.1135168784188953,0.6884195044638517,6,container,5.092276652479457,0.7596765293834472,0.12886633745737464,1.3149339696109086,0.014110661667462443
35,35,-0.1534552105379113,-0.1796424365699299,0.0333574375588957,0.1733434972589328,0.1285382122716357,0.241300441549376,0.0170807422356319,0.3248488049714093,-0.0911894815581878,-0.2916531663652984,-0.1398807005676807,-0.0029309298129449,-0.3310496293580101,0.7091216650057741,99,,4.053576795303634,0.7000665790692759,0.009374955771022098,1.2643175326492582,-0.00732290913062128
36,36,0.0339922998404396,0.1452740926201959,-0.2944016269301084,0.2150835056278023,0.0186029880234201,0.0844483651821484,0.1778021569413451,-0.2758792454317426,0.1039178963202582,-0.2902593175303776,0.1011116010767028,-0.0742410966331403,0.0392955830692336,0.8251103855218805,3,body part,2.48357285225475,0.6186458382021071,-0.0922875930665853,1.3679075302963242,0.1361277253923685
37,37,0.0573036210799442,-0.1083610703345229,-0.0001948674020958,0.0746877272234733,0.0786486884941436,0.1973683313092076,0.0006102509722024,0.1047030868536912,-0.2298893488585333,-0.079376378804846,0.1314860874512724,0.2655006258305229,-0.0739347981612201,0.8255687669198581,4,clothing,6.961456642157314,0.4786463772474983,0.35715430946300275,1.1404412685952185,-0.022799886125723035
38,38,0.013269323820066,-0.0070601308824261,0.4224928061946795,-0.1884134788804612,0.294755261243359,0.1315469986201359,0.0297424309119357,0.0762340576286478,-0.367939396705026,0.1928897197977306,-0.0511666464076888,-0.1420787220877141,-0.3267747937826968,0.8159023739227937,27,weapon,7.95013683259003,0.7920096273443997,0.009003798674687591,1.3497700835957616,0.033117665487403025
39,39,-0.0816656293415632,-0.2234450386085576,0.0537928314119285,0.1611982909475469,0.1098573309544999,0.2714548521929029,-0.248296071287017,-0.0053585552490949,-0.0049650960129398,-0.0413772660354455,0.4258347314627952,0.3186998780263869,0.0432462533015975,0.8075332676084237,10,food,6.918327044100209,0.7207103028307105,0.03374070644375837,1.194549421349529,-0.08719743763876009
40,40,-0.1180746301637221,-0.2166146593520308,0.022019211807148,0.1932711973289016,0.16555829590711,0.2417290294710063,-0.2450906269586115,0.0089794381987698,-0.0413233649651477,0.0716334411132601,0.4174161619518948,0.364822112682424,-0.0136185002650526,0.7882286857834038,10,food,5.247513850863838,0.7476968029850065,0.017291588845643524,1.193248420854869,-0.10171004824339636
41,41,0.1882560535296278,0.3930183385765782,-0.0076047584010171,-0.2656511274610785,0.1709815290447479,-0.176998154518097,0.0866487860398551,0.1200449047383201,0.1917065643056171,0.2201454216258858,0.0050387971659619,0.1825942282293766,-0.1784936990194579,0.7826210779562147,6,container,3.843784541672989,0.7024637976314095,0.2685448394102321,1.3156734150636153,0.04285938216187035
42,42,-0.0765637297004485,-0.0549504989692393,0.1834645941832322,0.0316050430325098,0.2704471331733763,0.2807599244105245,-0.1264381997372713,0.0229042731217442,-0.2160134072635407,-0.032985510274179,0.3519971577592058,0.0035907574059127,-0.168285166835026,0.8175056245355452,10,food,6.067618166035175,0.641874859435161,-0.04218110027444977,1.170606739758588,-0.07254515007719675
43,43,0.0904574570807418,-0.0337912865058001,0.1798702693942769,0.3659147859901069,0.0084011880736316,0.3375061033504681,-0.1282907377764853,-0.0748064126237075,-0.0467385986528706,-0.1960302257724183,0.3810551687984186,0.0056732956395019,0.1168600559986466,0.8171612926547138,10,food,6.318249467097039,0.7149200348234382,-0.05408954801627419,1.1796048968403825,-0.09930725728039991
44,44,0.0518243296342358,0.043202577403518,-0.2343117766450681,0.0694993727285938,-0.0069373760857437,0.2715731583264518,-0.2528453197190604,0.0151340576217064,-0.1109826072474721,-0.2038856167025848,-0.0415835864287281,-0.1807122388125995,-0.2580425716640663,0.7950330257627584,99,,7.745656068538952,0.5975808386757842,-0.12209336881418564,1.1377554460003725,-0.08371170038479003
45,45,0.1594775208681874,-0.1022602087605768,0.1994513762895736,0.0713032405469244,0.1641767318267019,0.0213024454146495,0.2162162488410991,0.3175422809611311,0.0267721143073656,0.1673653278616688,0.1545760254361758,-0.0830731167963474,-0.3044237446860157,0.8317437765969407,23,tool,7.968253424778131,0.6387035300250533,-0.05964856382539108,1.3063027759073764,0.0647034537427269
46,46,0.0503002321036084,0.1389071947706695,-0.454307791555135,0.0219719009169651,-0.0209267207269378,0.0389102235610919,0.033948623218189,-0.306093558772702,-0.1776935238620948,-0.2675978410878079,0.1512977908554592,0.0203249367906427,0.1581205257276733,0.8649896259588173,99,,6.173789788943392,0.6906454829302181,0.22936025913007696,1.4364522645988387,0.1694240492390653
47,47,0.002492087166957,0.0384465280884208,-0.1431923786216731,-0.0268240084966852,-0.0912031484701022,0.0634565950095963,-0.2804122875797502,0.0821034575224261,-0.1797633564081108,-0.1673754855065038,0.2741295343139656,-0.1135020126617064,-0.1753826773683434,0.7595028308803852,99,,6.752743133796747,0.5473051458643219,-0.1409236116155781,1.1233361631904342,-0.07351783040958493
48,48,0.3142964216902088,0.0119866737033251,0.1279907521180842,-0.0752764432802923,0.2233646981957792,0.2579045709396951,-0.1058768538204153,0.0119096684060885,-0.2336846413023347,-0.0976364665921091,0.0882330261984481,-0.3193108534495881,-0.0451339726171908,0.7759221079108509,99,,4.663536173168338,0.6516558568591235,-0.16241974409673698,1.0772791521733023,-0.1706611586771838
49,49,-0.0996802516569033,-0.2451907934648825,-0.2998206805150467,0.1211283426200015,-0.0516701914489343,0.111139704316484,8.781320404113853e-05,0.0746646894441915,-0.1135699365569485,-0.2263461806726328,0.2139261228848684,0.0783604430383931,0.1059010121182325,0.7586346533028325,6,container,7.287595808849898,0.5678612094425947,0.19859212733205678,1.2036543969122477,-0.003263098655024166
50,50,0.1862620628125588,-0.0284300524265242,0.242767015397488,0.1028298236057099,0.0995737538041381,0.0871510104449559,0.2714719196740083,0.105002374003137,-0.1170255051175631,0.1273140490818572,0.2623511317128563,-0.3592131808887045,-0.2552774397882689,0.8030283817999511,23,tool,5.889533473477037,0.7072319180718932,-0.06826535909917675,1.2692006795650057,-0.00594765188812274
51,51,-0.0459912011083413,-0.0088509139545404,0.0674270267813594,0.1634000768421315,0.0950324749025916,0.156692355205944,-0.031532709996427,0.1283519250652668,-0.222621913252673,-0.1244248609345844,0.186279602883865,-0.0451117779607809,-0.2726582060541554,0.8386790793308543,10,food,6.666745485999689,0.5105011604418526,-0.0682625831784961,1.0582770900886966,-0.12055900926364949
52,52,0.207709128726663,-0.0495198163874375,0.193290742257953,0.104683554318095,0.1332559510283824,0.2245519993601601,-0.1960298779203444,0.0755365606957242,-0.2384882833450417,-0.2248361261087493,0.0303231906347631,0.2621250596418066,0.0443899224717644,0.8093417621254789,99,,2.630660097066231,0.6206906949480226,0.03799598598899667,1.3139329744807988,0.08115208199959789
53,53,0.2240736797737604,-0.0381609787575516,0.0288856986150758,-0.0981217245138378,-0.1193485299209074,0.0748520845497429,-0.2630536576235475,-0.1218888104544282,-0.0426742027901168,-0.1420072028249765,0.3072907114829722,-0.0212679534083161,-0.0969650613590358,0.779213680869929,1,animal,4.2376613418687015,0.5406457336372694,-0.1470207764506956,1.1877514045021331,-0.005842382794645884
54,54,0.1666752709818052,-0.1146727161359872,-0.3367780380756769,0.0856091213061931,0.0137567255129964,0.1036619578754815,-0.0705588558484064,-0.1127057965733609,-0.2002089623546716,-0.2546517634481887,0.0352654225317317,0.0739813416955678,-0.0115077210655917,0.7891456960745815,6,container,7.048363967821554,0.5496139644468847,0.12635366997294106,1.223804156282856,0.025819848979574678
55,55,-0.0436041328049082,-0.1179102327849877,0.1544310338592036,0.3478842951262454,0.0334892462331817,0.2227923763955392,0.0559784707126931,0.0225691287952608,-0.0214440776712484,-0.1993583111335449,0.0120871566115172,0.076323443561441,-0.061248839082194,0.8156871869524309,10,food,5.709909047299901,0.5147852660329999,0.03379319363620592,1.1489966526430926,-0.031936789173693025
56,56,0.2327062922737589,0.031637573601776,0.1661178793445419,-0.108008242603314,0.1609449333629656,0.3449933119798398,0.0381608721361248,-0.1014962489306113,-0.0559992837448862,-0.1832478228741997,0.0348450632737682,-0.2085620791857396,0.0590720646618289,0.7654029441235759,18,musical instrument,6.023858296669994,0.5796662789320353,0.05692193569843407,1.2807334516598485,0.06803662292510615
57,57,-0.073744107810794,-0.0900509208617173,0.0578876015936261,0.3306114500707854,0.1626534250583181,0.2126150219941079,0.0023984582610603,0.1168024083580267,-0.1347119995315536,-0.0987850142732693,0.068764925178855,0.0576637042552024,-0.1040950560000727,0.8040352260446132,7,dessert,5.837947179387072,0.508239517207928,-0.08316541878235306,1.0716935814169943,-0.10603529956899682
58,58,0.0236616979783469,-0.2713089641082181,-0.0782541859179297,0.1480907541215098,0.1536892180367437,0.1013941162543601,-0.0953874021433936,0.0238603920665457,-0.2024317138499753,-0.0535738504655876,0.0146521146542817,-0.4287726720742372,-0.0950479710277616,0.7888944969548628,22,sports equipment,4.278567811851923,0.6186564460018149,-0.09288353504724589,1.0826051998756439,-0.1491797982216887
59,59,0.1440449203235518,-0.0814829566647186,0.0757587855124256,0.0978106694907997,-0.1234508053931545,0.3144246156976115,-0.0750264813724425,-0.2652095434603802,-0.0344282497660083,-0.1937193056636106,-0.0429594356534462,-0.1226819213275228,0.2542059109985494,0.7860352151020906,22,sports equipment,6.858783102915031,0.5941314946982869,0.1328900820456438,1.4447235916364731,0.22494511875492673
60,60,0.2004178600269128,0.0765795171553719,-0.0361028188445218,0.0415300831654908,0.1985680051540105,0.2630808963873046,-0.0565946200021941,-0.1690528848555884,-0.0672421601482107,-0.3734246515294144,-0.1749096367038543,-0.1063694820275622,0.2131084251332551,0.7961419311674186,24,toy,6.107265771472497,0.6486702313660424,0.009923178055274207,1.5114111046004453,0.26493244752957
61,61,-0.0003986754260268,0.0345446347249413,-0.299750230728693,0.094293311618508,-0.4106887670496215,-0.2604569914613538,-0.0531545241324894,0.0273488028748254,-0.0778491799155431,-0.1306519016648458,0.0962443994171853,-0.0285345351873798,-0.3347254792854964,0.7644093597619754,6,container,5.314985002825517,0.6966061679508323,0.096163458605109,1.3366733188009183,0.06672696859481508
62,62,0.0031466335034714,0.0616132333612117,0.2047109950825796,-0.0382036502556506,0.2189763240314616,0.2539952368102643,-0.0365788754130263,0.1484875308719857,0.0077698946823604,0.0541058061207911,0.3039146633662933,-0.3539523065108914,-0.1454402469032805,0.7731107416524674,21,plant,7.145276410092917,0.6517745061137548,0.17937532380504573,1.18074687971055,-0.06725151750471348
63,63,0.0809154811845185,-0.1266751362085215,0.2233539899792292,0.209690607313897,0.2196819809968265,-0.0162335569401944,-0.0320606919261429,-0.1026715284220426,-0.0399507254130025,-0.1435971944622142,0.2894785627813307,-0.0376987053931374,-0.0372654664640477,0.8145355217547103,10,food,7.046600969495446,0.5341985147232203,-0.04811084556541401,1.1510061711121062,-0.03943129201892037
64,64,0.1328049293327143,-0.084934154399006,0.1604813465760854,0.2233848314839014,0.2288333080521266,-0.0793331603483779,0.0586498564085339,-0.0399656132713648,-0.1031907513011226,0.0142511150123622,0.3631045178767899,-0.0029363713804356,0.0214160944932934,0.8331194877109437,99,,5.714946913072149,0.554405160686926,-0.015679333000025775,1.1261421848482691,-0.07418771807956137
65,65,0.1498583617486961,-0.0450243223090947,-0.0303883839519715,0.397251197473641,0.3154285895924777,0.1713828170746458,-0.0248795797814327,0.0370356406231418,-0.1157808279596943,-0.1254406490518708,-0.0928322515920431,0.0757638077476258,-0.1118483759858286,0.7974938719385984,7,dessert,6.407081095585612,0.6083446231490673,-0.04388453949224336,1.0683150834212458,-0.158421620815278
66,66,-0.0195744675055675,0.0789453944350438,-0.3194185700671164,0.110355166747306,-0.0470408016781638,-0.2013489334520266,-0.0974202760963568,-0.2223585208277118,0.0939242175502492,-0.0969806343211023,0.0070983070107942,-0.0107317527630726,-0.190031604482842,0.8533712702813668,17,medical equipment,5.465333433033796,0.5263219946707622,0.20128619097863343,1.4840949700952433,0.29751356504368265
67,67,0.10344176765811,0.1450492813440882,-0.372726403164484,0.1069121313698071,0.0252170543887341,0.1783415134390112,-0.1243875237190421,-0.2608418739481188,-0.1148169831362297,-0.3877965676364211,0.0266360656121759,-0.1169708739023595,0.1567912721946474,0.8461554760335249,4,clothing,7.206564918591371,0.7075247622029992,0.009986647824133721,1.3172446994519893,0.04195300215071285
68,68,0.1018378150782078,0.0294826412457636,0.4864685349516664,-0.0999054702292596,-0.0019083114794874,0.3968523274073177,0.0927415098735337,-0.1350075064237819,-0.0739871965426856,-0.1433545246147538,0.1090786828812481,-0.1380203924402673,0.0026203994238276,0.7209028178853369,18,musical instrument,4.617434910010451,0.7065236091749231,-0.07399409686002012,1.3195762008079763,0.04477463165935913
69,69,0.1688559174605355,-0.027997265132743,0.1749095889514937,0.0238230452346417,-0.2821562913815288,0.1146549812538708,-0.106422909781578,-0.0223870890783711,-0.0671957537825644,-0.1935794276297732,-0.008523459558342,-0.0022744732737752,-0.3884051796457061,0.7866108178076415,6,container,5.729043285736842,0.5983031796498124,-0.036102694530330215,1.2687237636136632,0.0469029853288192
70,70,0.107337341152796,0.0948188466438718,-0.2761066230790716,-0.0713083833830638,-0.1222507779362834,0.2077508213287012,-0.2217070268062979,-0.0163037323219969,-0.0979558715776981,-0.2003999530271651,-0.198208142191692,-0.1397516414692238,-0.0116260115042243,0.8372539503674096,99,,6.34538405777843,0.5639723328700708,-0.02641249331937434,1.2720597217018754,0.0670460788294045
71,71,0.0205920052563647,-0.1332763093894954,0.0893822263745582,0.0107599886223643,0.1030285976841514,0.2435271204264745,0.0431430274293882,0.1714643829853266,-0.298306978715567,0.1029353708941985,0.1651046045940533,0.0627406762614425,-0.353241441359696,0.7623180826936125,99,,6.886564904795499,0.6188953496233327,-0.009597585545643383,1.252650182654758,0.02074822602322124
72,72,0.1305121491393637,-0.1811780944256985,0.3378491972265728,0.180758552095866,0.1763613782503636,0.2250951751881603,0.026917059456592,-0.0301880803414749,-0.2980762543185377,0.0328951871855222,0.1804265357355627,-0.1034959450820582,-0.0731956916813028,0.7873816910161584,22,sports equipment,6.40750102835721,0.6470208501788756,0.011724185501071238,1.2112655534430021,-0.03440562651735535
73,73,-0.0032292126701341,0.1675055770027327,-0.1667943391607844,-0.1903262308504293,-0.3444644902809436,0.0695225392746555,-0.3563736285467172,0.0567105715824348,-0.5019465645737045,-0.011068234392974,0.1326110658577779,-0.1009403722611474,-0.3059936183845977,0.8176916040045575,99,,5.557012195255192,0.8481155581546321,0.03997193658007259,1.3135697264093829,-0.03055011720743317
74,74,0.0149926455987109,0.0305311582345198,-0.0680889642578349,-0.0429856793919378,0.0596446080057119,0.1626338557809024,-0.1141406698056345,0.396799593343949,0.1350559518652645,0.1016263303094345,0.2224577782661919,-0.1265383521545804,0.0231879250280829,0.7701270682030154,99,,6.597396130144212,0.55021012850931,-0.03001630961615942,1.2590932678640565,0.060817100293259596
75,75,0.1187528205121716,0.0775842727181192,0.2551815244625781,0.0603710860468371,0.0734503462373125,0.0318356508666131,-0.3989045543229519,0.2476337236367054,-0.00521349582326,-0.2881121250219906,0.2015126610287702,0.1310014760279109,0.17343743222581,0.713455250696459,1,animal,8.031833271633733,0.6975848737447126,0.3963907751870952,1.2256302826020886,-0.04479520640627466
76,76,0.0570877943874518,-0.2197075114153258,0.1713240617591341,0.1768177912861375,-0.1183200800381373,0.2366005941941574,-0.0523893920517818,0.311681629068187,0.1311109033743632,-0.0488012679112489,0.1247875271938721,-0.0648541506251098,-0.4058508653392741,0.7818442515473123,6,container,5.909551691273528,0.6971950849878387,-0.07705563143061278,1.2205452344965328,-0.04968942809671084
77,77,0.0802068181984976,-0.0469657892812891,-0.2154474058482502,0.0690489838426735,-0.1015005904551421,0.2047088182509517,0.1008339383175605,-0.2070139215437125,-0.0584374301457705,-0.1589543563279878,0.2333006994397003,0.1303648383361619,0.0041028539751028,0.8563788023332909,99,,5.656845308011524,0.5149534390104236,0.20111813869861184,1.4576265928838423,0.2766108196866979
78,78,-0.0749357054581552,-0.2207492288524167,0.1945717405382364,0.1861625453957366,-0.1227226985452698,0.1008112870676536,-0.0472765524848737,-0.2866932040545039,-0.1116692953631448,-0.2131335301560627,-0.006909034078745,-0.1970205478803004,0.1135959465196923,0.8062906233477479,22,sports equipment,5.161667000778449,0.5883679824977354,-0.053494633796928426,1.2744647653785024,0.057507898693477166
79,79,0.0483383092904331,-0.0354608663907633,0.3561465996396897,0.0426300448902813,0.3136395109034005,0.1855653189400425,0.0903838420575532,0.0520481691120391,-0.1399580034168499,0.1224085207174258,-0.0023739212767506,-0.3969953543297508,-0.1141682548659794,0.8071709625063285,22,sports equipment,4.718998427255888,0.6936509882527244,0.029339372627140037,1.2572620683191695,-0.011237533262506982
80,80,0.0967433045289351,-0.1779729265131071,-0.1113028363519065,0.1931480661419109,0.1677908552612757,0.2169254672101648,0.0755216419074813,-0.0617297417959812,-0.247087311560366,-0.2478563003464407,0.0237305514180105,-0.1030328147327894,0.239577066387396,0.777232731821949,22,sports equipment,6.739367892660773,0.6054036596405127,-0.1428160142181023,1.1502012863730655,-0.07509562896899102
81,81,-0.0380576339718263,-0.0985693146610113,0.0101891776442948,0.0818256065064178,0.1865868593087812,0.2391267456230283,-0.2569186175184358,0.0359218323032713,-0.0059624774408675,0.0271376446506881,0.4636056578053064,0.2855097138802254,-0.0175069862613676,0.7288439165971375,10,food,7.482517751273491,0.6890441591447559,0.12569089110345977,1.2189016495490068,-0.04734261585829436
82,82,-0.0776434942379398,-0.156041107286606,0.1525166292476037,0.2215064232456259,-0.1971877603425758,0.2107941086585108,-0.0970002987812546,0.0638779584687896,-0.0045889225288915,-0.1420469103620548,0.1661534359088967,-0.1411504072292488,-0.3452574305020833,0.750885376093977,6,container,5.999626778096041,0.6216444769386084,0.09563177108442367,1.2804959899299695,0.04724816043516955
83,83,0.0051641139141027,-0.2076284595349505,0.1342693423390629,0.2707158405957474,-0.1227274644490181,0.2447243325922675,-0.0874150681068222,-0.2110853905716241,-0.1244546152878823,-0.2352541301426171,-0.001002569349232,-0.1809029242799539,0.288773897344185,0.8086267859720019,22,sports equipment,4.430304670177617,0.6697407913678358,0.07362506816565939,1.4253812173320826,0.16858717953562463
84,84,-0.1621508438061483,-0.1966256346452788,0.2107501396166372,0.1948346703896397,-0.050061537842196,0.377212087324025,0.0218041059067571,-0.1032980969967201,-0.1474139956921852,-0.1244939865754519,-0.0934643425155521,-0.079905156769133,-0.108838000220463,0.7100569791650336,22,sports equipment,7.138938089157688,0.6061909808505275,-0.07430686554559851,1.1917281089761596,-0.033954250228515725
85,85,-0.0301772181336799,-0.1813043835187596,-0.3458325041578506,-0.023346322537277,0.0758471426619119,-0.031057106272504,-0.0677007449014606,-0.1154347194856249,-0.1042014737840538,-0.0859525660497398,0.0371030251751897,-0.02789516346816,-0.0063236358613109,0.7619022498570481,12,furniture,3.0883767613312587,0.446086950773413,0.09203166093196602,1.252641800180924,0.10534055784286256
86,86,0.1650572707979228,-0.0204021007448055,0.4781281125250024,-0.1047001732479762,0.2286226071815295,0.4521219787124971,0.1876970802353384,0.0589847408535319,-0.1136039420890819,-0.0167613906122691,0.0512275159164446,-0.3001230793924262,0.0265932009059035,0.759348673586241,18,musical instrument,6.603280978461809,0.8180543134374215,-0.11660815997114105,1.3006531483566781,-0.0287498019114778
87,87,0.2004897068721307,0.019946485892539,0.0429100393745935,-0.2210408406718803,-0.0367851909532763,0.0051500715379342,-0.2736082091663361,0.1380623720851006,-0.0156607570946694,-0.1701122824725101,0.2585347082187723,0.0014959926633322,-0.0721570043075846,0.7979304912634764,1,animal,4.164908775831381,0.5364971280293387,-0.14666110632556828,1.2294654254084316,0.03790264470675253
88,88,0.4005609996372714,-0.0615761213375953,0.3290726393540468,0.0017548517962418,0.2343189947096353,0.2167240783393456,0.2444663696533675,-0.0015593004842551,-0.1296210251257219,0.1580972686244099,-0.1281349735487989,-0.2198459506222598,-0.2332306037857166,0.7302228322506259,22,sports equipment,7.809899411682451,0.7714384316610601,-0.015515839474686266,1.28332579044896,-0.0232557175632242
89,89,-0.1125535744528281,0.0378895857233227,-0.2318061739679331,0.1818059935458159,0.0458597038068797,-0.0367988147034921,-0.337503311259691,-0.1112948025334512,0.0234140741778005,-0.0329017573831376,0.2380752749592166,0.1736343869202063,0.0267707431750078,0.7516862233904059,99,,6.107954330970123,0.5655262035069515,-0.04087225822348772,1.2468789399824023,0.0411045784951265
90,90,-0.0709347634812285,-0.2170418887863199,-0.3899490508829444,0.1706066310910894,-0.0588932212558716,-0.1034413935664293,-0.0149875784524622,-0.3608757307737951,0.1897527102640434,-0.3003685919832361,0.1214562270927309,0.142290362620823,0.0078128876499395,0.822043802735997,4,clothing,5.696515440535246,0.7343138611706966,0.05279016808248338,1.4856356575728518,0.19722899061136734
91,91,0.0679743207070154,-0.2336871123950508,-0.1014512448748787,0.3417476367379151,0.0082673901822079,-0.262381897463682,-0.1949002521663238,-0.0417470079370773,0.3742703439947501,-0.1978593976956936,-0.0114417176205601,0.0366109263987152,-0.2949247028539801,0.7868906994268036,6,container,4.5900666844971685,0.7500893231734687,0.09940327595854392,1.4021205458288455,0.10599078576178145
92,92,0.2457127835532079,-0.0965493627683988,0.4926855416993089,-0.1009272824088419,0.0529700508169986,0.0799831235316145,0.2257637909322575,-0.0582010800650787,-0.3117997906626394,0.2980861416371542,0.1624674840084159,-0.1994914356229881,-0.319708651869273,0.7830712451861361,99,,3.1713809567707507,0.8606173875521599,0.1352548123588475,1.344792075411945,-0.005448209711447216
93,93,0.1692458506477939,0.0629685088983417,0.4727844339255603,0.0101805492507033,0.2301369074099583,0.1105786928817629,0.2301805547638627,-0.0337414588367688,-0.2858557890139752,0.2008220707634604,0.1415710098312193,-0.2856845154781118,-0.3045142874625423,0.807895001392697,27,weapon,4.824405582262671,0.8318534447985219,0.0024584005156884636,1.3710978275682852,0.0349393238805733
94,94,0.148166254260385,-0.2202536040618354,0.2682484106972914,-0.0184500682315621,0.2897858463108075,0.350239537956474,0.1758967699434174,-0.0762050534817694,-0.233078006740903,0.1023941173253824,0.0883411448889831,-0.1650711818977123,0.0454968745129032,0.7707799598043501,22,sports equipment,5.2286868301781135,0.6986311540712155,0.051141927807934806,1.243099184071974,-0.02783852577497381
95,95,0.1544548238737795,0.0339178893317683,0.3187795992181879,0.1465656795321867,0.1765032744994864,0.1199863222033373,0.1373174298420432,-0.066907458690483,-0.1770621120632017,0.0450711328124912,0.109058928079058,-0.0949763197616734,-0.0899777250909878,0.7968352583564395,22,sports equipment,4.814832644462832,0.5285680616381081,-0.06526181010920307,1.1951982988814505,0.0075173010377971305
96,96,0.0263461426311806,-0.1584807159615865,0.2348186330982865,0.4392947308559201,0.1008157121121934,0.1836570267461446,0.0680654262924652,0.0414169998944359,-0.0787462875897031,-0.0713540812218648,0.0235397355964209,0.1759122278933121,-0.2441422198267273,0.8029628746754534,10,food,5.065638214909362,0.6531224435602813,0.05566434682809629,1.1622934087997416,-0.08636488962147038
97,97,0.2474743015860505,0.056104296897752,0.2850824729409016,-0.0785941768121394,-0.1574069645008885,-0.0987171631155866,-0.0382393817403873,0.0409026574387819,-0.2872139661989214,0.1863335054935082,-0.0175349852174704,-0.0227200446337854,-0.1516229992628649,0.8152164886468304,99,,7.905834219446987,0.5749111576936095,-0.0592514080990727,1.1628961893862368,-0.0474727047342145
98,98,-0.0843761829806506,0.0267018376527859,0.351167344564485,-0.0556096381509456,0.0838180722393864,0.194241941495289,0.0974224197694426,0.106217155383066,-0.2299232350236265,-0.1781139182550578,0.1083276727029634,0.0958718167196136,-0.2254384137608705,0.8031261076239846,27,weapon,6.1130550040552,0.5967494510819739,-0.0676413107089252,1.114123933011716,-0.10693619621016515
99,99,0.0846231314449981,-0.0723755895055693,0.0886599603836004,0.182003036885831,0.064882032604266,0.1898998762254461,-0.1286560576324746,-0.0853412400769041,0.0316488388122445,-0.305421257135792,-0.1734811727106843,-0.1370408789117339,0.2996839677094962,0.7530306342716097,22,sports equipment,3.59593591882071,0.5919985958598806,0.0028153746679717706,1.3498702740268984,0.13113599093268768
100,100,0.2246267307561415,-0.0195848295335639,0.3294259616283884,0.2842088383554665,-0.0077734002029607,0.2750043624017267,-0.1851276047046717,-0.0195864383613,-0.0717080133890949,-0.3444639930092058,0.1848615410496626,-0.1793515713269691,0.1260063617835992,0.8005449834718129,99,,3.849785677179667,0.7459868670191009,-0.015795042625398548,1.2260767577932152,-0.06804458877469588
101,101,0.0980823562098765,-0.3177519759518514,0.2865564902955273,-0.1049382568253885,-0.3820196860527278,-0.0912288702420039,-0.1059732122415166,-0.0069805899080445,0.1957989737755026,0.0713772813336044,-0.0293907508089326,0.2826556488616955,-0.1885349006869711,0.7610230138772341,6,container,6.809469732515377,0.7273165195487018,-0.03580241584077748,1.2415944664835536,-0.043386556219225714
102,102,0.0538066774021013,-0.1060224735152318,0.1397803550411322,0.2849600002114327,0.2060473160822323,0.2728367580199042,-0.2055656465234243,0.0939066313151105,-0.1012356279181929,-0.0721385289947699,0.3752924587831333,0.332806012217313,0.0582356613120427,0.8158888345123164,10,food,3.714175066200222,0.7438387188011701,-0.10706276297514783,1.174433818252111,-0.11863587298622891
103,103,-0.045531885183731,-0.2378222549763418,-0.1929537079694553,0.1160233766278147,0.1680606271886053,-0.0352338974721258,0.0297029300043877,-0.3947017778392804,0.0615783195949108,-0.2325191776059837,-0.0357273191740624,-0.0700876724669243,0.0724558529802543,0.8293577110830803,12,furniture,5.337465869565655,0.6039688116890842,0.3218939404366965,1.35412888588368,0.12953441997348691
104,104,-0.1772463050893273,0.1549792872389679,-0.4076765246581133,0.0490523264009573,-0.0784973932259716,0.1751217147602669,0.1989964948355229,-0.2611114637164029,-0.147755543155674,-0.401232791291547,0.1940799476447238,0.1120883562501041,0.2543606844435784,0.8598406892366053,4,clothing,5.929153768861891,0.8163326562158625,-0.02914005388620322,1.5878327724109031,0.2592726829740597
105,105,0.2155939170660158,-0.1108876600765918,0.0996289824412055,-0.1703859110269646,-0.0997987313977602,0.0324578970263553,-0.1892944438074877,0.1194675805679461,-0.0385892854381024,-0.1827225519909855,0.2182469908164367,-0.0014975714221677,-0.1525483994695152,0.8131854241409895,1,animal,5.951276346120743,0.5144258586434356,-0.1485010233017124,1.1723507514163092,-0.00840673759909727
106,106,-0.0023870043712478,0.4038609541274318,-0.2047254116328969,0.0523524574299679,-0.0902212934390304,-0.0613510549882393,0.1319949634244575,-0.2238036747895398,0.0027961829341957,-0.2245228678409823,0.1021839910602154,0.2329808168291974,0.0214269001146263,0.8892157258547346,3,body part,5.513658869051156,0.6346466015767895,-0.049290204825820805,1.417511247715247,0.17789805033877237
107,107,0.2270844242021831,-0.08062374053475,0.1290450247226789,-0.1389161382799121,-0.095223051789349,0.0600188106052338,-0.2566717897953469,0.1119157787010164,0.0368141973077102,-0.1495977823464473,0.1995187788402447,-0.0545334123494304,-0.1455800847879209,0.7771789288680178,1,animal,6.7442551311402665,0.5223055144419764,-0.1285582358287013,1.1719403177729806,-0.012674764469258637
108,108,-0.0534218937630304,-0.3164724497681455,-0.2964657867442778,0.0822971565659186,-0.0513909588279995,-0.0936716304105404,-0.1023243779529268,-0.1261298949367242,0.0593036440359145,-0.3007865108122161,0.2095807977767916,-0.0560911957749605,-0.0744079953933477,0.783240404047152,12,furniture,3.8801591103930817,0.6181134674949696,-0.044205671521818646,1.233861289618846,0.0023421140731418877
109,109,0.087773627458332,-0.1503767412778863,0.0925131965586961,0.0841671118963116,-0.0906980916580171,-0.0821214321392128,-0.1384776739083046,-0.2870108547468856,0.2215788428226571,-0.2344698661025148,0.1283515219895667,0.0648481666390398,-0.3239894085132841,0.8001298888728533,6,container,6.996809071737167,0.6262614270866825,0.0015495355799148847,1.304912767878554,0.06940464731582008
110,110,0.2330562371134437,-0.1304328610719436,-0.0288484733453937,0.0606874420763041,0.0463100970426657,0.3749701311546802,-0.1083587019101976,0.0237289318932865,0.1392333362066059,-0.0236864741422388,0.3466908989353677,-0.0678765664154695,-0.1991217334767266,0.739768260551316,12,furniture,6.460926054259285,0.6444325249116388,0.10585183520300401,1.2073493396728172,-0.03705469026538055
111,111,0.285713343341646,-0.0392223165874126,0.0994725202307588,-0.130767563271931,-0.04246371185307,-0.1151973327857891,-0.370867821264536,0.0621788638052175,0.0229787945169009,-0.1402089365856317,0.2402951068586265,0.0681367417371859,0.1681966992739142,0.7645790069216878,1,animal,5.724765725782713,0.614417806808458,0.020348249070508806,1.26170884511321,0.031998930783662116
112,112,0.0849554914995514,0.1362934600643488,0.0557533604099538,0.1265605321182912,0.1014070526122995,0.108254479056575,-0.3784744022354491,0.2167560827701585,0.0270512906213541,0.0143723252796796,0.2660468425968038,-0.0865565171231215,0.0440010345507849,0.8081771574266886,99,,5.595763968304245,0.581631518757329,-0.17500234351509736,1.0808593938293882,-0.13279954493058632
113,113,0.1264667457421914,-0.1408858986812986,0.0454994587518253,0.1897852938419795,0.1237773967366062,0.1445001259519825,-0.0542780624486306,0.0134123146418672,0.2206675482620493,-0.0855420277065495,-0.0514420011807711,0.238473273769861,-0.0499843590222536,0.7918609982130597,8,drink,5.127334420902398,0.48092024766743574,-0.053533759087574184,1.1653313326970756,0.00097697362369642
114,114,0.0730750041778697,-0.1481305676859514,0.0688459428941212,0.3138665695337446,-0.0867079916280083,0.2741646001267475,-0.2084152957164274,-0.0153250496006744,-0.0040806554270169,-0.2100653821079401,0.174862071835226,0.0074100245954738,0.0926840088681055,0.7826807489965385,10,food,6.026079593173142,0.5833155232726245,0.10747913023595534,1.1737563998643878,-0.04072696632976003
115,115,0.237863166585394,-0.1193262051500813,0.0958066388475876,-0.1635756946409356,-0.0074961459066164,-0.1072247785139891,-0.450188767746567,0.1860203540952177,-0.0222964477302062,-0.0747744715089513,0.4095710012621772,0.0168032283867783,0.114488559227206,0.8350173384992922,1,animal,4.598164007786996,0.7367544571807271,0.053694521895119696,1.3786385061794746,0.08903701207345027
116,116,0.2249383442109405,-0.1754009896245536,0.3281611115715558,-0.0083977287716932,0.0210291707402964,0.3404339974699483,0.042234015324623,0.1898716224575901,-0.0414176225644822,-0.1212469468531978,0.1081083010289565,0.0536154902433625,-0.0366830029998699,0.7657189580620827,18,musical instrument,7.918138066522723,0.6128779571898094,-0.06435525269509024,1.2035582761107353,-0.02539778378517865
117,117,0.0789025221113232,-0.0318243479038549,0.1266988847524362,0.356903577631796,0.0944693435149713,0.1543168406080835,-0.1151156275760624,0.0748769765802644,-0.1095524829332502,-0.1457813966460095,0.3093092157452994,0.0518267473103015,0.0589122530639687,0.8196554270962855,10,food,6.347356326247126,0.5808186464810464,-0.11409041973055523,1.1264839460197833,-0.08677704000374709
118,118,-0.0937763943767616,-0.2374365278182542,-0.015168479308445,0.2243024963379933,0.0166228844624005,-0.000272923823896,0.1884743344542203,-0.0206421470976261,-0.2070177602863594,-0.0961781513618339,0.2941870503757282,-0.2030728538196079,-0.0009615652855014,0.8158603591530422,4,clothing,6.64751421106948,0.5760460019139754,0.15728877533218033,1.0950332074707596,-0.11589126515336257
119,119,0.1766267384920235,-0.18762930927134,0.014700609586963,0.0320559215762262,-0.0370991357934365,0.204911565199843,0.0468179313165756,0.012217855627344,-0.1350049586420237,-0.2539563541129257,0.1585218744876176,0.1925073360530212,0.111702398728122,0.8059146087973517,5,clothing accessory,4.380049412909187,0.5203245105274614,-0.08769428885561714,1.1304059412617986,-0.05323931342980348
120,120,0.1201048029195117,-0.1587916410490244,-0.2532776530494359,0.0510950359806839,0.1084898341493082,0.2555534771349584,-0.1645916865356627,0.3997272923010598,0.1121750312561168,0.0365348512188481,0.2978752543697673,-0.1741628466543762,-0.2601184143255131,0.8130257191994997,12,furniture,7.1897913130062365,0.7556402340047149,0.08656876761578403,1.2011924813653185,-0.09765480299123719
121,121,0.1773074412199593,-0.0718563662105542,-0.0014512038439905,0.3841837794079464,0.064957289639682,0.2786805490263025,-0.1885105900613316,0.035319344748395,-0.0652347601341061,-0.1791163081042366,0.1112313370459569,0.051808476373471,0.0783879985500257,0.7951923076923076,10,food,7.470485682283934,0.6003382193662871,-0.06951163131722526,1.156516173388714,-0.06630088641239418
122,122,0.0715989122430566,-0.0499480197344356,-0.3360892548634209,-0.0196414591291102,0.0207378113242154,-0.0865300559651041,0.0514187915964135,-0.3319967681829084,-0.1594291266777571,-0.3063475522060039,0.2275271939954661,0.1336026207136396,0.1334656433161126,0.8101352374493253,99,,7.109653142969572,0.6696596658518071,0.15906076577924022,1.3588744527505339,0.10212013105959583
123,123,0.2251459141319422,-0.3717145701729972,0.0349994188894427,0.2115549139964614,0.0857314612581515,0.2047055410790333,-0.0438448083436396,0.1554130576622895,-0.406586924201474,-0.0258473178614119,-0.146198743522097,-0.1339983120038169,0.0828187817497568,0.7057918170604446,26,vehicle,5.408808755718448,0.7227324917329185,0.07686571316423674,1.3011753751652204,0.01843852595248796
124,124,-0.0815267616892235,0.0163843357963508,-0.3877569336650979,0.2845087091967404,-0.1546171605828573,0.1016008699355768,0.0725299870092665,-0.2641951239218071,0.0546040779093618,-0.479040901829261,0.0387807867409115,0.1416375689124731,0.124862723710236,0.8874203371154591,4,clothing,6.297873977149119,0.7855712642739102,-0.035589291469109385,1.4864154053438823,0.17291497590198435
125,125,0.0746468226356203,0.1556092325842338,-0.0074935734458969,0.0154525911120275,-0.2753765428185044,0.1563710507036319,-0.3085036678005642,0.0622410672689598,-0.3380584966849261,-0.1717082379516926,0.1379562189889756,-0.226956699055702,-0.456904403639381,0.8054367870569964,6,container,3.268496003138158,0.8077648722088144,-0.022614976697858946,1.2061560603370438,-0.11820955330040306
126,126,0.0696632863983424,0.1050949239749579,-0.1864879191621886,-0.0786351676016487,-0.2128497540912693,0.0929983242684722,-0.2594458305803219,0.0608102883252318,-0.3210198491053012,-0.0698938809188967,0.3433386939475977,-0.1727601532363062,-0.1788202568181782,0.7863576778050464,19,office supply,3.809212922925119,0.6851758884150545,-0.0680488482268996,1.2592301460834643,-0.0051203545011124785
127,127,-0.196080179130743,-0.1823976605124403,0.2432038704107688,0.0329822919315765,-0.1554693155672108,0.2962542295349727,-0.1082593738640207,0.0912564445644036,-0.2728189009170534,-0.2887220438836465,0.1001134988391461,0.0857911125012605,0.0497060096719674,0.7521085066852226,99,,5.537006597624703,0.6645159825240663,-0.09117637129006528,1.0948878587558322,-0.15934830243756992
128,128,0.2556000116997047,0.0870083028936876,0.1036603358380461,-0.1071482158452826,0.0297169618325174,-0.0214722448757424,-0.2597331982494272,0.1311870753556669,0.0396216646428942,-0.2855733240285082,0.2036401472885267,-0.0067149609503757,-0.0036610214188931,0.7413489424889212,1,animal,7.884344597462948,0.552985856368745,0.039033193015701184,1.3002147507034238,0.10057968760928815
129,129,0.1249245876025529,-0.154088741295741,0.1531320923631638,0.0681414028264439,0.0237602419799093,0.1994237751631229,-0.1211147348220492,0.206114013409113,0.2662600571523592,-0.1134247843683897,0.0732970056204758,0.3297206392452447,-0.1782109519888727,0.7515266947711645,6,container,7.994709604712614,0.628120396194971,-0.15969260049502387,1.1146262387209214,-0.12179196558460137
130,130,0.0689114522362716,-0.1189491138100354,0.0574322347736761,-0.0689527423888435,-0.0482822275657447,0.3599371133748703,-0.2675477162785996,0.1868408506116955,-0.0519664937021699,-0.1528851052241537,0.125176737958878,-0.0604936332124924,-0.5409523977689032,0.7401486350826966,6,container,7.323437405090424,0.7767627495769756,-0.006775884942558541,1.226539134998114,-0.08264896564388313
131,131,0.2361139646706997,-0.0511278758395808,0.0001244138304544,-0.0631739687427082,0.0527380067465546,0.3496774982830387,-0.0297454188378508,0.5573514335764509,0.0246769132623123,-0.0788521344165808,0.1633400910002185,0.1166781187784666,-0.2855458212958402,0.7606118866584358,13,home decor,5.523274113754331,0.7922074755756234,0.058805446330156164,1.1922089929719568,-0.12454028444297838
132,132,0.0555100495311961,0.0017925678463118,-0.0946693462323641,0.0189096288438765,0.2299682453933541,0.144174561785278,0.0645009079483378,-0.0340383691936949,-0.2220822314794456,-0.0282760935462702,-0.1679629841908587,0.1494697005674099,-0.0833839140016406,0.8029860128223416,7,dessert,6.36612276206858,0.4461174750014701,0.28849570719587736,1.2497041178457247,0.10238793195449047
133,133,-0.1047937458807713,-0.1333769153630199,0.0186239748765659,0.3922756469653463,0.1667430782842187,0.2270274043686749,-0.0439935294953131,0.0542176192979686,-0.054540437688529,-0.0717889876540032,-0.0107679602007898,0.0445569089043968,-0.0934618768682338,0.8313133606027372,10,food,5.632436535528919,0.5349603269000491,-0.12392260726203874,1.1324346707301935,-0.05837574796749623
134,134,0.2557149084558335,-0.1603144927643137,0.0756953763064365,-0.1768653615676128,-0.0646042080275792,0.0062106711818637,-0.1713163918886781,0.2515243107522575,-0.0709793447341397,-0.2180741888123155,0.1599076099886294,0.0029541882264196,-0.1200848728265527,0.8067885690137169,1,animal,5.785522585957065,0.5634909272749496,-0.1017042885552436,1.129021640971134,-0.07575632321046766
135,135,0.1297642991829499,-0.0837677566017873,0.0350173100650151,0.3681542086919966,0.1869242742547088,0.2933413999298336,-0.2014172893897154,0.0534478320332327,-0.0920103181681172,-0.1219555804470667,0.3906278203251452,0.251535840345651,0.0353592406974588,0.8017524031928307,10,food,5.92245725322192,0.7519871749887773,0.048707956289481324,1.1306138698139971,-0.16644500955668207
136,136,0.1408759965561444,0.0995416784455937,-0.3917366001959377,-0.0396662794289772,0.0481962872305743,0.10784000853899,-0.3293756147670992,-0.200945302087754,-0.1587946301314863,-0.3056396770279209,0.0515643730009712,-0.1050723838007453,-0.0738366523138577,0.783035743674383,99,,6.745473158171836,0.6966975798342538,0.1747205946674215,1.4846445406277773,0.2146534384843617
137,137,0.1731727721937838,-0.1372509786115261,-0.5319431516393976,0.0349895492011891,-0.0400795847289378,0.1733769024168275,0.0241966737707127,-0.2786617652683112,0.1256162977572662,-0.3439465543920592,0.0792346979227677,0.1059237079417245,0.128915669252835,0.7325663386544959,4,clothing,3.915855198798373,0.7817378798002113,-0.05495283903806303,1.5112765341037235,0.19965279044095885
138,138,0.0400232933585555,-0.3519490748476994,0.1623862767515984,0.3044366354978534,-0.1641408970527562,-0.0702461365533203,-0.0142488833146577,0.1039735852059485,0.1524387177350789,-0.0118610299511492,-0.0206265855702096,0.247772540438785,-0.1346860333390189,0.7414925334347757,9,electronic device,3.5896825553508025,0.6250972213910022,0.08126680105073392,1.11276678932836,-0.1221713784190328
139,139,-5.018851900048576e-05,-0.0664404662735789,0.1796160508550542,0.1473406582687138,0.2135149472008972,-0.0198225705194693,-0.141487413685012,0.2324296536085881,-0.0354462019651761,-0.3034297128238242,-0.1989328354945439,-0.0148577499273614,-0.0641024078303469,0.8223372833128931,99,,4.794744310853125,0.5618180317398156,0.08609046986000868,1.3258010594513105,0.12184208415076214
140,140,-0.2909382091721234,0.1313220886614934,-0.0588018445229828,0.0388854611515479,-0.1348986629330602,0.1803065325928713,-0.4091386919387292,0.0754450923834011,-0.2179382028959917,-0.024833831532231,0.2454403912179054,-0.2116163374321293,-0.4547147057415884,0.755334955776844,99,,4.063518497891027,0.8309972910274684,0.05340970571832071,1.4044484141572056,0.06870905225344748
141,141,0.1793381841775897,-0.1208769636947518,-0.0886133245553479,-0.0410081890121553,-0.204406114465257,0.1037572064021662,-0.0657252190076769,-0.0155444596074593,-0.1682200550086053,-0.3949130332777018,-0.0512583852793376,-0.1708205882844339,0.1428243081618283,0.7399041521850453,99,,5.846242592589341,0.5915035408728584,-0.035697454904157544,1.124228605268282,-0.0942633168886402
142,142,-0.1817298981270064,0.094690736438216,-0.3421928643871021,-0.0455666488899183,0.0390555744088321,0.1310304937777809,0.0967167508704053,-0.2595975743217621,-0.1116934811064031,-0.3469431771388712,0.2382798437506093,0.1711907673964321,0.0415766141995476,0.8303674909035093,99,,4.631208604726608,0.6908407237319374,0.08951676091261773,1.3213977414205542,0.05427394325696677
143,143,0.0126015948916652,0.0170855111558828,-0.105269107385636,0.0826361541931894,-0.0055785671135683,0.0397992787217992,-0.2101114013526253,0.2349550304873943,-0.0336412437006725,-0.0369390800316086,0.0791104472004214,-0.3788989004952154,-0.2806243335428894,0.8183656373579353,99,,6.225851921361378,0.5919424712781025,-0.004624624829164148,1.304141006355286,0.08543419981741995
144,144,0.009740382579766,-0.0948121202947108,-0.5135979370700593,0.1940000187536118,-0.1603331797652094,0.0496358972841971,0.0747085382245741,-0.3139711483639676,0.1310741271280295,-0.386461582297837,0.0926804704576422,0.1416754019564272,0.121842195959377,0.7780958963330706,4,clothing,6.316246002758347,0.8080054772107451,-0.08492775697580535,1.5814041904153524,0.2569207853096587
145,145,0.0163395438785829,-0.1229103088336834,-0.0057327825734653,0.1327670509040796,-0.0631472498604983,0.0813614613614955,-0.1289170153715072,-0.0683782555751763,-0.0793246431943495,0.1014320335010289,0.3530880951686427,0.1541050811291804,-0.1343829705473568,0.8450875387971435,9,electronic device,7.333595828623787,0.4979915087147819,-0.07842139535681891,1.2009174319862124,0.028205603668817192
146,146,0.0329597825005445,-0.0414735877941949,0.3037971285129802,-0.0513013898954859,-0.0964167411144815,-0.0394629786334888,-0.5620392960876962,0.1012508111492039,-0.0473608449410397,-0.1695226207258243,0.1604850215144266,0.113864765948942,0.1076810188648706,0.8152041865580113,1,animal,4.096536146460315,0.7183461163325007,0.1395762520075916,1.31491473712845,0.03432529796351824
147,147,0.1937408630272461,0.0415122361076671,0.3670345338572742,-0.1281359772375194,0.2059596404326177,0.1601493406607236,0.2811733410146501,-0.0759125236189737,-0.0715791483822043,0.0859672296625578,0.2447580462701531,-0.0091843637311765,-0.1643109244570938,0.7949677850982446,27,weapon,6.65320826465184,0.6654195532943343,0.022448413429358105,1.2089766977945178,-0.04570181882308888
148,148,0.1117858585697642,-0.0498877740292188,0.2050357434232416,-0.1035043470955479,0.0122009017709335,-0.1701747734366963,0.0955118595760256,0.2732731196186554,-0.2008341490744291,0.2893102180112035,-0.0242820928713912,0.0908084364411326,-0.2816734641721463,0.7999178376791617,23,tool,5.314140867591323,0.6267832106307408,0.21827758849670942,1.5217928567942287,0.28602928996367627
149,149,0.087775009754291,0.0038768511614718,0.2663259537341495,0.3579626805686142,0.0875296649534156,0.2978556643745167,-0.1796138662512762,0.1133784449049886,-0.12792554583328,-0.2085104584086367,0.2889091502014708,0.1649327257070982,0.0223784426484437,0.8147679402536182,10,food,4.276527785116562,0.7206213851305094,-0.00973813061846085,1.186240573818361,-0.09546275429411177
150,150,0.0187173983748909,-0.0156263488604349,-0.3205456632141056,0.2244308106758661,-0.0974891956192216,0.1462949195345935,-0.0317044401753466,-0.3823495213675351,-0.0432370296995714,-0.2079637817794194,0.0176443001397355,0.1757695056396868,0.1913866637587162,0.812255576401918,4,clothing,4.783866940869861,0.6669103240329493,-0.0706317390794341,1.4383976734940325,0.18298932967951864
151,151,0.3189590330596468,-0.1221296803073774,0.0821006123978703,-0.1848343922647754,-0.1214471002445438,-0.0114786555213596,-0.1381578618603921,0.1533050093203166,-0.0633423126378722,-0.229676364309281,0.1778161768693964,-0.0027727993015373,-0.1095956269498451,0.8168758454140356,1,animal,6.998768764420992,0.561628817441585,-0.15466655431799287,1.1429560860477588,-0.06091025680615303
152,152,-0.0363383318065063,0.0529710655056616,-0.12020375092493,0.1103086829262489,0.0306807721665478,0.1213770199148058,-0.1949118512490291,0.2785609520721753,0.0279412856109833,0.00859105209818,0.1691043905444358,-0.373249885029171,-0.3468597622539258,0.7480672321634292,99,,5.354437257750041,0.671626285809109,0.05676932657900391,1.380583681972946,0.12286657459428185
153,153,0.1826916304979845,0.143515152457205,-0.144941717431462,-0.076977898057115,0.001503351803009,0.1829351228418026,-0.2564280247778901,-0.0331717463294985,-0.5011788155299931,-0.2014791557105121,-0.0722771359172876,-0.265356813837973,0.094126642224696,0.755169724296064,99,,4.314001874239965,0.7466604637229284,0.03522248400858086,1.2788469158387847,-0.015604199204899638
154,154,0.0563739906937666,-0.1670623650157367,-0.020340747332862,0.1689067187732824,0.1806635931880092,0.0066902863081365,-0.2497058407065426,0.5691021560031733,0.095523362016528,-0.1329796472811721,-0.2050188004087736,-0.0882817208714115,-0.062921060427006,0.7342169340085573,26,vehicle,7.782015203144105,0.7480235162435815,0.05015097442130545,1.3269289893737868,0.03181057333296211
155,155,0.0998208750096447,-0.196673597243872,-0.0534100460999304,0.2469448433554839,-0.0089971372136606,0.0909755551743272,-0.2083986827767647,0.0528385761328386,-0.1601927663571173,-0.0796687705772057,-0.36930477686039,-0.2155745333326571,0.1816181572123551,0.7768454820287822,22,sports equipment,4.486621590615776,0.6441357884127293,0.10048180963333131,1.3628631228615764,0.11860436433340116
156,156,-0.0865458886442458,-0.2699739818746939,0.007340973814598,0.2204543137608378,0.1855911522038037,0.1802308575535552,-0.1872355776699089,-0.0322213175070674,0.0116216848610026,0.027010731154597,0.4335928623615028,0.3674971723344986,-0.0236042703799403,0.8057252929808244,10,food,4.741233921584149,0.746010385599481,0.012680806749395424,1.1963668971164376,-0.09776596329404463
157,157,0.0059019388571929,-0.09155458306217,-0.2933218295288271,0.1021404512489819,-0.1239096933799962,0.0462180408551234,0.215469958188039,-0.2338114968460762,-0.1123469890874899,-0.2493064239039335,0.173779946777338,0.0601564524435559,0.0508260804046683,0.7637236070162899,4,clothing,5.900168879478757,0.5784888749604755,-0.12989855616173374,1.287367973346889,0.07524755882389145
158,158,-0.0001623371042359,-0.0899146456732828,0.1322528732930552,0.2169966840555044,-0.0640677202674334,0.2757255672238026,0.0394353752713562,0.0179474038291379,-0.1598145207926729,-0.2812552138681243,0.0680635730877781,-0.0052887341608852,-0.1014717198457547,0.8389753467070092,10,food,4.328678187089471,0.5237097283577463,-0.044908473195289345,1.1128861284579756,-0.07241640590514198
159,159,0.0989773538449024,-0.1163864620798936,0.332865027202287,0.1098342817815899,0.0461790980886577,0.1486472604075382,-0.0720233976450923,0.0730998693663197,-0.2757643498160479,0.1809706786464151,0.2040967818717133,-0.0287977349389493,-0.3525237034640624,0.7898394830102148,99,,4.31799768908138,0.6756616233932252,-0.11582141558373493,1.075035239013372,-0.18465742305073318
160,160,0.1032629961015319,-0.0342884366323127,0.3314989182855185,0.0891195272678066,0.1092966218746547,-0.0586968370537028,-0.096586997834405,0.3226075944031243,-0.2472776642317082,0.0404319334581708,-0.1933905679138706,0.1253185844200929,-0.2544611464530413,0.7936801089368485,27,weapon,4.555797146286346,0.6626497290804324,-0.007868040252001385,1.2545402676198258,0.0012177563151725135
161,161,0.1200935782411517,-0.0658505431935642,0.1282832355010814,-0.0704872699857196,0.1500222947883434,-0.0237571325598597,0.1974332569837845,0.0560503056681716,0.1603018897832534,0.0700710546331088,0.0898852473609654,-0.0584092716320091,-0.1258079577626671,0.7775878329344312,3,body part,3.3184012405519616,0.40410606878848015,0.5586928037714524,1.2582578043483101,0.13150887674860767
162,162,-0.0086862554583563,-0.2042329409801182,0.3479346735087209,-0.0489368363739024,-0.0161449792712395,0.4825622058515106,-0.0022583620488266,0.0001694391990072,0.009091979357394,-0.1509276472076253,0.2567338786467379,-0.149301138829327,0.0530831388572943,0.758592312812467,18,musical instrument,7.742058562036571,0.7157197223018603,-0.054445049431222414,1.1151851292091062,-0.16411852285006545
163,163,0.0672980536572469,0.1043011678444083,-0.349270524713429,-0.0116515439933435,-0.0664610861269208,-0.1045010584091745,0.2726954538418087,-0.1901122811562576,-0.0427100438938837,-0.4306396305825357,0.1701185557317336,0.0806302408158306,0.2266752672684778,0.8359625807796541,4,clothing,5.6665123438692095,0.7331264089692879,0.04725919363778619,1.42309107175271,0.1352657382512723
164,164,0.0037150544801276,-0.1380638775614434,0.0123474268966159,-0.0004713785273156,0.2242841399417849,0.3484273645976007,-0.2056419045860973,0.0679208553193783,0.173966950977263,0.0236911945725319,0.4388796639117397,0.1601666519142121,-0.0214406039364205,0.7880499107954181,13,home decor,4.913798175380044,0.6981326123418037,-0.08416442475680141,1.0806034071259798,-0.19009023480127163
165,165,0.1007579834125335,0.1848022660581589,-0.1839070486143847,-0.2334767479402099,-0.2100327873768795,0.0674382753048352,-0.3039154297819358,0.1426474867114281,-0.3583123258894545,-0.2109693276168524,0.1490975011512928,-0.2699852163176051,-0.2033902459542521,0.7579507690703644,99,,6.591107403694917,0.7767865111488299,-0.04116769776422746,1.2328644120137429,-0.07633532143062394
166,166,0.2393775105520515,0.0984626783039694,-0.2142661714920704,-0.2743953656889216,-0.1237270404235945,0.1420387682981992,-0.2178740744190179,-0.0751971716534841,-0.2770324054913387,-0.2217876767379757,-0.0275060819023935,-0.1613376275535885,-0.1132849234174744,0.7564864027322036,99,,6.939475492602286,0.6651037779321994,-0.060121775389439414,1.2121604225217997,-0.042363501949993054
167,167,0.0318872503909472,-0.140595079698597,-0.1393616326705083,0.1175049556331264,-0.0511277356832586,0.1533361964913778,-0.1475564620394036,0.3270888853082849,-0.0782878676272624,-0.0657470992084779,0.3137948990862918,-0.360693662491549,-0.4262486742369276,0.7810911041256298,12,furniture,5.026537618279826,0.7934769661049144,0.039148911757649785,1.288716901071923,-0.02865387278810161
168,168,0.1374574716421613,-0.1657058190299808,0.2437589136811128,0.0562620575253264,0.2563633024468201,0.1545358886395494,0.0191855907046009,0.0765081223970923,-0.2103908865380597,-0.0499386324682476,-0.0098317939082654,-0.2695297572122042,-0.0776264590368826,0.8494199470443613,24,toy,6.086036570025996,0.5747076465274306,-0.025238100736593383,1.1368242377594961,-0.07344502468714764
169,169,0.0049246301582258,-0.1477539861799045,-0.296179406217171,0.2515357109921229,0.0571199214098122,0.0029300402746197,0.2159782850011291,0.0435343497246692,-0.1978592120481471,-0.1778760626909303,0.2199572127262088,0.1421900230481987,0.2558193181717172,0.805784743088177,4,clothing,4.871964770805263,0.6553563456981872,-0.026894259227739137,1.195593973977034,-0.0541579617777006
170,170,0.2529669537298382,-0.0595863167919096,0.155550991034451,-0.0143252459855589,0.0323682538106558,0.133947455654243,-0.1914674215066684,0.0731097207571996,0.13600181455063,-0.1677473598607364,-0.2020657612711356,0.0017169716910666,-0.0690300626893127,0.7810316650496368,6,container,4.147168392910469,0.4951493729544693,0.12809846164296346,1.2965913612724367,0.12527093937418377
171,171,0.2816646440654963,-0.1044488671270167,0.2942151004612162,0.1016819224952187,-0.0173050408872381,0.0166103139406177,0.0617155954313005,-0.0597886874945987,-0.2052876206782761,0.1827883302343495,0.1222019134741646,-0.2046749622453906,-0.2517256467922494,0.7876851569052365,16,kitchen tool,5.484016634358198,0.6251805139773261,0.02312718546050241,1.2206029641594383,-0.014375980612365558
172,172,-0.0313245965185505,-0.0570562693692607,0.229951591378771,-0.0254291610912659,-0.0722355352374828,0.2757328161854219,-0.0783887118022071,0.3204307098333445,0.3203409928619181,-0.088768237816642,-0.0472578324207329,-0.0295957781468225,0.1391813438290042,0.7394831901089925,99,,6.377924651205993,0.6170956362508352,-0.11060222320022128,1.1745301041512073,-0.05649077819314141
173,173,0.2067832712531044,-0.1360011923075195,-0.222073764772412,0.0133348208071873,0.0307639060131054,0.3115781882078531,-0.2168813772808727,-0.171826705859295,0.0655972269711728,-0.0783255745814198,0.1523045408014446,0.2457729705042295,0.1491659208443172,0.6915540939637447,99,,7.421729672644025,0.633742016836104,-0.04825422291725512,1.2034528207568955,-0.03571752479229362
174,174,0.0363061445942391,0.1313420961710038,-0.3664063406216896,0.0676856869131767,-0.1342061277461153,0.1893414353653536,0.0415077164903981,-0.3102921432423551,-0.1188567699331708,-0.344773659791829,-0.0188122608199887,-0.0122533273276101,0.254970847565389,0.85021565208208,4,clothing,4.782297675514594,0.7125864130901921,0.0874305617107255,1.657767980656499,0.37999828296050464
175,175,0.153501627184972,-0.3043014592178545,-0.0341233256965212,0.1702859564139781,0.256175234660085,0.1596787854898408,-0.1698620890039429,0.2110376855866571,-0.2370231603140945,-0.1895005848871831,-0.0991803226397407,-0.2413976380936947,0.0020776412336222,0.82885189374931,27,weapon,4.451411833950333,0.6863244554970184,0.2875755981371857,1.2246699963851952,-0.0402428009175666
176,176,0.261313757615329,0.05973647226702,-0.2052414735166879,-0.0839031270081793,-0.1373298921948952,0.2058727739676439,-0.2125286835676819,-0.2254627027800889,-0.2493718401304284,-0.1900484873296077,-0.1213800409132723,0.0207333538083485,0.0367791076925414,0.7645208721605491,99,,7.177455269437241,0.6269629370924005,0.12489122916056394,1.3871695546480176,0.15131800027093956
177,177,0.1986965043478625,-0.1434850747076708,0.1906089313973372,0.2874645529417468,-0.1527420191272153,0.0674512271868469,-0.0314299644722276,-0.1703954715352009,0.042579134053674,-0.2649191876886414,-9.821126939228318e-05,0.183991292868078,-0.3093837138917196,0.7545982490623057,6,container,7.826809122611493,0.6621966474193164,-0.1056305364641047,1.1797290687640742,-0.07337163021884696
178,178,0.0365966185304621,-0.0072388304592018,-0.2772470130753281,0.0737105563216511,-0.1020800619719249,0.2554933705984314,0.2690945634208943,-0.3066118735837003,0.0869800994879159,-0.4222014658041182,0.3056955747191277,0.0471316978474834,0.1756512824987257,0.8143809247398319,4,clothing,6.981250153361665,0.7988460188961405,0.002110888801457378,1.3694161557243822,0.04941688866472105
179,179,0.2596781889730666,-0.0440457529429322,0.2934152913714082,0.2472082676421994,-0.0866475617488249,0.2681198523029335,-0.2034666161425031,-0.1502200537630003,-0.1542784087051326,-0.3793052590647821,0.0175232991325329,-0.3187111353709315,0.2887504607405867,0.8316375781421159,22,sports equipment,6.062167899758887,0.8443180821950201,0.19802480405491663,1.4634095943996097,0.12114885705791467
180,180,0.1594542103701205,0.1380828376321725,-0.4452977826736437,0.0410196998205899,-0.04712114182954,0.1716711827335905,0.0385049877342605,-0.3220001715783597,-0.0299249566996131,-0.3986283370686703,0.0997778395358261,0.1109150238332342,0.1910204272317359,0.8371528810988743,4,clothing,5.999606339472523,0.7745127535346921,-0.02433641456608915,1.4796102137045373,0.17152362938698662
181,181,-0.0183571067746229,0.11120890742707,-0.1653576240767161,0.024986352075336,-0.3026245971637545,0.0353271320216495,-0.2470830672268,0.284702273216316,-0.1945779983133272,-0.0491116143216159,0.1486306381597311,-0.2771118909188681,-0.4355787881412233,0.781539603686923,6,container,7.193075003516127,0.777489833436168,0.10688264898632882,1.3957729259580434,0.0862288714720878
182,182,-0.0546206837828359,0.0643826399377157,-0.4819289913495191,0.2792302450039178,-0.141604060417839,0.0324436470079054,0.1511810483210772,-0.3029684447216245,0.0346340074145246,-0.3346898571153825,0.3009964615273816,0.1248744198127808,0.1036859598225248,0.8617610124086375,4,clothing,7.536155949914939,0.8265976032158968,-0.06625276758501641,1.5784820394370385,0.2448966048539687
183,183,0.0341203484348117,-0.1546919173184252,-0.1917810138988223,0.224610575570674,0.0371477513623919,0.0358124664147121,0.1604744114089036,-0.23118299970714,-0.1208986220426067,-0.2325034219355093,0.0010210756802343,-0.1644338473457489,0.2978307658139378,0.8304005095056534,22,sports equipment,5.976934101571381,0.6153054326926869,0.11537731231368009,1.311062742145502,0.08091827842870836
184,184,-0.1724341195990409,0.1476630327996234,-0.369925369878481,0.0255065257816984,-0.0176741990584494,0.1123699223016687,0.1714023042505679,-0.1999279242616315,-0.2380035584253251,-0.312370978281662,0.1058768380869075,0.02863239122819,0.2480064474103411,0.8683954613091207,99,,7.548796406161616,0.7064565089732385,0.2646189261515781,1.4652610997082869,0.1904923803807983
185,185,0.0333456585150423,-0.1289586689419394,-0.4477774131115198,0.1119242345030402,-0.0253626914732319,0.063674805515358,0.0168180457340487,-0.3526024849431944,-0.0041965584880768,-0.3811133555872619,0.117360362421551,0.1839518568544719,0.2783466007762357,0.876400958480324,4,clothing,6.399726513040537,0.7940003744377994,-0.08369591464048165,1.4982689151327577,0.18064189956733023
186,186,-0.0167133053248655,-0.1769092046994115,-0.3691709157677968,0.1307594951979728,0.0435342019556449,0.0145224009131622,0.0075114375055289,-0.2777179658578105,-0.1334773832953575,-0.2083180364341859,0.2998049061511482,-0.0170594180439327,0.1148330648891341,0.8617534698327383,17,medical equipment,6.737000594244585,0.6548469160655938,-0.08999459440133606,1.1968297231915372,-0.05267281432163906
187,187,-0.0619519180125052,-0.0324342323280968,-0.2133174469304909,0.2127284434470923,-0.0649901223686871,0.072703562273061,0.149508950232013,-0.3687059427832181,-0.2138259559088165,-0.168525399514457,0.1101192359628294,0.0233580105174499,0.1437751979473809,0.8214069348376154,4,clothing,7.501840681040985,0.6090318266193832,0.05402285521661543,1.342375387700213,0.11530225360934998
188,188,0.1855865527694722,-0.0461326466114512,-0.0956155906719319,0.118520570041331,-0.1662765197123985,0.3212151559277951,0.0878757670252498,-0.2816382001075627,-0.0220307880542333,-0.3615666969667425,0.0549914804593664,0.2350664159354186,0.2123981121042027,0.8307190225033616,5,clothing accessory,6.879354793412087,0.7157083294032442,-0.0833163758072557,1.445490552105427,0.1661924775955368
189,189,0.0644812807432682,-0.1643317439085066,0.108011217635444,0.144675288807331,-0.0416426048034842,0.0560496903018778,-0.1462517582132375,0.1803134566531171,-0.2043109244333419,-0.0193506233970558,0.2811579683018755,-0.179835671932233,-0.4479436041819385,0.8081004349838873,99,,5.988587626330292,0.6904345434090159,-0.06261025268761045,1.168199203194411,-0.09872574383879273
190,190,-0.105234563537356,0.1479454288531233,-0.2304628065067403,0.2326435216896596,-0.1276160495688493,0.109173159679906,0.1990804262451698,-0.3050477119799271,0.0161995886817462,-0.2111283836384954,0.1202328542787114,0.0022006432619602,0.1018999520206807,0.8573075732231777,99,,7.408787356364795,0.6089105333303192,0.0751968454200902,1.3423692775030402,0.11535552420016026
191,191,0.111564033149263,-0.0999766342304013,0.1782017643497273,0.2275501575090154,-0.0094211914861764,0.2421368076887769,-0.0894911279780573,0.2411915604857375,-0.2800040333218294,0.1351057899389686,0.1788955448371899,-0.0729522232216196,-0.1463339813561078,0.6892734649063574,20,part of car,7.381616615451185,0.6215085979244298,0.01521997325456037,1.097670142035482,-0.13551116603018887
192,192,0.0310697051314354,-0.059921311130344,0.064876427231348,-0.043386658476126,0.1346823366412707,0.192110966141577,-0.1747531535616432,0.4188011572201733,0.1571327334028547,0.0588207142791206,0.2825807073863607,-0.0581808305722094,0.0233206322195222,0.6750614672304355,99,,6.231562954998952,0.6193202415450229,-0.04136705331332746,1.246848779834468,0.014738811553545172
193,193,0.0828033994605996,-0.014565893338543,0.1317388815333812,0.3071026456348778,0.0049947114202395,0.0947259866350375,0.2171022772833492,-0.0896490428462313,-0.2636981038646641,-0.1004668169971136,0.1605349086181421,0.077812596311479,-0.1087421202670407,0.8588819342830896,27,weapon,6.236256144025125,0.5533402411671269,0.15986689272064836,1.2953814240302746,0.09557286701294188
194,194,-0.1052183650444686,-0.1265747810201443,0.0098450153168124,0.4201819027605394,0.1436148395668059,0.1703673916660947,-0.030874895977534,0.2170995141113026,-0.0441884433733187,-0.042560345455061,0.1120986559012484,-0.0274085693852845,-0.1611586492880892,0.793818392775389,10,food,5.96766542610886,0.5869676429641298,-0.11087921915983001,1.090383260272919,-0.12588805104798695
195,195,0.0509060614445439,-0.1563754569294078,-0.0441612457199052,0.2843288906064352,-0.1122398124923333,0.2154916060881995,-0.0755754893193321,0.2930766141687622,-0.0301123126416765,-0.151146460596569,0.2741798783222848,-0.0927092593833135,-0.3392788810186636,0.7806736542799262,6,container,6.002980661164003,0.6950608490779543,-0.0689081319191649,1.1876996814772347,-0.08149013674705086
196,196,0.0365790933566501,-0.1180141173895804,0.1200106661003037,0.258594292896178,0.240495697398529,0.103353686768024,0.0433566341390706,0.0631340923894684,-0.1072447698361446,-0.0887486796770607,0.1045319780959951,-0.091324989772572,-0.106052041387881,0.8378911971820013,10,food,7.970333669402593,0.4699114801083241,-0.030244848570271654,1.1579416278305994,-0.001023238572342322
197,197,0.0860561490811557,-0.252282777519291,-0.0087508317402408,0.330828513549124,0.0918762814771896,0.1464171893456958,-0.0233046856751655,0.2083107928426323,-0.1583743566396732,-0.2231504185474201,0.1189570061687217,0.0993333258241344,-0.1082682397120225,0.774916219687623,10,food,4.7958781516394495,0.6041610042770691,-0.07109175790692668,1.1549106311588642,-0.06977792526043403
198,198,0.1804381608738219,0.2345518611999159,-0.0765131828525467,0.0256949711574198,-0.1799580997760979,0.0377835821626865,0.200756786133456,-0.0862464376481843,-0.0116674900423384,0.139012574693257,0.0815633597823999,0.1453150940713321,-0.1568013872400478,0.7722594478692041,99,,6.972468551135529,0.49745111884252274,-0.05303386235105645,1.1712137184496265,-0.0012335546175936685
199,199,0.2212167422536202,0.1555743238241358,-0.0219816696761379,0.0714374575531799,0.0412203500611672,0.2078100183358686,-0.0993213535399585,0.4546414096442136,-0.0532141471818636,-0.1066771180362455,0.0818115945328596,-0.247235450517177,-0.1046131795946045,0.8462606463913085,99,,7.232568323396944,0.6581402284866096,0.09926007305297624,1.4298587545818722,0.17874393094681884
200,200,0.018359560264533,-0.0650931639094405,-0.2526640928353607,0.0201951496896763,-0.1724874258006723,0.0823763003854964,-0.0438618722290784,0.0182168695857384,-0.1575928991816961,-0.159988973658019,0.4407541211359587,-0.1518619602252702,-0.1443415459995904,0.7988687465508009,6,container,6.491448541647391,0.6294500712094833,-0.06968245801697948,1.1024574437288206,-0.13461172115937403
201,201,-0.0734282451386702,-0.184524878237773,0.0497704368871628,0.1879279283552717,0.1549467901245887,0.241408817574916,-0.1681369927263407,-0.0174405152031505,-0.0882671425703298,-0.0208459478542681,0.4586447522372512,0.3037794412908159,-0.0163017980307748,0.8510118784195034,10,food,5.409664886542559,0.7065581601731975,0.01091415798959472,1.22740499217903,-0.047413491883173675
202,202,0.2003906228766887,-0.1855378276789912,-0.1945923055735806,-0.0173056298265805,-0.1485111898781685,0.3173093373975731,0.0261934293063174,-0.1899927800386505,0.0453101235242199,-0.4221874821670774,0.1822820461684135,0.2186690577326472,0.3333377080005538,0.7918821106681215,5,clothing accessory,6.760664894155303,0.8029462528125313,-0.11960948273696514,1.375155762572008,0.05314916994017782
203,203,0.2295645971345977,-0.0676087951377497,0.2732745728538723,0.2105188423016502,0.1238013288303997,0.0238222768159412,0.2012250614793845,0.0460347294168072,-0.0821383135575167,0.127958666570131,0.1149313487495381,-0.096582716711206,-0.2875876834253233,0.8096880418336446,23,tool,6.064600728789293,0.6026087078676332,0.00919833167731543,1.3088987335021494,0.08497012501308765
204,204,0.049098086186951,-0.1038735585094031,-0.0667108100600916,0.3356680594332834,0.2247697756666234,0.1854221089357474,-0.0823698372191846,0.1622400539466371,-0.1929200934727711,-0.1486450003903667,0.1150853001664783,0.0844772125971367,-0.0574475173884708,0.8277516712234747,7,dessert,7.1467579296297705,0.5756108875568794,-0.08291317005800469,1.0680525255029123,-0.14265893093881
205,205,0.0092582837269141,0.1060550861991257,-0.0843903949248434,0.2193658839910064,-0.076420438734344,0.1166267533017198,0.2264422630752218,-0.1951880314877899,0.0498484315828618,-0.0681845432787447,0.1601716543830961,-0.0379505784079881,-0.1139491133467057,0.8289519319538082,23,tool,8.347514608859536,0.4718119115717369,0.18973448574455798,1.2184837275926028,0.05858847898404762
206,206,-0.019235238452316,-0.1764333295940506,0.0914769046174145,0.2553116290538793,0.1929977024604836,0.2660835334426654,-0.15056173892798,0.0717539774282088,-0.0466807639561244,-0.0652327125673442,0.3601001297742743,0.3196515408193662,0.0291529047065751,0.7978136372845227,10,food,3.819968013471684,0.6928566229787588,-0.07905299882991912,1.2048880907454265,-0.06322261845581778
207,207,0.0013487973290973,-0.1733334287988576,0.2909517771317584,-0.1141812207912678,-0.2020924616147417,0.06772735084076,-0.1863131384948057,-0.0312269148359659,0.1989790561627149,-0.349296117874629,-0.2200793584223287,0.0691661863594925,0.1896601027058581,0.7410484040303502,99,,5.528857089876488,0.6779697118024337,0.18411168471272532,1.471618948741806,0.21079633044078716
208,208,-0.1085279385595739,0.1639799508428425,0.206999680470269,-0.0361836685330612,-0.1691785885916805,-0.0461635801723025,-0.3911268056019053,-0.0237309036634678,-0.0631059302217707,-0.0669898820063701,0.0620915203917933,0.1648247058159479,0.1007349744091465,0.8354534678106565,99,,6.363410038423946,0.5628159081550741,0.1101612385512789,1.4621356086593216,0.2576881093167165
209,209,0.1676375315526107,-0.0458226619034195,0.0978379764321299,0.2252787140589642,-0.3790838105411105,-0.100855699593247,0.1349926056704883,0.1002188471969878,0.1810927400073763,0.0133710350116482,0.0984301502696419,-0.0211723708938571,-0.3451066803996095,0.7259559254536417,6,container,6.916152463798745,0.6594518975117493,0.026961561777506304,1.3369661165698707,0.08520914743042085
210,210,0.0344180810613775,-0.1505834763048081,0.0838588319602045,0.1218562570747317,-0.082469248392764,0.0913504196861729,-0.062350193008789,-0.0085976759238668,-0.2902200459849679,0.0297185541434643,0.2550421148081354,0.007570899763248,-0.1802130249326689,0.7741061646343145,5,clothing accessory,6.37023963179892,0.4975341015338773,-0.03196438228586462,0.9934847625943978,-0.17900313578391447
211,211,0.1460886681020127,-0.0945531342708769,0.0163351196137172,0.2001190523631044,0.1865595103263092,0.235579593644868,-0.0906542581639429,0.1537377256593932,-0.1701439395853717,-0.1857046112008381,0.1533687761842494,0.1352462843724554,-0.0933420554776935,0.7468196220985871,10,food,7.517013574033357,0.553817465518662,-0.08367211650786732,1.170592107920055,-0.029450080803183232
212,212,0.2705715117560514,-0.0876060069448742,0.1115139896920479,-0.2198090156052592,-0.0199406776391081,-0.1099336664569074,-0.4595474033919178,0.1922800736352129,-0.0108069292871004,-0.1230683596655247,0.2371650742821238,-0.0239928998265127,0.0711085992077401,0.7240232123171157,1,animal,7.239888150169976,0.6923984318627179,0.04150305237900642,1.3743674706639017,0.1064810751879044
213,213,0.2754302141559637,-0.3049200414516521,-0.1354502506514888,0.1352914242114877,-0.0174861683177996,0.2734419948166363,-0.0938702164059337,0.3740041630650902,-0.1890581857080628,0.01293286779817,0.0326504896461094,-0.0974160638142822,-0.0921162434867941,0.7308720228466775,26,vehicle,7.735852787854101,0.6958499834558329,-0.041952473001487633,1.1479715830795314,-0.12160456666849018
214,214,0.2990441656305682,-0.0852573713581795,0.0213044676583627,-0.1047837430024667,-0.0433864794592101,-0.0145497484255254,-0.1273553406781835,0.1322194135909471,-0.1266586110396391,-0.2321282680962334,0.1862160014553462,0.0094064653981251,-0.1516662059816966,0.7773634649839982,1,animal,7.453899248035638,0.521170450853784,-0.08565907261967742,1.1127862000420834,-0.07127319630196638
215,215,0.2938140802350558,-0.1421865004482716,0.0365996389267897,0.246358700864725,-0.0463604305268272,0.0257497927522731,0.0455144300690881,0.4225801130331925,-0.2605282319224558,0.140593004833445,0.0446076407256142,-0.1112851323944911,-0.0722983139260793,0.7102144806413101,26,vehicle,7.6207659221472355,0.6776992957595269,0.048937300079711754,1.2607627887709147,7.25563408292551e-05
216,216,0.1623010118110104,-0.0154998208827487,0.4819496069114403,-0.1487720662565957,0.3103785550249833,0.0008073264576471,0.0902330313949112,0.0765844658550048,-0.3031460058690932,0.1837197076307785,-0.0801794643545546,-0.0217214910962579,-0.4283170732456857,0.8360331934613559,27,weapon,8.162059196607224,0.8410348449991487,-0.1564465389372689,1.2642145576905506,-0.0764388259934854
217,217,0.2406000631052089,0.1799099659252956,-0.1671652457471187,-0.0290619200687973,-0.228745262858343,0.0354858808764522,-0.3092464287376651,0.1891076257175361,-0.4764847836645864,-0.1699887292983256,0.1118372141447589,-0.1610441677510206,-0.2040287348849944,0.715567956024564,99,,5.95595647018818,0.8000174497146191,0.11573116187126486,1.3776258371599508,0.057053080127300815
218,218,-0.0817872595347523,-0.0681195173201042,-0.2750423110278541,0.2523316459932159,-0.0196737220430871,-0.0270205515892562,0.0274968775449512,-0.1233611218071261,-0.286114963042211,-0.2246701908487046,0.2498655349231873,0.1454816206511124,-0.0438380792558421,0.8420858323836576,4,clothing,8.289562691550678,0.6209654567671005,-0.027089471103857066,1.2495930888281834,0.0166776829419093
219,219,0.1610675502970207,-0.1111204864924091,-0.0607903427121379,0.2052262374634568,-0.0736052668244133,0.1736472794858324,-0.1685525817192606,0.402292494146898,-0.1800179371380499,0.0415083570748119,0.2028382788293922,0.1014100866812978,-0.1394213483533651,0.7294280725576812,20,part of car,6.54546348854538,0.6441422327639145,0.047316995381990745,1.207238341207962,-0.03702357224044306
220,220,-0.0649676257181999,-0.1453422254444954,0.154023338868657,0.315198102791499,0.0667668715265777,0.2799545763054089,0.0038083499878532,0.0634180941306223,-0.1288988852658499,-0.1897255597447475,0.0526805790511881,0.0873400263612112,-0.0741557000998717,0.8458441287709583,10,food,7.7530126348136195,0.5511807580488367,-0.07294264557752606,1.1387457754901897,-0.06000557704212994
221,221,-0.0344655329565623,-0.2261084529551812,0.2236214643921872,0.2116374377887569,-0.0542592754515537,0.0172823715828191,0.0156942471825524,-0.1316102605640544,-0.5533487609856153,0.0551414672377272,0.1301138765178751,-0.2107881693316527,-0.2166212175773417,0.7669761963327434,22,sports equipment,8.34583293784359,0.7651415862974082,0.11161277068478537,1.3018146341476695,-0.0016841671262666225
222,222,0.0700222388960824,-0.0961540036696031,-0.3236423923781262,0.1543576889023687,0.121774650380209,0.0558220001122336,-0.2367653383999541,0.1515097726963263,-0.1574711396110881,-0.0391416149153114,0.2306296658645871,-0.4364316794354918,-0.1151536747948414,0.8206655553831421,12,furniture,7.396058724871053,0.7231388848140898,-0.12820114157735962,1.122638549247863,-0.1602972552539632
223,223,0.062158589356262,-0.1712855614836371,0.2436001136662124,0.1760995814252878,-0.0805623323299629,0.0302490092388547,-0.1785034643338971,0.0825076617605582,0.1130569416566611,-0.2009807307321804,-0.1249336172315446,-0.2253358642145991,0.1211744180067644,0.6955369646399814,99,,3.447797604012484,0.551247522367427,-0.10281891510348284,1.14443370373027,-0.05435033418701729
224,224,-0.0172333327851076,-0.0946763688060425,0.0811635240430737,0.0937700995744983,-0.0295448527824243,-0.105443932492644,-0.0143734751972171,0.1641292104052241,-0.1596555554367758,0.1156698056857507,0.1125502108552364,0.2519565899322195,-0.1958255881720478,0.7846575094328627,15,kitchen appliance,5.486191935051687,0.4659871264180821,-0.0007236585880801005,1.111531543179657,-0.045512102220461426
225,225,0.0380606790077155,-0.1302014558565906,0.0585844351869112,0.2535063912998764,0.173812092004228,0.1750976923752351,-0.0436917283142988,0.127874862349109,-0.1845504150493469,-0.0938203844251113,0.1753607167574906,0.1214146466208641,-0.0478388541717613,0.8179938867438868,10,food,7.076569917902118,0.5058379455996469,-0.15148596518089852,1.1465600967248133,-0.029993062046055785
226,226,0.1349485118785536,-0.2718666461537454,-0.1170758988467623,0.2592962876860474,-0.1840513654045353,0.1772070385397392,-0.1710938310835059,0.2294964444055431,-0.3383471206522226,0.0201903558708111,-0.0936099653217937,0.01251329700299,-0.0887621784717547,0.7545929699129986,26,vehicle,7.722627489569975,0.6722852212810457,-0.17436583600121913,1.1900741566289812,-0.06796554161893553
227,227,-0.0302454267639685,-0.0253414034579389,-0.0855350177816698,0.0487956238582216,0.1526534984920084,0.3063845808438948,-0.1024396809581332,0.1253314041731096,0.139265351101291,0.0368591208521309,0.3345194379404047,0.2897478875181616,0.0474659681121922,0.6898913755621073,21,plant,7.1356009754493686,0.611141734337387,-0.13840389988471746,1.1390350403756053,-0.08907102788526577
228,228,-0.0197766119365325,-0.0405530634472956,0.1314181668171605,0.2935509028246519,0.128665154088907,0.0299759999841404,-0.0256348258428334,-0.0193329731482801,-0.0713848193803427,0.0013406854314623,0.1870763804588919,-0.01547245687523,-0.1409107309040204,0.8320938931717975,10,food,5.106274319004753,0.4291306515020422,-0.021933804105706334,1.1874027948694978,0.048402740666266375
229,229,0.2336221110934583,0.0096580385847166,0.0493410591885553,-0.1462677592040209,0.0705906559266155,-0.0216694423189356,-0.416542171763649,0.1668680405648498,0.0572627393337204,-0.2576064989311535,0.2496112343605449,0.0419252933642939,0.0636448331901629,0.7783495294286373,1,animal,5.756949234766141,0.6504310787482588,0.03511360376873285,1.31871837650679,0.07137767252564453
230,230,0.2052914395826381,0.0802197392501413,0.0879986079031607,0.1126151302201988,-0.1534874365878117,0.2540414178500428,-0.0783984934901824,-0.116509598168504,-0.187074092641724,-0.4028878397401956,0.158003620655532,-0.0298102816415276,0.1326041504810585,0.7854904330193163,5,clothing accessory,6.093775498123491,0.6462003830113433,0.04257874753324087,1.2831672094650715,0.03789770042400664
231,231,0.0708079301449189,-0.0965596275692581,0.2420406028013083,0.1189785863046036,-0.3790089235237622,0.2133666085691686,-0.0759263571922735,-0.0523241888269519,-0.2776822852272273,-0.1631154471104545,0.1246730968849391,0.1174097733040124,-0.0728011589673768,0.8066913100449686,99,,6.742280545492463,0.6504577877028256,-0.024662611696491643,1.172240970884852,-0.07511280883016647
232,232,-0.1386935183485547,-0.2913679941314759,0.0941456263418103,0.1486554812184296,0.1067185068042238,0.2321234988438536,-0.2296695747064506,-0.0129791127115833,0.0305026877678867,-0.008950522566011,0.4317670930343983,0.2994727988602808,0.0267886482514732,0.8478824550493427,10,food,7.339951597249638,0.7287761781159761,0.029514981242635407,1.1977126606494044,-0.08798295786143662
233,233,0.0841872466578625,-0.229850387765392,-0.0808101885130625,0.3028137244343453,-0.0618402961502307,-0.1221743303600389,-0.1437831006215623,0.1721604801693971,-0.0518583515759297,-0.0750435776348013,0.2976627932552755,-0.1393264967129406,-0.5420747795092081,0.7050466809613153,6,container,7.243189048119079,0.7983668559250332,0.05294802124948328,1.3525667184972026,0.03280203222116329
234,234,0.0163840324657751,0.0769302678804246,0.2434893981558815,0.1908155050963147,-0.264584852642326,-0.0070662046436993,-0.030006770728303,-0.0489165003491057,-0.5601817840466894,0.0995241437115716,0.2006442635992266,-0.1782115752214758,-0.1274159971328562,0.7954536793483192,99,,6.483634970697218,0.7662856263626837,-0.003143578114637169,1.2698539427707034,-0.034204938958504405
235,235,-0.0245839286130944,0.049026646814845,0.1586948058797856,0.0175086560790001,0.200934049010746,0.3305094859138823,-0.1551833254051689,0.1334217503518685,-0.0231883467369133,0.1355397783525161,0.1880913091558788,0.0725773696755612,-0.0822595992715159,0.7776301669243576,21,plant,5.448969471610009,0.5350831749906715,-0.03458795911494783,1.2017513644871791,0.01088080382714618
236,236,-0.050361975881522,-0.1412526527125133,-0.04332456702216,-0.0090272204529142,-0.2089866141538096,0.2452649256818032,-0.2506610439481991,0.2056854212647223,-0.296067669351328,0.0259133751556457,0.2885220278346914,-0.1435544364770657,-0.6354154645854992,0.784517944851706,6,container,5.733149420599558,0.9106855147242531,0.008872572823737102,1.2602171335344863,-0.11453468777745868
237,237,0.1898980827964673,-0.148053728001426,-0.189176593611134,0.3748033404866907,0.1254193954919118,0.3076767462864676,-0.0623190390467061,-0.0511107450383646,0.0088971182175442,-0.1320389822783569,-0.1114346923174156,0.1527826527457843,-0.0407870394533095,0.7893155489496954,7,dessert,6.728110206572873,0.6372399512469514,0.18708365563166507,1.2155727183016267,-0.025310088862153357
238,238,-0.0405928746526416,-0.2364309493509071,0.2011115036362768,0.2695453137080973,-0.0221790213036628,0.0999692801926044,0.0712365807562921,-0.0321942538056427,-0.0193845762815994,-0.1818369052937802,0.0676408633880596,0.1996345952903263,-0.0573885852113346,0.7997533176663025,7,dessert,4.661020819102392,0.5180809824517323,-0.118029823944383,1.039905842976968,-0.14264106187164405
239,239,0.0065263167486014,-0.0827045643650799,0.1931968684909452,0.3209171854725266,0.1105618950169266,0.1674684006800688,-0.0589936315002399,0.097895022504237,-0.1866182054480658,-0.2401507770204649,0.1224572749337031,0.1556563389181572,-0.0332424863619,0.7858661353113948,10,food,2.706567345815368,0.5773710096510778,-0.1250727853887037,1.1153200901281666,-0.09625305814916052
240,240,0.1145064929485481,0.124529591203323,-0.0554009465225394,-0.0564204164087768,-0.549573224111176,0.1599310581051013,-0.2340719509582722,0.1586497626382909,-0.5625330035374181,0.0328987553899694,0.1777202586155766,0.0173991221996507,-0.0134029104107751,0.8074446467716229,99,,5.412037798879196,0.8899621046153406,0.0786498785323353,1.2906290665141822,-0.07397732604847329
241,241,0.2858213148485538,-0.1511532906123728,0.0354310837013617,-0.0921301513237172,-0.1516756092518512,0.0025181739971069,-0.0771612224878842,0.2273099826097018,-0.0336494637074027,-0.2517909329602322,0.1429131944727349,-0.0803339292602131,-0.1386257244250072,0.8028208945998226,1,animal,5.705459525547557,0.5527619333834963,-0.05085072101017574,1.108084291490898,-0.09144114704433415
242,242,0.0374737908823001,-0.0668830299196211,-0.3170885553054022,0.4169208545086753,0.003841670492901,0.0041621753432803,0.2967755380151358,-0.1634979095931086,0.0503245107559951,-0.2523808970985166,0.1985522148200805,0.01520694399731,0.2636976920845598,0.8553948966539754,3,body part,4.980427268074144,0.7553174985626816,-0.12640098282967516,1.3989929976665207,0.10030371285805151
243,243,-0.0594355266487958,-0.1579181231736654,0.0523845043286896,0.3469137867134515,0.166785149232856,0.1687374286061984,-0.0081011313047889,0.1316837051205096,-0.1131945036115378,-0.0798226386883446,0.0565479953370803,0.0533617160819283,-0.1925216681063099,0.7994551597217509,10,food,6.543368457211112,0.5362408507430233,-0.07966079480897581,1.1679709931692914,-0.02346632348304878
244,244,0.0074835647755725,0.0441690524324454,0.0811282796871096,0.0362532904834938,-0.338493222292074,0.3625506749900506,-0.0946975539056045,0.0958536260820206,-0.366203547444472,-0.1499100387569035,0.2454591211002319,0.008845249651027,0.0988803106308946,0.7549220662561038,9,electronic device,6.144768839606863,0.7076460964894469,-0.033885821456947074,1.2797697440664955,0.004418645906406171
245,245,0.2711474639614474,-0.1999032486206494,0.0470938460574133,-0.1260170090673643,-0.0804506105992232,0.0556246453624497,-0.1897387226408886,0.1713514585752309,-0.0599574530091624,-0.1209503035380417,0.0448872540934465,-0.1123830313093751,-0.1086933914091812,0.8345152370752253,1,animal,6.565271786994543,0.5011903997633751,-0.07529172702844944,1.168135958832236,-0.006141930333237733
246,246,-0.0538085763267311,0.0054304734157239,0.1831522602353178,0.0242975802409206,-0.2286521715852078,0.4184656751974311,-0.1672154624941176,0.1406824797981995,-0.2659089996437284,-0.1641931293243324,0.1667987731882036,0.0841490462507772,0.0281465092540759,0.7822201479745439,99,,8.17385212815412,0.6675102862017214,-0.06793683035679687,1.170082806804724,-0.08561925669219517
247,247,0.0159260406671699,-0.1099837876115343,0.1641345766425034,-0.0239267742532178,-0.3318122303094751,0.4221307406900094,-0.1865020019453412,0.1376816301848357,-0.3756622397836196,-0.1510853214441941,0.1847844346535833,0.0197443972009586,0.0788958358119146,0.7611819826829752,9,electronic device,3.271414648879123,0.7659009353027211,-0.024894671493855602,1.293615823890493,-0.010254727070813985
248,248,0.0348829959878733,-0.0262747248666878,0.1890610540604069,0.115247728018247,-0.1564531231144092,0.3794121351811578,-0.1140755857534324,0.1761244796093811,-0.4266106284101443,-0.0431872611924134,0.2066484923815051,-0.0047559745337221,0.0545157591101467,0.7715344000865839,9,electronic device,3.7397229137948274,0.7021093075012049,-0.06942165213680873,1.2756645393500845,0.003024051938170347
249,249,0.0832299398667894,-0.2873256471266931,-0.1151146340401377,0.3359930540058138,-0.20116649594046,-0.0375769190913745,-0.1775738832932413,0.313663945710213,-0.2226202166768332,-0.0078928242433512,-0.1143706333008747,0.0044457653298167,-0.2236322551603859,0.7625694160353981,26,vehicle,3.5114221481395416,0.7072180358191965,-0.14768193169801258,1.170441134158169,-0.10470040104835343
250,250,0.0479894073068449,-0.296059676604954,0.3460114942137811,0.2627907284212398,-0.2263293821145353,0.1714776717163017,0.0061564452745307,0.0325711700204398,-0.0178275767377224,-0.0543517517970407,0.1283335242940225,0.2191636563324756,-0.1873016035218682,0.7860639031130047,6,container,5.97929204943527,0.6806773304952757,-0.01493266050051023,1.1951633422715697,-0.06698482777909365
251,251,0.1714127024554847,-0.1256035956742142,0.3062349424188456,0.1986812063874612,0.0259618471866525,0.1480355998606913,-0.0283720376303176,0.0926834195228957,-0.2930473552516868,0.0384371038254265,0.2370931952110644,0.0895962498871355,-0.270516932004895,0.7637369918462257,16,kitchen tool,4.191013102167844,0.6596746392953965,-0.17225708229269354,1.125937426191264,-0.1259285892336961
252,252,0.1871252618079268,-0.1973501272206838,0.1694704974956549,-0.0851538288975285,0.1595931924151537,0.2879628077380817,0.0371780186757942,0.0573000729861726,-0.0842556608435087,0.1194668231961448,0.1258804937742921,0.0058675184796143,-0.2032504477979657,0.7382176127454897,13,home decor,3.575281337371306,0.5491400903279369,-0.1313777700406088,1.1442069911202928,-0.053545324629250546
253,253,-0.0215678190618125,-0.1486705952703215,0.0127500025084995,-0.2540036978382014,0.0452535896738766,-0.1530487401115288,0.0218029953720117,0.0386800681780897,0.1819782574279194,0.1107913945625871,-0.0855797638238414,0.1916309794845064,-0.1567387711472765,0.7832288631470274,13,home decor,5.016364955217404,0.47822177935225035,0.06971874201397621,1.3757364756840937,0.2127031886678734
254,254,0.1793039218849726,-0.208853794782778,0.3045473017103299,-0.1050926759838505,0.1253656734459533,0.3088848320700107,0.1056372351926536,0.0167788392968509,0.0096197666165432,0.11746617325804,0.0066566135251063,-0.0922627652190262,-0.2326783041164687,0.7210403805427241,13,home decor,7.099011149914936,0.6154000676936966,-0.023655297138450937,1.2120682507331877,-0.01812254284219983
255,255,0.2782777392336671,0.1523778893434016,-0.0112361175259835,0.2994018768151659,0.1855956804537268,0.2729549359961778,-0.1695544665742563,0.0659450998475983,-0.2137477469242322,-0.2247838286803593,-0.0588225051209517,0.0134110905601403,-0.0227475751828008,0.8256941965246498,10,food,6.66488889970366,0.657910440785828,0.17914448429843077,1.2433733535417264,-0.007628974382752007
256,256,0.2528211377791204,0.0960708609272664,-0.1363977718139866,0.2651118497279065,0.095938320113177,0.1924864990233476,-0.133058183608304,0.1662695490299102,-0.3684160354781397,-0.223785981558564,-0.0514181952517767,-0.0681132235025357,-0.0637956947564697,0.872834397986837,10,food,3.8911818037823545,0.6714206678448608,0.24222323255226152,1.2725177458964814,0.014901301603423844
257,257,0.2016678957301942,0.1395991376132555,0.0132451263941189,0.2523339444227055,0.2715160045732453,0.3007535365767967,-0.0937668604145584,-0.0494830022463873,-0.2222114720422149,-0.0784663542871799,-0.1351738497196854,-0.1975885803184769,-0.1126977437744676,0.8274523477090124,10,food,3.318985169960273,0.6518964945697828,0.32380504663404697,1.238295171037574,-0.00976294729416427
258,258,0.2654644547909413,-0.0199556492062023,0.2375692599863847,0.0904997957927357,0.2798090167345879,0.1912964968925055,0.2580296804759779,0.0569715832923531,-0.176758986044006,0.0081895741654423,0.0810566048801395,-0.1179652943399115,-0.2116362844216678,0.795322411328509,17,medical equipment,3.3756449109248714,0.6455990961269342,0.11223051860441702,1.2204930089857728,-0.024482131840234844
259,259,0.1793908748613658,-0.2340871706311228,0.1412964338538052,0.2771275341997526,-0.1747936693412551,-0.0305218841217264,-0.0679085258083145,-0.1025630527384188,0.0612897555660912,-0.1072773477515162,0.048076786956682,0.1452900390716673,-0.4200098392342786,0.7975683345323912,6,container,6.678147947755982,0.6674212337158079,-0.15728724924192872,1.1897889826021888,-0.06586948403272586
260,260,0.1661103099540263,-0.0844552644575959,0.1939026139616228,0.0298896587783383,0.2700904129965029,0.1374939799889685,0.0331147667579511,0.3388624250944652,-0.2459466278172525,0.0756678108507735,-0.0196570338854903,0.0859428171625806,-0.1789690993074107,0.7954397227641846,27,weapon,3.861026924419016,0.6221033398547007,-0.1081210249605985,1.2062564639011315,-0.027216008207815223
261,261,0.1877818025964882,-0.0301704319651563,0.2888686309407794,0.2531928149823335,0.0468674713496681,0.1996361470480895,-0.1050786447591983,0.2475491903898015,-0.124993423261573,-0.1611356479614298,0.1777475497546573,0.0486992544960594,0.1081257870987325,0.7786572287896101,27,weapon,4.1870337194325975,0.6207594298504023,0.24075718328250928,1.2430339162072217,0.010219373614817284
262,262,0.0177442268667424,-0.2003433700001522,0.0705516611920615,0.2280840215365526,0.1483566867994836,-0.0363207752875264,-0.2660993586009141,0.4162553635378919,0.078804594595142,-0.1631610538785046,-0.1829837076376576,0.0349754275480138,-0.0233481443568447,0.8096292948613414,26,vehicle,7.920655600882823,0.6579830013722215,0.06930731881561936,1.2642577333941232,0.013219882442527586
263,263,0.0258813745488965,-0.2082538861003095,0.1788499795634944,0.2622727044113499,0.0433035057408429,0.1893202142233766,-0.0814246607836269,-0.0291930898363007,-0.1530218417447761,-0.1578177880621477,0.3468365194479288,0.0656809090675692,0.0830086448674336,0.819222359550196,10,food,7.344313962061852,0.6081410105688432,-0.09420508621656443,1.1751651365906934,-0.05147188632339028
264,264,0.0310656030492027,0.0052591044952153,-0.2100037373603933,0.0676856154106659,-0.2263990522247687,-0.1085072855522901,-0.2354698600522109,0.1557585384957996,-0.2068202631964012,-0.0972798080110763,0.1180080095593412,-0.2350778080007285,-0.3067807004266377,0.7536085693557818,99,,4.75833415529207,0.6387116938724817,-0.008557198108076536,1.2694036582159176,0.02780033932814341
265,265,0.4029507709256372,0.0908230551886992,0.0946060922478148,-0.0339133266311426,-0.0556891402255275,-0.0957103748986029,-0.2471597074198457,-0.2107676237341878,0.0037858007381965,-0.2449310536665331,-0.1932368493742904,-0.1224755801090064,-0.1025043094296013,0.8147471109161709,99,,4.798823113262943,0.6491106842549147,0.004289480605909057,1.2918852379372177,0.045190951132722645
266,266,0.0431310787002765,0.0433644739410759,-0.3505448386200557,0.0739331855203925,0.00130280108202,0.1654018057229111,-0.1149452691036655,-0.109337704940215,0.0394417455996274,-0.4169574636320993,-0.0902871656152079,0.0385611485025979,0.1903933512164803,0.8148443419367682,4,clothing,5.152386841906802,0.6371127929989513,0.1683809173069324,1.396740427163488,0.15591987205852398
267,267,0.1395510008129998,-0.198143152389827,0.0149843137253354,0.3189026718304069,-0.2323123556236922,0.0818889057669409,-0.1305991064876538,0.2992803292025419,-0.2043000587048956,0.0726890852120139,-0.0243148858172573,-0.0891132715649223,0.0463174101158813,0.756563173668437,26,vehicle,2.4458670242505884,0.6210138552144441,-0.17907130395201154,1.167673186319431,-0.06526591368844392
268,268,0.080684629563114,-0.1756056914333284,-0.1006263727687482,0.3564941848388132,-0.2575569807532896,0.1235964551996661,-0.1646448582975357,0.1634163664373277,-0.3099640771137129,0.0040648178525743,0.0569839739865755,0.035374158568825,-0.1333195436759664,0.7641120346062206,20,part of car,3.879936674451478,0.6544864523005198,-0.16527027744478018,1.0771645637152947,-0.17216150383342899
269,269,0.0323039781157405,-0.304764367352371,-0.2947080231430651,0.2700800224017452,-0.0330342988957214,-0.0312933886535405,-0.1377356400968662,0.1064451805314881,-0.2648099589656362,-0.0906582102699668,0.0933747388957052,-0.1103240721777415,-0.0732463419904394,0.8032849589047504,20,part of car,3.7431452101807774,0.6250532960803248,-0.022281204187886594,1.1219026019451028,-0.11301406156590099
270,270,0.0372682754615988,-0.154841760589255,0.0103417997801961,0.1749663046994188,0.0789301807982898,-0.1107824426335775,-0.102700004066731,-0.0123422837575604,0.1088405796472104,-0.0318364409804021,-0.0411096616657272,-0.0608855483810702,0.0640935313879951,0.8455446403016336,7,dessert,8.01873541569474,0.32810404969072554,0.08278543357290091,1.1477768701134725,0.058235770062710746
271,271,0.2101057175665293,0.0718913169492732,-0.1361317061183972,-0.184250288855436,0.0121921034009076,0.080424788248787,-0.2549761090340484,-0.0210769925615228,-0.2557620195115769,-0.1613265295901456,-0.0065919591896232,-0.1000655640267653,0.0479315084262084,0.8234258597976246,99,,2.525078911812856,0.5269355695043282,-0.08968496627847866,1.1528895616378048,-0.033992227362323435
272,272,-0.0788177453463487,0.0877369727887083,-0.212794832536341,0.0252301681431923,-0.0464271975898859,-0.0239490887972387,-0.320202226861687,0.171706559532948,-0.1871335423311838,-0.1152670130509233,0.1886557818490379,-0.2633027237061829,-0.3008808821920226,0.8179271270734686,99,,4.194211941796757,0.662060381148366,0.14991799632798242,1.4961185284199887,0.24308454045304373
273,273,0.0625318160790339,0.0112369780230366,-0.4939287761501938,0.0848286726162388,-0.1266625604508183,0.144710895673238,-0.0633615452414676,-0.261235044528493,0.0334442406813273,-0.2603903500138289,0.0312467554253624,-0.1399188962070639,0.247985483701419,0.8225730792024576,4,clothing,5.872863825219274,0.7179228563976139,0.02064435546147636,1.4862821652479907,0.20589993877099277
274,274,0.1891710552754932,-0.0170461871217379,0.0889795663096478,-0.1279879105650844,-0.1394496371603611,0.0403824860217174,-0.3461868217006825,0.1421809040268008,0.069359638003454,-0.2509915741341244,0.1533442576627498,-0.1042227767165163,-0.0369321786615478,0.8114230150109484,1,animal,5.438607510418294,0.57014082876696,0.059540766875828544,1.2589346856020682,0.05090117122759685
275,275,0.2311925027131427,-0.1910955317374215,-0.0165454813076116,-0.0258606755019204,0.1880582677180955,0.510123497877159,-0.204815580077916,0.0778101189307632,-0.2401078128520259,-0.1020275210893496,-0.1892593522421408,-0.2128639782435512,0.0164360508379862,0.7708322535534675,99,,3.552737138394442,0.7641776173824236,0.02139032951575448,1.255095557670198,-0.04793131944202389
276,276,0.2689426641896638,-0.305744606575462,-0.1055750632973921,0.1782088299167789,0.0002899713012286,0.2415893772620777,-0.113999485534758,0.3240833034903085,-0.2323699120295054,0.0439701996051387,-0.0981390177456779,-0.1844327375032462,0.013391182577733,0.7572996363392706,26,vehicle,5.584714864411557,0.6963195842588106,-0.06793368681987655,1.1620378458548366,-0.10776820338666493
277,277,0.0219772640335008,-0.0142644021981654,0.1630242947006663,0.1784566604703588,0.1821051513783685,0.1307316687866728,-0.0360456703628275,0.0420529515947167,-0.0959502072098903,-0.0346391041600978,0.2354677010823103,-0.1433517877550925,-0.1371692259581084,0.854378794588727,10,food,6.608590044498106,0.4665270086088509,0.0955747615717244,1.1825359241288127,0.025227972020933853
278,278,0.3005567944711859,-0.344770165529527,0.0020305161539756,0.1189965985640113,0.1274338951168464,0.1932911319133097,0.0446172170090594,0.4364997931537581,-0.2186063923126782,0.0255724719906908,0.0810258339662435,-0.1459409344210435,-0.1478993546422563,0.7086570146624034,26,vehicle,5.066104691286643,0.7534385570718312,0.05596530418427215,1.2057847581853132,-0.09198466512742143
279,279,0.1342784046317046,-0.0311735421837368,-0.0129230398908114,0.0702442271826393,-0.469138728854946,0.2179010813405335,-0.1835320847228596,0.3599350719692449,-0.4729782866176968,0.0761208825875712,0.1679484210427622,0.091376143319295,-0.2386188416980439,0.7757643730729007,9,electronic device,3.168322939373631,0.8819926973065932,-0.1174307792736109,1.230925333605903,-0.12977952665101533
280,280,0.1324973399694063,0.0447402480975945,-0.1013133230286191,-0.0423346554368059,-0.4605921801675962,0.2584970718850308,-0.1994542245424371,0.2100056227388838,-0.4306681565912113,0.041115060375567,0.1661797111495112,0.0618659548805506,-0.083992794472762,0.7360727784909429,99,,5.020783468139625,0.787481733650389,-0.020065475850389314,1.16221491724755,-0.15222080859754117
281,281,0.1057585237171375,-0.03416741144162,0.1660380113478986,0.2552206858286088,0.204938974933225,0.219457566713713,-0.0634102935213031,0.1870379838577771,-0.0624299501114649,-0.1752373268894449,0.248736437752154,0.1610863016275855,-0.0623985318980242,0.8324921152569899,10,food,7.339741145579336,0.6004514843201372,-0.07441878406948832,1.1407806336368083,-0.08209187657101547
282,282,-0.0416898693874301,-0.1777156401881787,0.0735522185565548,0.2877307123415908,0.1339937444755352,0.1796477801827161,-0.0410215874718307,0.1839525800485552,-0.1378052085428057,-0.1366556667791634,0.0960159053020456,0.1436592592914057,-0.08539918300938,0.7749576248051859,10,food,8.073245749904101,0.5311156753088611,-0.12422411453557858,1.1651809623961615,-0.02374725455098381
283,283,0.0366811631611799,0.2604099788517426,0.1370557023654439,0.0553330597554094,-0.4410819289521552,0.0496322280719802,-0.0760537555306033,0.1794668127343997,-0.2590366438319677,0.0295633786179248,0.2226370541196816,-0.2776404624295074,0.0151129094124566,0.8191027956413665,99,,8.607675290506549,0.7217117673027129,-0.05627163409843816,1.1706365074887097,-0.11160063212387072
284,284,0.1945728868881541,-0.0903398577830139,-0.0052501511312066,-0.1882874464727844,-0.1130270796864728,0.0622149970253482,-0.1875361064414896,-0.0260458634700974,-0.0515828174535557,-0.1920323890965314,0.1927046783014679,0.0105571130151853,-0.0689903350634593,0.8403844016488433,1,animal,6.633430150510336,0.4642596979580128,-0.07663601463566205,1.1668023757424466,0.010604416562357555
285,285,0.126191679395414,-0.3258402844990805,0.021340164441599,0.0302496342292043,0.3048306341828395,0.3635276328788692,0.1645654313067173,0.440718758422726,-0.1296953054916659,0.1153229292436472,0.0844869941023685,-0.1827869648015263,-0.2869374217628245,0.7466059299936215,27,weapon,5.711934950189123,0.8502105595132007,0.10077263472618658,1.2427624531909072,-0.10238302698385549
286,286,0.200098882866914,-0.0727457931437755,0.160620924308007,-0.1124903904545757,0.0931713935696005,-0.1382750428135807,-0.3262230492924218,-0.0321865841123579,-0.0604531140061298,-0.0906912156864457,0.415870495291761,-0.0142027110701744,0.0553672802743535,0.796544143900837,1,animal,3.881122650959109,0.6380736869067803,0.22276189996133544,1.365609769851833,0.1243187959969494
287,287,0.1258869609374974,-0.0935207952828651,0.079330947234825,-0.102011794582491,0.0978246198529108,-0.2048707308653175,-0.4342687671391946,0.2581174727507893,0.0257069696502202,-0.2559580229834606,0.1177132752336106,-0.0136642470279366,-0.0149728661477139,0.8555502371178031,1,animal,4.836601979549916,0.654592856152571,0.12449455358799821,1.4798006415379514,0.23042248252870245
288,288,-0.0511746647454466,-0.1869471416314161,0.10762118435905,0.3728852082063686,0.0665399941689606,0.2265545858552453,-0.1223251537999804,0.0106149309899097,-0.0985877199180759,-0.1028862302711437,0.3214099149532617,0.1873181048623649,0.0020327463846553,0.8415133092463806,10,food,4.644086254228748,0.6463173383884115,-0.07162745712965801,1.1772122195920722,-0.06811454655285032
289,289,0.1084517957997417,0.0181924544608005,0.2591227433935349,0.1635762748988165,0.0439715952980049,0.3267311432817067,-0.1636312760432358,-0.0285686824726828,-0.0369246498928634,-0.1234142833830033,0.2054149304305257,0.1515546592980071,-0.0506708730546936,0.8255039438520855,10,food,7.136615905061629,0.5714882478700115,0.14807466428690075,1.115709934646358,-0.09298322717192686
290,290,0.0581756389964829,-0.078911790608268,0.2839245427380464,0.0369864523201147,-0.3398680870264287,0.3673452159068602,-0.0242251137378231,0.0317399855180252,-0.2810240319144607,-0.1361637129504328,0.1917754174806251,0.1038941249889385,0.0419095200389208,0.7994120979087916,9,electronic device,4.383176773933341,0.7003449131704546,-0.07168027550878242,1.288271594520325,0.016494890475829527
291,291,-0.0989899184814479,-0.117917885255192,0.1384153486201846,0.0889701923373976,0.3077662924346544,0.2497408484951425,-0.1208448927437856,-0.018353508960199,-0.0707871393356876,0.0729741456004609,0.4207831665209918,0.1824252777196918,-0.1194292865422717,0.8369833080198936,10,food,2.8216918346808284,0.6765692216807234,-0.015155379328889995,1.2193173303159364,-0.0408196588984977
292,292,0.122894535740229,-0.0974994268200928,0.3170825075400433,-0.0295871152049496,0.0613107738837826,0.4212163471361216,0.0244073722164206,0.1425380889919667,0.0001412458289501,-0.0392322117288766,0.2149220463004124,-0.3160187627223771,0.1474356094633133,0.7876587623538843,18,musical instrument,6.250240589208681,0.7053061445527646,-0.13267479449257902,1.2698552283061,-0.0043503143915626374
293,293,0.1435329005468189,-0.0198584274909345,0.0049567129397108,0.1093571065321123,-0.2996912355659306,0.3363501550033895,-0.1689640580314672,0.1886804409359425,-0.3720970665198777,-0.0884797008080364,0.1836749050597565,-0.0309869698286348,0.0452152310784523,0.803484467588576,9,electronic device,3.409382456628226,0.6950546641202016,-0.09150029875367494,1.2944008289998306,0.02521403870617367
294,294,0.2382258100343185,-0.159028194374791,0.0526660800664182,0.2169462537298076,-0.0977009481353106,0.1620866336812433,0.0950809843893088,0.3986702645950779,-0.1733560201721522,0.1500587914585208,0.0718377781580287,0.0333755529827166,-0.1815131150142275,0.7316954697945907,99,,5.5455040327408,0.6538106585034015,-0.16506305267563715,1.0439986138775632,-0.20499660957832821
295,295,0.2022390322315402,-0.1944133782205695,0.1050258999209006,-0.006868287138842,0.1523399649362523,0.4173198983845532,-0.1623055095758853,0.0692877904542984,0.0723785697687482,-0.0142287220115846,0.0928796883294197,0.0338437363330723,-0.0143124017910595,0.6760376279853916,13,home decor,4.176431542056611,0.5776677534627785,-0.1041368264291822,1.251033025975566,0.039314602708139246
296,296,0.0823540725211073,-0.0862833876207018,0.2221972287487358,0.0841011306050886,-0.3830648996231495,0.1478538371917574,-0.0762978961836226,0.1453255097519101,-0.2746345772536527,0.0352863760317243,0.1189641367403957,0.1382485388551531,-0.1048839573134352,0.7264727816913462,9,electronic device,3.642883622838152,0.6222113951861952,-0.15175863741246476,1.2244951592447526,-0.009030212829059803
297,297,0.0714375076136835,-0.0703737700622811,0.0766844932408141,0.5237889829803875,0.0821236510570158,0.2365691749112593,-0.1186086190638177,0.0939823685677543,-0.0696038280073983,-0.1329536903429365,0.0801945987727954,0.2309869586214642,-0.1446758234418282,0.7933877944548677,10,food,5.6674513015638,0.6921992293871803,-0.04376427804782179,1.1159784806323951,-0.15181039254820639
298,298,-0.0262772987392189,-0.1740062345406509,0.2824453047144786,0.1821497436997756,0.1111145830117738,0.0614926487750401,-0.0128644896495797,0.100860412432722,-0.3829008273794946,-0.0109464688398041,0.1009363832521937,-0.0696754916211097,-0.228871935940679,0.7941334770179519,23,tool,7.347336327783365,0.6201183105830389,0.020009299774545353,1.190420113412255,-0.04208056047742881
299,299,0.3062512343820189,-0.161962298764531,0.1446945877436532,0.2365225639333551,-0.0825692750748563,0.1562858569554437,0.1706587700205062,0.3209280940513969,-0.3287130078741857,0.1980296794494808,0.1712328487418108,-0.0393759522089153,-0.3630384504982446,0.8123836482103641,9,electronic device,6.052619529873052,0.8186570279976189,0.2714311236341166,1.3551875284917294,0.025489511070315274
300,300,0.1931604326923009,-0.2737154125952161,-0.1122698701903193,0.1433228613712245,0.1084127428430827,0.0986514653046009,-0.1152532217806034,0.1844090615513497,-0.0966634521786409,0.0522629882254762,0.2826570288033737,-0.2618594033341051,-0.1093763149503075,0.7678123335667296,12,furniture,7.146517405690041,0.6218168958533522,-0.18722885897535457,1.096672108578062,-0.13666013095376228
301,301,0.2007570599498301,-0.3025941184677122,0.2851035408841539,0.0153396051842402,0.0406627923377321,0.3692111864518974,-0.0219618776514532,0.029732133771908,0.1163862910249204,0.072616661432534,0.0474562974484692,0.3281447649755674,-0.1380728668967898,0.7059924601464237,99,,7.388859324809236,0.7074862321423653,-0.05428768453518784,1.1818931291806918,-0.0933797052026184
302,302,0.4090092127846762,0.36146924939132,0.1014584220594676,-0.0323177661080314,0.1334749659805708,0.0680713049960707,-0.1076630286786375,0.1157495959784257,-0.1316060413236478,-0.180231329984931,0.0557311835901717,-0.2238700988503063,0.1069623477926957,0.8321431082473403,99,,8.398624556758309,0.6864354171238803,0.14043599684400854,1.4246858078480125,0.1597186877637531
303,303,0.028626739650972,0.1114374208656599,-0.1801057270095986,-0.1732753227960064,-0.293285446396114,0.0393707929664922,-0.2338716594633703,0.2075326870159293,-0.3374677592426645,-0.0771242147932946,0.1515517551572901,-0.1001442502757222,-0.038106726092244,0.7950149274844397,99,,6.35357467014506,0.644448556546207,0.05002686063741191,1.3068312051377096,0.06241932669362438
304,304,0.0513250128054913,-0.3470644359977185,0.0938451735458016,0.2214770887332473,0.0052900788765359,0.1234205835826543,-0.0053184937366998,0.0750065403752741,0.3090781308583736,-0.0895989004171739,-0.0280163137861712,0.2949430447866875,-0.1137550210104294,0.764668550676253,8,drink,5.94464331756302,0.6372877389443135,-0.008148180781681669,1.2088621553279202,-0.032044046956456906
305,305,0.0358920146078417,-0.2870292503068565,0.0730157445942204,-0.1980243634783824,-0.0038772848856163,0.4047765276794193,-0.1425606692374786,0.1195088994641589,0.0515416636977271,0.0227273093363075,-0.0284128058552611,0.1148320761083275,-0.0927739831513168,0.7397963941557398,13,home decor,7.575276635846437,0.593681518806955,-0.02400520735136724,1.3345685404332743,0.11501035940140003
306,306,0.1137808741476451,-0.1449153419697217,-0.2256427407676236,0.0749300123245296,0.0896437054942556,0.0737862834877672,0.1893085989086477,0.1103669432619665,-0.1376221437169219,-0.2391826417264234,0.1962168270269181,0.1217960156773477,0.1706130650423703,0.8399150767639384,4,clothing,6.130048529941784,0.5572854164344497,-0.005230247010727829,1.2373050851820804,0.035565113674191906
307,307,0.043871221916712,0.1349451014811084,-0.034942725266462,-0.0483544920266503,0.1701760988778991,0.021003540987847,0.0085163261362933,0.4461265296382041,-0.0138860508284723,0.0857221166367187,0.1003327813088612,0.2058071166530634,0.0762507282194521,0.7790643257539548,99,,6.458279508538917,0.5638927119657932,0.046664364367357214,1.312281355161019,0.10730669179081431
308,308,0.0144767864587267,0.0099848655603733,0.0679731626109537,0.0697901781774289,-0.4011985851418497,0.0946738738508397,-0.0630559760577552,0.0819307429963349,-0.4655893111955305,0.0088684314326921,0.0699573141305011,-0.2089043113754015,-0.1340838273301797,0.7788679742980023,99,,5.7213490459685605,0.6883153421250872,-0.10143708028410736,1.1128730096055441,-0.15301445346539144
309,309,0.3502262404898774,-0.2967322602639067,-0.1633759839786568,0.0658844571022271,-0.0569522784299136,0.1479887115173748,-0.1348162854042256,0.197429397025237,-0.1747324468568811,-0.0685385653968713,-0.2165768939276693,-0.157766542208159,0.0735842690102031,0.7575891694954596,26,vehicle,6.047681040369227,0.6606651091235399,0.01732982150328355,1.13346999454787,-0.11888091892316188
310,310,0.1193812760848,0.0429798072905395,-0.2193639855446794,-0.0845500117548154,-0.3501434523818755,-0.1180014936108302,-0.2530882019725397,0.1558296103933525,-0.2973405833587488,-0.1728281406782465,0.2020399472363196,-0.1054412544578913,-0.1781259047453893,0.7457653671389232,99,,5.271728001064004,0.7058169279878234,0.012102764837688351,1.2568856954349932,-0.01756990827673377
311,311,0.1360481013069931,0.1531974659507926,0.0426220498920747,0.0319252884954408,-0.0495351386254962,0.239678869835407,-0.2887345654640409,-0.1369555040431279,-0.3022015301733207,-0.3214213612272422,-0.0072712126061268,-0.1484189808434361,0.1030393696001,0.8197012746916471,99,,8.559333468765086,0.6589189593556753,-0.07658172613535297,1.184885429136307,-0.06661063284250646
312,312,0.1415357730001061,-0.0279656683418409,0.049510717579011,0.1176641017350738,0.0408181538497718,0.1894598018211817,-0.0944657232228056,0.2130973663391562,-0.1772369032897335,-0.2689462011755967,0.1175717640278099,0.0678741553617658,-0.1585717070009065,0.8030823092183812,7,dessert,6.531303789919373,0.5256671857456535,0.04189175186261129,1.1052051676467791,-0.08105566674294651
313,313,-0.0246364708423706,-0.1788753339524522,0.0810432403586654,0.2389668968942909,0.0689817844520255,0.1957568988162324,0.0234947816955517,0.0541076543777983,-0.1573467509630054,-0.223590238166425,0.0829642536021652,0.1484681297381511,-0.0822439186574572,0.8439307664355803,10,food,7.963907622714692,0.503265266219105,-0.13027540763747203,1.1310056041264411,-0.04428806428001009
314,314,-0.045386523178521,-0.13979004633821,-0.0643481254419525,0.3516558206646036,0.1565298604180637,0.1035338146009677,0.0411787144123025,0.1019977621390736,-0.146539947526646,-0.1001240001229984,-0.0121161666368846,0.0886927623366853,-0.1702166973934096,0.8085201120374421,7,dessert,3.953662787417128,0.5149849242892106,-0.05692137078098858,1.105646099174568,-0.0753850880712732
315,315,0.1783878426778779,-0.0613420485402901,0.107086548803366,-0.1698384702017935,-0.1887501623540784,0.0883844642613467,-0.2554175290812936,0.0042540986017511,-0.0643051453080709,-0.0911624253986847,0.18885587959447,0.0275767055427804,-0.1540448739196716,0.8235210997918796,1,animal,7.846313661658568,0.5071438984178313,-0.14445129943575968,1.1578893808474078,-0.019303124980591058
316,316,0.0998132022269397,-0.1828705825611045,0.0778507493596415,0.318319707101641,-0.1732865562770527,0.2690430788400715,-0.1732842247926157,-0.0797015117865472,0.0350733927366761,-0.2097047613371555,0.0490549061870757,-0.097594775501132,0.0677899661851451,0.8169013326799845,10,food,5.317878134594556,0.592720419893196,0.08894853049281737,1.169658092887152,-0.049429569031346876
317,317,0.2052997450539353,-0.1045999518022182,0.1516500153725118,-0.062292615503589,0.1816888068987927,0.3209545836892852,-0.1383286897693779,0.0262350229823619,-0.1169569554156863,-0.0513882304733863,0.053704040810557,-0.3282361611099507,0.0643311754332958,0.7950737247822407,99,,3.056571313186524,0.6057179903025557,-0.08163630615028494,1.1978482947898463,-0.027602505425342372
318,318,0.0382043876047598,0.1029192749727134,-0.0580063677650497,0.0897712643278499,-0.0041965553821117,0.1606005963764975,-0.3190705949662975,-0.1099591508967005,-0.249203028452415,-0.090551657698549,0.1682062271078139,-0.1176899121383674,-0.0763219335256217,0.7675769462780241,99,,5.028620059370255,0.5305222266418181,-0.022966090500809333,1.273477810977007,0.08484012493844295
319,319,-0.004677899079284,0.0378634583223686,-0.2946273921119938,0.2317697976764709,-0.1116001725114464,0.0203887793960612,0.1898397228876858,-0.2322249875978786,0.0683368615905017,-0.2897784308386071,0.1979714406544396,0.0713057963995812,0.0682356064774039,0.8746419666280295,3,body part,7.819740008938768,0.6183774746318168,-0.11999191304722012,1.3656049293813715,0.1339565055323182
320,320,0.0411770164457307,-0.1258240666968505,-0.0779410083528693,-0.0190250765181966,-0.1666476110618532,0.2167438312392123,-0.1088501634008184,0.2926692869875746,0.1001680031333383,-0.0032602723304411,0.2932270743961723,-0.1457312742849405,-0.3267402850496719,0.6970687385217046,6,container,4.135942829537075,0.6482593420842824,-0.060870914575426704,1.244722904135932,-0.0015545964693792769
321,321,0.1406835387539618,-0.0285276883966507,0.1902688513488929,-0.0203067065853504,-0.1302521763300002,-0.0237210300037767,-0.265263469002169,-0.0371434036757824,-0.0139220058173686,-0.1989293950333029,0.0858261162404711,0.0286077564506215,-0.1081905871751574,0.8175600605514105,1,animal,2.442122280536878,0.4540367803383927,-0.0670032289629765,1.1672609637029177,0.016067773611247338
322,322,-0.1067674922220012,-0.0166304002232487,0.0439486226642879,0.040139396485208,-0.0321675167802117,0.2534433075388585,-0.2557527864322946,0.0181147414366238,-0.2390062017743173,-0.1473313874718289,0.1567977505881458,0.0327535186547439,-0.4349092569416023,0.8304843815641426,99,,4.021355094337631,0.6632188949786572,0.009991795571478335,1.3272715139202227,0.07367035966845714
323,323,0.0577029036004046,-0.1193000525070612,0.0160819013884579,0.3117461521600695,0.1423726037683933,0.1625512317305522,0.0147726031753655,0.0740473415022109,-0.0480441163274171,-0.233868142171257,0.1668860937137515,0.1834195383394749,-0.0744980682977478,0.7952430562399367,10,food,5.732801769671857,0.539858056266766,0.028596259887910924,1.0497922116898535,-0.14341595738107027
324,324,0.2459595874481491,-0.1250657166493078,0.075545193266239,-0.0059551297875262,-0.1028588422390332,0.0554168854579001,-0.1108634933021778,0.1101830579542508,-0.0153281956037479,-0.2488493693835826,0.2336358606732071,0.0476775672017538,-0.1853516448339114,0.8078881957641357,1,animal,2.856894245934756,0.5228165502693143,-0.06395696752238267,1.1512498838405414,-0.03361538297785316
325,325,0.1575293998780779,0.0124053521651863,0.3041709252419616,0.4036583218754269,0.0730196963713895,0.2710932462742435,-0.178591313046541,0.2189673461229724,-0.0684714298409145,-0.1649235803718767,0.242474584103467,0.2254352543420079,0.0648364822843548,0.8510214821417318,10,food,7.435366938493924,0.7647229880853406,0.09430311062615826,1.2361097523348132,-0.06718411846133021
326,326,0.1489825080711047,-0.0138110100938262,-0.0578375787641429,-0.129436146036893,-0.1183303869191172,0.0317054555575001,-0.1421140347329901,-0.0527654528752046,-0.0562830565610338,-0.233654441176105,0.170870036975139,-0.0424469472486559,-0.0910139324461326,0.8414892821302352,1,animal,4.956265134744407,0.4213281031429041,0.00112183769423424,1.1850989953198219,0.04991878534225069
327,327,0.0819644635052213,-0.1235999624912504,0.1082122117390584,0.3006793419875399,0.143159760254091,0.2250598301445322,0.0065485674361699,0.0803585072381425,-0.05189345208748,-0.1919303531810479,0.1673559759060933,0.1647011199835017,-0.0990077637001705,0.8022253183884397,10,food,7.895919436180359,0.5533780811567496,-0.14632819744238001,1.1413115918721675,-0.058515490229433365
328,328,0.0352930506364552,-0.033266345323794,0.3624958666273987,-0.1603599221121244,0.1145450114577223,0.4296697438471769,0.0074227231357299,0.0823083035795723,-0.2135347945128072,0.0250386138311677,0.2092792877126529,-0.3228827584153466,-0.2527961887418921,0.7547590695527452,18,musical instrument,7.077276721200296,0.7888081254783623,0.2462307879578629,1.2671539070831033,-0.04793117201580177
329,329,0.0734599134320152,0.0700126861564594,-0.075824545538208,-0.1244520735655352,0.1080278661882492,0.4670134971125783,-0.0348004056633921,0.4426677200382736,0.0889800969677451,0.0572598880532691,-0.0545633245093627,-0.0195915748837829,-0.2124122053325146,0.7868221638074163,99,,6.98442576906036,0.7198258844889305,-0.02316439930096048,1.3031189497479854,0.021805069850682646
330,330,0.0298958392467434,0.1393894574469114,-0.4298380896871153,0.3130623383527652,-0.1378291854385399,0.1089413961168052,0.4022270071014518,-0.2901098168745634,0.0910804820146947,-0.357400829124756,0.1692693210483241,0.1485844956566382,0.060279429276277,0.8723126805443879,3,body part,8.238652460232837,0.8776681879744528,-0.1499404789345603,1.4377632144047203,0.07917547681604464
331,331,0.1628903472634357,-0.238585211728025,0.143452100362291,0.1815805522882269,-0.0338169446818387,0.1222245143331169,-0.1190143049739832,-0.08625101385503,0.0617373120651138,-0.2381641400490967,0.0092422329482601,0.173338000218951,-0.2601659185430497,0.7076806118223261,99,,3.0109260544894827,0.5770993589089108,-0.04309976501528223,1.1787561321530333,-0.03268402578945695
332,332,0.2043535818347508,-0.067208210893134,-0.0024476290874175,-0.1315644072190473,-0.1612306785814707,0.0120555855630197,-0.2158695723714957,-0.0417125613691175,-0.0242616309218282,-0.2037121107043431,0.2567201197333333,0.0474805010743547,-0.1039976503124406,0.8171262001749807,1,animal,6.460671195857175,0.5090532123240297,-0.1372258852580564,1.1455782855085601,-0.032548951046358576
333,333,0.0571299630136413,0.1768821720114601,-0.0113193929086298,0.0160932475355868,-0.37231568244539,0.1620732767975205,-0.0344062112394059,0.0431444805897851,-0.322173910777389,-0.0469342635184502,0.1323325579605443,0.0566624698399029,-0.1451963321460379,0.8116035711087135,99,,3.284854180253986,0.5921769793536271,-0.0013218463117612433,1.244265660670133,0.02544404749769935
334,334,0.2320349204488253,-0.0688014009397776,0.0677690632268472,-0.1927689601888637,-0.1571127540897939,0.1001991569042647,-0.1941695764782865,0.1229360206182863,-0.0119387033786567,-0.1618566152872893,0.2337024390051134,-0.0262127832916843,-0.1220346830845577,0.8110505949442086,1,animal,4.462165958808512,0.5332937591891886,-0.14890560950915743,1.1738729213000605,-0.01612160638946314
335,335,-0.0039009960794736,-0.0425049634649104,0.1038744422084639,0.3696437010420998,0.1043486769446451,0.1844818282709654,-0.0399536363180313,0.066873180015903,-0.1588024992726926,-0.1953948954167131,0.1431948397328047,0.1178781206177148,-0.0539771287862104,0.8214570098636211,10,food,5.647684620913964,0.5485888301498565,-0.12033891353988713,1.1441432048615345,-0.05333923393100015
336,336,0.2911459537057329,-0.06548586946499,0.3870480813623948,0.051022679418511,0.0941218412863471,0.0992039089665088,0.1783849905965456,0.2348586953412198,-0.2185945214108026,0.2399155976231244,0.2058768513316234,-0.0709940275969685,-0.3549701686261354,0.7722275114577039,23,tool,3.680915571315595,0.7911487559402764,-0.15472192091296078,1.3278299842845465,0.011599017541910728
337,337,-0.0686272234291329,-0.0501084166854268,0.1172118881935224,0.1182984185145025,0.2241627463525889,0.2465411414422281,-0.2489262299756664,0.0462019501915226,-0.0920466638576134,0.0264571933452116,0.3968149898614937,0.1866851039090087,-0.1151423393011067,0.8345685292813022,10,food,6.626545255271411,0.6517881903882995,-0.05153070092928225,1.157397274279043,-0.09060782225991515
338,338,0.1276370494984346,0.0103339026690528,-0.1387451652989881,0.3662495282312302,0.2411838475169622,0.1762598950454743,-0.0985878827275394,0.2479947431397345,-0.1787905707187348,-0.119562761925505,0.0677891736437643,0.0444116125931643,-0.1746693703547404,0.8064310314918045,7,dessert,5.448434904397303,0.6431046419334784,0.0248597846414349,1.10655163094594,-0.1372023157254827
339,339,0.0362894028716406,0.0001985529172966,0.3317274611502563,-0.0747685790713277,0.0783743588062673,0.2514205124678522,0.0681147870601969,0.0201349409744659,-0.1828904034852458,0.1827673110584385,0.2759216729640983,-0.2611403325472278,-0.3565694822848717,0.8171752145436356,23,tool,7.314605693746429,0.7277856082826772,-0.1610078519515249,1.1058247316837648,-0.1793859398221136
340,340,0.27888434090325,0.0186046922572716,-0.2388468564785008,-0.1807102397540839,-0.0608479354958251,-0.0511488024379226,-0.2429517869574831,0.0554309626728196,-0.2563644834841517,-0.2427250302627986,-0.0875306235856263,-0.1698510120074142,-0.0260411682142489,0.7614445125052046,99,,7.91255244035725,0.6309284927197709,0.04535307985289294,1.2802368526771923,0.04244390632565698
341,341,0.1593610554533294,-0.0859149624807437,-0.2086654160078551,0.099295645084389,0.1785113930701984,0.356259532503726,-0.2244877072542408,0.0520473953435603,-0.0162594767355704,0.1111057943402582,0.1931869847994346,0.1729085848277637,0.1376426423097413,0.7868938587086856,13,home decor,6.985810747176827,0.6299539639326134,-0.12375639286198381,1.1431502859365443,-0.09416556652348018
342,342,0.143787486120743,-0.0713087798239089,0.2789590394213503,0.1076724638443843,0.1737716407267466,0.1189724507246532,-0.0106015961931508,0.1226280036182117,0.1133636456217111,0.0841361282722571,0.0469431206840848,-0.1478664570494016,-0.3445427448341079,0.7764477047451872,99,,3.9756984865051774,0.580844548569272,-0.10600965210467228,1.1599883781280744,-0.05328528861687998
343,343,0.2365135307977544,0.3245338794507265,-0.0020268023569025,-0.285999755487213,0.2390147037555729,-0.1070273955151498,0.2971601685184832,0.1150459322445954,0.2587786372572963,0.2120388419172339,0.0380972301712779,0.1202998203767052,-0.1837738072792046,0.839607838113615,99,,6.022656278559062,0.7581600049224508,0.12887110031070836,1.4334933325397896,0.13341245988014716
344,344,0.1602349484748103,0.3554843412249846,0.0342596688019596,-0.3971877680770364,0.2167844579830499,-0.2433130851271672,0.278179879167216,0.0305645811447216,0.2315898810828901,0.3424241171187755,-0.0410225790413673,0.0435442095103555,-0.2396595428860475,0.854164678770482,99,,4.171100074107927,0.8528745491984528,0.2555845124400775,1.5608848641433217,0.2144351913960758
345,345,0.1879035381448032,0.3675785248092437,0.0365680027724714,-0.3219362651994215,0.1799051719016326,-0.2273604755488816,0.0571282251255158,0.1189007694049803,0.1027120143559885,0.1698374225986387,0.0117113277417366,0.1226055000033382,-0.2502446896147944,0.8204688298742032,99,,3.705186525294433,0.7028853032553843,0.042861071791322924,1.3560575715230982,0.0830371847803113
346,346,0.2927641732509071,-0.015719504212688,0.4395033037281894,-0.2277866164651296,0.2293743184450558,0.279217022222993,0.2142362606456023,-0.0283976050275979,-0.0679643472400639,0.1594174371789448,0.1218746357145135,-0.1312164322428725,-0.1839689046523011,0.7694713448725002,99,,6.267741750803869,0.7773255379575922,0.04694124952964929,1.2977272887327609,-0.011736332655410076
347,347,-0.0982983224088292,-0.1538933735586543,0.0022215242936137,0.1500236355841172,0.2270810318681141,0.281537304828295,-0.1811578203926878,0.0330900454523815,0.0494541256440215,0.1669788843874532,0.433208468714977,0.3766987565512679,-0.0111314454007446,0.7561731576740959,10,food,8.17386378410153,0.7619862276080218,0.1473369023089286,1.2165498022895884,-0.08540424999789331
348,348,0.1543276976387994,0.0316309053374919,0.2631267688042331,0.1385508639291102,0.2558301336945513,0.1265260956803821,0.0879850225781371,0.1705723152872417,0.1073864404775782,0.1649937470877154,0.1794674007395653,-0.0749432797997566,-0.2480356795698065,0.8418518296318921,10,food,6.487206063392537,0.6079846260837073,0.17582746407366145,1.1867152719095222,-0.039845190841774514
349,349,0.0156470129536925,0.0432064430774569,0.1788685374511754,0.1326344790421679,0.1608855656124089,0.1814542401253569,-0.3576818865212592,0.3235535852426689,-0.0362183049776484,-0.2947961555222923,0.1600931575407642,-0.0446552124022302,0.0513988650999994,0.7947111210088585,1,animal,4.180596569758235,0.6794209554870835,0.327592634980042,1.1163792901937746,-0.1451538042944689
350,350,0.1456006559678553,0.022756934683442,0.5707079364890187,-0.1271263721454716,0.2473062331317999,0.4180995417329691,0.1571091759172922,-0.0424815870296336,-0.084523801820609,0.0255697677955358,0.2009071611614951,-0.1849184586959159,-0.0171743846327451,0.7866056304710399,18,musical instrument,4.172529110011607,0.841839200713111,-0.11506414533156806,1.3329740366254974,-0.008073130395460648
351,351,0.0768028618631281,-0.1315731008188179,0.3102609772664301,0.1529543423356773,0.0157735264642135,0.1603963843521689,-0.079428152428328,0.0153423988553853,-0.4671629694172875,0.0065696915274409,0.1404684054533249,-0.0265078695950163,-0.1786796664778611,0.8100305336703086,99,,4.285775468086321,0.6678562377409796,-0.1824455185584728,1.0558429709079702,-0.20002845789484236
352,352,0.1665863351229174,-0.0596287691858831,0.0061916222544072,-0.0127352324301303,0.0530695606314031,0.132343525499136,-0.0796387774021068,0.0735986089833232,0.1665954934049113,-0.0660816670719776,-0.0406826454558001,-0.222650986360788,0.0215540850156823,0.7990741027610002,99,,6.160445467889792,0.38394187022054127,-0.08775141268131481,1.205469567303118,0.0885922987972807
353,353,-0.0439918994785621,-0.1368264826200599,-0.1326251937093285,0.3629878497014414,0.1625303308662607,0.2168222026829423,-0.0157998011267349,-0.0170816797238839,-0.257072464491645,-0.0087702113181667,0.1118922333297009,-0.0521093871530334,0.1931706281635344,0.7635555018018375,22,sports equipment,6.028265669157377,0.602236754465614,-0.19824285694359967,1.0014469816980511,-0.22229953191770502
354,354,0.175709899603114,-0.1703927584858111,0.2987767204818314,0.271250067215433,0.179840052721868,-0.0552688414285811,0.0853296084520251,0.1976583399838049,-0.328776761803859,0.016403365476348,0.2326364491342137,0.0907537740640407,-0.4258359353953346,0.792525620589213,16,kitchen tool,7.101801997542536,0.8102803698823211,-0.07710250735002921,1.2646107646670302,-0.06098634524836699
355,355,0.1784336869239063,-0.0281228936166064,-0.2119683411095002,-0.0847246977555719,-0.2194011826959993,-0.0599233166099083,-0.2292781122983799,-0.0059160273379168,-0.2536677923077522,-0.224038041191644,0.1663663025956156,-0.0420439457060565,-0.2145275547091915,0.7412917064393317,19,office supply,5.404490925025426,0.6156925931926376,0.02900299825463004,1.316795451840409,0.08646144840760606
356,356,0.2002492081576252,-0.0641650903442968,0.1416734347686707,0.1632308273147938,0.1450637887286047,0.2307751855027554,-0.0310430423987103,0.1298091405663437,-0.1077132163408291,0.2183341850287757,0.4917091111045475,0.2097373198686267,-0.1147197146976114,0.8147516468169754,23,tool,6.308226156390921,0.7356952503228549,0.00899637899004524,1.223204484311314,-0.06587846059596258
357,357,0.3243620141225516,-0.0348838326445021,0.13784507650493,0.0786572316102781,0.0107150203664211,0.0257924153919724,0.2134336944910274,-0.1009755972471725,-0.1145215660237541,0.0960248966192448,0.1602635487493182,0.0121368603084446,-0.2158350310349436,0.822088417664141,99,,6.563316094075636,0.5318818812824562,0.027809917033221332,1.2419944914923569,0.05269116793526951
358,358,0.0945998535355236,0.0065132043875372,-0.2860643526614018,0.0314160030419608,0.1346450614551752,0.2433716087680621,0.0863126313681907,-0.055640481413744,-0.0489951565676546,-0.2662317513214518,0.3023578701909299,0.2351647283775289,0.0720580993745212,0.8479060701920745,4,clothing,4.54691801559902,0.6363262299079376,-0.08981760537094008,1.2969214964274451,0.0564860140375778
359,359,0.1224843860247678,-0.1399783974737043,0.1518787890938939,-0.1131279051748489,-0.3283850485992869,0.5053019446033833,-0.0123151219008231,0.0831910484030121,-0.2522545770580753,-0.0224260019862144,0.0240024631956423,0.272622484813722,-0.03736906596563,0.6987360291281166,99,,6.3221014079425695,0.7623198514920314,-0.04765152015707419,1.1546080565078822,-0.14750932591332222
360,360,0.0962177903692654,-0.0887509966316871,-0.388175215044185,-0.0038444745683848,-0.1803873688093654,0.1717906335973139,-0.1234056046657531,-0.0038195190514324,-0.145124608982535,-0.2745729869090098,0.2617192960536938,-0.1901772670541927,-0.1994204420023156,0.7609964711895196,6,container,3.803719788144672,0.6971433923837445,-0.044284358126800205,1.1487035548894904,-0.1215058008826777
361,361,0.1370649219988334,0.0361399211492261,-0.4116172773226277,0.0660782870595348,-0.0316582441568105,0.1862717837294265,-0.1136306749412186,-0.1459430277932136,-0.1459671656117543,-0.4187111321293726,0.1552289621205193,-0.1181509760896019,0.0786502701619881,0.7505609378913191,4,clothing,7.613501006731096,0.7103982711652662,-0.11148035754846386,1.342938246980567,0.06623978408019715
362,362,0.0211540243441081,-0.1588273818985708,-0.3259590971693322,0.1087402058649081,0.1060605654183166,0.041686036572459,0.0344041938242706,-0.0690328081503492,0.0718181460904647,-0.2865874539448222,0.1259330217741539,-0.0212819498368994,-0.1920707160029161,0.7751490987771477,99,,2.7431331119224165,0.5506147145653104,-0.06448848004400665,1.1498881988945033,-0.0485860393115094
363,363,0.1139548515580884,-0.0414580716520378,0.05940398975442,0.0503314428728653,0.0930985995935745,0.1453530191615259,0.0556134980805776,0.0942784734260223,-0.1288304208649561,0.0512116721173934,0.2027368598033815,-0.4183999103067501,-0.2389219988247262,0.843673017738979,99,,6.678957121740211,0.5958246912275712,-0.1481993680172733,1.10353121065226,-0.11707618973958134
364,364,-0.3122247900470953,0.0102500290679292,-0.0939838959582289,0.0248392270391117,0.123035159741825,-0.040798960121715,-0.0726754015033666,0.3608567155149893,0.2918458544237575,-0.2294236186792972,-0.2563933245463495,0.117928718080497,0.1871947352855308,0.7364997682391777,99,,6.961496123965991,0.7154275778873643,0.07062782645296783,1.371443034834736,0.09228240606787952
365,365,0.2011427141585955,0.0028765966274878,0.2132564989584144,0.1551520929665877,0.2694067340484135,0.2457573628401999,-0.1119765560269945,0.3310770689401267,-0.0341815014015148,-0.0407104802943917,0.345449933915777,0.1090676624458169,0.0168675330208668,0.7488879853209123,10,food,6.140509880815215,0.7067434193068175,0.11172366599516348,1.215970572900532,-0.058938607303398394
366,366,0.0127977816054166,-0.1061654198489411,-0.02704156450796,-0.0179875160328328,0.1856291439345494,0.349918167315525,-0.2768533991383087,0.0780765600977889,0.1200536636528928,0.0950598704326483,0.4421881913360757,0.3420063861045112,0.1545245613757881,0.7189443158268726,21,plant,8.25112540061111,0.7822788500024345,-0.10351887685113947,1.1296193091907127,-0.18226927383069502
367,367,-0.0414020844073919,0.1813017817768513,0.0296080875136194,-0.0858557406615825,0.1028672830128596,-0.0305169986910683,0.0070151239256346,0.4316456964426336,0.0093590465250338,0.1061061483421339,-0.0134418614674864,0.2802566223558492,0.1812663227039573,0.8066408354518112,99,,5.739824657120333,0.60302615556267,0.05314493087732619,1.3614794164993518,0.13734644078383984
368,368,0.0339398900548137,-0.1153658653660462,0.1204013277053532,0.1106801781976317,-0.1736561715491617,0.2477569974107708,-0.0574665283162775,-0.0461557184721427,0.0339506755099748,-0.2245126609754498,0.0151889423842221,-0.0498187201270357,-0.2529227939140371,0.8174198762221571,13,home decor,4.510176939133924,0.506380943883327,-0.12175736490801559,1.142320193276975,-0.034498797727542385
369,369,0.0415439135164925,-0.0637505468091124,-0.4823802710305753,0.0602547008526034,-0.0763541331160244,0.0926570450555569,0.071850006249139,-0.3079033320474906,0.0380144620682569,-0.317196728691016,0.2891702179483849,0.1177272108354043,0.1659380716033296,0.7697615683931623,4,clothing,3.5018797782454847,0.7639155512848413,-0.16308068000905906,1.373912099649692,0.07101352057850918
370,370,0.182146022385661,-0.2856131131734053,0.0226448358012436,-0.0056716016069067,0.1341902884533645,0.3569683919671336,0.0418288700022468,0.029795741195812,-0.0729789206354827,0.0072752920284881,0.2392282594153196,-0.0245286688972214,-0.297024483143647,0.7237649216596586,12,furniture,4.445993446762219,0.6440513166645724,-0.013707597760590828,1.0213689654781761,-0.22284843875079097
371,371,0.1450458897293622,-0.1710094318385529,0.2903147136503034,-0.2418938585555557,0.071257824131235,-0.0710915429612033,-0.2350928760480548,0.2306976921415424,-0.1056165142340461,-0.1744408283497256,0.1576399112627509,-0.0368885695236618,-0.1323840520245769,0.8585535977836323,1,animal,6.021178845982822,0.6300957659527218,0.03289301699920377,1.3186565472103653,0.0812712736326795
372,372,0.1241414638784725,0.0167370195023935,0.011861660815561,-0.0941329383810302,-0.0204451689152577,-0.175709030641299,-0.2361605519283165,0.00353634989162,0.0446125219604172,-0.2768116924295443,0.1565788372336075,0.0030136978465534,-0.1019320694238338,0.7955357971083262,1,animal,4.171753822219503,0.47465784729879557,-0.02652902842233229,1.2589198806145827,0.09763136526121174
373,373,0.2201162853652841,-0.1220752290682806,0.0362484639444841,-0.177499218628434,-0.053381439075213,-0.104147755832102,-0.4949793569436854,0.2556783952079042,0.0234775521784566,-0.0812516044555627,0.3048746350954857,-0.0134047136429827,0.1006026107610608,0.8288376907172994,1,animal,3.804743994062852,0.7284558576149236,0.06165422289478262,1.355830514468221,0.07029171323809225
374,374,0.1333197285390057,-0.2359720850503483,0.0282082083821019,0.1559666940411289,-0.1047097756048617,0.1514403070080688,0.0089910538805446,-0.0027043730990703,0.2832179281522958,-0.1541787305157938,-0.1293637150124875,0.2244638841883893,-0.0660390220004964,0.7476930810098706,8,drink,7.739594075048916,0.5550030434623977,0.017024847465159088,1.1393242724630024,-0.061298332151813684
375,375,-0.0449313785417471,-0.2255418127351773,0.1472133896513719,0.3167505444202118,-0.1262751155141679,0.1440799124924837,-0.1118754882271028,0.0549668166690027,0.080960122245668,-0.2185431735427298,0.1954869571485841,0.1009716669279174,-0.094761143867884,0.8117311013492016,10,food,7.5804969658635715,0.5820981805126512,0.05201587793727691,1.1034025303849486,-0.11048486901754351
376,376,-2.0498396719653743e-05,-0.2368047643918788,0.1076473868185821,-0.2297990083715708,0.1132723213142872,-0.0008669848638199,-0.3933881010742108,0.1056933904896189,0.1726465715606025,-0.1043814021303661,0.3558621251478892,0.2304784269491065,0.1400304033280377,0.7824772181774303,99,,6.097006932097752,0.7343689054808904,-0.04596745181338924,1.1513211566255461,-0.13711245803055938
377,377,0.1510301069762497,-0.1030508649032626,0.0447963674927712,0.2546908190592017,0.0225420529724252,0.0047808242535501,0.0333242862596704,-0.050752091575321,0.2256063565604537,-0.0810665485365285,0.1191121366814402,0.3569784674252333,-0.2969208882291023,0.8040064780098216,8,drink,4.427946402112797,0.6259187964104105,0.020420473883207557,1.1263236865951987,-0.10901669443551931
378,378,0.2338579524506832,-0.0499152403974244,0.1708041447380386,0.293665006422175,0.1927328880086205,0.245627700348268,-0.0823079799125056,0.2847622082677459,0.0105201650680135,-0.1796103044593587,0.2632281573117955,0.1542013367067508,0.0154467945788079,0.8453316838987571,10,food,5.48867284400195,0.6954233034390089,0.04193800521853319,1.178427450934841,-0.09093981177737498
379,379,0.0395846137150329,-0.0640851656475543,0.1056265310517397,0.1839889766914226,-0.0844795010850184,0.0768152622840959,-0.0507174769628295,-0.0303897093630782,0.1952552371495032,-0.1056775361274021,0.0140491323037679,0.3355700946055921,-0.1742749045322001,0.8321684644694914,99,,7.850292932749322,0.5095926641653006,-0.10142037755415201,1.0729975097753748,-0.10539382280382381
380,380,0.0463918549630617,-0.2272955643191041,0.2841900495555164,0.2315621138881443,-0.2884322743996295,0.0985987282704006,0.0396431223576085,-0.054043312451415,0.1419653101859702,-0.1403486390009967,0.1789550554811719,0.2877623331407988,-0.3034640524417297,0.7534022509915873,6,container,4.779442987010673,0.7296451265310586,-0.04771069908148484,1.2834963313266938,-0.002624692761013847
381,381,0.0972395724943372,-0.228833515410116,-0.0596887243032716,0.0654544963539859,-0.1252246072843369,-0.1271987254468808,-0.2531184391871294,0.152701583365899,-0.0762935764471933,-0.1228782526241863,0.2601414219836407,-0.1177680797518493,-0.22500968059748,0.7506114359116121,12,furniture,5.247249343850596,0.584813469541625,-0.006669572976715998,1.2298742206075026,0.014657514337443667
382,382,0.141434318673308,-0.1985442312639826,0.1971724827128878,0.314127021344788,-0.2665657701068067,0.1013248698871054,-0.0121661826284877,0.0459413607751894,0.0091208986166757,-0.0617182283478491,0.1446990159207314,0.2641217757288839,-0.2888848024401484,0.7451633780466534,9,electronic device,7.131575688327657,0.6772029183562815,0.03556321433431897,1.2022193165107569,-0.05822790757509799
383,383,0.1325939635793149,-0.1101172497087241,-0.0469835363584403,-0.1146270249833367,0.0905219412768485,0.1273002125119241,-0.1169836456966924,0.4584558378769027,-0.021314982010281,0.1266596903502826,0.1777881116199388,-0.0647329552912308,-0.2411240687176842,0.833953792934735,6,container,4.749430275365218,0.6354188069888967,-0.04587280596269672,1.1063192279332006,-0.13367201316036392
384,384,-0.0673226553276631,0.0280882769818134,0.2704601615631111,0.0480416702140221,-0.1596075442964407,0.2672890065967013,-0.2215299953954608,-0.0399202304616913,-0.3143946208530941,-0.0315915680322685,0.1571376244346884,-0.0183274080547545,-0.3124106486363718,0.7494122070341583,23,tool,4.239961604159146,0.6714429851224675,0.07104555520661959,1.1343516648228145,-0.12327570519861708
385,385,0.1675405249326909,-0.018274652987891,0.2609936551635428,-0.0910470425411537,-0.1612062886886197,0.4268620804837859,-0.1069416386077249,0.1127160473347681,-0.2497180249112024,-0.1524326765304834,0.13678677231716,0.0337226856711656,-0.1793837973239456,0.8173749947034122,99,,6.057885605128655,0.6890372756841462,-0.10120562091388097,1.1328556812913424,-0.13338521422370664
386,386,-0.0607694758846808,-0.1168900757408686,0.1231117162976261,0.3865258533089172,0.1491998537017472,0.1075519021834076,-0.1507687872314583,0.042370614708986,-0.1765671518122017,-0.1150548804252437,0.0760546557094122,0.2012810979343988,-0.1000041991656147,0.7858503541815481,10,food,6.6434602994844765,0.5839368704527426,-0.0693781225525284,1.1300309574656664,-0.0847565977355671
387,387,0.0142448099454634,-0.230666212644802,-0.0262851153509805,0.1326270657112354,-0.0850144962328583,0.1009091717950552,0.0733416542767762,-0.2984907934768688,-0.2741985777225074,-0.2155069359169746,0.1206870415241771,-0.0560153314555046,0.0145237334725439,0.795378561455561,99,,4.281458255795681,0.5684352709995576,0.018303659634377745,1.2041601158620199,-0.0030384193890331535
388,388,0.1386991052600308,-0.1683426279046936,0.0348338147029886,-0.0583044457319553,0.2179102554174222,0.3363130958543679,0.0240161494677649,0.1776072253224528,0.1164521659842189,0.0815007538855399,0.1037457385129908,-0.1276977779906823,-0.3749427607890139,0.7481209976831654,99,,3.271219374733437,0.6578430051826016,-0.04072159158685951,1.2560228124581687,0.005053498555229519
389,389,0.1309191739829497,0.1503742617639357,-0.0924945004258343,-0.0673451434989987,-0.1317280083189276,0.0940977051072327,0.1717267395403716,-0.2100523305059773,-0.0449999964725489,-0.0602094065117021,0.0804755274789493,-0.1002304588372297,-0.3489258090639302,0.7976111142793981,99,,7.016096301988275,0.5445947103427519,-0.062109872852443404,1.2402291603755315,0.04470209754217258
390,390,0.054983603664582,-0.0774512052799072,0.1344045645757426,-0.0601459786479028,-0.5236882779377018,0.3064771517788024,-0.0675526496589865,-0.071720835142755,-0.3443175247757741,0.0779383657427641,0.0826707809651137,0.0953130888220256,-0.0708477093907539,0.7636276183017309,99,,7.814013005258209,0.7444167481010568,0.012281644753437737,1.2196738887758616,-0.07367878460905475
391,391,0.1396807462705447,0.1011399007261739,-0.2541811434108354,-0.2171727248839746,-0.0953616327645547,-0.0152682222669939,-0.1970969319547012,0.0637494528085719,-0.4231637243044795,-0.1907577398424584,-0.0588610212661316,-0.0866719455315573,-0.0551987651779653,0.8020425622890024,99,,3.872276824402897,0.6505611362137776,-0.05191999004394998,1.2020174126926277,-0.045386962698908295
392,392,-0.0163366298995025,-0.1482707127606833,0.209352306454583,-0.1408984000749773,-0.175880690630814,0.3517528690321905,-0.1210679437050126,0.1480415936383989,-0.205095556831048,-0.100692627267101,-0.0347804700223197,0.1814082123208857,-0.0060000194468815,0.7022710712335902,99,,4.4312059531121095,0.602932425063761,-0.06933504755395115,1.1511747155333065,-0.07291237313498122
393,393,0.3187061659808342,-0.0293990816307716,0.0840090972287444,0.0618869506574058,0.0956022536271983,0.1904091230609109,0.0665544627590535,0.3625608401624642,0.0215331978626313,0.1472999254986425,0.3873607827398027,0.1064000943167592,-0.0984126224843723,0.6960579435808095,99,,3.65214502318274,0.6984383155951822,-0.010605358504642615,1.2287889816952373,-0.042054321439280784
394,394,0.0872668114648888,0.021065607764816,0.0168387061957388,0.0044174919375053,-0.4774863653576803,0.0907127976540704,-0.1983011971181724,0.3788157495512865,-0.3768964802568921,-0.0620198328679455,0.1780277093806458,-0.0386473121234146,-0.0808685049479061,0.7935265369681138,9,electronic device,7.536530344960324,0.7829646874257032,-0.09881045791374499,1.298676880866739,-0.013547463241999402
395,395,0.089293080533758,0.104919946252196,-0.1160021085789756,0.0686707589285726,-0.4217527727945699,0.0752219980713879,-0.2069545256798909,0.2782618041763591,-0.4035227063274501,-0.1358316809999098,0.2162047441653675,-0.0288947675904357,-0.0756207366568593,0.8187803239231819,9,electronic device,3.776345110600487,0.7586342229871598,-0.02888547549128384,1.3109961607642546,0.01068312816752437
396,396,0.1954015434728002,0.3810213896930614,-0.010670012105149,0.2140422068406592,0.0636867880796613,0.4144025299170893,-0.303665272305228,0.0130975087650903,-0.1611544146963629,0.0486269324854186,-0.1191964422416863,0.0736916896742959,0.2470173663941473,0.7978230052074352,99,,4.462764219507099,0.7787475485610681,0.13937043654944414,1.456077822858743,0.14591803673791093
397,397,-0.1846772618202242,-0.0835545011144758,-0.0333372578277231,-0.1528230515357636,-0.4261924882232745,0.1067988763022519,0.1274329671570997,-0.1601715800580306,0.1557290347587068,-0.406038109736041,0.0406790380579931,0.1168532973690787,0.1086567240350112,0.8584613430268919,99,,7.000505815861738,0.7188377260901544,0.3544523395082757,1.5985097779660096,0.3176796645229296
398,398,-0.0470025954621766,0.0425703730622872,-0.1172680103760405,0.1277591886074285,-0.287283768515373,0.169112131508846,-0.2715570911638725,0.360004805535763,-0.1044667539883067,0.0861569469528863,-0.029808727038866,-0.2985839925556405,-0.4335870289581857,0.8051929563039054,6,container,7.06097826940389,0.8030867090894606,0.09604613174082477,1.2677150198275438,-0.05436033509497529
399,399,0.0937129761576861,-0.2095438572811993,0.2668498355776146,0.326826543978342,-0.2292753817209256,0.0225260327001361,-0.0243494776530018,-0.030096362020398,0.0067786825769639,-0.1157428654661182,0.1393432563262579,0.2874686876447699,-0.3983280146820177,0.7652923962742285,6,container,8.193157667536543,0.7479644668610126,-0.03658937358435388,1.2844559571999161,-0.01063355040834879
400,400,-0.024315941279969,-0.0895501666380583,0.1092178980893872,0.3735742468017337,0.1661883838064955,0.3199267841164752,-0.0483219976111036,0.1811165422081828,-0.1794982640884228,-0.104722866688366,0.0723408452814657,0.1171522431568026,-0.1641773511569343,0.8195325940277728,7,dessert,5.359751741052869,0.6436654893090691,-0.08730602581620539,1.0827070458106738,-0.16132147136137487
401,401,0.1227792401327273,0.012164630672504,0.1713559213571347,0.0604157423797605,0.0826119285211997,0.3367672313015419,-0.3003588955821594,0.0585402309587061,-0.347117874571724,-0.0543632805997528,0.1489142964256208,0.0410677487057687,-0.3246184650128982,0.8073834839913203,99,,5.777570596336421,0.7174958661781518,-0.16102467152738198,1.0871773315575066,-0.19299585601974312
402,402,0.0510563760878315,-0.0315204466112596,0.1100448097455784,0.2578536068719936,-0.0943518964465666,0.0587903853708699,-0.1687232831280812,0.1779494215544742,-0.2577006224620692,-0.0626729681443965,0.221166242209864,0.1521006445899415,-0.3128402749748554,0.7448465311615103,99,,7.0041452091747685,0.6284476347926371,0.014183168740143026,1.1829253505750088,-0.053653057860007625
403,403,-0.0638620188812633,-0.245914184976411,-0.1393140873529405,0.1761808554151403,-0.1361109505870835,0.0407949852587979,-0.1510837397143341,0.1616848041606429,0.0233521843640825,-0.1463311087980676,0.0274853510803834,-0.1404895955520057,-0.2121372166432255,0.7644638872165564,99,,5.743174417429845,0.5211641144175936,0.02638544098567497,1.221248099308286,0.03719180505320496
404,404,0.2153706860561586,-0.1812272995679769,-0.1563321535388988,0.1232371540141826,-0.1984556089698815,0.1720805527715608,-0.1978986333521635,0.4179380033100338,-0.0408510743772462,-0.1114608572039851,0.1759870209188349,-0.1416892605904622,-0.3951922647261481,0.7825232557921594,6,container,5.2132771721656805,0.7893059806641489,-0.019094203193348758,1.158957026104313,-0.15637178480747038
405,405,0.1413009635404944,-0.0074187395592262,0.0141097423632693,0.0849593725199377,-0.3489944847556898,0.0495182701787629,-0.2712249171701663,0.315945170912516,-0.3969517432268127,-0.0204096521961675,0.2257362412479327,-0.0417940927527548,-0.2422498637133944,0.7902783683153568,9,electronic device,6.845074130932626,0.7710042344990401,-0.07791917484197941,1.3272514630479386,0.020882522192765096
406,406,0.1262412277887347,0.1155639704721245,0.0837828175917814,-0.002303034791614,0.0533137845937043,0.0842844265489626,-0.5447340390856872,0.2015252583871192,0.0536997965171378,-0.1336137143729168,-0.0528746521212492,0.1619867094834199,0.2691076628913075,0.7109396866377976,1,animal,7.172650986207231,0.7111970335837262,0.40200014043431875,1.3804623786784391,0.103372870715432
407,407,-0.0345225436034007,-0.0927104477407547,0.2325214223538245,0.2120552318284831,-0.2563108290371167,0.0265684264628821,0.1104323774899043,-0.0131552836737207,-0.4559864059572918,0.0417491311696927,0.2405696192672565,-0.1222739656201796,-0.2650889783804976,0.7513022639260811,99,,6.279198330178025,0.7350874664979669,-0.06181697559641175,1.1448064725485467,-0.1439789234776352
408,408,0.0418328785126794,-0.1552392404983605,0.0291907333822766,0.3267066094175873,0.1565041684834451,0.2058061845135357,-0.042171956102988,0.0721753251701036,-0.1784639612414723,-0.1459199252932728,0.0796229860560026,0.1222975365626044,-0.0664184275523206,0.7724683089012357,10,food,4.577703730725124,0.5349074086094181,-0.1428983670598316,1.1299213745311067,-0.06086313729390569
409,409,0.0942376802563059,0.0341452484196949,0.0837196779600851,0.0284608686672168,-0.068453863661933,0.1760372372033515,-0.0835083823210762,0.072577629122569,0.2046789604818852,0.0657481374829518,0.037634301343495,-0.0966918240185252,-0.1740868885173693,0.8216532463048144,99,,5.889261603887878,0.3912416581370915,-0.16361085664381703,1.0845061190426093,-0.0359448604404784
410,410,-0.1331740836713169,0.196849132432607,-0.0223168755897258,0.1316068386189367,-0.1869059812451674,0.0089990547261562,-0.2478328173154732,0.2508667580749366,-0.0936430279381116,0.1618986339631841,0.1501192965365484,-0.2795458505320282,-0.1832524551637241,0.7996000476488282,19,office supply,4.047624361868135,0.6347572112955147,0.12095387971079252,1.4035750312578406,0.163907683381308
411,411,0.2734301114088713,-0.1578486507072625,0.4730542314867358,0.1351188656354009,0.0667726953132858,0.1374695784079091,0.1459781352172901,0.1092360122364925,-0.202960888627981,0.2262380581574208,0.1342365172887153,-0.1635331487326383,-0.3801186355548994,0.7892602832910921,16,kitchen tool,8.329743053410262,0.8245882172132986,0.01759261137985113,1.3538855291086795,0.02128381691550807
412,412,0.1017163625443172,0.0449042265407587,0.211701137074901,0.3507530582991819,0.1379493426623351,0.1349320473337992,-0.049280738796629,0.14425539812358,-0.127350634957458,-0.0411172469567467,0.293921436548874,0.1428761055637667,0.1973351592874195,0.8312369600748368,10,food,4.5266142067571495,0.6358741594645001,-0.09096389453344766,1.2021731249523893,-0.038041040171185925
413,413,-0.0481742145289875,-0.0924450515415971,0.0309478088604681,0.3259427379662441,0.1810379429143563,0.1954986203098495,-0.0220318284213261,0.1152125099575888,-0.1156338887366106,-0.0665786809758482,0.0751733179476687,0.0238391609602673,-0.097545368179479,0.8001930759197402,10,food,4.0372338362346,0.48616396226262537,-0.15532693039670287,1.1258225817717915,-0.04109890947373085
414,414,-0.2297719943149786,-0.0313089170520981,-0.1006611822128151,0.1276580076022511,0.0293932808615124,0.1133627091978675,-0.221949297185315,-0.0896521685355943,0.0029239515730234,-0.1190885793269982,0.2151300555406587,-0.0078008731785803,-0.0381499327953547,0.8014486975178978,99,,6.914670533017101,0.4617429802596667,-0.006086191734353985,1.1995709345448655,0.044605068922567215
415,415,-0.126899610162443,0.0608247713563418,0.2039052426911726,0.3463019390838241,-0.0174170599151161,0.2855905948561287,-0.0965673164919469,0.1450649589753827,0.0678211437609839,0.1612006449579162,-0.0127909289140223,0.100472310368921,0.0292515316895127,0.7615444064462954,10,food,6.63775688723305,0.5789985114478918,-0.022820866823242136,1.1569848512681538,-0.05538506276500876
416,416,0.2458324385017495,-0.1029012130637019,0.0423991887204522,0.2199841182906736,0.1065671420120223,0.255140759523818,-0.1142429038063594,0.1212282807805992,-0.1609172938114741,-0.1764391275661814,0.2661877994905129,0.0374479631291792,0.0024781122124633,0.7567532584494495,13,home decor,3.5227123295787672,0.5955700024315299,-0.05675043626828913,1.0568398682564737,-0.16364284575316024
417,417,0.118984827489492,-0.2157977497415351,-0.2896788483557759,0.1692105759406227,0.0253976354419514,0.2638992713529375,-0.0908626656606099,-0.2261209905565118,0.1119692808089157,-0.0942102357773996,0.1384877638901751,0.286404977867939,0.1014751294517164,0.7759747182123814,5,clothing accessory,6.170214006243976,0.6601994139736425,0.14198299642189727,1.5906278024306384,0.33850487638722315
418,418,0.1373087563492841,0.0470281816599405,-0.4544631104455756,0.1658297961111259,-0.1193423511421028,0.29094384107352,0.0346603386550593,-0.3661305855340803,0.0600526791502317,-0.3287708933282047,0.1759857263607188,0.0087634508152776,0.2023238649100304,0.851196399639917,4,clothing,4.75864935802231,0.8203199311771494,-0.1379189416135962,1.449869153124114,0.11935703871594772
419,419,0.0972596029475506,0.1600199080922403,-0.5007807130428145,0.0597869288902936,0.1097122123420461,0.2266243897106823,0.0491305350334984,-0.3281613840502578,-0.2753535902941295,-0.297125536502196,-0.0467164622119388,0.0285362965840345,0.3227426018171557,0.8165460975542583,4,clothing,5.636199429104524,0.8568450309116431,0.1580918403768906,1.5943324441407483,0.24593896778638258
420,420,0.0760259680883466,-0.1763408979710304,-0.2501637695011635,0.0526866739762829,0.1904166377873546,-0.0173719143291915,-0.0830299702717112,0.2305348988320179,-0.0657484777809837,-0.1229108507277689,0.228471253519477,-0.1497228312795935,-0.0261634222186573,0.7861604610245403,12,furniture,5.848158690899362,0.5418163492491679,0.044523581039548565,1.052835385676769,-0.141331492497472
421,421,0.0996052978504477,0.0353299675150212,-0.1125983629878481,0.4515444340573236,0.1373490936289839,0.1009110904463151,-0.0940659380939273,-0.202085976158536,-0.0339819258680155,-0.1322522251799963,-0.1937137615183904,0.1779076923488733,0.069389797041184,0.8194773348684952,10,food,3.704396464006257,0.6317528694735538,0.15792736283404973,1.1574680960917314,-0.08072843517049777
422,422,-0.0286947013654242,-0.3317909024011273,-0.2203392199317757,0.0002846711187112,0.0514441738424912,-0.0126281667679709,-0.1622890836007573,0.0454213294709255,0.0562396578862047,-0.2303901997990781,0.3597441397047263,-0.2058876905924434,-0.0427265052823282,0.7857332601410429,12,furniture,5.545818272523163,0.6484894323357716,-0.16610712269273908,1.1411727131395384,-0.10521743129418337
423,423,0.2010824902441439,-0.0862377677194202,0.0354147498748149,-0.159728633909046,-0.1442501122834848,0.017501902502559,-0.1964129207805432,0.0677884341330899,0.0065164262433036,-0.191057929382198,0.1567708735976857,-0.0503006228516467,-0.1164636144444281,0.8062897158468404,1,animal,5.00890761026893,0.4649117221021974,-0.13426910680340054,1.1590812830735124,0.002564116559163443
424,424,0.1705651761596333,-0.2367155838412982,0.0307648764789324,0.4065607865961902,-0.0985042510942445,0.0847250525665399,-0.188611515015409,0.1628005176140085,-0.0216397479665032,-0.1373591601379849,0.2979948265298759,-0.0152708678514776,-0.4045103397958379,0.7788555279871887,12,furniture,6.047016441722016,0.7760948270238159,-0.02220496470018396,1.2102155266930608,-0.09864558333119966
425,425,0.1366797964367981,-0.0880613867531925,-0.2592821554282905,0.3139027508821274,-0.1434322119987313,0.1226646060234425,0.0749364958514262,-0.0023540559480882,-0.1907735012314708,-0.1143253284261968,0.3075707320988304,0.1109933113471649,-0.0767163069279961,0.8080721100526712,4,clothing,3.390146624905995,0.629053451126056,0.15008291994765977,1.2106190152004412,-0.026255978903321653
426,426,0.3373168242690095,-0.1780689559372463,-0.0407087109602964,-0.0102083824139254,-0.0436530080826932,-0.0285046981890841,-0.0452341503429364,0.1362434715643775,-0.0412738830361601,-0.3024389774479362,0.1434600492570535,0.0249406407976518,-0.1170187757118485,0.8226635077766337,1,animal,5.529159706169194,0.5464871468970861,-0.02261036614177503,1.0999898393618204,-0.09646369166010627
427,427,0.1904958399373586,-0.105671388197235,0.0469582500046044,-0.1570612270044415,-0.1650110852898814,0.068047793879987,-0.2303788107920597,0.0817862450001666,0.0393766746552197,-0.173660165403551,0.1358101654383692,-0.0436500835128498,-0.1430964368194029,0.7802145706414001,1,animal,4.604404677577787,0.48834993299339335,-0.15689772688290643,1.1480576245887293,-0.019934038514633157
428,428,0.1419315783704475,-0.0861807288506859,0.1318545534570692,-0.1059619257389665,0.0647229361598124,-0.1084253090149401,-0.4048450800623118,0.3059793152993496,-0.0304476648652502,-0.2355948551313857,0.1608773555627576,-0.0105116989899634,0.027715150258354,0.7791464069657993,1,animal,4.213912081118801,0.642530446937712,0.003146826396012492,1.3608512369210843,0.11737839526023319
429,429,-0.0787601979776513,-0.0910853625213612,0.1049448598527287,0.3017271410810358,0.0767447019688908,0.3188353182353713,-0.0492969303011098,0.0745809099797218,-0.0949302628097099,-0.1898192940852217,0.0545359139029899,0.0647007444468522,-0.1285314250409674,0.8378458494425597,10,food,4.436160276424542,0.5484655056564965,-0.01631040547985929,1.0484992762755871,-0.14892278732513065
430,430,0.1328701231457112,-0.0625284372868272,0.1501832616533189,0.3370267680407024,0.0560379055203897,0.2890877053770996,-0.186376900814681,0.0629724816464506,-0.0823835609476226,-0.2459263601877752,0.1866654034603404,0.0447466025666116,0.0980662905882387,0.7783509954137176,10,food,3.788591996085983,0.6299604866957986,0.004123145564421615,1.1309696441911918,-0.10634940157672923
431,431,0.0375331133932279,-0.2204889562169028,0.0808516282905725,0.1663507018001904,0.1833232039889226,0.303430370864879,0.0967722983964243,0.3810664413249802,-0.2521424642165283,-0.0377313502561314,-0.0348274141581485,-0.1137849584249137,-0.3930418181201583,0.7252877803744301,99,,5.02015366970566,0.7733879150280735,0.13112148599840356,1.372990181875864,0.06545427762802114
432,432,0.2231289066325879,-0.1265104288665792,0.3123394611361397,0.1288037055554504,0.0168764067875486,0.2329007179994475,-0.0831335631382429,0.2716808859117707,-0.1231350228183327,0.1328621487933361,0.0960168652565783,-0.098122971283295,-0.2026278255273632,0.7393284744413671,23,tool,3.689539243960137,0.6386759411366884,-0.18530604508567372,1.082084436773737,-0.1595013788734181
433,433,0.0125687559287156,-0.0756480693542728,-0.0850996131076745,0.143096569411857,-0.1751459032428202,0.1014042004730056,-0.0794097015779375,0.399876055400396,-0.1477731573826977,0.1058276280614288,0.2482713692312876,-0.3909370698557629,-0.5217160056375042,0.7474236903693273,6,container,7.258920132467724,0.8720431668469362,0.05214900762695507,1.263962294978468,-0.09187163661194098
434,434,0.1728427910316437,-0.0950478300785076,0.0936676630272683,-0.0503632292016956,0.0738975508134853,-0.1649137326698688,-0.409089914612079,0.2709222515702182,-0.012629237244068,-0.2423198188776938,0.1971304630416941,0.0390814535345259,0.0263757542737258,0.7963402506878043,1,animal,6.814753282460508,0.6508390510537811,0.008644894911126633,1.3320348191187534,0.08449438671764198
435,435,0.4282652058116623,0.310420377199243,0.0087641186299959,-0.2309562747304757,0.1579250612532633,0.0735672578562737,-0.1591351732128829,-0.2224173741317351,-0.2597879170972135,-0.1514938361462099,-0.2385527529749734,-0.4024882304687982,0.0255130906826975,0.849686746220852,24,toy,5.220110336088154,0.8650611073477319,-0.002386215768588329,1.4967773680821168,0.14436159917826363
436,436,0.149189092004582,-0.2151739650176931,-0.0864761338908662,0.0905867438632523,-0.2343986164020024,-0.0386187517480997,0.1202267091841114,-0.3532674979811244,0.3496703377631051,-0.1427586499076078,-0.1610564377760046,0.0980698344136508,-0.1670708366648588,0.7999244559404799,99,,5.347410252484997,0.6971705075873501,0.307941045764069,1.5890098969641042,0.31878726657329204
437,437,-0.0951173409377931,-0.2435782490339029,-0.058366579227629,0.2809554177040365,0.1102980712236082,-0.120272651446135,-0.069968779486794,0.0467030965183185,-0.0716688185026666,-0.0899804303618732,-0.006080163917257,0.0202302248586662,-0.2236711327061355,0.8045566647068275,10,food,5.36785976658745,0.49813267728297084,0.22394023007289177,1.2065320872325194,0.03375114791251055
438,438,0.1680660705557496,0.0380164891082735,-0.2593257534486475,0.0244937385336857,-0.4279838570096436,0.0622418983205109,-0.1130315702893922,0.1412983003151954,-0.3604183864176591,-0.1839386281892722,0.0625635527683574,0.1529022942969254,-0.0435981953359938,0.8555920319675284,99,,5.512607176414983,0.7143218973596946,0.050561014775875934,1.2514017039126994,-0.027217623834971727
439,439,-0.012065318286186,-0.2448350455379258,0.1809151494683214,0.2170494906134439,-0.0526640497287782,0.1115388909857135,0.1149661924949859,-0.0150305360948228,0.0559579056242595,-0.1623448200533409,-0.0003002665932677,0.2543124157058019,-0.1422152807193697,0.8156504006241925,7,dessert,6.836433082235863,0.5319542477432601,-0.06164567519848896,1.094343309157381,-0.09499544238998703
440,440,-0.0553860592514876,-0.1387080999428486,-0.0303621278628233,0.3550967233967342,0.1400509969969429,0.1678819922692066,-0.0216894951328116,0.0901905716419606,-0.1750617749990845,-0.1577792417560438,0.0985047237849222,0.1337470156224017,-0.1893652882398975,0.7782317562697346,7,dessert,5.599360895202503,0.5698404023987066,-0.12229540834501818,1.0707023910389861,-0.13718404549947727
441,441,-0.0475506182128454,-0.1441009286199853,-0.4237217107659497,0.0512685674235867,0.0533452638367638,-0.0255577948849935,-0.1354553105469938,-0.0695503257943169,-0.1616306591605836,-0.0266580200226355,0.1291724173026098,-0.2983033179520002,-0.2951978121629053,0.7829375762742492,12,furniture,4.39024839038131,0.6719570308727196,-0.026146916466881942,1.2886840488439237,0.030805020697422414
442,442,-0.0624179019820316,-0.1451139676504373,0.0271691785107488,0.3189766192695331,0.2283275909264903,0.2732596551925099,-0.0044837974468128,0.0872322841343841,-0.1886521155332737,-0.1160073707063982,0.0567671880494308,0.0779590181261745,-0.057386869601897,0.8344890765876228,10,food,6.155739491473286,0.5687819577553981,-0.13869143944333795,1.1358366939366078,-0.07153156655566839
443,443,0.1966420848050724,-0.1498799517633446,0.1177616220070592,-0.1196694560559708,0.1443342790958428,0.4256755256587443,0.1711020223009049,0.194591135553314,0.0419619210518886,0.1036963184945075,0.0795677875395926,-0.1758229824208018,-0.2212075623684687,0.8114257864172036,99,,2.43453028321581,0.6761550162676132,-0.05356733525192703,1.2597326093702725,-0.00020159992115686975
444,444,0.1038183516132774,-0.2200778096545571,0.4362441029084297,0.0509645441286715,0.2318488741135226,0.0302818767663286,0.086105259682117,0.1310366016739768,-0.4993392710235106,0.1055583579581367,0.0536488598660234,-0.0313004916565175,-0.2836750087638678,0.8054995309568481,27,weapon,5.959533336821347,0.822305356778862,-0.1597954022978787,1.2950388021901222,-0.03644530446610217
445,445,0.0217743956812499,-0.123066678933343,0.0714175252679428,0.3717841792297781,0.1825636419019938,0.2503895944647744,-0.0601267242591297,0.152151844327123,-0.0941746241339293,-0.152877690306882,0.1142949190210096,0.0567033729483035,-0.1078384000572337,0.8180871356226613,10,food,3.7523146596452746,0.5847063187993836,-0.09524689283732946,1.1286958171912211,-0.08646843196800869
446,446,0.1767390318648685,0.0458901358241439,0.056418436994317,-0.090682641878767,0.1086474853136546,0.1188611642151856,-0.2822000790637747,0.1495384187934413,0.0214551254521747,-0.2167103277073804,0.2942169943730496,0.0327813764244171,-0.1281541466053593,0.775565404398157,1,animal,4.554287084270956,0.5693551435768754,0.01241908855275009,1.2900046374332732,0.0823557659854961
447,447,0.1831782244953249,-0.0341844698552136,0.4492336182887527,0.0003462374469299,0.1481976706983526,0.1391345674015855,0.2730808536030624,0.2431078286498253,-0.1956898407545965,0.2962073908707611,0.1549388723325525,-0.1866714253794147,-0.2487637053088435,0.7991368726124825,23,tool,5.373514732136529,0.8113558642571357,-0.06071123653679866,1.374363017403016,0.048239384512268835
448,448,0.1902327994256655,-0.1992323880151426,-0.0338336257966718,-0.1565780882679882,0.0601722590686765,0.4397874561474235,0.0102802456765632,-0.0390245212726907,0.0869690651175416,-0.1617688844649732,-0.0649221263658355,0.2466544843561048,0.0835947109861655,0.7926023777489953,4,clothing,6.028919957289755,0.6371655683946608,0.48765488767606335,1.3349937480029284,0.09414735598144963
449,449,0.1369539260730963,-0.0886319953786157,0.0360095593126267,-0.0808029609191084,0.2755364291940114,0.4417322967102537,0.2228961908316605,0.3931766608859322,0.1177503034219447,-0.0759940604601401,-0.0171305124265188,0.1655711532545672,-0.2419642013545561,0.8510406087638751,99,,3.431999510354294,0.7846338807455119,0.002140845110322198,1.30818187113042,-0.0048596493892425485
450,450,-0.0064416434177262,-0.116240164089665,-0.040829205907573,0.219251889075734,0.036449574617073,-0.0393319826495922,-0.3019731171264235,0.3596921475813397,-0.0683796321518277,-0.2410622751464788,-0.3345909753920059,-0.0050196884605289,-0.061169991723007,0.7832904809436293,26,vehicle,5.561532721605324,0.682083826848941,0.08671702342568677,1.3588971631178905,0.09606042354767164
451,451,0.1802621187832514,-0.0217923252190926,0.0485466516782363,0.3072515282004008,0.2020599415878331,0.027093613314989,-0.1180027559629158,0.3110598121749167,-0.0149433992172388,-0.0284210937718522,0.2303751829265647,0.1032609597599052,-0.0314570648220835,0.7607678856154467,10,food,5.677763914985355,0.5896871359602224,0.08186271275299772,1.240029569916066,0.02242689361801342
452,452,0.048447960627649,-0.2135092624130413,-0.0723059731232968,0.0436384600778716,0.1405631921963566,0.2438581780711506,0.2372122402035436,0.1692828046160281,-0.0920081886566805,0.1710395439551153,0.2631889908404178,-0.4357590625571647,-0.129097621691196,0.8131501730350135,17,medical equipment,6.976304643069232,0.7299024932338248,-0.04193438515934189,1.2103969690101168,-0.0758500524656478
453,453,-0.0740576586749236,-0.2619404131139252,0.3773667324598185,-0.0238429200908111,-0.4494843742976163,0.1470707985130014,-0.0210684944339543,-0.1072264741423516,0.1056954635427916,-0.2364872445447699,-0.0087697051122026,0.1049056124146555,-0.0280801522064956,0.8015676199123599,13,home decor,4.53093439781316,0.7291414205776133,0.1651850373018917,1.3640139754030054,0.07813954745147478
454,454,-0.0243767414584538,-0.010639006337909,0.160596127794153,-0.0501217058693622,-0.1219491143507931,0.063750367985369,-0.3090775587963303,-0.0852097723253532,-0.0068128186905156,0.1302250626141767,-0.0774539019434329,0.1765017443332207,0.1863888229199126,0.7989905547131568,99,,6.958606001807046,0.4895240562239517,0.1694479285118733,1.511539382216327,0.34297291103283145
455,455,-0.1298920116291198,-0.2903835364306188,0.1035209415605587,-0.1855188666363462,-0.0181482242435336,-0.1070556864908379,-0.0282268519903958,0.1977684001872457,0.3799727149114593,-0.0193351486254435,-0.2142596045234288,0.0865685674492326,0.2334493724806476,0.6875635712525958,99,,6.050523211771916,0.6713276085754771,0.09113387699619113,1.3816645256880051,0.1240936398325807
456,456,0.1173510357585023,-0.0795166026966202,0.099483705354329,-0.0228734664116703,-0.1748214264632092,0.3696257553551424,-0.2528167727172404,0.1484390442972278,-0.0064925543964684,0.0818295644617515,0.1640347127457818,0.0734624752789797,0.0324149218400073,0.7498329809305421,13,home decor,4.762993757906826,0.5689847447044911,-0.058505171659548605,1.2329287490100211,0.025461211394313343
457,457,0.0144053754482086,-0.1754641667024577,0.1523511659412884,0.1895324831496176,0.2391084171531349,0.1734896294395188,-0.1496585937463885,0.0399915648507403,-0.0897546325698182,-0.0728533463371553,0.3577727509631272,0.1817520045596013,-0.0670598122969469,0.8129841195389977,10,food,3.6640721191926713,0.6166788388193176,-0.012182156449165094,1.2129460260856046,-0.01787080737769009
458,458,0.1811760980546938,-0.189619699120986,0.2084792781594437,0.0476890579201035,-0.1367031946547011,0.3265405302847262,0.0481622161251556,-0.1319167222034681,0.0099276950303445,-0.106301051267122,0.2347886284721544,0.0771193237799441,0.2221103139946038,0.8202327571730056,5,clothing accessory,2.7746510566676297,0.6175442663054002,-0.08817862095236151,1.210554946244106,-0.020685569077125265
459,459,-0.0741689415022403,0.0203209224141704,-0.2802342286872528,0.1886930411226478,-0.0406001689793235,0.2042615403623542,0.0700599183620882,-0.3350868056799113,-0.1166953537652202,-0.2378010648830051,0.311351467155701,0.0285964735209532,0.0178232400623994,0.8626840993109967,4,clothing,4.789277382047217,0.6699666281953481,-0.13003924403392586,1.325495860562147,0.06859126125913906
460,460,0.1632373248505746,-0.2083040688378623,0.085846220918157,0.2509862876338291,-0.146161479800671,-0.2170513927961844,-0.0332626345620471,-0.1249447628314522,0.1342971345126694,-0.13817169053264,-0.0450729176154204,0.2491367101053425,-0.4138833531593598,0.734692367253343,6,container,6.171536316434016,0.7057761798928182,-0.00010333653233574047,1.377050501811968,0.10261484688725897
461,461,0.11101283103982,-0.1432529049279634,-0.091241399495398,0.4315668903094841,0.2693590477535395,0.2344610168443366,-0.1057178879993264,0.1020049941642144,-0.1367918721362348,-0.0420895199544224,-0.0142666854141665,0.1965365329364264,-0.138041631182718,0.7910751661663948,7,dessert,4.983859647578518,0.6744604924874393,-0.10386201120279248,1.0261956402184509,-0.2329089917888647
462,462,0.0932972873139875,-0.0350839968533192,-0.1552026847829318,0.1523090285537897,0.0415817385096364,0.1838963641391134,-0.103185001187973,0.3391784466394157,-0.0036955600757413,-0.0235504754651613,-0.0199754847217584,0.0462983661698494,-0.0746579410147186,0.7520901314586997,99,,6.101138291415129,0.4765940725286795,-0.13938264554052804,1.1648107485924775,0.0025743277057446168
463,463,0.2316104472616454,-0.0120504069378395,0.1633956193569639,0.0507298666077331,0.0102849513492461,0.0077217096204657,0.2789033392578351,-0.1278979851439859,-0.1029606753500376,0.0840336829108305,0.0810150439606765,-0.1160556743933328,-0.2658267121052171,0.8190761764368037,9,electronic device,3.757102743515104,0.5345366123696094,0.20401376842002927,1.257322362254076,0.06671937879778822
464,464,0.0534915122416254,-0.1169773142091215,0.1206273383255917,0.3458510928498804,0.1916380105492998,0.2084308300605771,-0.0456607501235562,0.0896441215812983,-0.1640760113998602,-0.1082087379481354,0.1487566473109286,0.1860797564658302,-0.0415789475926236,0.7205892683308572,10,food,4.107095723911526,0.5814736202056876,-0.14471749689680613,1.1572856665959794,-0.05629597076925008
465,465,-0.0878980673492275,0.0553055152328689,-0.1051475218107079,0.209705710006636,-0.1028835145592317,-0.1223974122115405,-0.1897775358345662,-0.1062480062349391,0.074091961911957,-0.1418215293993865,0.2964601644140516,-0.2845510209199623,-0.1381088701752492,0.7100570106454963,13,home decor,5.6362843215773175,0.593483352811965,0.05147349906204113,1.2510261284786555,0.031564962318954004
466,466,-0.1440462494229798,-0.2658153702105398,-0.2785287542144443,0.099525712504438,-0.0070144709913429,-0.2980838222989895,-0.0995632749218421,-0.3205307150869779,-0.0086439717840954,-0.2432881724375752,0.1028674839607964,-0.1531240468713841,-0.0531139133950748,0.7644859882664762,99,,5.021313878298448,0.690333509408901,0.15522917843752637,1.4098754731379546,0.14299998868084396
467,467,0.1282698266928284,-0.1073476229423454,0.2519019976412436,0.2333386301710023,0.1084506545426243,0.0487870935315001,0.0369863525271047,0.1652157875243901,-0.1574347866541684,0.0839809827036312,0.1768094128634405,-0.0362616648448478,-0.4773491618083741,0.7985004346896831,16,kitchen tool,5.273964456282755,0.6935137933896851,-0.020383710415956324,1.2210201222662425,-0.047412313694504826
468,468,0.0058877749689707,-0.0031543287418493,0.51156590345293,-0.0934767817095971,-0.0981659231503551,0.3927774905416298,-0.0667530413924871,-0.0460905047903396,-0.1468102417120109,-0.1615662929378192,0.1508347062845562,0.0512277570838113,0.0074658302389269,0.7848154994075246,18,musical instrument,3.182638914942162,0.7169806490495828,-0.01245905455856855,1.2581277158789022,-0.02179324010900796
469,469,0.2027478130516676,-0.157346620901324,0.4938601212501858,-0.0457670916107798,0.1559619272151603,0.1061743819988171,0.1736783589820428,0.156774099091549,-0.2967145664935927,0.2550958830747741,0.0598833090245255,-0.0028846829598169,-0.3824915188040738,0.800143668915446,27,weapon,3.8577761097029386,0.839764271140389,0.005314977353521155,1.4449492441672758,0.10491788728708173
470,470,0.1427401571715592,-0.0745363906206799,-0.104888156534369,0.0178387154586634,0.0946334258436376,0.2192019908427488,-0.2434467596615165,0.0159906815307816,0.0822638381231085,-0.1230722764746599,0.2550940183863897,0.2666149416721378,0.1223147222512665,0.7103318361606418,21,plant,4.404283197422827,0.5716718436537784,0.0074528259418340514,1.1262553224144625,-0.08252772122988694
471,471,0.2474834389931814,-0.1206492232824639,-0.0613964979680303,-0.0708761260041016,-0.08608492487028,-0.0147658080994215,-0.2234968928080851,-0.090033204021961,-0.0557130580599859,-0.2220477395341945,0.1708330248477489,-0.0824656636522614,-0.0903377226235814,0.8273198620328589,1,animal,6.532746872772828,0.49682721424496873,0.05832760515281732,1.1189315440317222,-0.05321028800974159
472,472,-0.1248687167360049,0.0171670263838439,0.134654595171638,0.1217029665589704,-0.1774757727878153,0.0131331584552958,-0.1723514715187899,-0.2907051283663848,0.0492798866779306,0.0243308670193533,0.0356581940435687,0.2975040136196406,0.1382112815561027,0.7075659485443946,21,plant,6.291581956824925,0.5537309888814531,0.23797408279506493,1.1353109482550843,-0.06468890464809984
473,473,0.1375918744431504,-0.0279563118550339,0.3581980480263586,-0.0898534931358491,0.2008087934722399,0.0838995767792175,-0.0740900182448271,-0.0355093650779668,-0.2169455422743537,0.2264633385825224,-0.0123343083155107,-0.0300053152214297,-0.2279004669450224,0.7969166341371317,22,sports equipment,7.175371349780408,0.6012887961926158,-0.037082818343014856,1.1135966246370472,-0.10968580304567688
474,474,0.0475428080418853,-0.1480548133390093,0.2998975476287902,-0.0597610486889011,0.0125037608838495,0.3651271773887423,-0.1342156168454064,-0.1251968408737996,-0.3185164788000758,-0.07903347543709,-0.0698603928617871,0.0134907226331919,-0.0936590868283605,0.7695936017341666,22,sports equipment,6.048951890519097,0.6374843409668622,0.029523617607210895,1.2105756130198009,-0.030426838472658035
475,475,0.0594406842634524,-0.2084479577790737,0.1561360234077216,0.0889937679276394,-0.4738816262952161,0.2831848450782271,-0.1454039354158312,0.1356430614263099,-0.4356685315549239,-0.0013315387109218,-0.1219626302845718,0.1253698800073254,0.0531884452814396,0.7511784574341842,20,part of car,7.59860671821649,0.8042457550066408,-0.06415494499080276,1.2156671031784414,-0.10697567851930945
476,476,0.1894486418104014,-0.1551583300295627,0.102686398976659,-0.1285153968392106,-0.0401233580736908,0.0758757591691707,-0.1730606224729318,0.1707599729819378,-0.0590117280124706,-0.1581793350045347,0.1232599594035172,0.0533830955168755,-0.1835579249936759,0.7658427952561969,1,animal,5.104261677340301,0.4834676116448953,-0.03642722722948655,1.1614820523474196,-0.004119403588686232
477,477,0.1442160324576276,-0.1308228678022581,-0.0756042288001417,0.1307911058918477,-0.366653617138632,-0.0517346449552637,-0.0902932299748058,0.0817743389162664,-0.253636414888842,0.0507608817763801,0.2145783815551083,-0.0349648901321491,-0.2225954389989559,0.7351030937703412,9,electronic device,6.41192572424019,0.6135223800294084,-0.10242720996763921,1.1927429096109536,-0.036528636296635275
478,478,0.0318877879267759,0.0649415804210738,-0.4047875074791648,0.1229436735251187,-0.0188276474709945,0.0438951683144129,0.3313088136683396,-0.2943938862847236,0.1141098920219125,-0.1786221089683143,0.230333937843644,0.0047125431899501,-0.0635969678233642,0.8875516332191559,99,,5.4076932218244895,0.6963937822353294,0.43235774745369193,1.6757577789584004,0.40591540508305934
479,479,0.3552707776947049,-0.1403736627336038,-0.0781663318288525,0.0701323647204404,-0.1323732447113428,-0.0145401366277443,0.0675958123459817,-0.3415200090641649,0.3438804747270566,-0.0345899841442456,-0.0720463371688351,0.0684254251787632,-0.063198841772205,0.7946752749361939,99,,4.542624724390874,0.6551388185916502,0.0997572434850964,1.3705409971917677,0.12089555480606884
480,480,0.1615833202180991,-0.1953389101530582,-0.0872256058907003,0.0667300575287662,-0.0940094521901669,0.0734084327564737,-0.2103381380122513,0.3287598221735648,-0.0774043095345327,-0.0544369760789772,0.3263071655716502,-0.3595264561425713,-0.1535369984363469,0.7668299086431949,12,furniture,7.622375461776376,0.7149429729216293,-0.11467050630578113,1.1971258861573246,-0.0817974976230369
481,481,0.1545951662328741,-0.1215969306007456,-0.047814098874923,0.426663419255775,0.174044628966536,0.1938186478225806,-0.1133248586542605,0.0381229283641045,-0.0425878509763783,-0.1151664121388914,-0.094604863764865,0.1286557075319465,-0.0681083925557438,0.7550978493051665,7,dessert,3.8061814584517215,0.591932914027469,-0.12687103081726891,1.0743490579205373,-0.14435306973461448
482,482,0.1642371208092019,-0.0222052424683035,0.0558517427237181,0.0724593732783364,-0.2834594741458191,0.0068039707515937,-0.0977856389913785,0.2390879292434875,-0.4124026001101692,0.1090030194016134,0.2016453565453366,0.0919137823907218,-0.168385351475156,0.740384112132142,99,,5.878162996669805,0.6651146531292297,-0.011972564699072485,1.2038970132753979,-0.0506322352977866
483,483,0.1134421403301893,-0.0153471265128853,0.2266875298420408,0.0031495601788852,-0.4166384185810662,0.3521032911236437,-0.1358483999370794,-0.0519217860729612,-0.3170552734821647,-0.0881952500066078,0.1540612647352858,0.1004860506535233,-0.0479321307953703,0.7935889289146671,99,,4.295961063818557,0.7263945387317752,0.019762705085716092,1.2251990278098124,-0.05933062657871835
484,484,0.1504039613930926,-0.2264249050104649,0.1497270318373776,-0.1339393169651448,-0.2068251810347353,0.1996292267065078,-0.0557918206686966,-0.0162227803862215,0.1444417014483444,-0.2187625642688698,-0.0743477655340572,0.1663206584175138,0.3106726509281394,0.8138944817347922,99,,5.6466453600245625,0.6314111305322186,0.21380968575741766,1.5047856146668581,0.2667563863756146
485,485,-0.0496310607068918,-0.0307962014748208,-0.4856154301484968,0.0143504696570807,0.086982699433729,-0.3428093075066267,-0.090509784560225,-0.4766481898086275,0.0781684334353193,-0.1254071022380093,0.0163809468440969,0.0709659175105417,0.0004215026836123,0.8759429905665015,4,clothing,4.702230097041664,0.7918658846435987,0.6123347322266766,1.7789280277271247,0.46234598082319356
486,486,0.2505620237056024,-0.0598944457315288,0.0934627345019785,-0.1427909543715885,-0.0810934548316298,0.1445989218784883,-0.1997666846726611,-0.2397596410720834,-0.2096569697360401,-0.2042654747173455,-0.1110734708522268,-0.1765713844732645,0.1259561919576454,0.8124649853833065,99,,5.423573262449961,0.6045078852387122,0.04059683396896596,1.310995603678724,0.0861372269420968
487,487,-0.0172256123442712,-0.0388332859503617,0.0751972039800014,0.3440139911582087,0.1413225006145657,0.1470866701796414,-0.0617995502308015,0.1114221661354789,-0.1758136881706744,-0.0543284593582614,0.1382131946688521,0.1189965200888178,0.0218654593973847,0.8639796273300767,10,food,3.941393257942912,0.5012472487603122,-0.11286728399218304,1.1535269458141237,-0.02077877455504007
488,488,0.0974127488804705,-0.2268433396281823,-0.1109179410262624,0.3236350963864814,-0.0397665854131451,0.1397074182951388,-0.0568896596531654,0.1043639083806887,-0.3284410105072761,-0.043077117324072,-0.0641731249711868,0.0654100785213091,0.1631808902273452,0.740760780547366,26,vehicle,4.954933063837576,0.598306960613765,-0.03704864586564416,1.2159390134782784,-0.00588361582916197
489,489,0.2296930306372715,-0.2054896558847725,0.1219748608137267,0.2139108321464426,-0.0641615884269999,0.281627243800791,-0.0885975712131728,-0.1043541693372288,-0.0479172618378194,-0.3050071572161258,0.0653997103787499,0.2049151156767993,-0.1407261804345884,0.7707292861749127,99,,7.073768515128921,0.647446637559881,-0.12284391375569337,1.069626318163938,-0.1762533118301559
490,490,0.0172461620514218,-0.0937170038688115,-0.2521986695944841,0.194015893567404,-0.0328918878043672,-0.1944986125946042,-0.1708893460215139,-0.2779027371125358,-0.0383861789282256,-0.2549906374718488,0.1052270585158781,0.1430582125181691,-0.1937831167177889,0.8169233127117415,99,,7.494942710239398,0.6255040651771697,0.02596082884766071,1.2618920059633567,0.026754662278077213
491,491,0.138321022729376,-0.077949502409317,0.1007025147192889,0.3669799186559483,-0.2860530259341355,0.1195460500030755,-0.1762529495351853,0.1836064357800949,-0.2197254429546748,-0.0280062059925052,0.3135934690995176,0.0567725896667458,-0.3316980321866554,0.7866055642983428,9,electronic device,8.070284323293317,0.769135422296342,-0.1302338678732331,1.2761707950011068,-0.02928324328983467
492,492,0.2082031389328458,-0.1972423992871148,0.1024852213034473,0.1135124183612363,-0.0016009042396391,-0.1209695291448347,-0.267756613721571,-0.2395192089884035,0.4286739176380945,0.0709494211759905,0.0477268655532766,0.2583968917406557,-0.2208174920525071,0.7984648165106347,99,,8.258484992738177,0.7456158304176305,-0.05826758507396046,1.1648459987984006,-0.12909370172844814
493,493,0.1580890250379,0.2310101400817545,-0.0905549526200844,-0.0034882771337418,-0.3268769233224102,0.1430093649326716,-0.1914901782381531,0.1262132582301371,-0.406063578190414,0.0121190359809668,0.3280752555656668,-0.0604188780971526,-0.08031649466202,0.8382478589192996,99,,5.305401777809737,0.7411057431831384,0.16673463007890454,1.4129564134255366,0.12122468776624795
494,494,-0.0817404915945515,0.1538012748027067,0.044674700854042,-0.0934544595300451,-0.0201360550266605,-0.0338522910702685,-0.3206376935195464,0.1065129423122903,-0.1219922673222973,-0.0277094122955849,-0.03021737805666,-0.1103610441609653,-0.2198910046231067,0.784004402920965,99,,6.235027626337553,0.4835964324135205,0.05483915899428604,1.4045914853165076,0.23892696341188358
495,495,0.165792096717603,-0.0372855278105088,0.0062388378217458,-0.0916509302549982,-0.1083383503693981,-0.0055279807339711,-0.1694535848147317,0.0117237525906862,-0.0090863304862686,-0.2325613988159716,0.0990275848528411,0.0286347865822006,-0.0967489117741393,0.8059431643013756,1,animal,3.496638217306523,0.3899870480670488,-0.09131939620073948,1.163002623694973,0.043165855724704105
496,496,0.2857093231106329,0.0371799497742898,0.1839683095349719,0.2581606906137672,0.1404314700085312,0.250274014679882,-0.1182141666221749,0.2853105102609146,-0.1415070287610448,-0.250475412405931,0.1752234215669314,0.1012440072623176,0.0698608623914774,0.7961179198811272,99,,7.70826107464817,0.69988178408363,-0.05284908051416681,1.1386637761788985,-0.13288619668924073
497,497,0.1755467982798352,-0.1572868728743163,-0.1256252851915023,0.071312776637071,-0.0766269085299898,0.2596355433502055,0.0045607843950966,0.4332813389230528,0.0310910758443031,-0.0096665608475303,0.2120332303402163,-0.0634129937245124,-0.4532980486496197,0.7698467996776572,6,container,7.765042571129676,0.7700502567351236,-0.06609395925594219,1.1410509271431644,-0.16485098085489946
498,498,-0.0646114061787686,-0.0726099542039074,0.0625541952692421,0.0708735569359462,-0.2065434390960999,0.1131182316684196,-0.1310834693070985,-0.4353678044785144,-0.0258754709558471,-0.1306077774390171,0.0100662030946438,0.3262048779395705,-0.1964778433560112,0.7704501305535816,13,home decor,7.898923441987732,0.665889841219084,0.16285576364762755,1.4533080158361629,0.1983992633352183
499,499,0.0923231674534995,0.1158585356312101,-0.3753264074176511,-0.1045867902934375,0.0966993120430942,0.2703225056855385,0.0489465067102177,-0.3057009354685627,-0.1571281867907847,-0.2244566940474308,-0.0307700655039171,0.1198799102457335,0.2245938104118137,0.8244231435373927,24,toy,5.944036056409199,0.7020394268879653,0.1718146034039545,1.6005382705815325,0.3279319941792376
500,500,0.1648316599646164,-0.0999028485420982,-0.2727061259573508,-0.0078995221355937,0.0272237828936717,0.2443040441873774,-0.1871012831297102,0.1794731195137214,-0.1363101990880471,-0.0203289553415338,0.1360604643966664,-0.0650615277196527,-0.2715872163137473,0.8062239465058588,24,toy,5.45705918098576,0.5955862533865912,0.016270548223320525,1.062647339241083,-0.15784333064578426
501,501,0.1144231959059799,-0.3298210746270275,-0.0754934778989271,0.1731557800043316,0.1628851496380026,0.2984203556720375,-0.0261535600669854,0.2470860324366286,-0.1845290855424844,0.2425467507659286,0.3457406199837768,0.0546216957986878,-0.23306821319674,0.7225071748938411,99,,7.86887706801576,0.7775599030587859,-0.020075052042318964,1.1304609623362982,-0.17911739569140184
502,502,0.0701124494401375,-0.060142666463726,0.1011773323128136,-0.0327748635521942,0.1433955687251843,-0.1485128615446509,-0.3040960226663863,0.2333152759069073,0.0994787077908045,-0.3851783406992669,-0.0851512781226103,-0.0247658862949389,-0.0044964515851094,0.8176752773786518,1,animal,8.112809122906636,0.612793099758973,0.19647459384047616,1.443517690773955,0.21460317399347795
503,503,0.1082970463297682,0.0563482268694782,0.1479140425138536,0.030310992168686,0.0093369811486621,0.259435808702246,-0.3116409871543666,-0.0545699829429027,-0.2999731119069769,-0.1551226365986911,-0.0332645604216078,-0.2786092456495896,-0.0051727607105627,0.8428340149621162,99,,6.737710222212187,0.6308693205001747,-0.12401410678294233,1.1529440589611701,-0.08481991882125928
504,504,0.2976135253255113,-0.1668364725992154,0.052679292985705,-0.1592702501855564,-0.0911058779267695,-0.011232066012875,-0.1334723147415502,0.1441653532221311,-0.112448723114062,-0.189295332224184,0.1701886262458122,-0.0038923981071236,-0.1104436089903831,0.782437103730187,1,animal,5.937819329314404,0.5303110746407755,-0.15903274921262256,1.1478089425675235,-0.040725371122060094
505,505,0.0152083444927368,-0.143101349923132,0.2150985041668147,0.3068830999679824,0.0737668072640433,0.1995879107886994,0.1118635158668802,0.0295783419701257,-0.118964047294163,-0.2872456261900277,0.0261380975891683,0.1715499663815216,-0.0580513673447808,0.8412805436433486,7,dessert,5.381492876990977,0.5915776709706949,-0.07705947929093915,1.0749152809678235,-0.14361293259200125
506,506,0.1866958304717998,-0.0496033932545497,-0.1329147558010339,0.076227136488158,-0.0424068958032955,0.1200226359455062,-0.2251942887031038,0.2894489306167103,-0.0182858423669518,-0.1215412204953963,0.218880425554735,-0.0370987512594553,-0.246661939135082,0.716676126751656,99,,4.931906677017473,0.5802787071743005,-0.16598602389586192,1.0833927887214951,-0.12960386263236723
507,507,0.0811286988881609,-0.0343405013703632,0.2137493588941721,0.0158652688963373,-0.272321419781737,0.1991002366079474,-0.1004446887702629,0.1281530919552353,-0.1466923261273575,-0.013462804455207,0.2517949023967354,0.0649931738335708,-0.167409437997321,0.7382119597329703,99,,6.577609989777018,0.55800038751651,-0.05604822332777548,1.1376339839874254,-0.06445601138877044
508,508,0.2106409193192712,-0.1876878676679935,0.2360863959546971,0.1836880016142229,-0.0236028383676155,-0.0190950215654301,-0.1388848672950835,0.0031592091464844,-0.0756259690862344,-0.016735020795334,0.2589415329062255,0.0649455232722323,-0.3011674722109915,0.7882867725897872,99,,8.527483023766083,0.5977164332215299,-0.06738714253230138,1.1161361946989667,-0.10539733384991412
509,509,0.0888501943928987,-0.1141595361424795,0.1840590946712403,0.2195776323593656,-0.2372674276293792,0.2314582222168071,-0.0960308786292196,-0.093882429698808,-0.0404817758083749,-0.1057479594796928,0.3091829993518253,-0.1060143233726803,-0.1853355830036032,0.7617261787207231,99,,7.536587986520928,0.6204250737068129,-0.07497963194900437,1.1269166762610423,-0.10573417770995053
510,510,0.2015985321385838,-0.170412769629334,0.2627538434532183,0.0327970810288911,0.0037813941227482,0.0975565306893624,-0.0283771803518193,0.0898443902388621,-0.139368486976527,-0.0820700122302074,0.2959822251084164,0.0735047277465697,-0.2135826722841411,0.8024929483988718,13,home decor,6.129363237221807,0.5683235064479112,-0.017093230545635496,1.1100860471826413,-0.09705777220410816
511,511,-0.0063080615251818,0.1114618797285368,-0.1396695994681604,0.0980932034708854,-0.0849576808470193,-0.113328060525054,-0.2237863074291429,0.0420133343588845,-0.0824424775001623,-0.0571967535509494,0.187519336450577,0.1171958673608569,-0.0892631467959546,0.7848173878280587,99,,6.226492677522395,0.4247757258930587,-0.11097858180598363,1.1609425285637127,0.02407448773290355
512,512,0.0178519941445834,-0.0294566662405028,0.0773819117690539,0.2255689912233093,-0.0853748120332096,-0.1309050570829538,-0.1512191526181496,0.1977149753217591,-0.0173130768629768,0.0967684067871549,0.2967802716344963,-0.3897945415208536,-0.2812683807206378,0.8432928493308529,99,,5.426749535175516,0.6879194999727839,-0.09547094912203535,1.1646314745367123,-0.10106219859660914
513,513,-0.1933530075279854,-0.1535881866484181,0.0848799189566569,0.3382601276162812,0.0497030488971995,0.033840039588509,0.0454779789444851,-0.1141869307227728,0.0632408424537615,-0.0827671779442088,-0.130502293030997,0.0915428100813972,-0.1253833793975829,0.814944149575236,10,food,5.9980366833350685,0.5032925695191064,0.144104884744638,1.142797473699454,-0.032509561410803745
514,514,0.1368031545137806,-0.1739484240842469,0.0964258862486989,-0.156078781221144,0.1168630379310653,0.0545210889201692,-0.3640963052291626,0.2042734248251025,0.0239726124383325,-0.1145749938947987,0.3331947301394835,0.0895947775199019,0.0815931504452205,0.8001677565320858,1,animal,7.038496396805084,0.6426200083095094,0.0410314924049866,1.2483162634916516,0.004799575836754055
515,515,-0.1012508632129928,-0.0175750957780097,0.2773963040344391,0.0553611958514158,-0.1059477731085468,0.0798422793200839,-0.209899370107275,-0.0866054835231028,0.1881162762093056,-0.052827278474841,0.0421236290116546,0.1384926811174811,-0.2902691123481094,0.7397494398174004,99,,8.143634446840618,0.5505646224431144,-0.18071833681594418,1.0983734543801564,-0.10007626054257579
516,516,0.1125189824165205,-0.1137304149687041,-0.1456719384420461,0.0399639040599619,-0.153061440001953,0.1654205494464759,-0.1544778303122141,0.3148617744291515,-0.0043838742440449,-0.038301367204748,0.3610528922926082,-0.2955565827773946,-0.3036930872032737,0.7859478216395369,6,container,6.038032198052073,0.7305027341314835,-0.031113609779497287,1.2294723001451273,-0.05706857746857974
517,517,0.2545243825591877,-0.0940649514749713,0.0119244467425935,-0.0510322233116314,-0.1056200605413571,0.1889738215744241,-0.0780075294408638,-0.1308677475972059,-0.0237958966413805,-0.0304554435115974,-0.0016982742713373,-0.2189678308779112,-0.0097895243018816,0.8100129784759982,24,toy,7.343934648550963,0.44271323643708205,-0.215420175591012,1.027089170723928,-0.11856042363535879
518,518,0.0710029504841945,-0.0397720443203816,-0.403872085023132,0.0594918530804576,-0.0183180003858442,0.1939265500357268,0.0029953466635418,-0.3720629030481931,0.0406802334007681,-0.2852417287771024,0.2160474822815719,0.1027296739478589,0.1816082190982937,0.7935971780604252,4,clothing,5.802254077262439,0.7231093824470302,-0.06290875369546234,1.4697374640032868,0.18681610278861083
519,519,0.0122741573777802,-0.0104797833998651,-0.162735597645923,0.1234357720051146,-0.2435598148166368,0.0105386430693748,-0.124671511068523,0.3051832641887561,0.0546653319544925,-0.0434160546010104,0.3681901523500717,-0.3101238484974271,-0.2896709013778156,0.7556807554088144,6,container,5.832929528318045,0.7284334391484654,-0.02364203318662028,1.2251300945600971,-0.06039773140327176
520,520,0.2832691931610304,-0.1070515317451434,0.2126281705474982,0.2237983696474804,-0.1834339760641229,0.0647781256432796,0.0761584704101756,0.1692910770868087,-0.2543125181233648,0.2815858552573093,0.2246447649517228,-0.1544073173156573,-0.3140105821666638,0.7932118371402381,9,electronic device,5.216100756736704,0.7590630490756515,0.09144941402586981,1.3501555402210217,0.04963256994975995
521,521,0.1299176555685619,-0.2619041354737262,0.0230219461561778,0.2880740142303157,-0.0175205897212521,0.134428573655373,-0.0856161069769504,0.0425921537978749,0.1687306611557997,-0.0699828190341621,-0.1218647066695827,0.1816102149502885,-0.0914115108658466,0.7457865034694303,8,drink,7.80769613813594,0.5348534519877929,-0.06976299257583757,1.1794419482992242,-0.011316148323976538
522,522,0.089332445094977,-0.1354395837918924,0.4110611886177979,-0.0535209288073124,-0.105197179924967,0.3002749074111766,0.0125776912775444,-0.1460230152573211,-0.0835273632470399,-0.1345485663241576,0.0819041604758117,-0.055047632859137,-0.0616819049348496,0.7437413406639399,18,musical instrument,5.622592902076236,0.599579578616746,-0.008805801718794415,1.08965854581913,-0.13278711103090357
523,523,0.1018028354893688,-0.0410399838637283,0.4797829212686637,-0.0748434783018155,0.2314793897282578,0.3025369831888208,0.1865864445485439,0.1179952967353642,-0.1964103235652567,0.0826583831178897,0.1295436135296879,-0.4399710050845523,-0.1799753070814785,0.8028189936769438,99,,5.579672956821378,0.8543105925626207,0.028917235215324855,1.2767329949588397,-0.07041971245091982
524,524,0.1029287943641879,-0.126957806592899,0.0541042198239997,0.273829555850079,-0.3426598886764386,0.0237330675617461,-0.1795329982981353,0.0713535691257299,-0.1318760070787297,-0.0869071465165862,0.2614064991204368,0.123335022563073,-0.3040427384720167,0.7761312874117753,9,electronic device,5.727121095698892,0.6788637613555337,-0.005555452776099146,1.2457666871152462,-0.015493625367938524
525,525,0.0997502130534176,-0.0622166111070187,0.0781648881857249,-0.1342845943852687,0.0391467611691169,-0.043588983511365,-0.3361755075912452,0.2045239673126274,0.1171638681700502,-0.3106211432617219,0.0051907845359456,0.0476348414672002,-0.0805416376804445,0.7647920765255614,1,animal,7.56617117384063,0.5614583258363894,0.028227297688904862,1.3823582482748549,0.17857537191722783
526,526,0.2109438753216196,-0.0792204874613516,0.0614120789541069,-0.1403017916090626,-0.0241372837939095,-0.0009066505588534,-0.3028010682778308,0.1316592162602839,0.0028757474079951,-0.2555499615291506,0.1858427938431779,0.0415519566981609,-0.0877545441184454,0.7829263496452201,1,animal,6.19099213535093,0.5414003406936235,-0.15124966080177982,1.211123207468946,0.017159991970740807
527,527,0.0353858518203246,-0.0602823048596535,0.0854289606466887,0.0066765057418969,-0.133181584484107,-0.0614182323641757,-0.2922873963356832,0.2672735604094986,-0.1144767468630358,-0.0343605324735024,0.0887346821099364,0.0743412688899208,-0.2417853542262068,0.7524937807548651,99,,6.578120340543005,0.5260718649093967,-0.11235151550538425,1.1117650439410185,-0.07469390666609144
528,528,0.0843446803381787,0.0692520638847022,-0.0370989930930624,0.1463832873534813,-0.1540688674707713,-0.2244961281564529,-0.0438552903420583,-0.2253050391396464,-0.36843726385245,-0.1440685777614507,0.1993278100714753,-0.0399436213198779,-0.2807326978800483,0.782720704208636,99,,8.025647472211526,0.6619481392802409,-0.1743488742033461,1.0839270031445514,-0.1690520352812821
529,529,-0.0833334187478315,-0.2016521517367713,-0.2347094972606441,0.1317880908410441,-0.1392916336484319,0.0516865836087039,-0.0839626629966253,-0.1061387624540877,-0.1063648996864019,-0.1796647872531059,0.0515977341018598,-0.1939320157840726,0.0531960557693097,0.7605720264725894,6,container,7.904987205059713,0.49714004736938583,0.16415361937397965,1.2287241318407285,0.056429148066151624
530,530,0.074228240411075,-0.1228425950243985,0.1627097194315131,0.3012628610243756,-0.0228971693649687,0.336550477407781,0.0177908258328017,-0.2068709434088875,-0.3436702401418506,-0.0584089689741024,0.2112580211253796,-0.0009407962146564,-0.0085701967324035,0.8334134799985123,22,sports equipment,4.951995273125127,0.6789415515720717,0.004927612297985995,1.1579602042924355,-0.10333819145480327
531,531,0.0654698465069158,-0.1529215188760994,0.039616045415004,0.2114658455676494,-0.2150564145898706,0.0345696771879412,-0.2458852897710082,0.2668419878527537,-0.2403486811395466,-0.0565870500944611,0.2793863891993364,-0.0229258184837152,-0.399146849277423,0.7204301606005271,99,,6.387992818009113,0.7429247677605622,0.0446804749807157,1.2291123111119402,-0.06350994289893097
532,532,-0.0295358604848706,-0.1243187018968204,0.061866008898414,0.2270523718063588,0.1735587231884049,0.1399911951607757,-0.0894904484811174,0.136136384229176,-0.13943334605433,-0.1229885281656394,0.0603776785999186,0.0545492704596655,-0.0762330906758964,0.8041092316766257,10,food,6.662659882707001,0.4415539797584595,-0.11005281787884524,1.0861182668300817,-0.05896379757282788
533,533,0.081636825774035,-0.0540302494223258,-0.1380672913502932,0.0747063432642926,-0.316177884095396,0.0707894656776876,-0.0348225429947346,0.4016753830055365,-0.1091391393191835,0.1482819622453925,0.215001601055731,-0.0142062900714653,-0.4263998721123164,0.8039110860103892,6,container,7.8288264950971875,0.7509367680605771,-0.03747328129928307,1.1933292150346972,-0.10321542326311772
534,534,0.1576590490776445,0.2083158946896228,0.2242205178930327,0.1702468911367341,0.0899420180850191,-0.2814922602365306,0.0051723611448763,-0.3353941374730954,-0.105215309309071,0.1238443744057817,0.1496185483824656,0.0084018098071197,0.0314763048923084,0.8010114208284941,23,tool,6.350004838571803,0.6302451276023535,0.08626101813423093,1.141107107743275,-0.09635128787206049
535,535,0.1755276252394706,-0.0407371904819124,0.0096683242122045,0.1458503904034,-0.0397519186800766,-0.2275392874498385,-0.1133702800866757,-0.1044817370458781,0.0091937488644123,0.0806961035549051,0.2259914395291491,0.0938758650260282,-0.309000790999493,0.7985797480917023,6,container,7.519762692868923,0.541222282153763,-0.013993081587570622,1.2470012317850088,0.053125187279408737
536,536,0.0561700856746241,0.1292298530782649,0.1116038576639822,-0.2032682969585882,0.0837202571744271,-0.2135151887637826,0.0041085177657436,0.0846728098493023,-0.2051855300716626,0.1765793101395043,-0.2021731565246524,-0.1443712805832447,-0.3169484332631113,0.8611556271807708,27,weapon,6.4502175145927225,0.6073448383989989,0.2677470675157918,1.55426802396063,0.3280207780175597
537,537,0.1167895147129006,-0.0127288833114587,0.052854253238685,-0.0576973034696008,0.0863540912471603,0.0127588162328524,-0.2825864696102123,0.3014505417566424,0.0694469871872629,-0.3509426246600255,0.0401074684078283,0.1079650277739282,-0.0943756124983225,0.7808778269304587,1,animal,7.6237087620915105,0.5902771779771229,0.09782228279076177,1.308168925218925,0.09027738578444411
538,538,-0.0470711038468009,0.2382587356093385,-0.2053259768900426,0.071152864023727,-0.2170145227200969,0.2071790080761321,0.3958586068692973,-0.1903130178488715,0.0866266122231645,-0.497967899738015,0.2543274626350387,0.0524294270636884,0.1772925577524772,0.8889417528698659,3,body part,5.835713938594795,0.8622563886872656,0.005594478279701498,1.4631824706364929,0.11213979009898556
539,539,-0.0030910798299368,0.2856418984077075,-0.1068470779526131,0.1677700816907696,-0.2701475158480671,0.0897026016041047,0.2934084879561994,-0.2472185605088614,0.2165801820918587,-0.3195066444505123,0.1653006230988963,-0.1836296506252265,0.1479144282244245,0.8301815570754697,99,,6.405248502299124,0.7624369059678381,0.234982421327266,1.4856145638845875,0.18343987584438293
540,540,0.252083069293843,-0.1473711374993917,0.0727876243870264,0.0683120474953662,-0.0386866335373902,0.2846188213202025,0.1093741841700965,-0.2322906490837135,-0.2629443776265144,-0.085148482965117,0.1517264366260532,-0.0625758372360682,0.0951298481139959,0.779563935342578,5,clothing accessory,6.059827332382264,0.5966835273610562,-0.19699694320558925,1.158671935320044,-0.06235592004295265
541,541,0.2176526522087979,-0.1492003527449734,0.1012889489468976,-0.2072609389290725,0.0710712994955957,-0.1379076593454805,-0.4410338192084836,0.1679921989926397,-0.0138918646199552,-0.0744211483845204,0.3791385705906123,0.03720569247858,0.0477558516639588,0.7858384368821708,1,animal,8.076738736636425,0.7230451319546833,0.1402357908383427,1.4103412446484074,0.12745133814069276
542,542,0.0471555198449992,0.0832404180661926,-0.0917431683964383,-0.1234167997633098,0.0013451925330174,-0.0079210775245664,-0.1374283015289315,0.372597835121882,-0.0292314017896294,-0.3188262580372321,-0.0519768102021648,-0.0781206683191484,-0.1862643555701409,0.7605559525687168,99,,7.805834524038714,0.5801593392436724,-0.0638484190405273,1.2276718757774518,0.014733662626026822
543,543,0.3191981196776409,0.065507897524562,0.2095248390058376,0.248997099111817,0.0090587769154333,0.2362893548120893,-0.2046074037369041,-0.033722339424345,-0.0875361854517463,-0.4021211845846975,-0.0082956056249962,-0.0163220408821469,-0.0617389030705531,0.8174086712430445,10,food,7.325672919119687,0.6960646473899665,0.36917961612822847,1.330465777722383,0.06078453631052105
544,544,0.0777143155132872,-0.1388025974923849,-0.1016788694122196,0.4236731784075688,0.2774317448610228,0.1461350797046165,0.0387739016126564,0.1222448425229987,-0.1366754606297163,-0.0905818964419957,0.0384118597141564,0.1160403968302653,-0.1521008955039602,0.8041024851339422,7,dessert,5.966681949087717,0.6283908581588399,-0.07153143819574403,1.077337503945228,-0.15921310871246286
545,545,0.11967444529571,-0.0168636383904441,0.3459812508989981,-0.1515516900515094,0.2189453229040918,-0.1178894215598764,-0.1838558604570281,0.2154887021351924,-0.0580700164334367,-0.1302826170274249,0.0976494379550875,-0.0650398770175791,-0.1121058189823204,0.8346746311082671,1,animal,6.159948285035129,0.5882428276575111,0.195768912204074,1.415817321524953,0.19892172610307646
546,546,0.0834797294880436,-0.2483495883462094,0.2366758603576006,0.3623002773645682,-0.0393977254064098,0.1771535821753247,-0.0859888784941557,0.0290296858236324,-0.0499614342412236,-0.3586648493932907,0.1982569309302564,0.0839063781784314,-0.1089561743736561,0.838140771121486,10,food,5.804861199509896,0.6974595883969428,-0.029452524382655,1.1619858000038368,-0.10837835384962458
547,547,-0.0048705488444686,-0.1539241338466069,0.0748171223276267,0.2698042554572586,0.1803403953720732,0.1969506159030946,0.0001388220799849,0.1136289679153333,-0.1443587106089187,-0.1530193867096988,0.0976385164375886,0.1116155488833146,-0.0832548547720332,0.8385834957410397,10,food,4.294521399813682,0.5094203723221089,-0.10466053862397218,1.154541398049809,-0.023765586701981034
548,548,0.2198454461996702,-0.1425212589905343,0.3646412706458474,0.2898768287804346,0.0062188234356312,0.1833251834260764,0.0765474452591996,0.0560672245236197,-0.2575457161138921,0.0697970080342395,0.064479281735651,-0.0528120776916846,-0.3243325891981685,0.7375879222931374,16,kitchen tool,6.657838704213661,0.7152801851330804,-0.07821667954504397,1.1041808651804286,-0.17490760544841444
549,549,0.1049626618526115,-0.2225621680632047,0.0890221527537754,0.2991043724964707,0.1418408536777475,0.1527853574245962,0.0135019890272554,0.0819281296439793,0.1063864618458241,-0.00475331938056,0.0102833104082777,0.2118188838147846,-0.1923299169443454,0.8108843616465569,8,drink,7.0459406642368165,0.5491817731754851,-0.024174334336381276,1.127332330098246,-0.0704403920592025
550,550,0.0839731921578288,-0.0189947543937072,0.286977736220063,0.124039565357054,0.270989306878755,0.1362019948536457,-0.0671427844439396,-0.0010401204153545,-0.056718372539315,-0.02993083217567,0.3107724490940382,0.0398061576421192,-0.0242522821961764,0.8455095479944722,10,food,5.452323425813213,0.5518285990647925,0.11712895677274748,1.172706142389156,-0.02636236956980742
551,551,0.0397469575560686,-0.135471530647186,0.2386983418183541,0.3490597467778839,-0.0840740511666148,0.0124483664373041,-0.0031859792166391,-0.0795942821025362,0.1189974628598344,-0.320362378881952,0.0235061457117893,0.1398592841810472,-0.1866506266511643,0.8269864892733038,99,,6.963534945967692,0.6197296460787968,-0.18399619816273605,0.992969871097082,-0.2393405267707287
552,552,0.0574040354162585,0.107109930350678,-0.3501327297684177,0.3370111406505247,-0.0855332050429337,0.06815852974805,0.2709696173122911,-0.1832820525982092,0.0589183087634394,-0.1967401960319795,0.2729629692640246,0.014180884528941,0.126027085206588,0.8526934882771121,3,body part,8.147264829010174,0.7090037620606356,-0.09120433292544117,1.407554400387239,0.13153863848476988
553,553,0.0815367756988582,-0.2884418308364125,-0.0569803291749784,0.0781298622429256,0.1098998546946628,0.1296547151372158,0.0323325694876695,0.4142224421241982,-0.3238107794650135,0.1795874671776263,0.0993617521545742,-0.0739015331134858,-0.3228447807409514,0.8316364805854537,9,electronic device,3.3428352580679457,0.746578826907972,0.3096165539496133,1.2041741705479254,-0.09023697807685838
554,554,0.2039526540016226,-0.1282108554046267,0.0731704463432651,-0.1573846834300287,-0.111216176774651,0.0337897121958531,-0.2523807325385663,0.1169448419915297,-0.0246299624375394,-0.1775970172172074,0.1417461960940903,-0.0727620769167509,-0.1399601720110168,0.8207385448942529,1,animal,3.2770384024476646,0.5061264302859231,-0.08815249460308816,1.2397876395721825,0.06309324917898418
555,555,-0.1143689832328828,-0.1841122556893659,0.0320833567346763,-0.2325422534196259,-0.009585263257038,0.155409967176146,-0.289833922381054,0.1018596573037016,0.3382791134522635,0.0956904051636753,-0.0135282502010348,0.1938249841471257,0.2409525980797357,0.8041238335622909,99,,5.755956967954225,0.6634039197478044,0.01254221036398584,1.2912699472641025,0.03757821160694208
556,556,0.0030265595560584,-0.0922436922415735,0.0510268357745887,0.3025890025927778,0.1329732371387662,0.180947920079734,0.0477361121103496,0.099020268900884,-0.1340299543643473,-0.1082625628553835,0.131253693584105,0.0448080744332702,-0.058029503360598,0.7871505835947149,10,food,8.13122491513175,0.4663445217501897,-0.10256481451619859,1.1639825127197427,0.006763899548481778
557,557,0.2183853959276005,-0.0577352620327134,0.2217477918336005,0.2511793085433824,-0.1151466297176084,0.2093530145290988,-0.1815123735627239,0.2781636819598758,-0.4627783141231009,0.0274119443893268,0.0020084958772362,0.0675708037840508,-0.1083648013476247,0.7037007701111949,20,part of car,7.123030240103713,0.7496171269882306,-0.10072111951322982,1.2280293528529305,-0.06786923711578385
558,558,0.1254078415329242,0.0186559899618058,-0.2421233107132114,-0.1827136443748562,-0.1851810745459876,-0.1779637054266876,-0.2784387566846422,-0.1285358516340508,-0.1913442910719286,-0.2708375110854251,0.089719694514366,-0.0129787739546113,-0.1614509996390642,0.7870745580756925,19,office supply,4.811342946650514,0.6421416945564189,0.026238485967104985,1.3323569947451444,0.08907447212757802
559,559,0.3435523844259957,0.1508702503015447,-0.0062124728843394,-0.0732421806010934,-0.2116617244135805,-0.0924970857727274,-0.0808716034479063,0.0202946497836545,-0.1936912748675034,0.022366084191723,0.0773641170406764,-0.1982874537564315,-0.1721823574355488,0.853934515776621,19,office supply,6.408831976182341,0.5652150099194638,-0.12367665781643111,1.1695310955965874,-0.03609091681529497
560,560,0.0841775461562294,-0.1941632949937158,0.0352682047352548,0.3660215929633409,-0.0734031786161368,0.0977929567903807,0.0812285819767729,-0.0119615104580798,0.2340013198803816,-0.132522387263493,0.0405188758737483,0.3260430464196732,-0.2207484112694763,0.7976876670240515,8,drink,5.179402123173957,0.656268280356434,0.01799142878584048,1.1330496574410405,-0.1171487283936099
561,561,0.2126730112774542,-0.2321527158750247,-0.0228629734998867,0.4343746314689721,0.0599298909555873,0.1189508695351791,0.0905202856323731,-0.048234379581318,-0.4013144352884588,-0.0026149397565268,0.1186027090028135,-0.118434473141727,0.1357003011930055,0.8050185885835348,22,sports equipment,4.255357442637889,0.7239876522072587,-0.07498087402864462,1.1714665419180736,-0.11188478826542658
562,562,-0.0243971937914285,-0.0199922393596273,0.0513918815381415,0.08158229398129,-0.2017327468090923,0.3309549900305898,-0.0557812778936314,0.0553727328642863,-0.287541798016259,-0.3121599129656813,0.0664422780513631,-0.037452875963554,0.0901841961652329,0.7699574805739164,20,part of car,5.284903769712635,0.6006423946793253,0.09302381977252383,1.1064423064498152,-0.11652366653447577
563,563,0.2040775999698801,0.0141453487153538,0.0074459160426766,0.0122396927184035,-0.1284844670992363,-0.0268727337688844,-0.0454773421887512,0.182990565695053,-0.1424769090464897,0.1448704841561137,-0.1314382044300183,-0.0679516467501773,-0.2197727631214906,0.7723499430980699,99,,4.353011652978955,0.4542221586583032,0.037464372189166095,1.3098934359093108,0.15860949132663604
564,564,-0.1889251731067748,-0.0119502858820134,-0.1647661059673843,-0.1470317760778019,-0.4177033780845126,0.2512963731428779,0.1568552455030072,-0.1136511907411881,-0.001454416748054,-0.4387520154165059,0.1435793530035833,0.1490400364319506,0.2175437203491649,0.8402219146377473,3,body part,5.535688251936105,0.801502690779672,0.09607633721343167,1.4780868098906017,0.15678693278833866
565,565,-0.1834505089157549,0.0269192874076985,-0.2363045635958619,0.0220767498150076,-0.0750060851528387,0.1481571857730323,0.180866504313535,-0.2454003580178924,-0.1962404944834753,-0.3071428482648705,0.2317820130375465,0.0436702958107342,0.0830116845816008,0.8404914921763446,4,clothing,3.5068933466512053,0.6376397544970406,0.07396293125868203,1.4545038304949995,0.213425294184028
566,566,0.2683467483320318,-0.0116491104555632,0.5219549561196112,-0.1289922367774856,0.1190123169105702,0.0405235585126592,0.1041739324307957,-0.1027877746651081,-0.294863101625072,0.1970629127372711,0.1375553026589069,-0.2391762311023536,-0.3984008732229055,0.7905584779541779,17,medical equipment,6.05413517261485,0.871248130297136,-0.08301063609072812,1.181484924288285,-0.17395978628942932
567,567,0.4441179946323915,0.1078142676608359,0.0745856366039931,-0.1857931701660723,-0.0516162903202084,0.0038463514607846,0.0201703964305392,-0.1350970111578485,-0.1254585525204533,0.1790866099429754,-0.0184690755042044,-0.2123337423212075,-0.2947757171830139,0.8666035104176956,99,,4.82562160999148,0.6711298104522806,-0.05517729468669885,1.1990458919745501,-0.05842815910536725
568,568,-0.1396196558506082,0.0070242060761778,-0.1343251212581863,-0.0145372339277864,-0.278996951732139,0.2761342965365765,0.1828930516159106,-0.1325771423028018,-0.0459347904280677,-0.351574401098924,0.2280376962751565,0.145874084294283,0.0975084318207967,0.7656638466940509,99,,4.756304237812573,0.6718753389426778,0.12344013881998372,1.3493665468458493,0.09152751210059229
569,569,-0.1008581279600582,0.2995722383259792,-0.3105344362029791,-0.006802135552352,-0.176488535817272,0.0855786933143017,0.2527738641142938,-0.0875268073305046,0.0347010922719943,-0.3464038516896245,0.2698997873780457,0.1521216349913747,0.0604679679788145,0.8797946633312489,3,body part,5.297030766820304,0.7261296949947695,-0.08309226039356277,1.4293779643181441,0.14497796780200822
570,570,-0.1674907081161005,-0.0684470060381323,-0.213456733012331,0.1818972506460965,0.0346788702135834,0.143004305776679,0.1497502577040562,-0.143232222044108,-0.2568184771741369,-0.2467094386328625,0.1050174656734757,0.0596324796764259,0.0623584194840568,0.7494073758027556,22,sports equipment,6.095437153941566,0.5668126072731455,-0.010796853128120398,1.1264380844011717,-0.07996605363755727
571,571,0.0366273457431988,-0.1110156473722401,0.2475800361445168,0.147031772906845,-0.317547412901812,0.2088545705471224,-0.0551287393434977,0.0178231694523229,-0.1323117287893365,0.0068870933107087,0.1896351233471212,0.0425388398848334,-0.2509339956488383,0.744014754119284,9,electronic device,4.983156676169127,0.6022345191173585,-0.02173645839080751,1.1548915287013435,-0.06885389056911251
572,572,0.0353300022735771,-0.1143233553882401,0.0424639535970224,0.3073977612411893,0.17924550800338,0.2078513863743073,-0.0009974395783827,0.0779722414874686,-0.2147502016061097,-0.165326173743776,0.1203612740859943,0.1492251348245184,-0.0373922083276338,0.7336425778498951,10,food,4.548017651020092,0.5510262907754082,-0.1419607176352523,1.1736702713691483,-0.02500545959758793
573,573,0.2181109560159052,-0.2075972540450124,0.224191744560356,0.2587222973337414,0.128481154035385,-0.111426896901538,-0.2580530643173104,0.0454101313136966,0.1781011045775737,-0.0858880230341388,0.1158690172483523,0.0636822906115891,-0.3022328196591205,0.8142765975644668,99,,3.8611961385468314,0.6733256978163856,-0.07711317507758242,1.1336699909284715,-0.12487908683271631
574,574,0.0502836916118063,0.0827395902907513,0.1830240036827838,-0.0820718876864775,0.0187684203253645,-0.0859413143493854,-0.1504675252799667,0.0951574417610532,0.0679565018291744,-0.1788924696271912,-0.0031690052924025,0.256489458727171,-0.0341014104602155,0.7620610723736565,99,,4.712505014828401,0.43888704831008146,-0.13640156011289672,1.1656797358356852,0.021903304185616923
575,575,-0.0674377638019129,0.0771323161870429,-0.0110923801122129,0.0754678467959127,0.1276015773554865,0.342284633498251,-0.1050503062723898,0.3049296365820042,0.0221877961077918,0.0723686319414967,0.1759822977442156,-0.3821116254798953,-0.3197952350696232,0.7527912049574438,99,,3.1429178711450048,0.7339971655086986,0.035558088550218026,1.3641361472256286,0.07588452295533865
576,576,0.1588988321616117,-0.1636509871658408,0.0903994366784615,-0.0247863653961943,0.1802367205345311,0.253539816843998,0.0821688746294786,0.4321639566248124,-0.0197574017617256,0.0300946078601495,0.0860485379995692,-0.114755957349456,-0.362475757135309,0.734653035698332,99,,5.363175545660519,0.7101830929685194,-0.08482746698388799,1.2078823681624746,-0.06871075130976156
577,577,-0.0105886275919222,0.0020090504574256,-0.0464213143550624,-0.0089229038098564,0.1780704001388295,0.2748258529581221,-0.3084875667522835,0.1191232048255931,0.1231224685045217,0.1033194478046738,0.3618102165022923,0.253745775957411,0.0469502570970451,0.7679033026594003,21,plant,5.204443246485146,0.6650382502937345,-0.11273123370569482,1.2420314890752715,-0.012460355445216731
578,578,0.1492377212291814,-0.1459061628201852,-0.0356490539401436,-0.1036115771775559,-0.1446298982153195,-0.1701931285563149,-0.1819015190787301,-0.1156288595823199,-0.0153426533830757,-0.1947093320243391,0.1039251571346995,-0.0323819117380719,-0.1302489546543452,0.804157111196031,1,animal,4.377892583775533,0.4678347589776609,0.16716067124887424,1.2226135246830914,0.06466534550259806
579,579,0.0590077583995012,-0.1519499615346692,0.1412701619592601,0.1288254316823191,0.0249816585023442,0.4846373222027953,-0.0839832289438485,0.0492269310309846,-0.2776871881045025,-0.2269537042756238,-0.2960691393706506,-0.0014047802765963,-0.143808539182463,0.7685726961468073,99,,5.155011295039416,0.7382789517822859,0.07992245084970606,1.2827779693168075,-0.007569861964300761
580,580,0.0666778497665447,-0.1651580680454498,-0.0617258260416753,0.2127284305096885,0.0711336552350513,-0.0084654982205927,-0.2229580429040804,0.4319639592627974,-0.0010433833011323,-0.1451535552227563,-0.3343664169408475,0.057046798839677,-0.0367661878755623,0.7367720241436545,26,vehicle,8.36338428144176,0.6780110856406438,0.014916984601097805,1.28542043365905,0.02457756022987234
581,581,0.1068597495804791,-0.2188784180630986,0.0641122174342314,0.2685110675211785,0.0271830485717546,0.3011810646138666,-0.1955292680385198,0.0610244691524049,-0.0087787258166203,-0.2229313257817975,0.2124077486356882,0.1371736513514895,0.0732492790380531,0.7939499682474801,10,food,4.819664953745125,0.6229081242956159,-0.0820720698031574,1.1926363984953146,-0.041230066839695434
582,582,0.1601042407724522,0.0136827053005852,-0.1001984789996116,-0.1112931627844129,0.1245331631555777,0.3778969239406078,0.1037925978586207,0.066925782373226,-0.0762987958246196,-0.0764431452258965,0.0156237677229437,0.0672908672172062,0.054826509106032,0.8164591336847434,13,home decor,5.951419960961187,0.4911783941763409,-0.10464855615057544,1.1751399766368515,0.005763601690654596
583,583,0.1745753789242501,0.0342296690070723,0.3512668358556955,0.0531572766245199,0.0737017243005486,0.1798245214374635,0.0034738043891857,0.1249593987966895,-0.3859603926243694,0.1543648203597685,0.2176264606418917,-0.2191246410673107,-0.3896118064676412,0.7473909719577243,23,tool,7.1747696659287445,0.7944974558861548,-0.1498297807240484,1.2159444106493666,-0.10192595793520098
584,584,0.104160233928972,0.2924162159406328,-0.0747931623305349,-0.1938384776310039,-0.2092054216630189,-0.071999333996739,-0.2486212092037056,0.0988658108250579,-0.3847107290563008,-0.1722229153665763,0.2504320298451257,-0.3866925278792797,-0.2306773319394466,0.7759086742320315,19,office supply,5.700005992983619,0.8385607662973392,-0.05244383480393677,1.2875966940515737,-0.0518454705783864
585,585,0.1024772580021322,-0.0196800109212119,-0.0399832534447986,0.0454778047151011,-0.3431717724851922,0.0782987493899097,-0.1476606535902308,0.3296981405118738,-0.2589729070760526,0.030633496304144,0.3756543587052949,-0.0605441044601914,-0.4099500094309765,0.8616973748858695,6,container,6.934817094042734,0.8061042415869257,0.0016222479031062775,1.2404526304198058,-0.08309999879255292
586,586,-0.0597775544708795,0.0410155364017559,0.0648429368273862,-0.3333876909133379,-0.2162668488948151,0.1589234769136748,-0.0862938391985099,0.138529381635784,-0.2815032460867944,-0.1558455550350831,0.0274190629176906,-0.0212793287469887,0.0038083000784381,0.7753495098680863,99,,6.407453600394088,0.5692307611446303,0.03558433963614038,1.346905721413573,0.13931774308605793
587,587,0.0340589825074383,0.1311481195657595,-0.1181713821257432,0.1101020602932261,-0.2747394215017393,0.0108560685007386,-0.211294470849836,0.1386846912227241,-0.2664468436334634,0.1925698886758888,0.0841305361270401,0.0119953253443635,-0.3344379039831219,0.7960759074045339,20,part of car,4.455546362423158,0.6411496025091957,0.18180396917133834,1.2865137232529689,0.04371689286100344
588,588,0.158036208762429,0.1154780362825158,-0.1638853114070625,0.2705790093791571,-0.1858105024647088,0.0154567533803026,0.3285444685575427,-0.1745617346631686,-0.040279693529594,-0.1965771100673717,0.1225280554988564,0.0345176096352108,0.1246956734400318,0.8322343983929352,3,body part,4.146539377265346,0.6193370257639083,-0.026780233350095606,1.5515592477172253,0.3194410624924733
589,589,-0.0448604806039128,0.3443574002976436,-0.119310887176386,-0.0081657732514499,-0.2683933347653363,0.0294622294771095,0.1034669261792152,-0.2033907182758052,0.0912002548247652,-0.0573579806107135,0.0984947687342275,0.2199485440235666,0.1308960377245062,0.8244014115965336,99,,3.953868429825936,0.5888057594107169,0.0815894778333568,1.3644601483674816,0.14728896200942
590,590,-0.1107693091906018,-0.0139253756917794,-0.1325629536333842,-0.1711898456964547,0.1146143509722623,-0.1596386536560134,0.0797635603461619,0.4017949142092796,0.0585880019238074,0.2324895047243529,-0.0160982380218601,0.0757488896906661,-0.0306638960868695,0.7108142563966967,99,,7.2387303326211585,0.5746183338374622,0.06445437313346547,1.3857468543195077,0.17552131612132094
591,591,0.1907194121688345,0.0258441437100712,-0.0734416986813187,0.0777029834265878,-0.4010374210396965,0.0755425411061344,-0.1549287681030793,0.1076628742490946,-0.1190840963957239,0.0429238121624183,-0.0100117250684025,-0.2104566875814234,-0.1477637282356186,0.7970837529933441,99,,5.3538015177757785,0.5769358751046776,-0.020812818230909302,1.2205621186828137,0.009201996471836615
592,592,0.3192623094652673,-0.0650446753601363,0.2172747036606232,0.1438832907416979,0.0879542063602311,-0.0023116234665768,0.1567018875919415,0.1805719748836562,0.1217472796935868,0.1771657878157446,0.1619181963983803,0.1220144919089411,-0.0789780467199001,0.7797996773577742,99,,7.656219116828307,0.5766503471433949,-0.12313972121033578,1.1033086032599344,-0.10791173483385852
593,593,0.0427520825320392,-0.1010271472367464,0.0165622351668484,0.0187706805974742,-0.0247570048251601,0.1938368183556042,0.0336870065034673,0.2294985959943797,-0.0647818162582108,0.0044084824863995,0.1395213833924758,0.1024622963620988,-0.2727537393983294,0.7352588738274665,99,,5.467146921270958,0.46176441171120003,-0.2768469204844327,0.9254035548238788,-0.22957280285852844
594,594,0.0016075660310205,0.2954050190622846,0.1280852935923432,-0.1096956394207425,0.1032115223903219,0.0806996646925623,-0.2700029323856682,-0.0861950311370103,-0.2027304688065151,-0.0181708412408122,-0.1242369156508879,-0.250237266601015,-0.1183226408296864,0.8158309048724609,99,,5.33782378288357,0.5888000314340153,0.06736980676165438,1.386372912145901,0.16920452999714652
595,595,0.0427063426831776,-0.0809851093410254,-0.2195457424237389,-0.0257852532646167,-0.0199189609070685,-0.0729815089073203,-0.0531411408009609,0.3055929011482827,0.007246840841851,0.0748371155032166,0.1885600323589802,0.0644757290599696,-0.148693988175617,0.7293436019197792,13,home decor,6.8575384260361885,0.47608478004043975,-0.01215110875906733,1.1200244263642394,-0.04196266342182864
596,596,0.1269234433857578,-0.1923356235526775,-0.1247642908342106,0.1681144658279601,-0.2014602553094167,0.0664006247606152,-0.126577405030666,0.182868308112723,-0.2001005499730536,0.1850428160258674,-0.2050803124676548,-0.0547135864193645,-0.1447771300222829,0.7836841380167049,26,vehicle,7.003216859131752,0.5759184767056983,0.01641173282502084,1.3164045572357193,0.10554251632083367
597,597,0.0582804548670337,0.0211246089084124,0.0115985935449944,0.0254837721346488,0.1087620147936569,0.1673898066585609,-0.0840477733436284,0.4716964506857102,-0.0082066100958733,0.0310707206170403,0.2887046947327517,-0.1266803862754369,-0.1545026457523452,0.8008774895615511,99,,6.612346132813424,0.6311410541750448,0.019481109211662906,1.3203880364712937,0.0824910277531885
598,598,0.0710702332884892,0.1707659809038643,0.118674183378843,-0.1543850210495269,0.1561364927719665,-0.092739242374008,-0.0016849202946509,0.1485718763803335,-0.0705604727364716,0.3179513862884298,-0.2067809056929849,0.1291183801149897,0.0296480497845079,0.7867177797623062,99,,6.063025510467476,0.5418179379938693,0.10952962879098505,1.4261146670561822,0.2319470110902513
599,599,0.1842529126431242,-0.059966521397716,-0.1917580305111707,-0.1324992074747515,-0.1492192408527944,-0.1927331002815975,-0.0048823112497503,-0.1529260163669672,0.0071749528389137,0.1535077071968641,-0.0353874637229413,-0.111805279776962,-0.2385411147268002,0.7673022513032443,17,medical equipment,4.735587862138685,0.5186189233818588,-0.10390977176068927,1.409609073418949,0.22679881223326492
600,600,0.1843368050843622,0.0132156474981119,0.0202757004106039,-0.1332548210468079,0.0458859000452788,-0.2633556708422409,-0.3704546317451976,0.0953794697859742,0.0365098464583859,-0.3724418120774085,0.1367686143845075,-0.1131121379334218,0.1391448240691925,0.7933594071716086,1,animal,5.310620801796143,0.6789885337753577,0.09725913085229432,1.4387827165299787,0.17746132000278037
601,601,0.2215147814179272,-0.1073174367277595,0.1811556835356454,-0.1037672731788634,-0.1213793938699801,-0.114776684292163,-0.4687476362521748,0.192016506554398,0.1281437064364723,-0.425428104691009,-0.0445969449866009,0.0593308663187329,-0.0623469499033975,0.750053016467217,6,container,3.523891754220476,0.7716723736082447,0.278232351609188,1.458965302201025,0.15226926471014224
602,602,0.0703001830500822,-0.1117420052963954,0.4381188775141089,0.0148208875400451,0.1078834839634887,-0.0657261080923396,0.0163667087840412,0.158493469421083,-0.3900568686361282,0.1630913774575815,0.0857261186317924,-0.1033745587009986,-0.3108298581262278,0.803292300857568,99,,4.551107547851386,0.7377917342347731,0.08935811688631357,1.3004476282923394,0.01033832102285448
603,603,-0.0726885565561313,-0.0335486274878371,-0.0172246794712316,0.1105463052347332,0.2090843367666648,0.1377714730760111,-0.1938740191668134,0.3682349207165289,-0.0854655443086765,-0.2174463737457747,-0.0244147569916681,-0.2563189563925465,-0.2350955048173487,0.7778058731854968,99,,5.7656215607793,0.6564756747449042,-0.003854282005037124,1.2576900509210336,0.007390132328011445
604,604,-0.0864455864699327,-0.0353211591128736,-0.5264964292738807,0.2298790681735388,-0.0551351324738328,0.1821747034557699,0.3025124831642786,-0.3361639209789342,-0.036142629632941,-0.2867514941801874,0.1035447840085843,0.142032928713114,0.0548723609646194,0.8477985176035748,4,clothing,7.360204897627055,0.8348349235611414,0.11016134426566382,1.4692140302803085,0.1315959029015774
605,605,0.1227379642574015,-0.1197414723196397,0.0561821653559653,-0.0506861639098371,0.2025477148100019,0.3200720215534374,0.1072027940787206,-0.0124696570572975,-0.1353680904354504,-0.0055120494569226,-0.0119922389535488,-0.0385046913873828,0.0614271586673142,0.7819154728149779,22,sports equipment,7.851368719089768,0.462603914395487,-0.07161141075018951,1.2001622416386197,0.04477489393943879
606,606,0.054755055430696,-0.0725691790209529,0.24679273107038,-0.0213453290041743,0.2783744951836613,0.2648651956093527,0.3450279389232968,0.2418197296127953,-0.1320525840077712,-0.0247626242453489,-0.1278627420071193,-0.1163652879280114,-0.2177352131395209,0.6973376217278657,99,,5.658753198416381,0.7001022248727512,0.1481088811902851,1.4054157196175159,0.13375782694719573
607,607,-0.0130919028629642,-0.0548164295067201,-0.015756292382975,-0.1520994710135209,0.1216418782831523,-0.2902666311062258,0.2115363489430564,0.2912212147312787,-0.139441040311616,0.2029805059083286,-0.0677016833745802,0.2968756064500633,-0.1695772003675395,0.7731890791215134,27,weapon,8.174853643174169,0.6612772453666801,0.17708043642327143,1.4481247562280988,0.1954741630901109
608,608,0.2006186560994003,-0.0867737123615389,-0.0162958266024825,-0.0651592367477917,0.0021034970231287,0.0180323169258345,-0.233781564879222,0.1888533556332916,0.0523568014740942,-0.330567754928141,0.0499450959278423,-0.0410111545564697,-0.0203604196779627,0.8099609201181731,1,animal,5.964125846807604,0.5094556417870999,-0.01151117412087388,1.2503398152950405,0.07201556389445996
609,609,-0.002492785515643,-0.1694264212416176,0.0504237673923407,0.3850586422882836,0.0449556616484161,0.1271538054439978,0.0105271208545233,0.0621500001339979,-0.0022856171333175,-0.0971582860506958,0.0346063621712803,0.1761325397333539,-0.2244724786555579,0.8344992219156325,7,dessert,4.9708208268168255,0.5419777736955558,-0.047123566949405116,1.094489941730804,-0.09975596398816111
610,610,0.0258759830757969,-0.0039309487890867,0.0626121693454227,0.024673366473904,-0.2595866172716263,0.2742570440620576,-0.1436520025468268,0.1865343468996864,-0.3819040712216973,-0.0358976509210376,0.1763965739126163,-0.020919256283172,0.0880976419230889,0.7067501858001756,99,,4.691104572017986,0.6242604409670062,0.0013963094179687552,1.212028010975108,-0.02250049947525512
611,611,0.0314427391484305,0.0038095514432479,0.2321736551569394,-0.0167111524125909,-0.1092533491497186,0.1262324469127344,-0.0085682196313781,0.0808420059419139,-0.325004910683798,0.1484221195302524,0.1694446625860408,0.057791743444572,-0.0575478780419833,0.7949615168701953,99,,4.608456141029755,0.5026800688792498,0.046775336440127546,1.2580838428745151,0.08307666582660822
612,612,0.0867427115029262,-0.1013722230179384,0.0969435336068237,0.1084449848689708,0.0422297296445653,0.1453715694671159,-0.106954896145837,0.1119070269149198,0.1284524233065384,0.0849202944887767,0.0562944867388924,0.2647864124521015,-0.2802667023969296,0.7648809344157862,6,container,5.405730937507096,0.5112529552050116,-0.1937307625303063,1.0985100621011978,-0.08069408865599104
613,613,0.3216117780824573,0.0239475916509999,-0.0038998873667256,0.0266697772747008,-0.0194777090201946,0.1775390064138392,0.1188187872131147,-0.0561549020191365,-0.137698199438054,0.1000441260146241,0.2950184288438919,0.0662877681242222,-0.1179972115653361,0.7926541857703605,99,,4.813214450286183,0.536868485783415,0.039283907957335495,1.2617468027039735,0.07000221873658319
614,614,-0.0213462832626986,-0.1766385752444891,-0.3688413893922705,0.2839019408196399,0.1843619912214622,-0.0013962858655427,0.0601093110383407,-0.1537865519004265,-0.1044445806135759,-0.2334640558054183,0.0752793717916951,0.1049793972157766,0.3690042441713433,0.8600506519855643,4,clothing,4.252028933164062,0.7265134441220383,-0.0972485306984403,1.36582688438188,0.08123901823387136
615,615,0.009398029036107,-0.0629330830094493,-0.1020447628060617,0.1805937636678801,0.2113857186355502,-0.0930941423277313,-0.0534186380810147,0.0872968913538697,-0.0555952069190811,-0.1892471559704824,-0.0920389863032001,-0.0133804317177259,0.4039440673467531,0.8329379252407807,22,sports equipment,6.161978828079255,0.5671218652675984,0.07482623333464744,1.2666803453996949,0.06012480588160618
616,616,0.0374809022736339,-0.1063812084833509,0.0747480897683735,0.0675131979736152,0.0305088047742519,0.1576333743831764,-0.2017936291887103,-0.1356444159121657,0.1113748307492316,-0.3278771710577834,-0.1956873838747391,-0.131176941768464,0.2221142265867131,0.8298872198262442,99,,3.9918551930632113,0.5766365378231836,0.04882587645020653,1.279106825736436,0.06789324818415365
617,617,0.1982163865767375,-0.139318431653055,0.0357000047863013,0.125486720473524,-0.111983995437679,-0.2127662899697378,0.0638660573191639,-0.4067910308796874,0.0237591816756137,-0.0501695919907852,0.0288101989264354,-0.1239497012337695,-0.291906173681837,0.7738843243326998,99,,7.39648964550423,0.638414247203321,0.035096146740146716,1.292217083494576,0.05075938369038058
618,618,-0.0963929316883247,0.1864407798533723,0.1498859153592945,0.3359018576647538,-0.0321291072587675,0.1686846776898755,-0.0190237514400821,0.1030232305303816,0.1335573506237878,0.2415899839495706,-0.1403127551060586,0.2992448864730562,0.1127206006026728,0.7537450107572061,10,food,5.922752022773545,0.6464939967410633,0.19203663217193767,1.2207414639533634,-0.02467178770337286
619,619,0.1193585036127752,-0.1251576364640271,-0.0986959534486641,-0.0499958645563594,-0.0393853190770642,0.2354101647874692,-0.2676863287018464,-0.132783393520027,0.1040898897812945,-0.2007229513109263,0.1743104539159458,0.2365396183667909,0.1152219481453558,0.6642099424561091,21,plant,6.612786999721766,0.5823603217390465,0.11091757219438647,1.1138164354526905,-0.10019929877117839
620,620,0.1043050214020461,0.0327553683840161,0.4121795816906011,-0.1522735597649848,0.1997236274578079,0.4303328730395727,0.1762138165441166,-0.0513616026470411,-0.0489748669509425,-0.0468128369243798,0.1885974777014605,-0.0950100015514093,0.0098510749631885,0.7716947083526181,18,musical instrument,7.848114522094454,0.7162959308320553,-0.10596125693902003,1.2828187678869687,0.0032330250639169833
621,621,0.1462362438756077,-0.0878580965325862,0.0539818503319366,-0.2025932767873623,0.0582447387807057,-0.0792912490305721,-0.4592506859490659,0.2241397981771401,0.0777241445881205,-0.1146583111042494,0.3139478203996286,0.1462921916463132,0.0781807690654208,0.76666837466694,1,animal,6.319265519807783,0.6993968804857275,0.07400048885762578,1.3594933185353146,0.08818073685313066
622,622,0.2954546468808164,-0.0722826606275319,0.2327271767764488,-0.0856407236083736,0.0480319057487401,-0.1088814114143308,-0.3531080329959722,0.1438816783271525,-0.1349804981131822,0.0220485335978261,0.2976455996463312,-0.0110502272068293,-0.1813634286693078,0.769851645183248,99,,5.318121650134897,0.6737043314844068,0.014969263905680652,1.2524986418510908,-0.006235801198956503
623,623,0.0705775556517206,0.1580244911986992,0.1283555830833772,0.0914897854272853,-0.1649391302966837,-0.0076119787918169,-0.2300025728201783,-0.1298485538643975,-0.1256929217114402,0.0733490643573756,0.1066159861619566,-0.2593657150431341,-0.2620928887629554,0.798069199883355,23,tool,4.768937015296642,0.5659789553428718,0.28968668025879785,1.2564182206067527,0.05042220826817889
624,624,-0.1889915552449452,0.2703601777232061,-0.0102619911005073,0.1636530351122962,0.0090831930048448,-0.0837056089977147,-0.1586907945226074,-0.0825490751933549,0.035710593032881,-0.0494375222105899,0.3281829244116117,-0.1902597355201604,-0.0140422938904673,0.796721822044239,99,,6.345854258460876,0.5679838108431648,0.027636202398927168,1.3727524618425404,0.16577494508341295
625,625,0.1369632102751179,0.2204625923309399,-0.2343957123445723,-0.1692841888038866,-0.245425779977197,-0.0936800471499382,-0.2529796120324207,0.1032881460252857,-0.3789028778260234,-0.1714461375260347,0.1515599017300382,-0.3153737554836878,-0.1069499008028132,0.7625245292864783,19,office supply,6.554801464860037,0.7755440101599473,-0.032804347689130986,1.2839585289789632,-0.024632921118822093
626,626,0.0452281852585939,-0.164364560521844,0.0365525609645502,0.1860917654420394,0.0709190125904848,0.1112651987029365,0.0329833803101218,0.0573613724261685,-0.0749909187730411,-0.0722927923645491,0.0030377905455484,0.2101366467953075,-0.1704217193931126,0.7924019286912979,10,food,7.81164295266464,0.41337065722327665,-0.028611185159262864,1.0331634003706052,-0.09812113316280868
627,627,0.1865066760833471,-0.2138198884835482,0.3598269071752024,0.3559970380962856,-0.1998720844753139,0.1178499128395298,0.0189419849033937,0.0408166371206147,-0.0910495310376687,-0.0184248382811642,0.1833043729584532,0.2443768397372033,-0.3481440031678038,0.70936981289998,9,electronic device,7.157546722404137,0.784684331191396,-0.06285821062962682,1.2066667718072164,-0.10639944741798724
628,628,0.086150857937372,-0.0229288657553296,-0.3527283994527126,0.3673328529480297,-0.0136602089013525,0.0121554265910539,0.3017544012250389,-0.1035349618151007,0.0951640238456324,-0.2195134443322542,0.1724207909298153,0.0867559945777768,0.2733439049390274,0.850340631818451,3,body part,4.253756629284231,0.7339092452801079,-0.08538852974003541,1.4388816912896025,0.1506731095692646
629,629,0.0278620077077049,-0.2587745704009711,0.0971121347467422,0.1190463153754988,0.1354321178531359,0.138813465246634,-0.008668081560729,-0.1638378651467195,-0.0709146543703869,-0.28153807697709,0.0293322605742755,-0.1697850571743092,0.3692425744915549,0.80228106904563,22,sports equipment,7.756378604915012,0.6373322391129035,-0.1281680968091431,1.2738399658471389,0.0329119778968221
630,630,0.0110952554612719,-0.1333599690658143,-0.0262259386807917,0.2569862309075288,-0.001150613880831,0.3081601232032499,-0.0787677598800578,-0.157540578392401,-0.2158504987236792,-0.3869869698683822,0.0248916448575044,-0.1278962779062591,0.3259689281300647,0.808904458025928,22,sports equipment,5.249428092525532,0.7281539910622172,0.04305733910684917,1.3436435062997436,0.058252487967612065
631,631,0.2018325869487534,-0.105807023363328,-0.242055568577993,0.3808257496832296,0.0172415051218365,-0.1302339696050319,-0.0185656729614911,-0.0620767619614116,0.2893362653349465,-0.2526410003951364,0.0470779292719042,0.110635339409249,0.0551567889808668,0.8197003927347316,6,container,4.537116203332926,0.6648674791377306,0.052716521417103035,1.212406800475727,-0.042001440690556224
632,632,-0.0670400795666871,0.1939784871086326,-0.2398677637343217,0.2017532169715309,0.0837742075321793,0.0265767284908426,0.2514859842642289,0.1514255529628984,0.1553278498912353,-0.1083103203653926,-0.0574191461222652,0.1640761922340713,0.4600107469842562,0.8565091855528313,99,,4.227388129074127,0.7155054004498214,0.10654919763362947,1.3976479031191966,0.11844917525289911
633,633,0.0183779501458122,-0.1713999758060368,-0.2632355137317057,0.3332631789134226,-0.0455769127111306,0.1236602281557711,0.1378917246024507,0.0285705309856961,-0.2096569898466349,-0.1603377677215575,0.3746816907009985,-0.0272575105106402,0.1914411036019509,0.8157273433807527,12,furniture,6.914310233235061,0.7033603509901724,0.16301797427116482,1.2171460723363887,-0.056106880519816604
634,634,0.1931900529456595,-0.1957324684532451,0.3118839783991855,0.1558078138538806,0.1684801557937376,0.1833029498347949,0.0859617036262305,0.0546438071536216,-0.2264309831509413,0.0843832016699236,0.1618056115820962,0.0049460123250119,-0.4118645110073914,0.7944118193771148,23,tool,5.41671455238217,0.7237206576632063,-0.05841652464985114,1.2362252820992354,-0.04699533725487437
635,635,0.225636863197653,-0.2091033718737511,-0.0866298757433199,0.2820753123059747,-0.1088238310584594,0.1194658466036408,-0.0797918645990785,0.3503579928476457,-0.3937110998366852,0.1577344243742582,0.1397997596466164,-0.2539171903135543,-0.2402514084729653,0.7828844799851534,26,vehicle,6.453218646503572,0.8115213128688452,0.11601940808080291,1.2514325307433496,-0.0747720997772734
636,636,0.0610920730325808,-0.0070166958140908,0.0560967736039403,-0.1318346076836465,0.0849238746980445,0.0006993723270434,-0.4993775416904802,0.3295134921233613,0.0755936759977741,-0.1852195924235982,0.0469551232030398,-0.0242619754002524,0.0468719481898928,0.789064985108101,99,,6.349608571668076,0.6591581140302003,0.05209601107417394,1.283669301253496,0.03205615783404636
637,637,0.3368483060123538,0.0616531415576641,0.360866860347437,-0.2357767758029202,0.0747399075106933,0.0644497396478559,0.0886174089609666,-0.0377799666795773,-0.197258216094453,0.2405091121935725,0.0972047964622649,-0.1598429745546007,-0.2222221000330924,0.7804675885163691,19,office supply,6.23464043323389,0.7093943271402475,-0.01448307276663674,1.1935461421098332,-0.08266082626716553
638,638,0.2334627007579184,-0.1372505494141149,0.0414388347385062,-0.1347287877796182,-0.1755835720589164,0.0134733758788722,-0.1773137158778827,0.1098710379899573,-0.0188661124265161,-0.1689617067503115,0.1723415754900173,-0.0746725344983131,-0.1426737537733241,0.8286589878381215,1,animal,6.544043492288457,0.5022667471725417,-0.16474320762826095,1.197683708296021,0.022878878540567582
639,639,0.0928582035162591,0.0350037909800828,-0.0886100252252682,-0.1098172572538144,-0.1438491328310151,0.1307942442586873,-0.2714002744453763,0.3067457408654729,-0.0967687512639588,-0.0319915096047761,0.1335320163111931,-0.0477756629919105,-0.1452027362404125,0.7575586676196434,13,home decor,6.423583992872814,0.5356258392143882,-0.10545821889445928,1.1088908090138865,-0.08224542033617244
640,640,-0.0408864951746775,-0.2185981273719082,-0.0100689136723544,0.2939117184701586,-0.2443507806730636,-0.1280146496479721,-0.0996075130974964,0.2672542160812196,-0.1389210157433392,-0.017709119072456,0.1834638175631458,-0.0024753788744241,-0.3894253519356998,0.7320711030755961,9,electronic device,6.296694702528099,0.7059133950936356,-0.03541301145236431,1.274038667252696,-0.00046416324957965216
641,641,0.036852676348028,-0.010490133682593,0.12554923300689,0.2110765108740199,0.2795570849537889,0.1956790741702977,0.0034219842188781,0.1595420588989775,-0.1701140375607495,-0.1407746631689866,0.1174997911112671,-0.0276986983687191,-0.113015176014595,0.8272889249883458,10,food,4.857554096935703,0.5289556207636591,-0.13219447050551425,1.1193696545866976,-0.06850107812557771
642,642,0.1539038671707741,-0.0197844333705373,0.4102380497059414,-0.0897571099167706,0.0746951152691593,0.2936438095183679,0.0087885122066296,-0.0701133568476005,-0.0319714101024178,-0.0962845730199441,0.0985550047883158,-0.0169882890575233,0.1591532824011885,0.8360521613146851,18,musical instrument,6.686724443635484,0.5855364519040681,-0.11191871367332629,1.3069750165228662,0.09140436435265809
643,643,-0.001246962431754,-0.1120136209542365,0.0933112635392185,0.0926343374635146,-0.2054219821950662,0.1735691135568867,0.001949588424536,-0.2899090918093236,-0.1188506617354694,-0.3232828781175964,-0.2369766665863615,0.0415803898126888,-0.0063677168788239,0.8144565303407888,22,sports equipment,8.383880308041125,0.6023096754613394,0.03912633378741015,1.342255809189067,0.11847359610287755
644,644,0.096606139155186,-0.1331415840436498,0.0475232242234806,-0.2400513778670392,0.0676851966001232,-0.0086034397050008,-0.4415548121690926,0.1161240827394469,0.0876326877119983,-0.0297668440215215,0.3361905825428485,0.0996442757916491,0.0422358435321143,0.8016633421475649,1,animal,6.727493475307438,0.6582976660006776,-0.03228491219770313,1.249112414850508,-0.0020794844720430916
645,645,0.1819898849133621,-0.0901854742889518,0.1547542603876885,0.2633196565469251,0.090826418658998,0.2595363863947529,-0.1457860866042678,0.059887816105932,-0.1488458349612021,-0.1911633583410337,0.2802078670962542,0.1146938661897481,0.0446921735130887,0.773721767877961,10,food,7.290714641410595,0.6223789863300753,-0.07030615168027987,1.2008199027480988,-0.0327875158615063
646,646,0.0559080763945525,-0.1192686055805965,-0.0450088724766507,0.2081011305957444,0.1704452196182163,0.30071112815822,-0.0673345375837859,0.1511151137064218,-0.0943386798730188,-0.0777278333410959,0.1328050261448266,0.1260059937105971,-0.0164418017265815,0.807044073355049,7,dessert,7.116490538243619,0.508190403620108,-0.09822982381491752,1.0581736599822886,-0.11953117677530423
647,647,0.1117209944236756,-0.1522783927121577,-0.0063115307938662,0.4433398237169705,0.2752827043840969,0.2121613573013344,-0.0320963169683277,0.2262861529413939,-0.0901546033303268,-0.1360375173513304,0.1039727809949395,0.1787536362107392,-0.1541432537589726,0.8600748064444707,7,dessert,6.822769971258,0.7060073176616736,-0.06934892719222363,1.0790024177918265,-0.19554639378774152
648,648,0.1052183764120301,0.175600577118837,0.0641476284680019,0.0911185159213211,0.1332579237608714,0.1692274223664212,-0.3524766530967932,0.2684759960927892,0.0061800878066305,-0.1111232908366852,0.2166950844330367,0.1689203124467345,0.2499644085327168,0.8086147895244608,99,,5.9500669510305535,0.6688784150669876,-0.048246564759302,1.22828165786088,-0.028090191827088606
649,649,0.1544870480553219,-0.1339766557181668,0.1944735119631509,0.2400107745403653,-0.2177679714945317,0.0288259931559269,0.0038499313647103,-0.1788053512841899,0.191171418176417,-0.0188816785500067,-0.0716260607587828,-0.0567616441958205,-0.2321732360204871,0.7738879915548723,16,kitchen tool,5.138903643909218,0.5627083891528281,0.29233981997005787,1.172617677332481,-0.031777184612574505
650,650,-0.0349048659287833,-0.1649054939097828,-0.4032421313275235,0.0071107135768045,-0.037683914301526,0.0404479351175213,-0.0263285153206437,-0.2002802491462421,0.1076780714847285,-0.2243594156036654,0.0455729464425974,0.1327686307526967,0.1684018902829519,0.8033125911816543,4,clothing,6.43960910774886,0.5873020908703311,-0.03657946938784429,1.31869564248595,0.10226059761999107
651,651,-0.0701186038749973,0.0008682145790603,-0.1084797644359294,-0.0702023053933964,-0.1687667644186813,-0.1961629664765935,-0.0022885370163228,0.4210891792055363,-0.1457775973754871,0.2737680713670686,0.0942851932674765,0.0862821046728302,-0.210970144176854,0.7469533515265224,99,,7.11377357521313,0.6503382393818979,0.05385410127031087,1.3126743986380918,0.06537914543804813
652,652,0.3089529548384664,0.0614974833432089,0.1586000247157714,-0.1037523083086937,0.0397156816369731,0.0375633613633479,-0.0891832217096289,-0.0715939231244149,-0.1839678399067533,0.0668951007379605,0.0071292767069371,-0.1107816508919819,-0.2031630417085101,0.7916561045158382,99,,6.366767180716656,0.4930900519454019,-0.16698260174300694,1.037813665027173,-0.13249858811605342
653,653,-0.1087684108397429,-0.2107951624017063,0.0948478494495718,0.0491035588755129,0.2225386876046556,0.0646663657180147,0.2011115180898656,0.3397658621109205,-0.2467652632723294,-0.0740361493994879,-0.0068669696456024,-0.1149021607894193,-0.3955938232372208,0.8370549515045664,99,,6.340569818596091,0.7165074411433411,0.08946949074721555,1.3562229776140748,0.0765336870263642
654,654,0.3297727921208337,0.0915798158801046,-0.0478902922018895,-0.008475267562677,0.0169757674523419,0.1957701879875459,-0.2586365133273993,-0.054227705783303,-0.3347091523956629,-0.2095267448369772,-0.0707904925757441,-0.1618972570281469,0.0116265941635809,0.6790460555704461,99,,7.35065720126126,0.6443902292064934,0.038188079643697526,1.3278505129389695,0.08346718944149267
655,655,0.2083319813164921,0.3357049585239486,-0.0056463937924194,0.0279393514437966,-0.0488111460541206,0.1199385640017877,-0.2500743844863043,0.2290501557007366,-0.1254301115335485,-0.014003382215231,0.057516770885785,0.1794976601830847,0.1951781444594539,0.7812158923842434,99,,4.7184087830127925,0.6150060049033613,0.10191184720527757,1.4142116397790474,0.18421376503029507
656,656,0.1590743703819181,-0.1676079875898065,-0.060451975694863,0.2199377324424985,-0.1983127534997495,0.1237244664877579,-0.0967043508717874,0.383537762898653,-0.1607822759253018,0.1913892155432376,0.0256396883841635,0.1139204404768992,-0.1718128640933184,0.7518792995622265,26,vehicle,5.116225507362705,0.6497295375105331,-0.11535818236582995,1.1369190234803277,-0.11007823139641704
657,657,0.2807669960086268,-0.1551181545586461,0.0809010126596053,-0.1833313392333035,0.1795909625514007,0.2082547754684657,-0.1626984939677563,0.3259068304528553,-0.0107679745134874,-0.1207420010655727,-0.0186841290731573,0.2330402992205991,-0.2356712698546628,0.7783303713736467,99,,5.9500602874210085,0.6901076252281062,-0.02245523155611906,1.2160030118342908,-0.05076188793382319
658,658,-0.1027661610651101,-0.1578896281532671,0.1098924885304187,0.3423549556784394,0.0402594534054035,0.1827309480488661,-0.105800580999512,0.0283846129646451,-0.0291694201748041,-0.1805706269089867,0.2458435173381586,0.1539657437245913,-0.0357839642970153,0.8030209584554004,10,food,6.276685800162573,0.5750354329448495,-0.06533369828849511,1.1340710289718878,-0.07635870579689952
659,659,0.0546973983688054,-0.1672231237751008,-0.4880261970402906,0.1606202955900306,-0.1149317657588084,-0.0148961052691611,0.0875637493684059,-0.4067015002620222,0.0691144420175101,-0.3043351874980282,-0.0237137998538567,0.2097262456428349,0.1318683259532438,0.8444900514774311,4,clothing,6.49102702501637,0.8004760848191693,0.052276050674675445,1.5558692095717088,0.2350719214531669
660,660,0.0039684352799684,-0.0516133009238485,-0.1299853297921376,-0.1030866069066391,0.0460726890670253,-0.1590760779417809,0.0445630374902335,-0.0513475332410382,-0.1286940600803794,-0.1338924358826991,0.1798753239236732,0.3141206720486639,-0.1350931466161751,0.8492385885758801,99,,4.382441973913997,0.4960035010372493,-0.13336456479230585,1.0809326792877088,-0.09080589269110861
661,661,-0.0598499939880823,-0.0951926678591231,0.3006449631802075,0.1295225169981889,-0.1367486334949159,0.2505340461493167,-0.0858131639991446,-0.0046388863358979,-0.359762322529431,-0.1413778148003472,0.1146789878489916,0.0575280926372619,-0.234352943957466,0.750683809163673,20,part of car,5.900805175759574,0.6553310055093646,0.10450305629676038,1.1969904280188126,-0.05274910210003281
662,662,-0.027457291073408,-0.0667114252291194,-0.0642557899553581,0.0531992076251396,0.1604015553640674,0.4473067260395262,-0.1274385584774993,0.2256553216569033,-0.2287546073178688,-0.0030355657306679,0.1288509903636377,-0.1462516766378888,-0.5307325980066909,0.7718650547316175,99,,4.883672211361498,0.8228871502695303,0.030129830760241116,1.2928609892887186,-0.038907942325143274
663,663,0.0088241360019643,-0.1713231317744221,0.1898612157537595,-0.0249005745881897,-0.5274895094456827,0.1728691477184697,-0.0649824542303636,0.0273369823625278,-0.3469218805300131,0.0295678815716972,-0.0242403483614217,0.2286318089202099,-0.1438790332379887,0.7018113094332609,99,,7.468307935863192,0.7576186910613871,-0.03042264221779889,1.1610552695832905,-0.13876059547482478
664,664,-0.121189612400501,0.0640936511359302,-0.2685956820848776,0.0620827162684953,-0.1103768973282819,-0.3054571007195061,-0.2712988467508817,-0.4780850605135998,-0.0624856708431648,-0.1085535147479229,0.0092995960894619,0.1140425916457555,-0.2001537049280954,0.8235122761518783,17,medical equipment,5.993573148626337,0.7558375069815384,0.26347372862022844,1.5581275768401108,0.25918371480063485
665,665,0.1824784739602886,-0.0840659289939156,0.3234134615270437,-0.0050571934438824,0.0271192094773161,0.3115759729617346,0.1312590124355744,0.0444402709980264,-0.0361567491234465,0.0669233920498939,0.2447054581289617,-0.2341040723437337,-0.2354576597471456,0.8055438971597509,23,tool,7.201462554726636,0.6617537752297701,-0.06783823743309081,1.1817783544147813,-0.07110553043279877
666,666,0.2054321761456867,-0.1254801578251543,0.061189843269963,-0.1037886781929692,-0.0895424774602396,0.0268069021767932,-0.190253424371068,0.1333072107786504,-0.0233741642083151,-0.1584448975655623,0.1820198903871193,-0.0601394778723876,-0.1744270232967274,0.7967075137775393,1,animal,5.438673296768781,0.47748455442790766,-0.14772812190571882,1.1766432267887357,0.013970858313566703
667,667,0.0214639372476727,0.0194555527750014,0.3579227594697262,0.1688228591087816,-0.1860864515777579,0.2738186290393654,-0.2882129657270611,0.0971240286065501,-0.3384057980372332,0.0315036817687646,0.0888976846148498,0.1637779761459651,-0.1968206998520945,0.7887047262567832,99,,6.380819740126825,0.740627474548855,-0.12470523919891408,1.1021670294421326,-0.1893305532683538
668,668,0.1945113310453315,-0.1029275554125571,0.1078372998148912,0.3693363790827977,-0.147242569763545,0.2222872152139588,-0.0663963631554232,0.1886392948992167,-0.3296200710367856,0.048441645706022,0.0546685009109335,-0.0850134691324566,-0.0827213901849227,0.8188918172677914,20,part of car,3.8729616339213218,0.6600052820402225,-0.08199339724143362,1.20916418053541,-0.042863705565827415
669,669,-0.0899330173217322,-0.2768680830070581,0.0633490475548811,-0.0588331932830524,-0.0598662479157438,-0.1220019396915121,-0.1838949584111142,-0.0410555586637627,0.3283683967764182,-0.1167022979274171,-0.1439232158749281,0.1537192078400373,0.2362172934253888,0.7649146479285853,99,,6.601302320466116,0.6064462152473427,0.1723593398321761,1.4228317591911288,0.19702444649792805
670,670,0.3008517692972198,-0.0802929262972394,0.168338656005022,-0.0859024379461488,-0.0788158137168251,0.2779553470815515,-0.0793874670310481,-0.0108629515162114,0.0132003943521229,-0.2080086475707014,0.0219649807715822,0.133714069686791,0.2681485036728786,0.7939517630066412,99,,7.73115244605467,0.596887539544409,0.13969428416357754,1.4269937600875418,0.2058660277709301
671,671,0.2206777695500672,-0.1398626371599347,-0.1517539358688456,0.2319556571409887,-0.2232842428950085,0.2543725272081374,0.0172307385911992,0.3255616264247562,-0.2595905281119582,0.1904805509776849,0.1637679878309782,-0.0573731513009828,-0.1400637605488089,0.7410465686701246,9,electronic device,7.615512188834678,0.7206531744106834,0.09379376525679595,1.2680703525227008,-0.013648538466504379
672,672,0.1625012417727535,-0.0127519420870062,-0.3932997936543024,-0.0554535220420432,-0.1304851982400774,0.1483796837769349,-0.2452513321337182,-0.1737680825063481,-0.1759900860220942,-0.2369951095813605,-0.0889560209833272,-0.0307779978677924,0.0202352892657814,0.7877529313504924,99,,8.206646023424508,0.6404097785215371,0.13044501295981026,1.3821062329372014,0.1396715934932682
673,673,0.0039496729070124,-0.0535852604781945,0.0484571323774014,0.2758416671606644,0.1376055602926192,0.2245319144671965,-0.1286456693888803,0.1746844614694109,-0.0162136202928747,-0.0421629539449683,0.1407989438988273,0.0734805901951357,-0.0813936126541187,0.8341602213374313,10,food,6.68613533045685,0.4812766307786321,-0.04326351690798613,1.1367761839868455,-0.02775264731108984
674,674,0.0679446261605788,-0.110685754915141,-0.1110835696664556,0.1854497511999283,0.1280493897085553,0.1531120762552833,0.0495614514462788,-0.1051212128387962,-0.1818606204817123,-0.1948795915616918,-0.0021166646048805,0.1786397831214955,-0.1558323837207112,0.8552100826632877,10,food,6.377605201219724,0.49416339795796316,0.09828035074603847,1.1997381152111182,0.028900390852655278
675,675,0.1175621267533575,-0.1033380223025123,0.0778528757852128,-0.0775667577183047,-0.0373984064508153,0.1573440877510044,-0.1579313258981324,0.11510446627663,-0.0047463389223067,-0.1521757817443844,0.128235547541954,-0.1336856399950469,-0.1775014830985808,0.8277390846830834,1,animal,8.235780422206545,0.4358066039682014,-0.052224307677640525,1.1512680168822789,0.00899965887561427
676,676,-0.0413941344376242,0.1908811567809223,-0.4534509326239604,0.0366821358841144,0.0036106186587999,0.1282081534421121,0.1522882206943397,-0.1804018374356533,-0.1284205905598585,-0.3459029898032926,0.1022977005719154,0.061799206830796,0.1458718974358766,0.8535576872921665,99,,5.695610910817769,0.6992872145708984,0.2955973150213713,1.511093890603218,0.23983499736899105
677,677,0.0997585161839113,-0.3304343661269286,0.1905282734225175,0.1524576594395245,-0.1925066864408482,-0.0137499489895463,-0.0934356091891993,0.0653657643470891,0.306192453799506,-0.1129401123139727,0.0172279966739627,0.3335291610454486,-0.2507848851944022,0.7572302811419375,6,container,6.814840860685415,0.7140550580391223,-0.12771385825360593,1.218632651423258,-0.05985604148679968
678,678,-0.0907718006102491,-0.0706773169011159,-0.1840901083159896,-0.0702735688993248,-0.2476374324135374,0.234127875586227,0.1333279987233517,-0.1175805082292886,-0.1435492021621173,-0.2378358969197354,0.2772564688194756,0.0137928768776878,0.1118011433311538,0.7608900714428164,5,clothing accessory,7.631785952376857,0.6054231681261347,-0.05155094047819975,1.3031949755627072,0.07788850957479432
679,679,0.064765844794436,-0.1807070842853769,0.2507352820124874,0.008055241525835,-0.2658431135987893,0.3962727491680402,-0.1601264509462154,0.1117333400798258,-0.0589455248848355,-0.19179350428345,-0.0121891746244943,-0.094285361669045,0.0331293297511857,0.765314137712039,13,home decor,4.328239980857853,0.6449863463407786,-0.016070349893246405,1.249357480640667,0.004682319849987238
680,680,0.211211147643115,-0.1081197395361853,-0.2407874698885319,0.2266489843031219,-0.0194892662106867,0.087876278648314,0.1650749503375341,-0.0282761945012058,-0.1189078889407074,-0.143004275080975,0.2698204940584557,0.0058741616518543,0.0725379865600987,0.8019675676084274,4,clothing,7.202079523447514,0.5607926729059441,0.07242712509167093,1.1673375049539452,-0.03611949191077524
681,681,0.1991549808121375,0.1672806101555483,0.0888910753588147,-0.0432281024987677,-0.2278474516046779,-0.2069353576016383,-0.0993183671810724,-0.1642227793702164,0.0271547426858009,0.0561958311535251,-0.0944382238447158,-0.3796177353545864,-0.1352105859958888,0.8125601113219408,19,office supply,4.663628576333658,0.61983160694325,0.0423536426219957,1.2081107578989918,-0.024249556304021036
682,682,0.1672083231426062,-0.1392452849199089,-0.0731472970698722,0.2944845645835064,-0.0185342989494973,0.2735328698702997,-0.1082125272241109,0.0722372448273911,-0.3499896919734497,-0.0639699217655801,-0.131080569395375,-0.066409130515218,0.1468326652707869,0.7798769237049159,26,vehicle,4.402210400877739,0.6334418170048121,-0.02800444445583994,1.2673614387208822,0.028338060103434426
683,683,0.0202186353571585,-0.2006494328393021,-0.0781817839570269,0.1006704737950461,0.1839690841082509,0.3716221112823936,0.010451450589173,0.0438449370000909,-0.2701855384003316,-0.0840168488565599,0.0012753198719551,-0.1331755504195992,0.0603876117413451,0.7899622022536016,22,sports equipment,5.15736335136606,0.5764878367732137,0.034100808470275634,1.1858778453798255,-0.0252629335404031
684,684,0.2120315937744337,-0.1543859102500259,-0.0087397487129267,-0.1148642254995155,-0.0744504279517261,-0.0308482841013281,-0.1109463263078587,0.0400645306000367,-0.0322447774852272,-0.2207187507763172,0.1755235192665204,-0.0007678810436898,-0.1196576601325814,0.8132787507386353,1,animal,4.00874505405278,0.44424639564296153,-0.10168827439862693,1.1369142867923308,-0.00948588661754779
685,685,0.1944237812810678,-0.3005311386108235,0.2335852307288166,0.0373372013209792,-0.0006778356454893,0.2855745050030051,-0.0335326406340187,0.0223990333473622,0.1547253882698522,0.0437443102221255,0.0086420495267913,0.4034486241594551,-0.1981218654292939,0.7539217637384582,6,container,5.583244889343006,0.7037090109132854,-0.055957385147372474,1.1869358439143045,-0.08648780017413937
686,686,-0.1566986839779864,-0.1525387567678613,-0.1393182790783682,0.0109283784563696,0.0157548740998198,-0.0009961192843822,-0.0029423706008561,-0.0612351114158185,-0.1367797624248415,-0.3528766022575822,-0.0219503361849712,0.0567317835783473,0.335858473582331,0.811686659448342,22,sports equipment,3.9653292610703703,0.5754050691275414,0.18728540519776438,1.3761865858309381,0.1655758906152478
687,687,0.0755833869506292,0.07940441921466,0.2944758349788855,0.0231108929385102,0.1761150819268412,0.2552160575903382,-0.2221691280246357,0.265165141263976,0.0654930782577972,0.055267504389488,0.0737598902528041,0.1005963523867041,0.1931305994028324,0.840740819110524,99,,6.335020602711895,0.6126131641957543,-0.026220718678768407,1.2480678311393802,0.01924140427395593
688,688,0.1837099408335316,0.0603945060173549,0.1194653281828334,-0.0128840808393158,0.020298204331771,-0.2361043257607487,-0.4237336237200426,0.248747638558292,0.0662894519556604,-0.3000776415339945,0.0688381635037307,-0.1182472172620907,0.0513414990312048,0.75688932376994,1,animal,7.311917447439853,0.6820671325119511,0.1346378885527475,1.475993798634542,0.2131652320052413
689,689,0.1397645355774316,-0.3574740510148769,-0.1546582514020919,0.3476617846595285,-0.0230030898622538,0.145914596223765,-0.1373597119075936,0.2273497263702007,-0.3037964582996041,0.0692599006048876,-0.0701275688664845,-0.0161946897680553,0.085244202974796,0.7732968454434185,26,vehicle,4.725466966669453,0.7028665974448194,-0.0072918989085006825,1.3361902504694154,0.06317902141193632
690,690,0.176313659304951,-0.1775458135924608,0.2850407751138082,0.160361334015563,0.2286912951372696,0.2041340691193531,0.1648054912109293,-0.0308605322007315,-0.2398860066541429,0.0272555224047932,0.0589516808823625,-0.1182503017148172,0.0026958776640419,0.7760507980055628,22,sports equipment,7.818870162970393,0.606143988104417,-0.07728951009064866,1.2539835463283706,0.02832419306503864
691,691,0.111944350873943,-0.1407711288944655,-0.0579563791092808,0.1410957522435549,0.085503463345946,0.0669483014380575,-0.0207084799397637,0.3261469526568093,0.0431816790966137,-0.2388665415027905,-0.1653468415591838,-0.0069152542689657,-0.0076299269819637,0.7556833044531569,26,vehicle,6.781254389798879,0.5104665428623454,0.090066813309437,1.1915885062372826,0.012769354394275956
692,692,0.0844688823386687,-0.1390965531812892,0.489056363274379,-0.0698189023170372,-0.019751411000853,0.3900622142655921,0.071300457908321,-0.0344634019444328,-0.1199228571556354,-0.1438008065326986,0.0677924580095286,0.0262188901036572,-0.0701876499995002,0.7223080586252307,18,musical instrument,5.045393380718414,0.6889219816334189,-0.0738204868830955,1.2710106727489634,0.004826221012748322
693,693,0.1695320691517623,-0.0428509052090582,0.1398447752522066,-0.137985626447083,0.0337463623286779,0.0677049711878492,-0.2319822125965029,0.1847936726300181,0.0448264584652392,-0.2529390903833869,0.1514061901053015,0.0459033653198613,-0.1163959049158133,0.7105738138893627,1,animal,4.726898847570127,0.517134122034358,-0.1163949363818354,1.2597098411546743,0.07762648476886369
694,694,0.2520709781243342,-0.1192469305013005,0.0509744037988198,-0.1730148751910763,-0.1112454785565984,0.1131553377164892,-0.1701149281955895,0.0721229991478245,0.0315471888447103,-0.1784888340333276,0.2812042296893599,0.0238069198264232,-0.1230899855560233,0.7975147743644271,1,animal,6.261846008437134,0.5452154343470359,-0.08908604735393277,1.1259267760079466,-0.06990417074824862
695,695,0.20934117654621,-0.0550176375973666,-0.0088206968292175,-0.1052657558961069,-0.1816598002417909,0.0626248074427595,-0.1856924604936876,-0.0284339637273617,-0.0321996131944039,-0.2347878927617091,0.3220621740234998,0.005346016768832,-0.0662142718898212,0.8619434268022201,1,animal,7.029303823098772,0.5426977111812293,-0.08404108072642757,1.1565686813277252,-0.03802967963033721
696,696,0.1359707202172315,-0.0368065067987054,0.1324837523263097,0.2569411961612712,0.1567181007023545,0.21780377980206,-0.2141707485920795,0.1339447065011693,-0.1589941842156945,-0.1744889588831853,0.3567482197694319,0.1437185105164867,0.0949221303371339,0.7816792007609799,13,home decor,5.407841901540144,0.672222346354524,0.09471165859251163,1.1365303933016673,-0.1214785236663447
697,697,0.1811452051449698,0.1235068191882463,-0.2079848501132125,-0.0345151906468925,0.0293896352160109,0.2695365699383926,-0.182249106116449,0.1465235875638771,-0.1803019012663812,-0.1056394612637116,-0.2112581410801165,-0.0953848634154127,-0.0116577810148076,0.7634550970313169,99,,4.621772156295112,0.5641336518557353,0.02371650447767948,1.2960819182478098,0.09098929946035383
698,698,-0.0033910753524246,0.1859542839629545,0.2448239579656938,0.2909272178153885,0.0204182401365608,0.3217668387791497,-0.2401950880708754,0.2807510728234845,-0.049909319842364,0.1218868362389849,0.2047847726276698,0.1288457031651832,0.0660594060367187,0.8182594135869802,10,food,5.949402500941547,0.7070238782211131,0.18700610793486627,1.257170150420249,-0.017876332279608942
699,699,0.1332372168754414,-0.1393786485990163,0.3902198236235378,-0.0696868213403452,-0.0592800465026399,0.4045214313211429,0.0073225596334026,0.1488239649316444,-0.0248858926372491,-0.1331818092561103,0.1948357669931341,0.0740631103231903,0.0090613066079438,0.7968117421837161,99,,5.157024685989848,0.6674918440321227,0.06224827591486015,1.3045063763132752,0.04881334143262439
700,700,-0.0343152910158646,0.160358652861486,0.1165212687846043,0.0949796505680711,-0.1199988155024815,-0.024903276440333,-0.4352538199790171,0.1654888459863673,0.1169936577671163,0.0625825320397913,0.0913132043163233,0.1884559198368644,0.1937504689020061,0.7057518818863119,99,,5.096157458158953,0.6167172611302609,0.06765314777647458,1.3846148606202926,0.1537792169893657
701,701,-0.0287346737390983,0.1438111555097712,0.2514958962183152,0.4392902222713076,0.0717222390473377,0.2782311965426406,-0.1419599231383637,0.2225901397444426,-0.0239687711062925,0.1376642084647927,0.1905195516552321,0.1235676139992364,0.1749894652994917,0.7595822448839137,10,food,6.465522976315995,0.7291796675394554,-0.0025850050350229026,1.2230397165563263,-0.06285343571828661
702,702,0.1624735850742314,-0.1541665483123916,0.1756815061583406,0.2162900300736903,0.1334313385554402,0.2825029260697757,-0.2073613431162048,0.1209096209647171,-0.0401686666221679,-0.1635267651614628,0.3817934435914238,0.2875331654557099,0.0634225534471961,0.7858128472442069,10,food,5.226628030264003,0.7374676585334146,-0.005691670425216677,1.1502769679308567,-0.13967368364826505
703,703,-0.0180004018803728,-0.1797202432234122,0.1380445674231513,0.3425898435926016,-0.1136238668194607,0.2092586272200355,-0.1005335480054334,-0.0175581280601698,0.038807134023629,-0.1837307639263966,0.1184848449375892,0.0447650001565034,0.0280187198532135,0.8049596330793156,10,food,4.141504980226896,0.5368919088399063,0.025409395479009222,1.152577263148162,-0.03917878789677398
704,704,0.0809330942070036,-0.1009914195891274,0.0142333041921519,0.0674898123217847,0.1420599502934963,0.321896132076594,-0.1444199295283086,0.2839687587933906,0.1217765259999757,0.0309980582427296,0.3272358965575251,0.1891221550413795,-0.0058851886452256,0.7097087350839696,21,plant,7.011023299506503,0.6367699541365165,-0.0843285483699826,1.1532184861608088,-0.08743422749175722
705,705,-0.1006819288255193,0.1068743798471692,-0.0200151981476323,0.0661989665488456,0.1263469809957805,0.2913238300390414,-0.2251102262108332,0.0766464965274325,0.0934904323320951,0.1488314965663925,0.3957464359045462,0.2356718209282892,0.1383666084094516,0.7720608757222485,21,plant,6.828906015691167,0.6677704474294517,-0.025551920981527587,1.2846571563241134,0.02882772734123451
706,706,0.0659549612850823,-0.1406978151570439,0.1236382084043754,-0.1926669443333754,0.1511001078055003,-0.0467459398040437,-0.412964390062357,0.1020121178290208,0.1157409427122371,0.0101283939986017,0.4373307578626982,0.1613645344856303,0.0349743590351889,0.7626091965373095,1,animal,5.041533006301858,0.7173101393206264,0.08665998936750274,1.376235083261201,0.09615282080631027
707,707,-0.0637270903019499,0.1286184757147983,-0.0557947874438094,0.0337061144129774,-0.1122355255892479,0.1980654982578271,-0.2901618938158266,0.1802697888307679,-0.1683846499726562,0.0763520109495287,0.1165275667713272,0.0709893691912708,-0.3232620324934659,0.7289902263510963,99,,7.422437895833907,0.5921743129439528,0.11913397470085485,1.4501833539038729,0.23136304610875036
708,708,-0.0554314880210801,-0.0307607276786011,0.1912676932841125,0.2655493941907033,-0.039659971434691,0.2099915665846015,-0.190061766671679,0.0348216866965605,-0.2004113348176269,0.0613958859898171,0.2503759139178489,0.2075661985584112,-0.3862154610650419,0.8629256503373961,16,kitchen tool,6.124200643702669,0.7021342074177558,-0.021044356132484787,1.1704313137039741,-0.10222136380251912
709,709,0.0026178878804389,0.3072733844590948,0.0616415146294999,0.0812299715087507,-0.0443722017043656,0.2832241216167646,-0.1205313446928643,0.3888875647919735,0.164233304942803,0.2432131102978013,-0.0013452110455932,0.0911540811987655,0.2850200402094855,0.755371877287646,99,,7.420359063142048,0.72693906490857,0.0826444661083976,1.415062926865041,0.13026669224189824
710,710,0.180386349298579,0.0298679309379783,-0.1408348196180775,-0.1814587680967138,0.1527518077188966,0.3237452946494231,-0.0144272937236274,0.4608314119027531,0.1026447317021601,0.0291451243273404,0.0668482587079592,0.1981660346157408,-0.0930727396282904,0.7858260597656144,99,,5.228422351739686,0.7004978999719533,-0.09507671361382775,1.1955703514256077,-0.0762812493991969
711,711,-0.0511446881170516,-0.1700901599977343,0.1604043981169864,0.3455329908554319,-0.0968789296671329,0.1008413709743385,0.0770819528753619,0.0084219763310271,0.1791113329378684,-0.1735503563917034,0.051241535494766,0.1740452638960059,-0.1769183995566521,0.8341426692107743,10,food,5.82698932171338,0.5732837790744627,0.163209509291666,1.2570682479703998,0.04749605930247269
712,712,-0.0868792608558375,-0.1056695142191429,0.1046923452652423,0.1003748346265931,0.3041740746379207,0.2621817090013353,-0.2403932933347762,0.0588592628800169,-0.1040671229806721,0.0514385953488362,0.4248280342737542,0.1989132923086636,-0.0721979028159987,0.8178260845943774,10,food,4.291238233288956,0.7078120514793258,-0.023474843476415597,1.1948655676473727,-0.0805667760469484
713,713,-0.0113934702485436,-0.0909558940020416,0.2288538664794906,0.1094245984666611,0.0506153569724,-0.1293976884690071,0.0604577462422184,0.0572944160001824,-0.2916260799367084,0.0616195615285692,0.0791834632696449,0.2151747309222822,-0.2045310254380219,0.8540952874723438,27,weapon,4.68765519295728,0.5312626026835305,-0.06378001354178131,1.3462324174390166,0.15723227018681052
714,714,0.064846724812804,-0.1244853377556353,0.1160186810986759,0.1879372837614964,-0.0255388643242388,0.2192493373319058,0.0547174412613416,0.1358261864659425,-0.1144337479173822,-0.0103390273823755,0.1643999956576783,0.20639287876329,-0.2109450691986695,0.7713702055325934,99,,3.288808517863399,0.5157255958273115,-0.11545979563105879,1.0344510990177476,-0.14694269410603256
715,715,-0.0962438217873141,-0.0047660802769978,0.0413860975056261,0.1434872017388454,-0.1509775477824964,0.2375672572036962,-0.3122246567393488,0.0885687205024899,-0.2950783476526404,0.080972618830071,0.0562799223542209,0.0176615101984193,-0.3066808662072408,0.7666659524536724,20,part of car,7.702894542796036,0.6382071447375859,0.04812332957847598,1.1726085586566903,-0.06874775130389965
716,716,0.2222690747922828,-0.0956794947469199,0.3365099206727388,0.2331149684411819,-0.0984632292706894,0.1755171489530634,-0.1536293611109405,0.1509264097699871,-0.1574110014937371,-0.0475673178854208,0.129530278586305,0.2785200374555552,-0.2198988112085403,0.7432696030257007,16,kitchen tool,6.193519871703704,0.6948161814687971,-0.043204641606727545,1.1190724208197216,-0.14999761703140524
717,717,-0.0384010595591441,-0.1017982424859741,0.0878354018084515,0.3207148733272744,0.1474405627928986,0.0674162562841762,-0.048188899108858,0.075314502711746,-0.0952045648399493,-0.0032020124799156,0.1540103209562749,0.1242140277343587,0.0615268077009352,0.7981495162780056,10,food,5.887601010973444,0.45683338382826394,-0.10508926683375086,1.1702452768330038,0.01768297126770313
718,718,0.2236810052670855,-0.1198677288071655,0.0328776459251691,-0.1536198763886406,-0.0741213959864879,0.1196094763473572,-0.1709213419054703,0.0425341539896573,-0.0511057716188681,-0.2137239577944613,0.2689513756644181,0.0501254335203295,-0.0946058814492232,0.7759985570416356,1,animal,6.819460611792948,0.5215290428055166,-0.10856346561346764,1.1541515672254066,-0.03008338271128319
719,719,-0.0686701518345403,-0.2518281574234561,0.0950038116370748,0.2269888029380914,0.0637038900470897,0.2769482887130813,-0.1161648761979829,0.0098386424322358,-0.0799885008564984,-0.1213237844261885,0.3010894541852066,0.2718905095496854,-0.0301124107167155,0.8051237193689056,10,food,7.197053849596285,0.6400280899343543,-0.06829872860676833,1.2180835273267252,-0.024164251250906155
720,720,0.072587048070406,-0.1039383416082949,-0.0218367671032677,0.0767223882075682,0.0403541292913617,0.180612016971115,-0.0472633477426073,0.3078873063729994,-0.1174359605822047,0.0057156761372314,-0.0212081582537855,-0.0122531906301043,-0.2727283910605842,0.7275102342229001,99,,4.568403950860666,0.4924605337319452,-0.09792087241243541,1.0938658582091014,-0.07613820568595409
721,721,0.1871439560780646,-0.0912966558337845,0.1444890659082404,0.0056507833236613,0.2398188824353705,0.2395189034035626,0.1078257659579657,0.3001579268907531,-0.2841042844021105,0.105505800845704,0.1612473419408908,0.0720064112103972,-0.3799537389592787,0.7013443742011655,99,,7.379428932527363,0.7404510316269588,-0.004548516137612868,1.2570695578953053,-0.034341644770438995
722,722,0.2013066023107104,-0.0528263016994323,0.0890366986305831,-0.0761508958659928,-0.1372367560580428,0.0283204128133661,-0.223735430790082,-0.0047103890439945,-0.0550120576643935,-0.1739356272550374,0.1587512180094745,0.0521645651242477,-0.0376078385905789,0.8264693166599095,1,animal,4.069247773699686,0.43517184214399096,-0.14448465792740545,1.1553736926993339,0.013416091022175447
723,723,0.1307109942128241,-0.0349811330452659,0.3642085293490607,-0.0677117036653205,0.0281489204633377,0.4828721074564609,0.0420433207210662,0.0229202784526176,-0.0337191579629975,-0.096603393098996,0.2317836828528609,-0.2662878107706088,0.205515046824803,0.7721659192151283,18,musical instrument,5.642865283567852,0.7544077747813906,-0.135038945867624,1.2133949755278217,-0.08484894156577272
724,724,0.2863534376982575,0.1389486054928835,-0.1368966474403759,0.1067028381648747,0.0500390579581445,0.0965269332058456,-0.2160506746505123,0.0922504315075171,-0.2519706027324098,-0.1832590053650523,0.0428754643440603,-0.0715304042285209,-0.1714081327782062,0.8494017562454662,10,food,4.8692254709459855,0.5760636129210536,0.21930039059431317,1.1498498062290707,-0.06108328810434438
725,725,0.3470946012567641,0.1869198878352119,0.0953773266719993,0.3561956515012869,0.1624340232660454,0.2126505926595209,-0.1948625410240514,0.0204314861007459,-0.1845662696456256,-0.2916727599566313,-0.0406949832484176,-0.0670984868373451,0.1551023086721,0.8177841805890588,10,food,7.915213470831127,0.7421135673314461,0.4982073554206664,1.424630778727136,0.13240565897707102
726,726,0.236998107324244,0.1503731109840067,0.0546561207665187,0.4277283284643462,0.2048322039002316,0.2242794944446866,-0.1341868653970878,0.0828084731952147,-0.1497951641119936,-0.1860642607349835,-0.0909782063746959,0.0775989401904743,0.1307176869503784,0.8690017735656727,10,food,7.890045310826701,0.6857726408228407,0.25078332083958554,1.3009853803693465,0.03634273148473888
727,727,0.0964305465792736,0.0745918461404527,0.2434643414903514,0.0230378683815999,0.1633294073461993,-0.0118025188794201,0.0361402111641515,0.0704610479635842,-0.279427189493517,0.1418987141368707,0.158999631015612,0.0935065172010536,-0.3044416792056711,0.8816901506487516,27,weapon,4.837428428469476,0.5767833028459443,-0.13847914158428842,1.2887730865014542,0.07748765812570801
728,728,0.1723809758227304,-0.3062096525385943,-0.2579578669847649,0.150423612030538,0.0097726061936376,-0.0923466434013395,-0.0720585620173739,0.036544999489024,-0.1608128230543661,0.1680441953772772,0.1425340000209676,-0.3107222029914422,-0.0889604832566963,0.7912191105936356,17,medical equipment,5.445306433138769,0.6377133116768302,-0.06296646496338387,1.3240048156873507,0.08289026845333947
729,729,0.0359665708902757,-0.1030566342596921,0.1861663093044475,0.1199943867861926,0.1557717736941204,0.0678497596499408,-0.1314753009493492,0.2689025664690789,0.1511003744100181,-0.0486094058128179,0.076560716103155,0.0254218220061741,-0.3763342298528114,0.7778564066238015,99,,5.854212285580803,0.5939385947790345,-0.10858769627922826,1.176438204499335,-0.04324583158941375
730,730,0.0028357412069438,-0.1225762431699108,0.0231375476736078,0.279288962556352,0.2029087543657268,0.1951019966166556,-0.0618069561013999,0.1642723202642222,-0.2004339712748666,-0.1607699777424405,0.095702374164258,0.1121501698561258,-0.0302111568107528,0.8180241008807747,10,food,4.316075669176199,0.5406320151870012,-0.1420947047172556,1.1626729783695657,-0.030914092872325716
731,731,0.1322585700966644,-0.180727650218525,0.4182264861082815,0.0041799512433452,-0.126529780499211,0.2287568357547802,-0.0736788551947187,-0.1029494189931536,-0.225182860941325,0.0012737729968319,0.0315034148379042,-0.0521448420691498,0.0231482271598289,0.7220534157183335,24,toy,4.876497335863339,0.6036626905025915,0.058059250926842054,1.2384831928857707,0.014038592787714022
732,732,-0.0737455846605265,-0.2032495787293202,0.1777246703983332,0.0272981459399013,0.1354078006270155,-0.1204226191614024,-0.1236172430303632,0.2149220905838137,0.2712866618755665,-0.0837500573085824,-0.0194685557031817,0.1539787223948417,0.2839366127640135,0.7899436982476137,99,,3.4518165779106798,0.5989229114939583,0.04799227086190605,1.3122709842181932,0.09014680773607364
733,733,-0.0548974264611063,0.2341942727670045,-0.3392121699565277,0.0763401029067784,-0.1724325505416436,0.1204494607804021,0.1016047082542759,-0.2847969142355468,-0.0426433664086065,-0.2416329336415661,0.1699608221134721,0.1530153612653946,0.0643758967584552,0.831551859673035,3,body part,3.652694473332164,0.6565644049234427,0.09408646866715908,1.4865394255943591,0.23619606792931447
734,734,0.1781694012195439,0.0957335778148553,-0.0206624898493938,0.0678280088656455,-0.0745887962324183,0.0657449536568872,0.1837940060999538,-0.2094495876731119,-0.1150117996436013,-0.0554338081315626,0.1844373379533077,0.0430591239176919,-0.1794344862505205,0.8089424216474402,99,,5.390574925353424,0.46673403605924096,-0.031105789511502557,1.237066495152017,0.07965718992532023
735,735,0.2100577686502237,0.1371943835224208,0.0908209086008947,0.1627163830825567,-0.1184050052389715,-0.1094878378755729,0.022659923216024,-0.210416723252971,0.1918431405713526,-0.0407504114135383,-0.0125576723899701,-0.2873629253464055,-0.0200381380540613,0.8163056014018788,9,electronic device,5.989146060802876,0.53858024921712,0.35725916286206416,1.2689489526307816,0.07636635147119053
736,736,-0.1210667882734843,0.1183301268313684,-0.265085392842757,0.0876949620736401,-0.1718650386776283,0.0959663866355395,0.0290978345198033,-0.4614312469950889,0.037083384507248,-0.434341216795713,0.2124291476052736,0.3183417036655331,-0.0049153760664727,0.8828794574682267,99,,7.214298933957427,0.8340573664635752,0.15116885095321875,1.4066325388653236,0.06939507519446675
737,737,0.2209373639584745,-0.0844131484217868,-0.1309426494740882,-0.0367366118242296,0.0763682587486255,0.2743645661726564,0.026766210494437,-0.2712037615842834,-0.1478888383323926,-0.0824202860811581,-0.0566666982680999,0.0314867949895417,0.0927495098153007,0.7824030508914231,99,,6.361683672107708,0.5208450897718291,0.0646873085015347,1.3365365536303258,0.1526364422522839
738,738,0.097344915475643,0.0631919084135667,-0.368342883693416,0.111447172868868,-0.1996498047169448,-0.1276296105586815,0.1914769775468406,-0.2813775582992712,0.2239627066691686,-0.2307546795770683,0.0631427423027696,0.0976358603473902,-0.0383871758973292,0.7962061741592371,99,,6.148689488693813,0.6722742639397394,0.2455650285001374,1.4991934377943,0.2411591038626284
739,739,0.027083619992882,-0.2124243971953062,0.0522235139087042,0.2253249568998892,0.1446418717934326,0.2059934244234885,-0.0590932596939308,0.0683317924934744,-0.1720129705924385,-0.1754048009456978,0.0806394787687131,0.0846378047000995,-0.0934296259839471,0.8037951676954797,10,food,7.131840715860867,0.5036097423300542,-0.13861970513280342,1.0795070710459373,-0.09595524035030656
740,740,-0.1085057779846687,-0.156743651608355,0.1793875125880699,0.3074394045095062,0.020028597126819,0.2822058872390998,0.0449313301492892,0.0238404189484438,-0.0728857616934402,-0.1995162064693084,0.0260409491871909,0.0822130654897329,-0.084291208653905,0.8074349053291199,10,food,5.483984312190715,0.5525672979129636,-0.06629957241478346,1.141530828109789,-0.057899323969787586
741,741,0.2703103544751843,-0.0506766314823551,0.3403151869874499,0.1513543001219288,0.1300643073661999,0.0697266654362556,0.167512216482394,0.1421282537891448,-0.2104377247673698,0.2340312239813529,0.279766665650441,-0.0199684731995864,-0.2606374867150999,0.7935994525579041,23,tool,6.372075381663578,0.7280469427927257,-0.17826573780575383,1.3040782428555588,0.018739631467320716
742,742,0.0070579246676635,-0.1604706722315967,-0.2547615653702891,0.1074475022747434,0.2317230977670829,0.1239256454697466,-0.1549093540023456,0.1054345785353542,-0.122222019896109,-0.1706194981539091,0.1364121476551992,-0.1024321278274311,-0.0796037569775962,0.781166011008609,12,furniture,3.973272208897957,0.5346982308706268,0.13733571698677505,1.1517811401192333,-0.038900965883875704
743,743,0.1213137595613308,-0.0432008057066521,-0.018931607614564,-0.0720546657722926,-0.1006730486305096,0.0732679172660247,-0.2438029082611638,0.0203279072891214,-0.0734795661649306,-0.1762677547269517,0.1932666634104072,-0.0328448470900918,-0.1565177017677203,0.8369478352784429,1,animal,3.632631053039767,0.4437207420715588,-0.1226199693646498,1.130337172158669,-0.015805660358593432
744,744,0.1019032438284792,0.1719083861051266,-0.1425744882035725,0.2679393716410832,-0.0926038749299738,-0.0109292670120746,0.3290623473114712,-0.1866367527531741,0.0762822674318685,-0.1321335652008709,0.2649982653435981,-0.0098234939605016,0.0144956495859941,0.8240967350700525,3,body part,4.277384221441563,0.6145526480348815,-0.07849376963492805,1.3290390376164773,0.09926310992098442
745,745,0.220373049674529,-0.0929048042551291,0.1267400005676054,0.2521704632821848,0.0257907243986676,0.1642846590636367,-0.0489531002129824,0.0512838930204542,-0.3406139504625641,0.1434618302306029,0.0584391947886266,-0.1636596119822577,-0.1081610459448136,0.8251430325208023,20,part of car,5.602586714792489,0.5899382919164124,-0.05461441074384432,1.196333507811886,-0.021392125318323796
746,746,-0.1508648409436457,-0.0939140035872774,-0.0331200413841854,0.3675426790346986,-0.0596737032565851,0.0227810351633085,0.2268397080634843,-0.1477585316598038,-0.2890625435370417,-0.1542127216186098,0.1165886706759017,0.0982558506340127,-0.0999098389424093,0.8608448951089711,99,,7.731635631830849,0.6210484565865209,-0.017524919860316457,1.1944741453811605,-0.0384818942014844
747,747,0.0905210725869937,-0.1370622629599492,-0.29765477913457,0.0093390143000902,-0.0934661962835382,-0.1503682971066959,-0.097220218543977,-0.3137243244821818,0.0285159764406135,-0.2912264465005306,0.0658895454887352,0.1118093874174021,-0.134882951928284,0.7764967900856403,5,clothing accessory,8.506205983245097,0.6128206724823437,0.22397538593447042,1.408219636556001,0.1792916211718234
748,748,0.1575487183856138,-0.1436663979546612,0.2181013621235029,0.266396507452119,0.0403184381746441,0.2347416410159352,0.1217836396309607,0.1813675788842385,-0.0656323684717063,0.2348740738204169,0.2456332948350161,-0.1443709549888757,-0.2474729122005025,0.7892414143734009,99,,4.497772161256762,0.6858181776082709,0.002732765163487416,1.1683633264652706,-0.09630161557522343
749,749,0.1173217691744708,-0.3174711061534719,0.0371107134788899,0.3134760328768687,0.0644857446943673,0.1531273900379638,-0.0570189977456047,0.0478367715821085,-0.3577159043576337,-0.0245553838334963,-0.1863841141896792,-0.199119743226542,0.0852376377395548,0.714093660247234,99,,6.034927065798834,0.6764314162082596,-0.030296973360324886,1.113229054738855,-0.14684046992245792
750,750,0.2107298165934961,0.2727383610798479,-0.2494363430608459,0.0982046553163525,0.1581157171111195,0.1189440699994095,-0.0208733579206633,0.0587609717175237,-0.1562043674294468,-0.2434285877110439,-0.0365862355968569,-0.084161280152779,0.203767113145823,0.8269917582417583,99,,7.764487762545302,0.6060468012092748,-0.03602892052440576,1.2561295913700512,0.03051781727997538
751,751,-0.0463401266656055,-0.2056002066877262,0.0769141227846613,0.084630703754499,0.0644040014277089,0.0663533765211667,0.136125767629503,-0.2164021491203848,-0.1900139156883212,0.0071171349156806,0.2613186569778862,-0.0475799170380726,-0.1281261991899936,0.8385592683800093,99,,5.564398347123406,0.5045109563101726,-0.07345550340809748,1.11233139633605,-0.06357211668555895
752,752,0.1060059467195511,0.0717206950118761,0.1157676951072215,0.0378388547246293,-0.4210990824581425,0.1620741429056346,-0.1396188892398624,0.2313700016932454,-0.4731967074148223,0.0190113199038631,0.148589244117239,0.0022118534844713,-0.0767737286413716,0.7804778554956078,99,,7.205914189594985,0.7483899046068032,0.09376977609182835,1.3044701014190367,0.009172314945735005
753,753,0.1050845867574343,0.1346848002524227,0.213184466791488,-0.1091661268828897,0.0048373216152718,0.3058045346280224,-0.1738885941630442,-0.0659561745853566,-0.2353133555112341,0.0165807541520711,0.2226523982458676,-0.0665766557554249,-0.1019152795073959,0.7207412574473334,18,musical instrument,5.988825104168919,0.5785459891674076,0.05075909817886748,1.1658570584988246,-0.04629131706504208
754,754,-0.0788738764632887,-0.2758658095288351,-0.2579381672035381,0.3656754028982853,0.0499888929125313,0.0759074388481048,0.171361094477268,-0.0974880649596284,-0.3880820981882709,-0.1882743608418983,0.1779802462010314,-0.0277119480534617,0.0484063224133131,0.8213911964405695,99,,5.275626903079726,0.741987904129524,-0.07669048801670564,1.07586606045606,-0.2162975391554367
755,755,0.0866601631306757,-0.1388830390530199,0.2336642005078191,-0.0281396871879971,0.1420686588781261,0.4083829475107888,0.1061241891291295,0.1007664449412813,0.0520254242888494,-0.0657028627517037,0.1795481985822022,-0.2609508032765671,-0.0607419689516671,0.8067049437155344,18,musical instrument,6.187957883290528,0.633728343760173,0.04646876119183052,1.288001919915116,0.048838268207187285
756,756,0.0281867233842694,-0.1270908350678954,0.1663145091608676,0.2825300076148101,0.0972364698590369,0.2071416517171701,-0.0928813140013246,0.0904488772590114,-0.1954077452501451,-0.1303981557783781,0.1394741013334853,0.2402832333987043,-0.0636060397184494,0.7452082081712521,10,food,4.419786518155167,0.5744766985235926,-0.16483360230372152,1.1450813126626187,-0.06507488603122513
757,757,-0.2150127405195384,0.0558242338435602,-0.2632451091264479,0.1532433896884948,-0.0078367579811444,0.2631536468014238,0.1093608181443884,-0.2512050461606966,0.0398075944674847,-0.2537626450043199,0.1693973553423174,0.0827622400831749,0.1016011971127155,0.7896889466303498,4,clothing,5.650953911939789,0.6311508125691346,-0.07053123996255428,1.3421792136908761,0.10427742761752756
758,758,-0.1757052212351598,-0.0910238118219468,-0.0247911459321581,0.0490388212142548,-0.2310162963319063,0.2707383554277749,0.060642103378288,-0.062055456102489,0.1045009784364706,-0.1733151963257314,0.121787893745439,-0.103949670710425,-0.2165902637335908,0.7507347496676765,6,container,5.331672934468772,0.5384059581905034,-0.011240068602316633,1.2506690077900102,0.05817173318540636
759,759,0.1938275137204466,-0.1042410891569801,0.22519477147842,0.0347648905308089,0.2004750611324207,0.1481018984049112,0.1621841082130793,0.3819676533822112,0.0508925816837209,0.1645152980345746,0.2113109299288441,-0.0523947136803604,-0.2535197126117375,0.7894001831501831,23,tool,6.147494809169836,0.6899341171898289,-0.07885406505912573,1.3029933072426088,0.03631335070683539
760,760,0.0898663899426231,-0.0543632103350663,0.1422733872051845,-0.1299863251028045,0.0378130564850525,0.011858901102107,-0.3355727851537656,0.3028134734029922,0.0595424709743722,-0.2705422018361752,0.1125334630732335,0.0820185411883169,-0.1321129611362684,0.7490875613600828,1,animal,5.4210300041939234,0.6063234181691824,-0.046100572106005155,1.3118915883465028,0.08614439264179685
761,761,-0.0375429771890005,0.1920385858411647,0.1598392689945151,0.1956636825296105,-0.001474676998257,0.271735823643281,-0.2191760943653136,0.2246550027940877,-0.0184656142854616,0.2810668215100761,0.1785138036533587,-0.0371074982584903,0.0154118781859399,0.7456540621390058,99,,5.820266301131861,0.6223286373633723,0.06308171007859276,1.405096004757737,0.1715132351731523
762,762,-0.1724724890975725,0.1653079590287483,-0.3674523670901762,0.1860894765650452,-0.1359905852137837,0.1135619320673179,0.140161329000895,-0.3765927656340828,-0.2041994296296625,-0.3457546132996192,0.1576035229177788,0.1066261918563196,0.0904911422566603,0.860218906926224,4,clothing,6.1452648327704855,0.7907094275844331,0.04171433301129357,1.3471087622715479,0.0310928747320125
763,763,0.0939412711270281,0.010720483752088,-0.1343482304066084,-0.058302878977073,0.0786601259383681,0.1759939425605584,-0.1087169437573423,-0.0079419969469206,-0.0584304105290217,-0.2976468411525809,0.0693197183632333,0.1805096301098565,0.0895080381447217,0.8229635524870921,4,clothing,7.588091527901028,0.46566156169572975,0.17209030587389385,1.2205182297366066,0.06363396899743679
764,764,-0.2034028268484523,-0.0905394267117062,0.075071212513936,0.001391433981285,-0.2664734147201024,0.0343291558284604,0.0864338137433941,0.152974041907797,-0.4426946237159505,-0.0136072400882775,0.2170018058263613,0.0234051611981932,0.0466580838820964,0.7254619751771549,99,,4.621095488550911,0.6358021729188854,-0.010290805362054956,1.1852874550416568,-0.05489146808431267
765,765,0.0495127225063382,-0.3323402154897767,0.1081881937047263,0.1355163213447053,-0.4484375886542263,0.2439025248576936,-0.1383091553869294,0.1549977706368815,-0.2311816874430258,-0.041026864539083,-0.1179760182760866,0.1238181384643745,0.0255669733701543,0.7401249038817042,20,part of car,5.640777848299193,0.7292053549564645,-0.11446552233972396,1.010469582878627,-0.27543614502218117
766,766,-0.0521811880943544,0.0921556982841023,0.1342178612996862,0.0911714341479254,-0.2161815694020363,0.3553617818733888,0.0718097518378329,-0.0250114725607579,-0.3946081100317073,-0.2249739117115678,0.3145528601870733,-0.067076287645211,0.1930070457515419,0.7531521745558134,99,,7.114438921373768,0.7505758898186885,0.06476190650103608,1.2548383673126065,-0.041529598107964416
767,767,0.0472474807441046,-0.2905048693110467,-0.1520441975288547,0.1184650227999141,-0.1013870074235905,0.008923047458697,-0.1230840244381699,-0.0022237116757258,-0.2500169419726117,-0.1191760038214049,0.1492499899670282,-0.0345548480788666,0.0010692513081812,0.8270263045078701,20,part of car,4.751512420047364,0.49947222411710945,-0.12771873986726445,1.0734319579365208,-0.10000477485042558
768,768,0.044570042427807,0.0262411712271929,-0.5114752886968625,-0.0293231548992185,-0.147449149789895,0.1990110353530303,0.0259891624467665,-0.3549560418865604,0.1068055881690263,-0.3660534394588342,0.0896050107434832,0.0493160705929052,0.1527191380054908,0.8905258867149114,4,clothing,5.500623002245779,0.795200981135372,0.015544842432776318,1.5648721951352293,0.24665740614631004
769,769,-0.019981476703024,0.0583308865978146,0.0716266053377534,0.1048420568725295,-0.1882505593246708,0.4204566152467371,0.1178436221576965,-0.0495895832388185,-0.3684851438072307,-0.1427081578452744,0.185339376458271,-0.1727101473971024,0.1937013479814331,0.8238400049968136,99,,6.164186105463257,0.7115749256935311,-0.015657597351865782,1.1689625443831781,-0.10831196582872504
770,770,-0.0913793913934848,-0.0133227800435416,-0.0363157326424577,-0.0600714130148147,-0.1618059494464118,-0.0085528062332912,0.1773057001280102,-0.1369438609693085,-0.012387763345934,-0.0104282151651947,0.232794820783682,-0.1108405290914397,0.1369496524328418,0.8515097031346887,17,medical equipment,4.802101564097181,0.4188040209823336,0.03003311828930255,1.3525067775109658,0.21856226646435406
771,771,0.1274426859503571,-0.2433656540033104,-0.1649146111860411,0.2688908861706718,-0.088497468604171,0.0860726110681232,-0.1727810594188932,0.1450038795426547,-0.2228856191098703,0.05839899123742,-0.0331883526230011,0.0178632882478897,-0.1371091237471639,0.8143180124325825,26,vehicle,4.412656308841349,0.560709595348491,-0.14297542709074085,1.1222729615429448,-0.08114336356768792
772,772,-0.1352448960592527,0.0256401811720389,-0.0592638015715269,-0.0448068952328153,-0.2747587541456159,0.1060158206529923,-0.1265499984513698,0.2194461168369171,-0.314050745013309,0.131570549583047,0.1962469538943268,0.042875403638692,-0.3034285557623779,0.7494545989800896,99,,7.455181725716571,0.6509457887658339,-0.07756293459083308,1.1748519943676066,-0.07274069293975827
773,773,-0.0192800300591756,-0.0555700541868702,-0.1234483441865312,0.0668052143934239,0.1367927445493783,0.2440540088814695,-0.0958519941250161,0.2288473022455677,0.1731190936298787,0.1083654230449175,0.3305367956823196,0.2011426672991542,-0.070388196625005,0.7763171685473569,21,plant,5.977786120076208,0.5994799556219165,-0.1278751632620726,1.1375943157971844,-0.08480256925368468
774,774,0.2224967450901524,-0.0321233552948528,0.0694567897772599,-0.2228488335426986,-0.0968617487880306,0.0217053126339655,-0.2556105408872731,0.0800284865707137,-0.035713934167031,-0.1140042667347707,0.2640270988132646,0.0356949111181079,-0.0700176913979622,0.8268678420821897,1,animal,4.911864343866506,0.5260955774975793,-0.14060924189634316,1.1602372146715423,-0.026233344757310872
775,775,0.0902341528196923,-0.1337368015768459,0.070796525313563,0.2664082714403742,0.1033890789073472,0.1574762230493986,-0.109683397365458,0.3941397167118434,-0.2766853454469938,-0.0465794865083999,-0.2086984746567318,0.0251878554407354,-0.1611843955759777,0.7315700816682397,26,vehicle,4.331112744122635,0.6736261542141907,-0.1074743192322678,1.3054808286445054,0.04678465834593193
776,776,-0.1106183471177834,-0.1502288669543744,0.046888925464827,0.1828165178911786,-0.1697013203082723,0.0690645806666482,0.0707571152332616,-0.2064122946397118,-0.1176186949280129,-0.3254223875432263,-0.0082655343911846,-0.0720784929310245,0.1983869347584516,0.776772253895765,22,sports equipment,5.347771912143815,0.5621045567133385,0.03201114946056105,1.2860753596048897,0.0819761120861835
777,777,0.1578252173023944,-0.2135743463944798,-0.3623128746066451,0.1517765796905928,0.1613440122164413,0.0349434410372223,-0.0923083401855111,-0.0234631501954061,-0.3030889527789183,-0.0238091230031233,0.1292921517498668,-0.1424350330379466,-0.0088664606907861,0.7566377673079393,12,furniture,7.566659041379007,0.6250331465112965,0.19090803457646266,1.3246083328916458,0.08970153387764479
778,778,0.3932976830387066,0.3485077174460529,0.0497920108536046,-0.1400295291090693,0.0189571484004957,0.067761990889058,-0.1962595998559962,-0.128251657050874,-0.2394050893273129,-0.1453927805220116,-0.1363368016376626,-0.3694299217428143,-0.0717543817923118,0.8409340962340113,19,office supply,8.250791332448095,0.7725375901643301,0.15614153486691262,1.3484930946755946,0.04137347859043916
779,779,0.0796311719238687,-0.1562065303491293,0.1166981793437748,0.111068841706679,0.004713569054386,0.2002833690084597,-0.1584207953622427,0.2092089746066258,-0.1455967777765925,0.0655648853576671,0.3231018226610082,-0.1592916903191417,-0.2986508740652634,0.82071327196469,99,,7.109705774359895,0.6404339905892716,-0.12513872478673216,1.1030535296897648,-0.13939296310295535
780,780,-0.0074939893736073,-0.0586154266774332,-0.4693542546708391,0.2307964871572571,-0.1257783587613346,-0.042857360276225,0.1301978451886372,-0.298796095061062,0.0978227138403629,-0.2424457035297838,0.264100321046088,0.0750273935950781,0.0847050442185081,0.8788328300818224,3,body part,7.487160095240362,0.7428607766914505,0.004744758150941553,1.4408258311291755,0.14823490482107382
781,781,0.1806287894591105,-0.1043677090894775,0.0681373501281471,-0.1676700917060255,-0.0571969146540382,-0.0854885777723973,-0.2166046444941422,0.0985457357618889,0.014543997186861,-0.2879073670562233,0.1578602928616056,-0.0395017294573057,-0.0920750197601,0.8218433199644205,1,animal,6.809379876998127,0.5114139245872443,-0.13038844312487868,1.236274383223675,0.05699142770464083
782,782,0.3197101053944961,-0.1278470961445814,0.0568585743430475,-0.1144794793389588,0.2241033288713672,0.2123915187782652,0.1376273998762749,0.2099691474895346,-0.1829404120770943,-0.0047962807149294,-0.0512966893979541,-0.1980931871109142,-0.0025039425644443,0.8349635103420175,24,toy,4.393225325166244,0.6071469451749768,-0.1251952594776855,1.1197053993672386,-0.10644496524241553
783,783,0.034623387622768,-0.1720074590342981,0.2787807910061758,0.0413470410180672,0.2858752501869035,0.3141898993903448,0.150331842821697,0.2408663043158761,-0.0716519216355557,0.0327791995305235,-0.0019520008569416,-0.4240941356594407,-0.0581750700844709,0.7694392301200375,22,sports equipment,4.883118430460312,0.7488139301732591,-0.03829796453572476,1.2488173394499578,-0.046688034536680245
784,784,0.235848644141186,-0.1154275567927068,0.0628026958114018,0.1292120552275468,0.1165695710582701,0.1836920436064764,0.2874649957930732,0.2332515092340344,-0.1154043888889741,-0.0090348659157035,0.3950750389568565,0.0673967955054693,-0.0963189213156918,0.7536032965750554,23,tool,6.827936947565898,0.6762140272180939,-0.000712691763644635,1.2222175119843695,-0.03774558692466545
785,785,0.0289881324416864,0.0723774997891615,0.164831928986169,-0.1306759823025444,-0.1906806936943198,0.2074889115143524,0.0763166267325072,0.2090102193025998,0.189453587284282,0.0051496313557563,0.094850006339954,0.1918995907278783,0.0463284955979958,0.8120821157381838,99,,3.694935646253673,0.5129642801079857,-0.24965758133474414,1.0141576195650805,-0.16588433369559397
786,786,0.0005602282936446,-0.2287683015648993,0.0724493954479158,-0.0235457496800692,0.1049454630104507,-0.0090159353585823,0.0510657083136892,0.092844722305089,-0.1162208231526261,-0.1831677893591222,0.1633544392553735,0.0615520401020259,-0.0488562463503793,0.8192689168410876,99,,6.623400489114196,0.40047375853274103,-0.13068336548960313,1.0798542638354434,-0.045116416617614785
787,787,-0.0728791328132543,-0.0503827606604603,-0.1245662515480907,0.1994896364139989,-0.0284476014240516,0.1197509524149593,-0.0768615304063191,0.0187233592645544,-0.1273642633845647,-0.0662669384637658,-0.1036120848879537,-0.2478587437046353,0.0576530264445988,0.7410347007267859,22,sports equipment,4.725785664632397,0.42506085146373923,0.04806976484190151,1.2050231711819754,0.06801554322980286
788,788,0.1570046417741316,-0.228769459646602,0.1942460046719782,0.2988618579759635,-0.0722935431228766,0.0804455940990996,-0.0908186242753903,0.1288526056105812,0.2070052232712348,-0.0265163764526414,0.0619635990178224,0.1138429533119935,-0.0700454209299465,0.8253372266016683,10,food,5.57641272073855,0.553032600722293,0.06883804893454759,1.0597331960026235,-0.1399247514288804
789,789,-0.1678177631802291,0.2559880766760837,0.1424128325643153,0.152030772675749,-0.0811802497352429,0.1051976612866233,-0.2899796993983948,0.1450596630175653,0.0930620644818665,-0.0117991544107875,0.2162310616261715,-0.0848065647222982,-0.0841171653050997,0.8132277339136278,99,,6.673552545254452,0.5741935835283238,-0.003012911008472008,1.322308366616749,0.11229077073958749
790,790,0.3387997480240285,-0.1101145857127983,0.2358104628812586,0.2324628531062863,-0.0764366708289593,0.087937661285822,-0.0066804322986946,-0.1135666483635599,0.1071799397183057,-0.0278144857646931,0.1874923796811421,0.0905547948196878,-0.1050941467517554,0.7217839017531607,6,container,7.465294922484168,0.5742239811464565,-0.17347893358597866,1.0832950729028683,-0.1267374045438463
791,791,-0.1007151921672461,0.0026604568264234,-0.3667439331315022,-0.01358417268585,-0.0101078245216465,0.0747821862461101,0.2240703751865151,-0.2017107898992148,-0.0072294547802803,-0.4696804620416777,0.2950017614888189,0.0787842894564204,0.1048053087301792,0.8236967205307654,4,clothing,6.655787463707162,0.752525579112912,-0.15484516769081236,1.3763828544716339,0.07906039200092319
792,792,-0.0631538519089683,-0.0417068391609119,-0.4459258454101584,0.1718809053462415,-0.1382398749861696,0.097437117783675,0.0162042765363201,-0.2277809628780322,-0.0629693179977907,-0.3227347770780108,0.2003387752910166,0.0307677050044323,0.2858243825735755,0.8527153986115984,4,clothing,7.263760147224922,0.7387641713237335,-0.0803621202190129,1.5391895946834937,0.24860421754194806
793,793,0.1807982149514905,-0.1306118361735473,0.2113137232798819,0.1410668676719448,0.0847721773815197,0.0902675084067004,0.1313183402362414,0.1124747479444528,-0.2004074345898178,0.1219710623568708,0.1878086797240045,-0.2217673754454668,-0.3515780621037032,0.8023897744152079,99,,3.92499821266759,0.650100377060769,-0.16624210967317743,1.0295288363290374,-0.217649968119644
794,794,0.0311470940510449,-0.193021697406607,0.3957442605117174,0.1713119274764964,0.0657263925928631,-0.0021411712948039,0.0979415927604835,0.0802484728014951,-0.2601257706434447,0.0970491692941147,0.1201936009063079,-0.2775097432092804,-0.1649969260562022,0.7520253089382415,23,tool,5.498716463475047,0.6635599689062577,-0.08874607739248996,1.2158884262734255,-0.037879705382759754
795,795,0.1799849337230907,-0.180888015385594,0.2845900286219591,-0.0740756833516453,0.1163223964887998,0.0933162004547777,0.1260719277700458,0.0918570082121876,-0.0128096741896052,0.1173522634620472,0.0638642671840371,0.1053751632043098,-0.2370652647409677,0.7359827166245653,99,,5.780233599445887,0.5324307905602117,-0.07179607278869082,1.1648422886567447,-0.02472976094195567
796,796,0.0406655473751288,0.1396456477470738,-0.3803134081287551,-0.0383727734581343,0.0497242810460702,0.1716892673545966,0.0708465996686399,-0.1513069194933229,-0.2749762586324726,-0.2332947228285813,-0.063079476861463,-0.0199747614459396,0.1905685412167916,0.8246516195970627,99,,6.880946949186497,0.6307621072587368,0.08620192364619683,1.3654577393916711,0.12774624931740708
797,797,-0.0094098812448028,-0.0117908485242113,0.3875534932677343,0.059600134698784,0.127406713233173,0.2767395557459824,-0.1264240919785688,0.1882784230663641,-0.1760230146943281,-0.2138364761424586,0.0507729377250505,-0.0820217424743271,0.0135577949371949,0.7321185479296655,18,musical instrument,6.806293786245893,0.6200209154285401,0.0662012995197252,1.0936938774953886,-0.13875911526482376
798,798,0.2805119304955449,-0.2438704362224934,0.0183580987993673,-0.0873340194885744,-0.112777053166881,0.0515589740022992,-0.1066061687050432,0.1991197041340581,-0.0859509195912272,-0.2103061360985123,0.1242637658710337,-0.0504969073997874,-0.0597403695873328,0.774335911874436,1,animal,7.471777962120396,0.5345007682407121,-0.06824499154489383,1.130945472825176,-0.05963996264774907
799,799,0.2411371171680802,-0.1910836871149381,0.1679405105321674,0.0602906787992776,-0.0200669543162381,0.0513825765435607,0.082543779323668,0.2058422711243365,-0.2746635102407552,-0.1387845964314893,-0.0163930288377416,0.0156070948565037,0.0547662593371676,0.7952204950908993,99,,5.401780488732009,0.5262502234968118,-0.08198002028599016,1.098610819164368,-0.08793544932772979
800,800,-0.1335638593205096,-0.2042462805808678,0.2538019327457259,0.1258736582038706,0.0131135253709084,0.0723868303415163,-0.0632761589988511,-0.1275771689509475,-0.0654887408982596,0.0223766248001803,0.2122143331950532,0.0460252868055174,-0.3293622947878692,0.7909693974927429,23,tool,7.3703367960064465,0.5709022075813857,0.14789992406634322,1.2135510176303637,0.005144759847718783
801,801,0.0889948360503799,-0.2814975054064976,0.0324826891108201,0.3630476700183068,0.0045397356935604,0.0994884184129179,0.0202653368232989,0.0529775717460187,0.1473475189505575,-0.1656298783190525,-0.0043751227469654,0.3119226620878179,-0.2312647664299088,0.7896379766886829,8,drink,4.976909830605673,0.6581020838154181,-0.013066768589642286,1.1073714762250413,-0.14372467316471638
802,802,-0.0202305581917291,-0.1808856741529425,0.0391425589306854,0.1203294140276353,-0.0173578231213576,-0.0990500846411519,-0.1873911613406221,0.2161776562025809,0.2803910692548033,-0.2297144244862179,-0.163039462034953,0.107280669077198,0.0035492053884969,0.832388368941829,6,container,5.07190904088187,0.5573079253081045,-0.036134365869202156,1.1533269206982075,-0.04842407033651974
803,803,0.0435354757501239,-0.0120751157609691,0.0721423351623953,0.1045489379408978,-0.0244505002550913,0.176836514130501,-0.1413530530305816,0.0495731141496492,0.0527661791085831,-0.4199872573596765,-0.3175426796343082,-0.0089424160519241,0.0391378520950299,0.802793782317494,26,vehicle,4.301425821018304,0.5950646684351311,0.36414258806443234,1.4526718116100483,0.23243649076727801
804,804,-0.1006303856958037,-0.1173925457924728,-0.0900843716311062,0.0457192762069887,0.065251521299352,-0.163416862991393,-0.0633405608043299,-0.3224532087083417,0.2366916998234147,-0.0582376283441978,0.1621124134360644,-0.1849117899278811,-0.1138975754430935,0.8122485104546932,6,container,7.855618164620471,0.5531038831989827,0.1256482896985598,1.3613924704041092,0.1616996256615677
805,805,0.094543747721853,-0.0648119847678441,0.1461159584282782,0.2246360326428712,0.2403357182735968,0.1547337668272416,0.0393408918892968,0.046797334353552,-0.1711702836333424,-0.1485718700004394,0.0316306878287662,-0.0588654838217592,-0.0851029814937826,0.8591645820304358,10,food,6.386993341863808,0.48319028967419086,-0.006514158366226708,1.1883452766559075,0.022879587482106167
806,806,0.0639663668677836,-0.1350207203806435,0.2404360134050616,0.1769116980323049,-0.2843971880180539,0.0471043038462975,-0.0113077550656898,0.0986916405706567,-0.1886923099780857,0.0110097839737426,0.1546217733020518,0.1680239673198649,-0.231240884155383,0.7440899236323081,9,electronic device,5.301061264865028,0.5879934470448578,-0.09733964533523465,1.2363087489448874,0.019535241211467103
807,807,0.0296176552236089,-0.2810356336631417,0.1319686022782,-0.0513708319640912,-0.2854326778346312,0.109608036262523,-0.0196314278401726,0.039918201841539,0.0554248333267026,0.0305084772322149,-0.0822288194541166,0.2554972004837236,-0.0161390711331226,0.7862474717348183,13,home decor,6.680224400200653,0.5212303189502818,0.04853791289242548,1.1622118726071695,-0.021876832982037575
808,808,0.0379006376037732,-0.1027604635104199,-0.0361176247402823,0.2267347814419484,0.0428645886181778,-0.0325410478217591,-0.2056948644535537,0.3300580191649768,-0.1464674001547201,-0.1060104865981046,-0.3052927770088418,-0.016251284271278,0.0042761365644108,0.6754398028319231,26,vehicle,6.610282993169743,0.5873936269721336,0.009524080013310732,1.3838382090986094,0.16735835148253164
809,809,0.0499083708736147,-0.1631700378191597,0.3533097741177702,0.2054195367988209,-0.1664357303636249,0.2718305057132621,-0.1170135112172139,-0.0156185083507086,-0.2976840481939276,-0.0336627037057608,0.0508034907291101,0.1311853168116571,-0.1047735308255369,0.7457278062434247,20,part of car,6.505060313681909,0.6574086324716412,0.005032334247222936,1.1710629584783514,-0.07969370232519313
810,810,-0.0585328886777437,-0.1277454175704761,0.0107233750309596,0.1595013424665226,0.0625064414238104,0.3019880130895309,0.1496583784419443,-0.2594550955338207,-0.2689921687915414,-0.219130253082779,0.039904414064606,-0.1261995518599414,0.1819333708891053,0.8534991177521666,24,toy,7.780588109304157,0.633334309172749,-0.09080747400681322,1.2233356516830658,-0.015635095005348543
811,811,0.2145682012567147,-0.0673320090729716,0.1333269086699865,-0.1658638247319263,-0.0235077427868539,0.0560897691309069,-0.2807587103724804,0.1573989207622725,-0.0097178613929972,-0.2001132927144254,0.0635884197849913,0.0015806184731897,-0.1091260822934251,0.7679296448546308,1,animal,6.616833701269158,0.5091687238225311,-0.004813462706179772,1.2972019317061743,0.11901814491789109
812,812,-0.0136094000478209,-0.1804559820581316,0.1745073694747845,0.2680637685002943,0.0430591788129573,0.2479741355336449,-0.0355378090135521,-0.0042366904279687,-0.1024931823802271,-0.1795485071441174,0.0686311576269273,0.2151287226670107,-0.1112168559961558,0.7941612038946481,10,food,5.76067960603129,0.5529819566912781,-0.1096983741559946,1.1075539624283621,-0.09207919152535338
813,813,0.0429081305262444,-0.2384920087448211,0.0492114297716737,0.2663788887536796,-0.0391834751467574,0.0189671844141747,-0.1501945753748211,0.2927325433769388,-0.2985122523989293,0.0884298936738687,-0.2201694634227892,0.0531967585979863,-0.2944518323018162,0.7744849194985589,26,vehicle,5.730625312085388,0.6907826391491818,0.003973276763059697,1.2169676995103813,-0.05012766255158585
814,814,0.245448694039411,-0.0875926044843296,0.0951981556053408,0.1347025929745123,-0.1251565598996041,0.1840548373722101,-0.0785138910100308,0.1915330129983916,0.0828183648138895,0.0820343813932763,-0.0734912906996432,0.1138541479690936,-0.15967620340396,0.8167903703550985,99,,4.147560442843998,0.49493779910156577,-0.16600698065755326,1.0852850445661197,-0.08593179845980647
815,815,0.1849394179451459,-0.1097445635065093,0.1189583262184476,-0.1374452233935054,-0.1073037192264561,0.015270447707025,-0.2549835606338968,0.1022350945170901,-0.0534845836506457,-0.1305365728201956,0.1393902977614979,-0.024718200392754,-0.2188622239052273,0.7962871605020997,1,animal,7.180687952964374,0.5043276226247506,-0.13011333279250625,1.1870085035028155,0.011194743993443224
816,816,-0.1296961435751944,-0.3053894877882268,0.1830124833230733,0.0288751075497042,0.0429002566015866,-0.2529130521118731,-0.1990791843276533,0.2160628787864408,0.4432147399486349,-0.0496441884743933,-0.1245426091107507,0.1781128788912324,0.2444226783338434,0.7165210631742817,7,dessert,5.336980242605216,0.7761531156395198,0.5700847062447791,1.368197400390571,0.05930775437757063
817,817,0.169951175461365,-0.2059803971838831,-0.012235054205867,0.4528841400896121,0.1491721391965472,0.173900887497913,-0.0708148718407194,0.0450817281380438,-0.0465179328581594,-0.1191049108828028,-0.1055800173328797,0.2314005930347306,-0.1112959248005506,0.8472377161106004,7,dessert,6.748444736298772,0.6553900184618822,-0.040868150427335936,1.1119404695943924,-0.13782795112218316
818,818,-0.0993284165768632,-0.2283538149915978,0.06189172092258,0.1664236746269832,-0.0206174569756432,-0.0994396326820259,-0.0790983591591476,0.2721868978584512,0.1713106549817989,-0.1308087597241332,-0.0103302072571067,0.0443523530376668,-0.1166835240241818,0.8126606066914156,7,dessert,7.390901908148228,0.49632828141771124,0.2875243431630963,1.1400080115437232,-0.03188956111074681
819,819,-0.1320118458778826,-0.2986363343357891,-0.159064953990428,-0.0126072240228068,0.0354522951508058,-0.2512746617774047,-0.0720316438799923,0.0009233324415618,0.1990085169236883,0.0586349441875511,-0.0242735482697223,-0.013217613509278,0.0615827860972224,0.8151904590814365,17,medical equipment,5.568463862097782,0.49925486172177086,-0.12547491207572725,1.0803147767207624,-0.09301554333376716
820,820,0.0281042310110456,0.0254074030158189,0.0950402793571281,0.3915680892093796,0.0613916103064561,0.0705458068956768,0.0661353387919036,0.0493037773311584,0.054742043880431,-0.1161144893048165,0.0785297492092122,-0.0239919715864847,-0.0410656630600631,0.8630705168814926,7,dessert,4.475072899034866,0.45194267798878507,0.08917549225637089,1.1840694390042923,0.03390144534844053
821,821,-0.0184312235184338,-0.2983393027696866,-0.0025746909862144,0.2188738010457483,-0.0845220167201341,-0.223727015608674,-0.1062556014569676,0.0791926242389074,0.0123652240077631,0.0058408081926196,0.0879194664104227,0.0036019068063247,-0.1782578901685512,0.7154995430768262,9,electronic device,6.69857291467445,0.5017206277529259,-0.0420669619159888,1.129330349622825,-0.04520711990421056
822,822,0.0319635083565245,-0.2515499768583381,0.4059374405795116,-0.0125850917030293,0.1428065808138675,0.0178389897107912,0.1820885230276762,0.231647294728668,0.0103380300607219,0.13699686360514,-0.0898575070939105,0.0119042793144224,-0.0711024766677218,0.789984377888002,16,kitchen tool,5.361376608818,0.6073861675335223,0.041890736272821916,1.2562237178095985,0.02995623862367025
823,823,-0.104006639166554,-0.4211093495555056,-0.2169922438228656,0.244302385652375,0.1481822935417868,-0.1438884884939303,0.1635590459835856,-0.147961018179709,-0.0654972769518907,-0.0984799566983159,-0.1847123335541347,0.0279369547305135,0.3585599630153224,0.8043075391507448,22,sports equipment,6.132021574490916,0.7507850759680219,0.01991260606993772,1.3005456586144397,0.004075283254469708
824,824,-0.1662448310861725,-0.2818037157361192,0.1661254991422624,-0.0986151668128713,0.1538999758366037,-0.0569254601232528,0.0861556514687689,0.3036039689018331,0.3181708357771005,0.0994130749254394,-0.2315190675180604,-0.0503283807336464,0.0908165600606218,0.8226143944131751,99,,8.419505426505728,0.6681276073926533,0.06200252407774576,1.3492409647704198,0.09323668324446444
825,825,0.1683669412438519,-0.0631032698340828,0.1581513206839393,-0.1496464996125916,-0.0744252219585717,-0.0708067198434776,-0.3555825972383251,0.1829606945321691,0.0059062152960492,-0.0868361733486418,0.2834396928558097,-0.0708596344649421,-0.0782823436948014,0.7933837005274517,1,animal,5.8649662758949646,0.5909859102271153,-0.1234915766338156,1.1795361830423592,-0.03870232595489309
826,826,0.1058018098039798,0.0773662748351258,0.2143194371695435,-0.1881697793114588,0.1486764753616167,0.2166616893583779,-0.0050499168804246,0.1189899643570178,-0.1585211410809937,0.2399416363300552,-0.109384768010279,-0.21685567324636,-0.1783718513224802,0.7265252905851319,99,,5.313221348401147,0.5960370915677868,-0.007070300435563004,1.2936325607643613,0.07292117688202993
827,827,0.094565025460699,-0.0167883169455657,0.2178837243274126,0.0970593323541247,-0.2149614747357634,0.0862421055479863,-0.2231963723824886,0.3468388795029795,-0.1851766730968098,-0.0395358289119688,0.1770131535875817,0.1060737473193467,0.0609492601348039,0.7604146370259754,9,electronic device,7.095478128052484,0.6099440786423764,0.03125817298757405,1.0958931280150905,-0.1316266115259388
828,828,0.2871129412292325,0.0760166740539655,-0.144677906416424,-0.1234812016953101,-0.137421984033422,-0.122542479879691,0.0303410257259979,-0.1533805327446945,0.2896443626359709,0.1727972839640048,0.0041348151280113,-0.1468458314214657,-0.1581471030889349,0.8536416344557746,17,medical equipment,3.284296308861776,0.5857331863059705,-0.008773891407790169,1.3657776354053457,0.15011066921893335
829,829,0.3591997293445336,0.0771969004385428,-0.0246007850593984,-0.055569072085659,-0.1329131075217672,0.1460438341072805,-0.1484899215766283,-0.1152091080054081,0.0840698799897031,0.0631278780834893,-0.0108700900158805,-0.0544213278967094,-0.1137397219565002,0.7828623731358995,19,office supply,5.484851330298895,0.48996270904644423,0.06667986600728826,1.273625554462713,0.10484433479270483
830,830,0.2715367469394347,-0.066689681473484,0.2428451662230528,-0.0748993281043564,-0.1911482990150973,0.2777814942220515,-0.0748703220351383,0.1285046342891051,-0.0359415549573532,0.1156437643702237,0.0453781036956027,0.0476319810772559,-0.2081433846738985,0.6818172469017002,6,container,8.101151149406117,0.5838660477166161,-0.03584540445415674,1.0937508585619424,-0.12100202440053187
831,831,-0.0376248084129909,-0.1551504757686757,-0.4074373330047204,0.1952309732605806,0.1032124618152071,-0.1216139335184196,0.1690191312225361,-0.2237066515071036,-0.0229261437011501,-0.1788297483316603,0.2012411192483504,0.0114865033710225,0.3998765273065867,0.8049111408515581,5,clothing accessory,6.405868773651266,0.7527943644935985,0.08276594858286268,1.3794892020059952,0.08203515197733569
832,832,0.1973485311197035,-0.1130008780953356,0.1398987153799138,0.1744915495905421,-0.2026585085854512,-0.0136371989585729,0.0419351716086869,0.0717863567305348,-0.1157263213761139,0.0316486115696556,0.156001421907197,0.1451207753644538,-0.2150738555012942,0.7826940428164595,9,electronic device,7.111040154568004,0.5059153476917483,0.03986410240282012,1.1928380874126172,0.016247035389318487
833,833,0.1626743088080069,-0.1928085306817605,0.0004125408083024,0.1984769163835332,-0.0007835979121325,-0.0217052053002343,0.0156728873767848,0.0401568433351708,-0.1716983515035513,-0.1361539957429967,0.2675260451939794,-0.0960679831023361,-0.3048323010158922,0.8043799426500864,99,,4.807128186002304,0.5719278509112729,-0.14955707110032335,1.0231889875776474,-0.18571938791973963
834,834,-0.0224561790067829,0.0856608156543672,0.0174857232336839,0.0669111581677521,0.0997474235718896,0.2562194308109912,-0.3382767953735534,0.1671030475449883,0.088442825467939,0.0908771921609112,0.3462783480302063,0.23902207768255,0.0938863799542155,0.762256317791027,21,plant,6.300328295853455,0.6576573352793956,-0.11372421261560162,1.2449154438264212,-0.005962972836924596
835,835,0.2748101408806597,-0.3158511726281052,0.0329770666355435,0.2387904068810331,0.1053495832655815,0.1907397034899515,0.0790277216812531,0.2890107336923809,-0.3618819360774404,0.2037161486695623,0.2995614873053156,-0.0866273371338456,-0.0458866512207408,0.752965779493715,23,tool,5.454987441189567,0.8015294418501041,0.12343523781911325,1.2782627289501758,-0.043050244504357904
836,836,-0.0670603562597466,0.0004128795912408,-0.4205463008003194,0.2355455211361749,-0.056955221757454,0.1323252429005439,0.0262051765599673,-0.1641241362984495,-0.1574871078916853,-0.2710399037086526,0.2817138133412011,0.0780868604655314,0.1529226044307503,0.7410177775063997,4,clothing,6.505839615512686,0.7016593389877577,-0.09274236611750009,1.388132030003084,0.11571183082889758
837,837,0.1996010716861827,-0.1302381958335617,-0.00788008315113,0.2450293697059648,-0.0572973474110552,0.1220569491094687,0.3119673575159473,0.1932461655104368,-0.3221186865322218,0.0563428953848039,0.2316968113506461,0.1232949567406194,-0.2844564573315494,0.7702674869209876,9,electronic device,5.284515974158745,0.7255950424488716,0.21648182441762176,1.2264241778286311,-0.05771407222389069
838,838,-0.0451850589585846,-0.090814641965598,0.1058122828945619,0.1633803079197875,0.2687762480739174,0.2305060373455349,-0.2051888925427044,0.0576326828203922,-0.0556022949925283,-0.032138489218481,0.4174026561935027,0.2664247563576506,0.0097204679851097,0.796965937357465,10,food,3.333103256232968,0.6843991371285629,-0.049530267441539544,1.1797536636183907,-0.08421656775414021
839,839,0.0059647303589681,-0.2342620631314306,0.0841394518799417,0.3222981538189358,-0.0162729753997957,0.2012461416173989,-0.0441522647424349,0.0158395880192791,0.0199094472559486,-0.1626197975632781,-0.0492292434619551,0.1544618227705318,-0.0240889873638237,0.8242629504152925,10,food,5.538595590789209,0.5123854124490324,-0.05767157230581166,1.1096623031295423,-0.07009625755441284
840,840,0.0486358413345944,-0.2434223767700769,0.1897650485841797,0.0914846726691756,-0.2229128247408957,0.0816786949327132,-0.0799631980600438,0.0825049944619149,0.1998038919120391,-0.1026545377400251,-0.0290171409040395,0.242855714212735,-0.3277509072938515,0.7675402052999836,6,container,6.125785166204811,0.6271075986886682,-0.089649394930851,1.2490207524048285,0.013098376965483993
841,841,0.1102339930616864,-0.1834428356022253,0.2832733449047597,0.0134836494089213,0.166292473468649,0.1534949941854283,0.190433758391218,-0.0468837463217311,-0.3030808788010538,0.0505357146110228,-0.1269218885159478,-0.1202094684500308,-0.0413673983674551,0.8279244782314087,22,sports equipment,6.60609145959217,0.5853101973780613,-0.13417079979943658,1.1509686665209302,-0.06449121965271942
842,842,-0.0214761416169828,0.0125379900492143,-0.4781300406136465,0.188210788864102,-0.0518095042472309,0.1057160059702988,0.1926933924539886,-0.2212589398861635,-0.0701534250009981,-0.3361086846174124,0.2673523852990652,0.104664651013213,0.2333490033502022,0.8161903973596945,4,clothing,6.326624004603589,0.7870010918892564,-0.14706063550251403,1.4593881821256054,0.14518776102601105
843,843,0.1661637009211135,-0.2040359398073377,-0.1088252966614541,0.2690846925775881,-0.120520578974722,0.1930814586180858,-0.116225243255382,0.1740245326754571,-0.2749062343786413,0.0254346798915778,-0.1121184690637144,-0.0271472145789831,-0.0355476915030077,0.7537355584082159,26,vehicle,5.327843450194678,0.5829927815576107,-0.19117857201638688,1.223562971667121,0.009237608092083072
844,844,0.2817951954142643,0.2421175989226962,0.0655440283846813,0.2821428213982062,0.2060138591639127,0.222592223569761,-0.1931373689673412,0.0506559443998259,-0.226330475763154,-0.3195617337126111,0.0097346889094755,-0.0316696225902322,0.1205728118043507,0.8164957150416814,10,food,4.753407900774229,0.7230268662838579,0.3823533560084399,1.34635726840698,0.06347630410814609
845,845,0.0530904179894763,0.0081156988489267,0.2028879825476413,-0.0487643958821845,-0.115554434020532,-0.1045344419159084,-0.561898979812836,0.1909777153100829,0.0369075961809847,-0.2695388461920724,-0.0240044836659271,0.0351248917196733,0.1993777817264648,0.8050888394393784,1,animal,7.785093670938558,0.7338147029116517,0.20913921511349465,1.4285769065075888,0.1404146092963119
846,846,0.10502558902775,-0.1071444511647034,-0.2221427248559552,0.0992275554389901,0.0898135349773058,0.1243993886289173,0.0121678374576817,-0.2883982823411863,-0.1439760374255365,-0.228280939983975,0.151220180714284,-0.0994054530134226,0.4138697494944897,0.8167088060990502,4,clothing,6.988346144659888,0.6822357025371598,-0.008921942106554392,1.315772258825444,0.052861166435612894
847,847,-0.010209080732903,-0.0175691467872999,0.22880729522519,0.171677762024952,0.1771448821909933,-0.0020184810627047,-0.1106838826851877,0.4444659642433369,-0.187931551599611,-0.1491482633349883,-0.2276865107542382,0.1547310950192169,-0.266696621581658,0.7205138575455321,26,vehicle,3.54080429494622,0.7265656548657754,0.011028516832585877,1.2986538638483631,0.01404043721693271
848,848,0.097420296471886,-0.0850101104521467,-0.010510401811504,0.2673656134850053,0.1239538632509558,-0.1093338233693891,-0.1591748908616548,0.2258044897606517,-0.1051694690572486,-0.1246695517737434,-0.2893337923746374,-0.137204298359093,0.2185704188504021,0.7612848761162684,26,vehicle,7.633493974943922,0.6073468833741497,-0.006289705170507642,1.3452577567581547,0.11900950966954049
849,849,0.2288621877965108,-0.2769283952624142,0.2632456099503524,-0.2156520345205419,-0.1865260433594654,0.1997972143656718,-0.0136799087723141,-0.0393471879516805,0.1673928149180878,-0.1548702661612127,-0.0644683422843811,0.1377541468317389,0.1925486935405313,0.7901132299384382,99,,6.6302043589893085,0.6584299859646388,0.20512612483840864,1.4766672636004174,0.22541058523043045
850,850,0.2129359462769527,-0.1973265943668998,-0.0325597361609974,-0.0501031790704641,-0.0765505526981663,0.3737009289364051,0.0078490693706149,-0.2037852548552561,-0.0855271010434872,-0.1506434816482142,-0.0660983689384675,0.0673859685378808,0.1759620941496804,0.7387823524589504,99,,8.405480923555118,0.5872250349836322,0.09088149925638911,1.3687058521533106,0.15230853105019349
851,851,0.2674002108356647,0.2103147564309088,-0.1719795932066055,-0.0307291459766194,0.0313443552991232,0.1531824133293782,-0.3096701174266229,0.0463215481467994,-0.1860103120207774,-0.1390451777676951,0.0770307117651304,-0.1696840401807071,0.0223292754977607,0.8444734104760697,99,,4.798765376340579,0.5982502958307997,0.10697925206922632,1.438482017742178,0.21668712945395918
852,852,0.2511269059378565,-0.0049862442367202,0.1965089376930366,0.1511098981330122,-0.204188106191504,0.273092446850703,-0.1022122828771745,0.0181052673369066,-0.3368647740548029,-0.0060791661372017,0.0341730722242196,-0.1159490286529207,0.0869155890684105,0.8002677895489192,9,electronic device,6.528312588944816,0.6223086823527606,-0.060264520058423754,1.2271038758849149,-0.00646912445139991
853,853,0.2170002885131427,-0.2406084836334604,0.2432048116652985,0.1714242624748514,-0.1636395312142597,0.188898555145711,0.0947279894601173,0.1460054586981721,0.3027030463773604,-0.1155686017514956,0.0137458392806657,0.2021411840721846,-0.1607604805313471,0.714413403842907,6,container,5.083597463953241,0.6768656783702321,-0.11107486908390174,1.167787693960477,-0.09249442967946209
854,854,0.039651440160478,-0.1204279854226738,0.1086845286073487,0.2737211039252655,-0.0027955341571489,0.1179527895008623,-0.0545349706700595,-0.0073490737173266,0.1241879087007911,-0.0944021977694714,-0.0306095314341196,0.0196922065436605,-0.0781096511943586,0.7826586248081515,8,drink,6.899822985303288,0.389255326205356,0.0507520503725829,1.1704315234845104,0.05095297995573467
855,855,0.1211515446336051,-0.0889932965841574,0.2311939887688766,0.3503977401855429,0.0027410274697311,0.0502767575694538,-0.0361879772277285,-0.1689804056030217,0.0804490636256969,-0.0770552507055146,0.266206396405185,0.2130812689924607,-0.1401447111482513,0.8593323895474088,16,kitchen tool,4.893358464790994,0.6160726656618896,0.10950529852023005,1.1313515583265954,-0.09916851477988087
856,856,0.2466797591946158,-0.1916426434429981,0.2064108185540091,0.3115894457378325,-0.0920308533720703,0.2053792737243849,-0.1479841570657814,0.0994719545107552,-0.1279817717022136,-0.0029144326564214,0.1650824360321946,0.1709894477210796,-0.2284315359046982,0.7008760387891356,9,electronic device,5.655509189968457,0.6669137245085721,0.022007422337586013,1.2378320732540937,-0.01757793530975249
857,857,0.3164608910063277,0.0378379380409507,0.172432235041822,-0.148876758137542,-0.0683637924319606,0.41815988716803,-0.0394069840603438,0.1930180142706601,-0.1336617087450048,-0.0238344190072757,0.0953647120567437,0.0512973695118486,0.0740334640718863,0.7810085630442104,9,electronic device,5.65077743850159,0.6383234819475041,0.11341864736008234,1.1739092966542681,-0.06750396777799961
858,858,0.0075474657696459,-0.0971589827879532,0.2831163397184026,0.2069489523079225,-0.0949198559232949,0.0398728386937236,0.1378402894865448,-0.1776177132167547,-0.2503981274365209,0.0605475452535869,0.0704519650709031,-0.3488213458371728,-0.0705260975984854,0.7454790655276627,22,sports equipment,7.226208692316045,0.6257844287111463,-0.06658749921624818,1.2558558655613414,0.020581266074873428
859,859,0.0554344684933882,-0.1404378428138541,-0.3574016037145224,0.2238830638345121,-0.1223499463036897,0.0769260435668525,0.0742175788013422,-0.0766752353949638,-0.1513863627496275,-0.2860690773112103,0.1365892308486835,0.1253482644625382,0.0870988411411903,0.8320317416311089,4,clothing,7.362410685197389,0.6161478135986187,-0.07940638418636137,1.3239246481878248,0.09336778538150026
860,860,-0.1274438297982612,-0.0768200931580781,-0.0115702297248819,0.1877161823900546,0.1449039344946869,0.269409153432382,-0.2957060919870389,0.0157840322287128,0.0108767117166997,0.1547435451846403,0.4234184245762205,0.396203785604641,0.0033790490055518,0.7816653954358824,10,food,3.287374149545814,0.7740284556233071,0.15997660459976737,1.2794880248333538,-0.028361464820356952
861,861,0.1487639539902689,0.0230742175846222,0.1871448603091864,-0.1313006201160408,-0.1576172511412745,0.464782926041431,-0.2362260709335564,-0.150716948897482,-0.1370907831002427,-0.1937672854973875,-0.0879360921941841,-0.0232993983687039,0.1133434896590521,0.7743403871133595,24,toy,6.079231182217367,0.6868572742866482,0.017010824944099445,1.3990688980966033,0.13389525207067954
862,862,0.2737405870040027,-0.1654279041477611,0.0042197651504143,-0.1027674166768827,-0.1060945379134107,0.0051653707396488,-0.1796330799692573,0.0457147354467157,-0.0706504732494317,-0.2217330214491347,0.1779758808835371,-0.0188497899939494,-0.0759931721948511,0.8125395345483712,1,animal,6.816195811723858,0.5004823417755903,-0.15257240477409278,1.180666794003133,0.006735544306148533
863,863,0.114178348493889,-0.2131119993631059,-0.0434133470920874,0.0948795893919093,0.2439050709839573,0.0280536118417923,-0.264594002609652,0.3537244938727203,-0.1423702264737919,-0.0810010390463477,-0.1862540172766404,-0.1406978297892324,0.1565315291243248,0.7822064920748844,26,vehicle,6.803110572590183,0.6561760243103131,0.059399446166994996,1.3798238089572927,0.1296705883313456
864,864,0.2832100658089335,0.094526594962806,0.2994738460738648,-0.1914340988560427,0.2170024257929428,0.0309167470050499,0.0370669368846635,-0.3113048092293372,0.0108750473282086,-0.0100550757996269,0.0648596543919759,-0.1944622635217557,-0.0498695785235678,0.8044071772603629,18,musical instrument,5.088751769253877,0.6376002274860628,0.11155055558594762,1.1351265146919636,-0.10593267063037026
865,865,0.1156635712208115,-0.0309656411704224,0.1058621116396594,0.1394046104460861,0.22298460259026,0.277510658898526,-0.0299980329667262,0.0789565745819797,-0.2491293871720754,-0.0977105507154572,0.0245591755346718,-0.1363792443633997,-0.1419819569807835,0.7780538059501475,10,food,5.157581184232936,0.5383491589659282,0.011891410290730153,1.1562338438072437,-0.036235623960410246
866,866,0.112565698921353,-0.0536025312619387,0.3204798710541741,0.1214296991631253,-0.0424350424517324,0.2304139624218562,-0.1348995996453992,0.2430033412044197,-0.1466849753586507,-0.0123871505036759,0.1188329489606499,0.2273681488742085,-0.2774202087886138,0.7800773366081454,6,container,7.844576089547997,0.6554281660624327,-0.09931904768911626,1.0807461233016957,-0.16904097309428345
867,867,0.0637043189956069,-0.120640569480509,-0.0268840043527843,0.233111922454002,0.0198526703304206,0.1748797013591966,-0.0969541811065218,0.0550314641457973,0.0220680039014615,-0.1319802433603719,-0.1179830679804449,-0.0529296095873369,-0.0839232387547677,0.8127896205316852,10,food,4.916592914026484,0.39843739587067767,0.022481425422377743,1.1303627022768539,0.006388951006159882
868,868,0.0714098078613121,-0.1778758517433092,0.3313166188589352,0.2954822456528371,-0.1958684601754774,0.1266544593892466,-0.0466211514494881,0.017585232869822,0.0131061834447812,-0.0675815505186037,0.1725436774892847,0.307543323356412,-0.2439266754937769,0.7673225825664852,6,container,8.094301793164396,0.6923161807206881,-0.05996692663886849,1.1807574531412657,-0.0870886751636133
869,869,0.1991103670237499,-0.2105410817097773,0.2182212619213573,0.0724598428053575,-0.1908610724483669,0.1981571214537721,-0.078757684464863,-0.0039468923741392,-0.3608182280567251,0.1255079628898484,0.147568005455161,0.1221059237508863,-0.1853992063830118,0.7528491226259134,99,,5.045179535541649,0.6601189733083914,-0.10830783145439504,1.0773800470950061,-0.17470349812095054
870,870,0.0868984890400714,0.1427011966992396,0.0356297674292487,-0.1264684013771544,-0.0394637546146292,0.3233613059309315,-0.2159700833167603,0.0156307543127499,-0.2705486466657392,-0.0821152245737648,0.3223830753906265,-0.2094935109984642,0.0355171727325783,0.8036200008921448,18,musical instrument,6.704338175875366,0.6536094886152078,0.12748190553905814,1.2385612545101625,-0.010335483476568985
871,871,0.0201677870563427,0.0074266674538975,0.2128665667924718,-0.0828463556097074,-0.1037567156605144,0.2506226311434895,-0.0667760854869117,0.1441307258084997,-0.1201780526866953,0.1571147277627125,0.2416917093108908,0.1110376340634968,-0.2322804826137264,0.753546737223344,99,,7.020320903843716,0.5614924069654456,-0.20298817645213663,1.0358001299021775,-0.1679994313381361
872,872,-0.0107293731141706,-0.1330073672176542,-0.3667932581420866,0.1055553394074187,0.0778497384109654,0.2369215596847235,0.013127468207083,-0.2561975598935365,0.0243775423998642,-0.1185092423674778,0.3373278500391581,0.1823223515100344,0.1824947305572363,0.8640272833950627,4,clothing,5.805655570480951,0.6974681214663822,-0.08662464671613768,1.4289566154435258,0.15858828410925652
873,873,0.1526603449561096,-0.0154599732668233,-0.3748774961501112,0.02845181975682,-0.0777139071247633,0.2602209656768583,-0.0220187326210721,-0.2421752346504914,0.0820957420965607,-0.3671072843286042,0.0590655597086721,0.0995465179113871,0.2004386855037922,0.8046676365996008,4,clothing,5.385938366278758,0.7020372435714567,-0.014943165099824518,1.483634038569604,0.21102883103975612
874,874,0.1115898179851551,0.0438166397501227,-0.0577783717877277,0.0491532557007668,0.2646860565386216,0.0158270171394825,-0.1532325346625378,0.0621794708059703,-0.134138600398496,-0.3903980857681787,-0.2468273957933008,-0.0129278187755421,0.0807469035302591,0.820577641571686,24,toy,6.23877068766122,0.5964872598690946,0.02952671551513375,1.423012485898628,0.20208071596969024
875,875,0.2177015569189059,-0.0238331756726325,-0.0453855257866421,-0.0463285596321449,-0.061423767114874,-0.026061550604075,-0.1773297018923176,-0.0982208156795462,-0.0922016703313741,-0.1564365724361703,0.1503713768139321,0.059156476641684,-0.1371717385407272,0.8423860734817686,1,animal,4.161665452001137,0.41906333612457175,-0.09447309746978927,1.1511916882698727,0.017120225950021606
876,876,-0.0054716606310345,-0.2517087560020447,0.161293725265523,0.2597412310844773,0.0848888754716828,0.2456049867505476,-0.1373122749058929,-0.0290644383423361,-0.0191600590393023,-0.1209634953247095,0.3474237694368914,0.2316795266393436,0.0110105804780864,0.8073218330166715,10,food,3.842612558709352,0.6584792552120621,-0.0599372704904092,1.1933186427963922,-0.05796215600728005
877,877,0.0323669873459279,0.0107170294633598,-0.3175357429539861,0.3832909310089415,-0.0764645509725693,-0.0162602144777946,0.3631552116704242,-0.2880001642809674,0.1362494862606139,-0.2609732629174391,0.2033855324855063,-0.028344771573444,0.0925524313742465,0.8727571819515186,3,body part,8.073302612756587,0.7792601663592659,0.03669447903373224,1.6332279996954835,0.3228172545230328
878,878,0.0278218082016044,-0.149384990475937,-0.3531842336894373,0.349722140734391,0.0385417500811777,0.1484287831422463,0.1720910611827759,-0.1968608874035044,-0.2427610773419331,-0.1867069902136675,0.3051106142682102,0.0475827871936158,0.2830674590511066,0.8566659598691853,22,sports equipment,6.82762389477556,0.7945419783417424,0.11198037154234752,1.2681412235148515,-0.04975094164656002
879,879,0.1759745080261181,-0.1288904336642481,0.3948511451469729,0.1709684511296804,0.1897167105876418,0.0876976071261014,0.1450412775025165,0.1816523963707309,-0.2790264645612033,0.1459987651394296,0.2625885864063316,0.0603583688484203,-0.4175030980543332,0.8023917148820873,16,kitchen tool,6.554655458760479,0.8225031416128612,-0.03563455357370726,1.3259990461096909,-0.005581888816132086
880,880,-0.1055767631889275,0.1122584882143438,-0.2046238503540214,0.0423885621705183,-0.0689960834964349,0.0517570018277279,-0.2043204185255209,-0.2591523758423996,-0.2315794053502731,-0.0170434628396501,0.0851804115321946,0.0525590445116745,0.0367797847071138,0.7767517028896781,99,,7.077224094821128,0.49905167506510284,0.0829580477645675,1.3637838630500734,0.1905530158012838
881,881,0.1683662888468013,-0.0244130787280422,0.3245021263195001,-0.1020855788689426,0.149981201780622,0.2334021422872421,0.1852472041229212,0.0196883560403628,-0.320171379020704,0.1588996102152125,0.0790798274681637,-0.4317006161588332,-0.3534677628725879,0.7747644086058721,99,,6.379889059275248,0.8376506900299812,-0.035546097442837876,1.2174610921259716,-0.12153553222474023
882,882,0.0743920156341061,-0.2867399014881823,0.3344639487792412,0.0675678069172786,-0.2520429376112904,0.0788987085570107,0.0133169935900756,-0.2197751307516471,0.1519419988147095,-0.2068537916070141,0.0815386032910343,0.0142536619380182,-0.1087914771240067,0.7713710813398846,99,,6.323286957708143,0.6379472877857324,0.0226741583841068,1.2802199632228564,0.03899086978581057
883,883,-0.2220454646403702,-0.1096050308380875,0.1717950542076616,0.2555558063367089,0.1118583573601752,0.011230494374665,0.0345476034417501,-0.2329656027683936,-0.2425641773804615,-0.0254055139270543,-0.095530513321957,-0.1016538242170702,-0.2041676550982654,0.7919102070016705,99,,4.100814368624391,0.5872576246205867,0.08998673996677176,1.376578189814247,0.1601649140087933
884,884,0.2012721072175651,-0.0471568281422472,0.0471414858937006,-0.1846217299063886,-0.1459592048142023,0.0271396605504274,-0.2461883017914119,0.0994322627793582,0.0387087162255421,-0.1480700797028413,0.1927283254744652,0.0187150003336768,-0.0573293312660532,0.8072622848943806,1,animal,5.894705465044485,0.48557394906585377,-0.128691115781295,1.1463148716865583,-0.02031777053182382
885,885,-0.0975734652779494,-0.0951164456890338,-0.4560789229824203,0.0855429252463417,-0.0677667610006763,-0.0966528185360037,-0.0538002070247055,-0.205774685354882,-0.0827946297516105,-0.3059455256365541,0.1818988488407342,-0.0187650878394932,-0.078945124169124,0.8050503888544609,4,clothing,6.629427357211424,0.6581750130365527,-0.016434674126296067,1.3219995441496735,0.07086769126262094
886,886,0.0519684925915236,-0.3575061943255322,-0.0540675218945771,0.1594004777328275,0.1290728379104563,0.3167940244402614,0.2047809344805774,0.2683859193218881,-0.2724070739478724,0.0498008757908707,0.208008313894755,-0.2468919886652777,-0.4193459848232265,0.75815256559159,23,tool,6.615549093021746,0.8640530108292659,0.18337317485084736,1.267944025734769,-0.08397821573577335
887,887,0.1515329235716785,-0.2381116079844572,0.2873052955787493,0.1090454073671448,0.0598937312604943,0.3325639969091639,-0.099284124796534,0.0180411551767922,-0.117721105749113,-0.0934635630509341,0.0489483409586659,0.114935718278293,-0.2520904001419703,0.7753377240713076,16,kitchen tool,4.412009599817664,0.6326238344698009,-0.016365648312896885,1.095698571680351,-0.14292435240362478
888,888,0.2141624246465658,-0.1115263999226592,0.0844592188151836,-0.1180124246907663,-0.1640789143052512,0.0851835412616791,-0.5078599587986021,0.08365831529629,0.0783635423795296,-0.1796284101930958,0.2409613079796718,-0.060671862124293,0.1667346125361407,0.7984412170225597,1,animal,4.532424047369441,0.7116274444274329,0.1084702438031,1.3006295718986467,0.02332935042252582
889,889,0.1654668994313112,-0.1648889216925102,-0.0117845199262518,-0.0912299366733615,-0.0872516037214425,-0.1350888463899278,-0.0663328919194768,-0.0496102377813629,-0.0642618514987598,-0.2120111082148482,0.1390358602634405,0.0211651261399122,-0.052851874203987,0.8119793478967902,1,animal,7.546163643447699,0.4091491705341975,-0.02237535446155514,1.1354630477383747,0.006245200729767086
890,890,0.1340918268379141,-0.1914642517809597,0.1132381666265231,0.150818407105003,0.1658231876351716,0.2387655544571109,-0.0202321439975425,0.113276735972767,-0.1872782961748506,-0.1782259361495323,0.1471337535303078,0.054036446462203,-0.1310832282692741,0.8033331643087741,10,food,4.379991716487965,0.5445587813961753,-0.1147382608209454,1.1117147682118986,-0.0837947051144432
891,891,0.1483690804541233,-0.0511423497777797,0.1453984725288627,-0.0587502887281613,-0.1532619049546992,-0.0004907284611723,0.060573413900504,0.1284689766922504,0.0014223192202639,0.1392903336770614,0.1747816526379975,0.0104372412902461,-0.0304976098251071,0.7351849213950529,9,electronic device,5.755635346739158,0.3793093609985675,0.056155466998861536,1.154511881424993,0.03990252114444082
892,892,0.1415548968486879,-0.1233841505828824,0.1028188061240432,-0.072458662436158,0.1776800209312686,0.4713251362540321,0.1485590691985436,0.2638519164050478,-0.0162195812786091,0.1596963077240164,0.2509350890709944,0.165754966214286,-0.1512417618692883,0.6716846502639876,99,,4.9494914434491495,0.7318277055626654,-0.10576614721750088,1.1453676551198817,-0.1418218803729705
893,893,-0.033699750355923,-0.0218089304535899,0.1179460047737228,0.1011432455731821,-0.1990869625967468,0.1785964257859491,0.0227515625107388,-0.2547550530778147,0.0465972137412657,-0.1966261497187928,0.374968582308082,0.0486304646323284,-0.2464800281582222,0.7265416431114106,13,home decor,7.123539725947135,0.6381649462362134,0.045543542291485606,1.24447142156693,0.003135770459624654
894,894,0.0563565785449933,-0.0640127313721888,0.2388953351390136,-0.0340950883425357,-0.1370833642731246,0.1751444245121347,-0.0210510908740404,0.180724463775026,-0.2161085588512923,0.0741891399871478,0.1446485573301853,0.2355006052038496,-0.1937990546838665,0.7428476516840775,27,weapon,7.591982403541476,0.5605602553173338,-0.06283014608941173,1.218613153421018,0.015269939764415152
895,895,0.0958678794310777,-0.1752061378892868,0.078294951393301,-0.022739843112099,-0.0342429428413787,0.2359410233803748,-0.0185506342412778,0.2361587395823531,-0.1360165204272211,0.0704210560582756,0.2093092252616565,0.2070895630802529,-0.1364300609350456,0.7130253184493649,99,,6.300145955703473,0.5368985773010263,-0.19544540291791979,1.0523140327266514,-0.1394452829545969
896,896,-0.0772100571564907,-0.2072705478110206,-0.010321245583918,0.1127690168275823,0.0326889452386022,-0.0281960686996223,0.0179502702214751,-0.1552703589473555,-0.3980539453080611,-0.109143711800762,0.0816251499106955,-0.1773588105394882,-0.0641554985888724,0.8167227851093342,5,clothing accessory,6.28371885826365,0.5483015303246163,0.02558273222684848,1.141461506232559,-0.05588028100256581
897,897,0.1735410858651967,0.1194688403076157,-0.038618791205034,0.0816101114309194,-0.3925246892633097,0.163766655889662,-0.1862738216920642,0.1981013490402437,-0.4039188572803366,-0.015223886625518,0.2728862148464529,-0.0874756667436311,-0.0562571033948989,0.7901874643485834,9,electronic device,6.83085072997816,0.7456836555872649,-0.09794659856432852,1.3385467468362853,0.04457384157033628
898,898,-0.0007244491672081,-0.1202165147445931,0.0289463781824097,0.3135950148496598,0.1391298686953703,0.1441982930089134,-0.0419843712720824,0.1332261759594522,-0.1915935612724624,-0.1172874481738714,0.178720270458814,0.1084040646576652,-0.1139821825930802,0.7804802604802605,10,food,5.814347447254564,0.5295688655219425,-0.12273064109370857,1.1567162763703869,-0.03145467869758867
899,899,0.2919659043168818,0.119498377976409,0.3122003209421001,-0.1358445158707314,0.0402827731294576,0.1459804929956968,0.1241421999547066,-0.0148970905914964,-0.2589241898133991,0.161267225418547,0.1015674081817916,-0.1338794857102168,-0.1872260226261762,0.8286877079560008,99,,7.1935987803751855,0.6405895975481966,0.027127655661721484,1.2627068122391272,0.020184139932206913
900,900,0.1733776525696173,-0.0739662499745608,0.1869492749489132,0.1329150841927276,0.0832842131928299,0.0666558184063742,-0.0372832277365985,0.2649670386930643,-0.2167648581328595,0.0533343412028756,0.2882252758158437,-0.1613145929849993,-0.3341281543659588,0.75173707228005,99,,8.047135975983213,0.6646002431962225,-0.08232831988063394,1.1243102249521852,-0.12996718720528277
901,901,-0.0457064000973336,-0.1779557833341326,0.0142055699936415,0.483724517112453,0.0715766358440967,0.1271809045156112,-0.0314385815940441,0.0965575945946771,0.0976115587233745,0.0102439126681739,-0.0660564078976548,0.2000843644359438,-0.2340019977763314,0.8617754653921423,8,drink,4.684559573037986,0.6390192362423186,0.022419773096962192,1.114481306173884,-0.12727257428576322
902,902,0.0527723292108343,-0.0115152285270934,-0.3084317911300814,0.1420951482253448,-0.1193262313182103,-0.0680574769325076,-0.1695992054974346,-0.1210404383795714,-0.0800177019261418,-0.2079752131401828,0.2341549182063462,0.0114656355910077,-0.2705013846689079,0.7939450282481003,99,,6.833122865558745,0.5985912424622789,0.07381364491597053,1.2825438806839915,0.06058207731090959
903,903,-0.1660584410565259,0.1465582884897658,-0.0406231266719341,-0.240947388075854,-0.0513432405693721,-0.1776868183066332,-0.1221765400241484,0.3734518160107731,0.1703576194427589,0.1996133887220545,-0.2512565570470379,0.1864285647741373,0.2016666359234687,0.7930013779901457,99,,5.680242472600126,0.7104821196239492,0.2818164795499747,1.605425940137797,0.3286864280781028
904,904,0.0466374575529444,0.2107861034928832,-0.0376838389651839,0.1282238383714606,0.1208355068938569,0.3328086344115979,-0.1823206562519624,0.1763398730569102,0.1162122941910017,0.0638101821151245,0.1337927189391384,0.2300709782741971,0.2101718394400833,0.7865708309305871,21,plant,7.118642690030564,0.6218914882446644,-0.07521758513746846,1.2228293999311408,-0.010539357325677345
905,905,0.1698120110082938,-0.1843146969526197,-0.1320889894466205,0.2037259754336415,0.0704262835968713,0.2349340334711634,0.0647087446439793,0.101947231977334,-0.2103230032947166,0.170272639946783,0.3701789884147037,0.1850528528819023,-0.0012029596327187,0.7546162144600532,99,,5.100433723833434,0.6640791734462618,-0.09852677551740507,1.0652388456068862,-0.1887834697304227
906,906,-0.0609027699781821,0.0893960939945778,-0.1018968493117227,0.107551640377843,0.0033178788782482,0.1174650234758277,-0.2031607112819479,0.2093473990657863,0.2152136002866358,-0.0589218383073466,0.1789840030724674,0.0159171210272031,0.1234817044517383,0.7732232979751414,99,,6.283012991785059,0.4794640931650114,-0.15943157089478244,1.1136469583178203,-0.04999452041035202
907,907,0.0735345833225331,-0.2542393815741357,0.0725909133432922,0.0651488117061911,-0.1132936837131883,0.0524046471163376,0.0221619964965801,-0.0804074226900659,-0.4125779826162647,-0.0358282244243434,0.1565151776275064,-0.1368190747433334,-0.003612531266001,0.7710782411009299,99,,4.897734766804739,0.5628772368856928,-0.06098007494970248,1.0760610747651347,-0.1284164488960311
908,908,0.2096185019697956,-0.1627932849779932,-0.0953048539578548,-0.007160247589915,-0.0735693511212196,0.272723903578364,-0.0589673258918654,0.4193126059179151,-0.1103882396077856,0.0713176281082839,0.2394115450671547,-0.1788244971072904,-0.1982581755638995,0.7513346961838621,12,furniture,5.379557160023978,0.6960897921426039,-0.17536399231899757,1.059090892544619,-0.21060265882467566
909,909,0.1767407718236495,0.1039560610998756,0.1722991687720698,0.0236326867503235,0.1279558051615885,-0.0533071494695232,-0.1003283006283084,-0.0006549199987068,-0.1358328571749263,-0.0354143089175854,0.3349982068371377,-0.1592632900888442,-0.0589588891783294,0.8152934518395492,1,animal,7.06471347798698,0.5121910685717476,0.4246030551599931,1.2107818784993727,0.031118461517611884
910,910,-0.0861905110723798,-0.0831315987218141,0.0775143418524183,0.0943843474035513,0.2184107206118176,0.2599688175446849,-0.2068558866781715,0.0272029778023631,-0.1122695705386547,0.046160596007155,0.4035439785087074,0.1576309266647244,-0.1049516823891773,0.826016779590234,10,food,4.520776554421668,0.6336547153788555,-0.05305041202058003,1.142640407176994,-0.09648719875021361
911,911,0.0909837601864281,-0.0400113506100698,-0.4391089495791989,0.2881799763363467,-0.0467232837996081,0.158693433255068,0.249576386715796,-0.1676360777716768,0.0360001859861936,-0.2165227915236758,0.1319557925258931,0.1104630528295605,0.2501809897665158,0.8554621683905651,3,body part,6.354120076179119,0.7374844385093924,-0.049614456927684625,1.4354579581762568,0.14549909173047926
912,912,-0.0305881823070316,0.0327560902636058,-0.3778547727943391,0.1722341352662967,0.0354172748155581,0.152942694420177,0.1403267098812209,-0.2790718904007739,-0.0775326723163222,-0.2910412180051752,0.199212149898458,0.041492140736628,0.2467575568155265,0.893170716990201,4,clothing,8.27747704212229,0.6997704321993738,-0.13504153545707198,1.3630090688766183,0.09151360984581958
913,913,0.2918089792522718,0.414263405194451,0.0094296256966501,0.0261321525435811,0.0624235547674523,0.2246004848317689,-0.2652670273298093,-0.009424902490238,-0.3561722434080333,-0.2006414175223751,-0.0264061192447485,-0.2595316827632704,0.1135855309623863,0.8641975254144312,24,toy,4.398133914053889,0.7939818982696764,0.06790573194534022,1.5029979680965644,0.18537999779184777
914,914,0.1224157493104528,-0.1188013325575079,0.2194597870002845,0.332807055195597,-0.0235579219106325,0.010921106052229,-0.0446031107777884,-0.0194232362276789,-0.0394660030387539,-0.1558921888737229,0.3457760831137397,-0.0018005670317008,0.143877069057041,0.7653446800568185,10,food,8.536057600241104,0.5976523612242098,-0.004330408016711584,1.2505118118967864,0.029009650670185794
915,915,0.0970263911796923,-0.2318452399800192,0.091883792229523,0.2776848365488801,0.0272243339466365,0.0907946559716577,-0.031551338418827,0.0157399271035283,0.0539468767136035,-0.0981596064580014,0.0720665994337714,0.1852566209127763,-0.0376427832414151,0.7930503537042464,8,drink,7.36465871791999,0.4608926828522748,-0.05021978387287518,1.0765014515675688,-0.07804813933367427
916,916,0.0080757914381097,-0.1435844237766981,0.3627720223849148,-0.0030810934615662,-0.433408987666554,0.0539123455481632,0.0904597576925791,-0.0391073536439313,-0.0626802483116111,-0.1248060871962784,0.0406717394993124,0.0948722065094378,-0.0393174650825196,0.747248966138531,99,,6.333872067034939,0.6200509212446316,0.030278789828057207,1.2486334436646072,0.016165761146887725
917,917,0.1386099127415093,-0.0621863450432347,0.0806075694034783,-0.0998187231139901,-0.1067338471046125,0.1011423588756176,-0.2761129119789248,0.0838733547031048,-0.0159488026621215,-0.1305304595347312,0.1217826874112287,-0.0168949413334548,-0.1452659462758615,0.8247440020892179,1,animal,7.24086440354217,0.44491280059409977,-0.12118726414962477,1.1920133499259289,0.04528692886113195
918,918,0.0934512055510383,0.0932111963618402,-0.2905050692126358,0.1179092841851224,-0.0258252739419224,-0.0459126500955533,0.1315015261933769,-0.2703986241593799,-0.0559151370700351,-0.257478935352017,0.144949904725583,-0.0726426010819472,0.3608138085960722,0.8696742758903321,4,clothing,6.62454955311119,0.659390752575404,-0.04885486938784056,1.4508125241606782,0.19908548936078962
919,919,0.2467436734055571,-0.1722765348410098,0.3351176491638001,-0.0289900691394696,0.0360666463880104,0.0027955911840519,0.1989926650623541,0.0527405290730821,-0.3356540576603783,0.2303957184979042,0.1253806752479745,-0.0385771309827095,-0.4261909150524031,0.7666840157774047,23,tool,7.550019228248949,0.7822961130794988,-0.1344455263135661,1.2365510060348601,-0.07534602836194537
920,920,-0.1038897497121273,-0.1898176229914286,-0.0016827191761162,0.1734587483354094,0.1754892442728243,0.2514336666044411,-0.2208975052835092,0.0227635265383502,-0.0347857217276615,0.0364781861191284,0.4188153624820801,0.32260322178249,-0.0195455111330832,0.8165022426366727,10,food,5.64638420339095,0.7089751100069491,0.05769177727292962,1.2188886853712937,-0.057113049526562154
921,921,0.1513673351030768,-0.0878182092113735,-0.1248689662705712,0.1021567360581301,-0.3142436719559573,0.0823725229275251,-0.2716500882715628,0.2526750212529873,-0.4222742241009376,0.0145672176833589,-0.1477162492702894,0.0431515001834492,-0.1289461158575909,0.8014329992301902,20,part of car,5.823279040336671,0.7201819821532559,-0.07582656812905131,1.1449495564838463,-0.13653865589359437
922,922,0.0187306668048074,0.1025221253545571,0.0679645578176602,0.3269150124500096,0.0264683661322843,0.2644501668448537,-0.2377107881456892,-0.1370957660990619,-0.1028196954829199,-0.107035515527229,-0.1535539977256207,-0.1459438532523788,-0.067256424362594,0.7989401590369875,10,food,4.925023114577181,0.5828556597348253,0.38248925167094117,1.2360608644523845,0.02180263074042066
923,923,-0.0761007768510534,-0.0337910159257919,0.0981246501115944,0.0575941346442171,-0.1537984577806306,0.0502000912257711,-0.163961773761051,-0.2566242776487129,-0.1019280895559068,-0.3865875550665293,0.0993256162173247,0.0464836347726995,-0.3219439560470777,0.7833918817185977,99,,7.748172619515457,0.6436658143436308,0.015229723404015072,1.2901029217729896,0.04607424547582739
924,924,-0.0154638934302973,0.0246214079322278,-0.0628179541588098,0.0459911780668631,-0.0452307232203397,-0.0563543166616458,-0.1555323557945576,0.1462491819826794,-0.1704728035689415,-0.1119231687602873,0.1256580122201431,-0.3839643715079633,-0.163438346217169,0.762020842140144,4,clothing,8.118942253745224,0.5377972051908912,0.6314416084120522,1.2410668203353932,0.04886756908462053
925,925,-0.0620286732905291,-0.1194031984187687,0.1746131819109805,0.101565164928683,-0.1472400249414731,0.1922618722335605,-0.066347012774294,0.0136812245346363,-0.0175886842680751,-0.2556836092986301,-0.1828863648537577,-0.1282795458372466,0.0328441974889555,0.7325105155533713,99,,7.028208705092635,0.4886804232950446,-0.004780133621440141,1.2070200526951866,0.03886659354618738
926,926,0.0177070496710097,-0.0718737965939275,-0.144193603198295,0.0014619456655759,-0.3728163579712319,-0.1418713777324259,-0.2263867895416469,0.1398300624370912,-0.2900233700612488,0.0147731834449071,0.244914127733,-0.0032599778732001,-0.2596813180605872,0.8154707803881391,99,,6.576983034656729,0.6840731033036552,-0.02111297608526619,1.2062943467960703,-0.05751627025994255
927,927,0.049960159469209,-0.2154341172632513,0.3224817100308216,-0.0367865497353775,-0.4118708043821317,-0.0774515047589083,-0.1277266147213941,0.0810590360189665,-0.0086845720901652,-0.1076020631401269,0.0718827671986273,0.0850100742863206,-0.0862918133496613,0.7198429754527316,99,,6.130239083243098,0.6198953768719428,-0.12316591098686369,1.119438387596677,-0.11295314604679008
928,928,0.266387135279176,0.047369520411323,0.0608492244883968,-0.2458519723781148,-0.085726112960199,-0.2063582769978719,-0.0659436160879475,0.1026514271468004,-0.0050634107146019,0.1564649281090366,-0.0472237309970567,0.2243338711756946,-0.215616493535312,0.8084400152692837,23,tool,6.253316844475816,0.5707219369734859,0.16257693108394955,1.1316541048726196,-0.07666389896926806
929,929,0.1189726187273684,-0.0835175091934557,0.0838483218466484,-0.3389274133775578,0.0249223169305252,-0.2813543681051896,-0.3424918571261721,0.2732519387115191,-0.0015755692654431,-0.0735907881329885,0.2179382942602891,0.1252389952731261,0.0925485955039484,0.7431581122129903,1,animal,6.761912448956871,0.7013885674808411,0.13305462037484206,1.351936794444508,0.07964915516352078
930,930,0.0227173290951313,-0.1428959887647863,0.1097947400426726,0.2493614624370511,0.2210545809501484,0.2606246785130913,-0.1953178694977093,0.0255375521822895,-0.00553607998107,-0.0142146375407279,0.3598576473688512,0.2998879647153542,-0.0056185754786652,0.7928540858075594,10,food,7.076147796477367,0.6858990758887878,-0.08363046455590706,1.1767151455672213,-0.08798940133254107
931,931,0.189758015557562,-0.3183025303025943,-0.1835537648022909,0.3039875953858337,-0.161131937346436,0.0613361443159388,-0.1603029560489499,0.1058646656359883,-0.1728769870382627,0.0115118094722224,-0.2110541327159869,0.003837010807415,-0.1171109222591659,0.831296749824827,26,vehicle,4.622945964997429,0.6467979198121505,-0.05727055729865238,1.1390361290964464,-0.10652591225497687
932,932,0.0215147858528331,-0.0579397856184072,-0.5463360640490944,0.1373542292580191,-0.1363112121756275,0.0922579870266381,0.1496786222207123,-0.3643032219583615,0.1278283963041755,-0.2961612827054539,0.0257273751239758,0.2066383101787279,0.1488650495145647,0.8553577831117612,4,clothing,7.9895509668257105,0.8203387656720557,-0.09417175083991358,1.5852056912088937,0.25468435611624085
933,933,0.0906521251002783,-0.0516653661244682,0.0437681561197024,-0.0802586530732643,-0.1255868440054597,0.1074812239417548,-0.2472524705891762,0.0366390989225164,0.0138308999651719,-0.1061341563038719,0.105961754389983,-0.0894921659797551,-0.13514255831032,0.8273298161004226,1,animal,5.546418097715312,0.3974930220202494,-0.10240748216940487,1.2012988362017067,0.0777874160609695
934,934,0.5077012170313684,0.1797158173781352,0.0025703573532858,-0.2673632872536733,0.0798649340205489,-0.0889905198723201,-0.0382746776499937,-0.2526186028929195,0.0004598327265654,-0.0473129648813795,-0.1946873656255431,-0.2846144763508539,-0.1472190273831398,0.8388465345942882,99,,8.01194043224513,0.7641646454052929,-0.18432854572706758,1.0648588477391256,-0.23816167876433925
935,935,0.5310823132448605,0.0361388088561203,-0.0977312249708408,-0.1083194266128327,-0.0700121456146443,0.1049333940438257,0.1636501018127468,-0.2431288700918234,0.1370148198213816,-0.0408102638462916,-0.2974951980882644,-0.2315463769055215,-0.0928898422579809,0.7904607886598812,99,,7.779603303692195,0.7600189650935752,0.10231399377301198,1.3919415263421349,0.0909505743150143
936,936,0.4664935889149563,0.0501022194283715,-0.1752525803182318,-0.1003389853837354,-0.0558931402598137,0.1275398183736525,0.0906890702170921,-0.2719047978564416,0.2633612602803808,-0.0553563814734955,-0.3621068760953375,-0.1855910848239216,-0.0602981650392428,0.8329408260204302,99,,7.420949939655904,0.777225737038201,0.16552241206145646,1.4525826555167876,0.14316789303318278
937,937,0.1711268955946926,0.0478905756255047,0.0834719153384991,-0.2073410518633174,0.021301136895498,-0.0116037799706039,-0.3535214478479506,0.2175005113514841,0.0718515539813591,-0.1847235787011027,0.1683519731923835,0.007520270829537,0.0460117061129776,0.781574421513446,1,animal,6.737751435846675,0.5693940037664806,-0.09896631845794257,1.1140381000972162,-0.09362979588767883
938,938,0.2217605523255423,-0.0693570012369838,0.0780665171812221,-0.1155422906874139,-0.1295445884845958,-0.0628046912226836,-0.1252401347688874,0.1038865595428614,-0.0522111347032129,-0.1934905848312265,0.0969455519771496,0.016721741460162,-0.066476931004092,0.7770983637709936,1,animal,5.870861298663671,0.41820823106783006,-0.13491061439199786,1.1511572080893209,0.017504374140994372
939,939,0.1891694173909988,-0.1857896159303323,0.0923956289647439,0.0362788319576574,0.0862229009000958,-0.0492092424338191,-0.3679918170056479,0.3175863918967226,-0.1498540868093476,-0.2636129398232373,0.1759924139541895,-0.0222060005241621,-0.0199363364619941,0.8209571084293074,1,animal,5.007874202293732,0.6708970940175317,0.026444133896609823,1.2623508369369343,0.004990715369347365
940,940,0.1116957542262351,-0.0625460794631586,0.0997839418863364,0.2044458352649517,-0.1339869110576601,0.0055303320997328,-0.2072950631292484,0.1505783339649009,-0.112951370163993,0.0668299320894569,0.2929418372815605,-0.1263662457631799,-0.305081865433389,0.7652541780140893,99,,5.147467068327954,0.6032027747853517,-0.0471618816400341,1.1512909212861855,-0.0729285207845285
941,941,0.0629896239774653,0.0848641430351822,-0.1074752270947421,0.0104439690717989,-0.2328844102860735,0.2480942060029554,-0.2769324947566086,0.0640531846742218,-0.2087732249197514,-0.0714849162805821,-0.0054838282064872,-0.4141976049253761,-0.2294755911697106,0.8090967638533731,6,container,6.868800286853215,0.7016801586876708,0.06355257566392303,1.1886850481358253,-0.08374534360710051
942,942,0.14142860748791,-0.1173220215164247,-0.1121311030270719,-0.1280808324079414,-0.0756290666896853,0.266624759983956,0.0940158451246599,-0.1081198563008427,-0.1546145904752305,-0.1929878230107019,0.1460793424454001,0.0941373053864051,0.1689039376550365,0.7779370512105909,99,,4.493241332823192,0.5291138918977899,0.02328683202756454,1.2772115772722084,0.08926336076233632
943,943,0.0564178199338122,0.0240310921900549,0.2346002630831462,-0.107709383414891,0.280427698362533,-0.015015055049078,-0.1240195223896699,0.4441267732985675,0.2464958640377173,-0.0440633147313414,-0.0127621046820537,-0.1076357599112057,-0.0454780599276418,0.747629576777523,99,,7.922383445413887,0.6621268804759377,0.0013827953797183046,1.2474350936633243,-0.005631449958612311
944,944,-0.0148791895343885,0.0867156709713151,-0.3474259377913509,0.2259629396460885,0.0026394595267298,0.0613238682681317,0.1240432519205121,-0.2975412292646128,0.0147298311786378,-0.3238831071697086,0.2748290785045451,0.0559201656684489,0.0757992143958601,0.9011730683024008,4,clothing,5.1457646973728695,0.6904425888527661,-0.07111198938887076,1.4979766453937136,0.23104775960352453
945,945,0.133570927136673,-0.1661657927294215,0.1478103570932116,0.118466711573857,-0.2021071716612914,0.1895780598844545,-0.063244033460139,-0.1739286319213568,0.1261463425400349,-0.0948128286513644,-0.2068273945813165,-0.1917746901980209,0.144086217722835,0.8096221415031682,10,food,7.464372283307966,0.5635520972919288,0.6702091153320348,1.4215126870146295,0.21670477621489903
946,946,-0.0405625470607902,-0.0376020778285169,0.0251257575987748,0.0297044494001257,0.0690757461297972,0.3150722801317428,-0.0716366355956985,0.1079088415463259,-0.1723286782851379,0.0223050142498194,0.183870155392324,-0.2770302250512809,-0.3504899927265341,0.7439397176962762,99,,4.451416518045785,0.6236849542853315,-0.11580112259822117,1.2000696079991315,-0.03417716507816371
947,947,0.0696165132312185,-0.2039159150627564,-0.3623757476623678,0.0377691721165544,0.1300356970370802,0.0041379613292,-0.2506419229414049,-0.0355691758853241,-0.0720718650281969,-0.0726673354745913,0.2866489571644205,-0.0962286330961903,-0.122619910707246,0.7998311261569446,12,furniture,5.043171168494864,0.614102523663496,-0.14425793831509315,1.144783162585685,-0.08477240056969548
948,948,0.0117313063183013,-0.1803452681012177,-0.258447050147831,0.119727042077348,-0.0226570463114806,0.2666079852411896,-0.1015766001956646,-0.0557260413890518,-0.1998717427686157,-0.1659364667860994,0.3006345751287917,-0.1947339892465387,0.0555611769873219,0.7967367503785431,6,container,5.044316210084274,0.630619522242252,-0.07036437481580649,1.0403118541373009,-0.19732983149272076
949,949,0.0673754024468875,0.0296160257473568,0.0312273001313858,-0.0195586788008457,0.1279983327775576,0.14619129641024,-0.0601908662547008,0.3449739315062809,-0.0957055755807968,-0.0028194746272928,0.2231824107893049,-0.4190534569999126,-0.3423607286330112,0.7840581852536282,99,,8.284807733720303,0.7203847760877977,-0.013488651294253362,1.3108962946008067,0.029308801680112184
950,950,0.1328728010188341,-0.0169634712038727,-0.1597737415894006,0.0970025722689284,-0.13136032903414,0.0440205950715026,-0.2621372700188237,0.1186006709550492,-0.2470169624846556,-0.2521058125835785,-0.1380633651215114,-0.1244203320212913,-0.0807748559327188,0.7755076870575159,6,container,6.361883797999936,0.5661242921001929,0.060738037073611695,1.2008331744659766,-0.005233989469187961
951,951,0.0023720339998217,-0.10253940257941,0.1868066120674174,0.4332190870090304,0.1267723343891871,0.1751484076916352,-0.0950595177290733,0.0033099431530182,-0.0972960699801409,-0.2465906262546477,0.1729587862470912,0.1289209679825461,0.0443349762582651,0.7817945607271173,10,food,7.104319242984317,0.6384867347418636,-0.0537627798437339,1.149819218844621,-0.09167396822511775
952,952,0.1871801910171816,0.1349746142763993,0.2195669794002735,0.295966397061471,0.2199392617450749,0.0679201810530574,-0.0568915044326965,0.1226509283965252,-0.2035497364895989,-0.1537168520819846,0.2572856216988141,-0.0069094904576044,0.1051634404225873,0.8682468209297478,10,food,6.13401545518353,0.6345793942738903,-0.05326541072450186,1.1650094480430049,-0.07457084707947725
953,953,0.1231826737325842,-0.0807743636642454,0.3174617357838583,0.1219649911594652,0.2355452386514158,0.0747736433598718,0.1535413826966513,0.1268275522216362,-0.2002454689518081,0.1285797379481817,0.2949268438247486,0.1401598896439864,-0.2494182790534539,0.8008751057035233,27,weapon,6.725627423684426,0.6808493487771543,-0.08881584163020351,1.304133685718078,0.04190130176568685
954,954,0.0671652406178033,-0.0652863336530041,0.1506736291437052,0.1163779597458232,0.1470077867408346,0.0196342015602902,0.1582996991994857,0.1936080419930715,-0.3197032516416633,0.0657941042966746,0.0157196533707216,0.1716212139652512,-0.2948397853324856,0.801437328787482,27,weapon,8.016292959688556,0.5939107573851345,-0.1455060795238884,1.2219483355490257,0.0022779276370537005
955,955,0.142438973945605,0.1098598200013628,0.1964703904990133,0.069534313453462,0.0618712133132379,0.0795978368275463,-0.5416762209109534,0.1818492612405045,-0.1767131113544022,-0.0994637005967941,0.3314452370912845,0.0567684437648527,0.1016266093432953,0.8648679252270619,1,animal,5.991664308955002,0.759583400163413,0.2700641303235447,1.2227398303627686,-0.07803788489774721
956,956,0.1313364850390509,-0.1466135810513611,0.2457952710145533,0.0817994979977117,-0.0610674874695856,0.0946586873587055,-0.052228501295274,0.0419766751626459,-0.1799956826014836,-0.0447082386278047,-0.0363831003556937,-0.1953513503223974,-0.1269446966594022,0.842098549100109,23,tool,3.938434345489774,0.4615503859072084,-0.12679284812719394,1.1289414412436594,-0.02593013718024295
957,957,-0.1165150565065169,-0.2493085511348595,0.1659608528791641,-0.1497571867157344,-0.3674880292642253,0.1235816744593502,-0.2342362085702088,0.3157061517195053,-0.2327077051614985,-0.0756367417649171,0.228431774845387,0.012655081708556,0.0560407902698594,0.702941824435727,23,tool,5.495378213751827,0.7388593770462109,0.12213824001073603,1.147266849362641,-0.14336513704199616
958,958,-0.0908044645516679,-0.1268862239254981,0.3931100150962682,-0.2182666930559366,-0.3539000747132279,0.2242146796048727,-0.0501330980731307,0.125017133625913,-0.1389601790401752,-0.0138629800353555,0.1735485434487604,0.1539170949978794,0.0234623490478726,0.7550673933659725,23,tool,7.8521620434399555,0.7028823934264521,0.21416179152811,1.312625749601901,0.039606787405650934
959,959,0.126245044253986,0.1935269111713511,-0.1957920983128299,-0.1997083220603971,-0.2323774127705093,-0.1465442895126955,-0.2761013914312151,0.1413190692494196,-0.3274843840029456,-0.152716094711461,0.1730683640521172,-0.2368645521572454,-0.2607115349695474,0.7628354200000542,99,,4.07906115579289,0.7667347593312968,0.04839981838627594,1.297422764500796,-0.00685599641374246
960,960,0.0787375485982334,-0.0876989956442298,-0.0960314337822968,-0.0811664299032239,-0.316019032293704,0.2603998282088696,-0.0569960603279738,0.3082106341477956,-0.2119636872157644,0.0426372787856172,0.169286064165368,0.2664941113142455,-0.297756809082696,0.7916580207937272,6,container,8.411858988870303,0.7284927787512812,-0.059925227988064655,1.1041021999627898,-0.18145467651442848
961,961,0.5054434188302175,0.1419415558430691,-0.242255455764928,-0.0050368844053536,-0.1133476250620403,0.2544838482674365,-0.0365035575920439,-0.1621750913540078,-0.1035869754263247,-0.3437952841433844,-0.1214741487092808,-0.0927452465426842,0.130602897062865,0.7671543128459046,99,,4.854153625114289,0.7803311727942221,0.13535546519239494,1.4163977736651778,0.10546270264969393
962,962,0.2156419689515849,-0.0983478405432793,0.324048927348434,0.0924273649936046,0.0569990921294295,0.205306874858386,0.1506856033890527,0.1810825044042702,-0.1739483414279415,0.1339414762549192,0.3270088058356971,-0.2141102157502183,-0.2938258822244184,0.7915065351582522,23,tool,5.849833745026967,0.746947824590477,-0.13219507718281354,1.2468961701966388,-0.04769562628855195
963,963,0.0598550125794106,0.0494545810615921,-0.3725339148670141,0.0912657355168305,-0.113645853156,0.2459271205484114,0.0233065600423291,-0.1750710354096647,0.0966128610715773,-0.2265309115619485,0.2762086992726673,0.1325158630587678,0.1403454896607562,0.860795011709646,99,,7.704920566849623,0.6572113639213697,0.07106888792888255,1.279846654860761,0.02918656957305754
964,964,0.1307338406082623,-0.0422682680568998,0.0569194711785104,-0.1367228010935914,-0.0138371974660183,-0.1160039751450541,-0.3467774961421378,0.2095065432168557,0.056815526291592,-0.2951062178995708,0.083124240296936,-0.0221121705328013,0.0186546396162528,0.8185877941413886,1,animal,7.690840180966827,0.5627336623376074,0.014747772241238799,1.3193053726765782,0.11489813789837888
965,965,0.1486720402511882,0.0003753124113796,0.429564250477242,-0.0386210824271391,0.0358890944292631,0.4147497027143037,0.1075560762601684,0.0187683653918136,-0.0442546103540488,-0.0606884924570923,0.2265892151235574,-0.2277095628052471,0.1407992233211187,0.7562815947891478,18,musical instrument,5.730402124466328,0.7225003502654482,-0.13596474231665623,1.2869704080538904,0.004347206870396247
966,966,0.1033149773987518,-0.175021875555122,0.1436256332507534,0.367707694059147,-0.0677651774800328,0.1809138574389128,-0.1844970614176469,-0.0328993518619555,-0.0587187481492151,-0.2174848452206941,0.2430765293666963,-0.0388846018786722,0.0848273372950479,0.7628390163033094,10,food,5.241552236878373,0.6229998605307974,-0.008571934894355593,1.2009272367387747,-0.032984139324386375
967,967,-0.0263420951257224,0.0249321753073238,0.2384249358363277,-0.0144139724058765,-0.1283489210525702,0.231107240903288,-0.1548300674389862,0.0783768222816252,0.0847012852436098,-0.0252704172244701,0.0534074660454572,0.1918555526248581,-0.1380998929453273,0.7828048721710468,99,,4.085011234706323,0.47425141328220966,-0.18658480386579646,1.0660326952830417,-0.09505684474074383
968,968,0.0540077278741456,-0.0205961229435128,-0.320110880722243,0.0375621000829207,0.0040679175800602,0.0585751658898815,0.1195497843060208,-0.2277933274596438,-0.0899924639798358,-0.299410468739774,0.0360425208210794,0.0858182900788725,-0.0507211324077878,0.8416285806827757,99,,5.447003519651868,0.5346346594648727,0.09979834182703184,1.3342726287881335,0.14362164503585984
969,969,0.1112938710743846,-0.0873487152633094,-0.1666626770581714,0.0899274410812416,-0.1497483284611383,-0.1662358403226862,-0.1630052120563444,0.0683535217825287,0.0457898436108299,-0.1298164113140135,0.1718765269704918,-0.1570020769384018,-0.4269640675679025,0.7115078665489898,99,,3.743586303454829,0.6265938509654271,-0.06994031185083638,1.2007650288839278,-0.03490583433354488
970,970,-0.043347850261682,0.0997512396287541,-0.2583345221037231,-0.1166502732157357,-0.0826819141336271,0.1258401415095289,-0.1417010692947981,0.1769910579507528,-0.2657089500836647,-0.3815605420237032,-0.1057505211799627,-0.0036214009013875,-0.021878978832287,0.7407831647864872,99,,7.143508411911371,0.6277858676558857,-0.010688317020238536,1.237543076718083,0.0012886454325438113
971,971,0.2497882039722241,-0.2685521547939671,0.1592534319254788,0.2475822310955686,0.0817452869272623,0.1452834983955265,-0.1636391514206422,0.2124077951808085,0.142936478930228,-0.0842089610894368,0.0751579160325792,0.1388948208348116,-0.1523714044624714,0.7842111434778315,10,food,7.125550127854766,0.6297118136308489,0.06945932848421321,1.1158510402461086,-0.1213462642230081
972,972,0.1381710539758904,-0.1957559426242298,0.3628247424315741,0.0338172498509376,-0.1388478215683863,0.1946462813595383,-0.2184342266951411,-0.1326300926787438,-0.0129869451840948,-0.3122454921198805,-0.0438475624701409,-0.0322110439245545,0.314553715170193,0.7848414168091475,24,toy,7.291871132416924,0.7157075397966979,0.07377571353195922,1.5096949479840498,0.2303972600368398
973,973,0.1372998893323488,-0.238093528948944,0.0524338269529063,0.2852139936318975,0.0257794635551451,0.1898637836136825,-0.0582773796833268,0.0207092103615504,0.1339797357482412,-0.1380748414669575,0.0447160290936549,0.3048688609260447,-0.0309425515386334,0.7934387497583237,8,drink,6.587314426774221,0.5771406210877308,-0.09971472791885277,1.1031397752625633,-0.10832058314370463
974,974,-0.0420000087896101,0.0540566881616466,-0.0584912342540573,0.0138695844051439,0.1569629710007946,0.114826701340017,-0.3374431753471724,0.0655903635602429,0.1378309932869854,0.180803185703871,0.3985794860422481,0.3687620902236931,0.0236891413978232,0.7961078344920823,21,plant,4.4319886505922295,0.7151165569940342,-0.12777607321939777,1.1920648834601486,-0.08694348077610026
975,975,0.4343170870316784,0.1952437142776815,0.1665616352193063,-0.2306038620799244,0.0644176718366255,0.0526386992364659,-0.0923372600146004,-0.2227290446994204,-0.2645684723590807,0.0429226939432523,-0.1804989676284673,-0.3682111423870154,-0.1116387122755578,0.8557308994952665,23,tool,7.441629571335309,0.7906886774330426,0.4386089356934524,1.2690924581021898,-0.04691327091703612
976,976,0.0841907449500852,-0.1666726214292945,0.128635192078428,0.2671592498381996,-0.0824567141611655,-0.0672735519357591,0.0927253572187784,-0.0284650707350434,0.2587474974364768,0.0212205044886575,0.0343161718714236,0.1221623758145288,-0.056637320010986,0.7967666625458741,10,food,6.796272624945831,0.47982457553059554,0.2539538047942169,1.227604656175725,0.06378669837696571
977,977,-0.0296973860956924,-0.2101373660525139,-0.068615456822876,0.3583690098270179,0.1385613042399307,-0.1579525879217015,0.0639260991446511,-0.0792197227232552,0.0296309719200131,-0.084511954691086,-0.0892358451297505,0.1047339563379615,-0.1006965800001944,0.8200895705431702,10,food,6.109779394294462,0.5194024884696259,0.43002101577104146,1.209821666862827,0.02662780067552406
978,978,0.2454927730523574,0.0592982210211008,-0.2259374663032405,-0.0085329110607656,-0.1904867537252053,0.1560226044015356,0.1885732401268389,-0.2582096898858053,0.0167037265657535,-0.2009205022995231,-0.0340634156343447,-0.0105678512905225,-0.0728327053797768,0.8229557425275379,99,,6.833139546343741,0.5700776777104641,0.1639286671225062,1.426731725118537,0.21872912720717452
979,979,-0.0673147919545929,-0.2010565958774715,0.0532651519594347,0.2638065756295837,0.0804171719548381,0.1940918547613045,0.0390186000844147,-0.0278175415591668,-0.0405015106105989,-0.1895507960495578,0.0467275091740166,0.1970096406483088,-0.1297192509446031,0.8034477463593318,10,food,5.337684370611791,0.509130805838353,-0.04539597042664323,1.1396936007069085,-0.038471622813805784
980,980,-0.1302839240095749,0.0762853770092317,-0.1606957023365741,-0.1154070412079072,-0.0013671481652312,0.1569832420713418,0.1443389141618498,-0.0947898455213167,-0.0881633649774874,-0.3646244942686956,0.1684655448276442,0.171541732365819,0.1530306662567061,0.8223018380848933,99,,6.696363640086092,0.5816778224655484,0.11213931532893007,1.3382465553890823,0.12456494801568474
981,981,-0.0685937632117278,-0.1701890335421782,0.0459102307792653,0.0846695172510528,0.2383356947448951,0.3140035269601894,0.0521925953365143,0.378846691982806,-0.1894476459041176,-0.1823092116681694,-0.1382414845398552,-0.1456125642645124,-0.3487557998893058,0.7137632278234955,99,,8.303484434332994,0.7587282012500431,0.13433693105554378,1.4127508083900853,0.11239176744988977
982,982,-0.2069423685811325,0.1348170427702414,-0.1685448122514873,0.1751589358580318,-0.0478057955797317,0.1643099530705985,-0.2817306135297229,0.0431628020407835,-0.0626810510480422,0.1127332299609287,0.1086501704578172,-0.1160489001301016,-0.2736524852320685,0.7695886337112737,99,,3.274558110515829,0.5894087639877154,0.09568590228788243,1.442610634922497,0.22514423942948691
983,983,0.1981020539293693,0.0568372363225841,0.203100715569001,-0.2828457444405693,0.0701599110567108,-0.1571016471405011,0.2713544073809829,0.1437816808434162,0.0213447207022426,0.3455219892288285,-0.144383672996317,-0.1831161214316655,-0.4138835884754065,0.8288955901081902,23,tool,4.689662285690547,0.7957104144910117,0.39198991715289955,1.5507923663245653,0.23232817727141963
984,984,0.0750922519182604,0.1030873206543136,0.0670637985520218,-0.2492327008298955,0.0181152216435477,-0.1859365040918097,0.0607774076391639,0.2683076841532891,-0.1031342559954984,0.2651082950554094,-0.0195255251333464,-0.1350184811634425,-0.392762645293971,0.8151151638743811,6,container,2.613022129962558,0.6687724579210872,0.2753080669981349,1.3445221493013597,0.0882021723828128
985,985,-0.1720457124138477,-0.1555262721312006,-0.2793576089330706,0.0516520707235751,0.0186809963624371,-0.2085363819016102,-0.2015519632791256,-0.1478379723414117,-0.0106695426792658,-0.1836380660554958,0.2252368915202393,-0.1738676699320912,-0.2428120525218883,0.7971430641612194,12,furniture,4.506366663555089,0.64386995268924,0.008096975698885012,1.348594680613823,0.10446606559858829
986,986,0.1475444376949113,-0.2712712115479422,0.2619127356917654,0.1989818332418954,-0.3851028390027261,-0.0264933145087704,-0.0457573510320809,0.0059795550789198,0.064523551304191,-0.0096072253813099,-0.0017053753193567,0.3573941621681074,-0.3096841846605009,0.7825384001457607,6,container,5.563991014546493,0.7632682635216634,-0.104561338484495,1.1924162944378702,-0.11016539605913023
987,987,0.0394895312568229,-0.202591781230179,0.0453015655042672,0.1463616746033962,0.1318048654296047,0.0887008501718883,-0.0103329599085345,0.1332120267160909,-0.1644066858262106,-0.2411669411091093,0.146485438489309,0.1357744759756133,-0.1581655310584724,0.7986619293941305,10,food,4.932305147802365,0.5091851147513142,-0.0691861878680956,1.1028881758182718,-0.0753036353732941
988,988,0.2146948265095112,-0.1364373949584345,0.2016480032881111,0.3840463014680377,0.0173320493581782,0.1867260445004502,-0.0253488331457623,0.0579204069614896,-0.1681876597904302,-0.0870035481819015,0.1782082972209963,0.1787274247388292,-0.2138938724458201,0.791839538830874,99,,3.960101920838393,0.661313728280761,0.024237036020246183,1.1440863805244865,-0.10858207332288417
989,989,0.0479099263908585,-0.1155056659555417,0.1481213304274569,0.3448091260451885,0.0371760581108887,0.245732126264965,-0.0450622486505398,0.1343166237197384,-0.1121503588548736,-0.206098974086401,0.1778472744453544,0.0613053321203303,0.0185374647160103,0.8181336999685939,10,food,5.370214235862956,0.5736673297002379,-0.07302690613786877,1.1733504694692138,-0.036409491651465675
990,990,0.0249134658399906,-0.0021334462760948,-0.0192372648051521,0.3129390745727542,0.1644926501070695,0.2397333609058862,-0.0934205894725844,0.2586563207950224,-0.0712236983970459,-0.0125880275864932,0.0469029075727251,0.1074010735456692,-0.0759263427879535,0.8112023005048874,10,food,4.387472485574637,0.5327452869228158,-0.09919132970350497,1.163123718505448,-0.026602297087359617
991,991,0.0394909995177074,-0.2262919088643093,0.2234707518519198,-0.055261662287688,-0.1405705956572825,0.3037139518999602,-0.0756677010532806,-0.1475968465043079,-0.2312766455547751,-0.0809335463961957,-0.0194064604337559,0.1506389879702793,0.0963575601459953,0.7656136278523039,99,,5.530944670215706,0.5810902708247324,0.024151701332832953,1.239839837702301,0.0264458742676712
992,992,0.1987884918290846,-0.0603742992513789,-0.0093844118948229,-0.2167495899712965,-0.1211619320579976,0.0991205637858314,-0.1268051557808963,0.0421826179750766,-0.0289357282478241,-0.1920505585118749,0.2033127594542706,0.0680865141393821,-0.097202574049587,0.8303868541846225,1,animal,7.003695315028732,0.4751160684828427,-0.10944312633406594,1.167686713779851,0.006173869981029423
993,993,0.1275932612701249,0.1800707370505258,0.3129717878392512,0.0623506682588151,-0.0947622313519409,-0.0265822681285217,0.1826641754607898,-0.1084758421770088,-0.0839158627829845,-0.0581032372220936,0.2127787966188254,-0.1960626879808215,0.2722915916720493,0.7812754211983995,99,,6.9564821323634085,0.6112610950223636,-0.029645385902556942,1.1736177608358576,-0.054546742080243016
994,994,0.0768469696567193,-0.1802320581979619,0.2398460098698087,0.3452485347046287,-0.0408306890395499,0.132603255665049,-0.1028277969728413,-0.0319252563908081,0.0049899539737386,-0.2376155333410233,0.3245533878145759,0.0393664571435172,0.1786327875039849,0.7568612540995143,10,food,6.842125523829161,0.6642556666729844,-0.002533634895710235,1.2120654565139817,-0.04204326349548482
995,995,0.0977623639528409,0.0278847638724761,-0.0681447455906291,0.0331076298671581,-0.377487041708229,0.0873500117895491,-0.1372151111981676,0.1533326526888184,-0.4126044066321076,0.019361019709928,0.2674977410107816,-0.0731743058746794,-0.0538917886053735,0.8293585774530897,99,,6.752493248016588,0.6774742301589959,0.07437750471180649,1.286360303760002,0.025780255271753427
996,996,0.0698606903844535,0.0705036199045699,0.3256069109527303,0.1094971637346778,-0.0358769665622767,0.2637200231711292,0.1510922997980156,0.2808930242785636,-0.2349718340226275,0.0392094801885018,0.1492172118123589,0.0413631998017592,0.0199467960457564,0.8280118464864487,9,electronic device,6.441670262381462,0.617697060618275,0.16239159429815142,1.1913450532995784,-0.03997026456652475
997,997,0.1587106529913636,-0.1258030113536743,0.1895396727638142,-0.0708135697958827,-0.16133766418521,0.4120826811994432,-0.057645594055082,0.2732262776206907,-0.3086308857327826,0.0617507205206263,0.2011618273375797,-0.0442234115494592,-0.1105992027895045,0.733162725329705,99,,5.632764271353655,0.7137878250996517,-0.03421913454358849,1.1835184840877129,-0.09483938128321823
998,998,0.1859615911226071,0.1387901380641857,0.3514907941096662,-0.0366680950775583,0.0592343660203331,0.3285698375635991,0.0991732440146928,-0.0432602346902747,-0.1490167604084688,-0.0586269144265764,0.1261933400550552,-0.1330215490663636,0.0845830492502596,0.7530886543980255,9,electronic device,3.66228803706996,0.6068980685700012,0.16241118246975017,1.3387383325780033,0.11270980891295612
999,999,0.1131483153023244,-0.0967248514081492,0.2536061919392928,-0.1261897982897323,-0.244390657174837,0.1363380919024636,-0.2430131015827829,0.2927461232958963,-0.2592440097161608,0.029248154337337,0.1846410331474592,0.0073951621419852,0.0343340663998747,0.8026879044300648,99,,3.287436727845481,0.6548721031987245,0.007173257884978135,1.2218274162722842,-0.027687451946274866
1000,1000,0.0789893562214138,-0.1464295421137936,0.0407349550964641,0.3428215499504303,-0.3351215649822706,-0.0235210016816437,-0.1420066932321764,0.2436115719802852,-0.2407907294163939,-0.0697473984900517,0.2108094194054104,0.0830625036887413,-0.3741690557538273,0.7736059136867418,9,electronic device,5.265261538980382,0.7703417609870183,-0.01160051435013798,1.3396498840560012,0.03360526616597603
1001,1001,0.0255362963141836,-0.3500687701131383,-0.0349207279924798,0.3064112808847214,-0.0279923656428294,-0.1600060073878666,0.0423347727793657,-0.0674617283671968,0.1751870459607886,-0.0707900835435899,-0.0884646024940387,0.1592600614153174,-0.2506806468384265,0.7434205662245275,8,drink,8.052145934612629,0.6186830093079299,0.22028241859438114,1.258635261804633,0.026837259277618486
1002,1002,0.1047488160831648,-0.3270383490981016,0.0145654003105689,0.4245068786562038,0.1146063286607433,0.0698510602595296,0.0668149229201423,0.1397738759747833,0.0889629107406733,0.0264517903074678,-0.096965555232793,0.2873059608653869,-0.148832167262253,0.7930380134580276,7,dessert,5.070519807970918,0.6804935954458935,0.06275734324593063,1.1899102566133497,-0.07214796343186314
1003,1003,0.1269799281624447,-0.2227040312347714,-0.1434224428717254,0.3545074718199217,-0.1453977593472272,0.1504515543980866,-0.1564947752410546,0.2106452041049978,-0.3212244815401107,-0.0093032453197107,-0.0699291650568248,0.0155087527815018,-0.038961986396451,0.7291710334967548,26,vehicle,5.681297655667199,0.6591851724291997,-0.16792734114923957,1.1370217825048219,-0.11460460772380054
1004,1004,-0.0271101090072798,-0.1087646243435842,-0.041231660749361,0.0892278172205717,0.221974210042118,0.2726483819358193,-0.2331831000079869,0.0580955277264529,0.0198760539022138,0.0282174826056511,0.4091242183743623,0.2913007628112385,0.0335507851538971,0.7605786951682553,10,food,6.326950475029123,0.6768612803247704,0.11339193600622244,1.2225671575407626,-0.037712812975890575
1005,1005,0.0518195292504664,-0.2499550575652343,-0.0162944403649546,-0.1077157044784865,-0.2057806529683108,0.2041116503034537,-0.1832394379819884,-0.025751658520835,-0.055738952590528,-0.2684658806667766,0.1215216564910495,0.1042165756406251,-0.1452618277999153,0.7505048959608325,13,home decor,7.060562838944989,0.5631948373652866,-0.10520465043494931,1.2416786075152393,0.03704559819705433
1006,1006,0.0569991766972926,0.0541128178676557,0.3807511160384424,-0.0438003357852636,0.256770465481663,-0.1478282066194186,0.0521921484647354,0.3826178191080398,-0.2011079352393707,0.0865813187507164,-0.2493909327937062,0.0634228512389289,-0.3256217101513204,0.7809239397550204,27,weapon,4.659925991486471,0.7811275000735964,0.09938199836499084,1.4425716294339503,0.1312467055114619
1007,1007,-0.0397342778455604,-0.1262551394890146,-0.1209460700316405,0.1102753073155253,0.1922816810036579,0.3223070286159327,-0.2362797506825403,-0.0884492934520741,0.0681150988448785,0.0965164533976059,0.2776125021156148,0.3675629806572603,0.0886263615597181,0.7108601350433368,99,,3.426055997905865,0.6948339387893231,-0.011441170851391957,1.1898690670045862,-0.0792096641855824
1008,1008,-0.044386894418838,-0.0813520261270218,-0.3290608406485783,0.1175072537112261,0.0320509722374668,-0.0559725858715227,0.1227546969024399,-0.1654982216827368,-0.0361679492408287,-0.1255044287466636,0.0490657583509441,0.1544064863832187,0.2880232289019729,0.8145273087346259,4,clothing,3.7147153003031046,0.5509642334223614,-0.1839641147117257,1.2632732026777973,0.06462785273669325
1009,1009,0.2295054231098117,-0.1504734317749438,0.263074292017519,0.4588993256059666,-0.1097928567262995,0.1596190989096722,-0.0368988671083898,0.1117572285916055,-0.1244844773627712,-0.0471445446626134,0.1432814175285137,0.2006238729234964,-0.2899665187661726,0.8092256504709487,9,electronic device,8.250035559249046,0.75437038510747,0.008914821107133819,1.2383773060430048,-0.059848306424530096
1010,1010,0.056778826796507,-0.1248691730272492,-0.3354107006064421,0.0868239761395504,0.129968942255266,0.1162328917918698,0.1041750292120481,0.0342970347900902,-0.1433067509452841,-0.2026155622355104,0.097446102023889,0.0723983865512965,0.338774310424448,0.7685048871999598,4,clothing,7.453406936992534,0.6102301322909304,-0.12230180807988311,1.2387870276528754,0.011127246637270716
1011,1011,0.086661646374338,-0.00520984822365,-0.0140317083525738,0.0938965006193842,-0.3590648597724525,0.0105975493130759,-0.0791617713941392,0.1114091724191546,-0.3238619698166251,0.0292939160580308,0.0670818079615353,-0.0302441740344735,-0.2106046993179046,0.755186078023571,9,electronic device,7.566067408651172,0.5654936108141587,-0.14994266593370986,1.218484276410083,0.012725871121171295
1012,1012,0.1592163634074802,-0.0062635749726911,0.1945840029057801,0.2007253749813403,0.0301379031081979,0.3363646925747552,-0.1938816855323255,0.148152236237173,-0.1493381874369033,-0.1155310203418625,0.1756403652358808,0.1623329712525323,-0.212311577983182,0.7911341629168829,6,container,6.936016473544969,0.6442502885429904,-0.06469578962828204,1.0538562809606182,-0.19045853267177204
1013,1013,-0.0853791681307528,0.0927851817588593,0.0564511689143078,0.1476285720145332,0.027017400896119,0.0070329665462727,-0.1975664651562571,-0.0523845234523762,0.1320760427018876,0.033522384781325,0.030377366961991,0.2785673981343449,0.2123766382846206,0.7996396657982024,99,,3.49157345907385,0.47500517747287374,-0.04901146634925446,1.155519133457756,-0.005939422131033378
1014,1014,0.2356612139477418,-0.0506455709874469,0.0735510221518814,-0.2116635512727019,-0.1125414738400427,0.086682538210699,-0.2769671819480413,0.0585435629101464,-0.0060403720018951,-0.1354229714572141,0.3041418702926746,-0.001064032940914,-0.0646817322911168,0.7920199245944837,1,animal,3.4432220068521557,0.5689402526028071,-0.15563999828922231,1.1803100627910277,-0.0271356931080049
1015,1015,0.1137822980239284,-0.0712200434976708,-0.2715643870829042,-0.3460757960775908,-0.2751368253631981,0.1545342708358381,-0.173856938760905,0.0987661524235962,-0.2289669593231369,-0.095983731503485,-0.0324901460164678,0.1987168232604527,-0.049632947362429,0.8682627064847862,99,,6.151001377172454,0.6750871355086248,0.013941000730405717,1.2952537651652138,0.035842351499413505
1016,1016,0.1758940996886042,-0.0778866872552205,0.0218956279921756,-0.1698447825760666,-0.1268337196071297,0.0245246917919342,-0.2115820787363652,0.0985764557412092,-0.0024681369438539,-0.1684810354024163,0.1307516846448975,-0.0477659769310925,-0.1089108610806798,0.7768909289090202,1,animal,7.219823667514094,0.4439993287127234,-0.1314276553984804,1.158563512249334,0.01228429383305274
1017,1017,0.1645799843155296,-0.0810880027196077,0.0073569396597461,-0.1110812264925596,-0.1368480322881445,0.0714884973334814,-0.1452344732324615,-0.0308875822660047,-0.0717485195116893,-0.2223904853861862,0.2791998436274367,0.0467915980386244,-0.08048533779606,0.8195261841282382,1,animal,5.173064557198576,0.4828719881907124,-0.03869040229315046,1.1303878919291375,-0.034921968401609105
1018,1018,0.2916899077871211,-0.1270191036698827,0.0128154194853544,-0.1423445263984611,-0.050660630494075,-0.001663437456286,-0.1703063402477392,0.2187447427291971,-0.0476770454706876,-0.219814590944548,0.1500049680768886,-0.018615472724003,-0.0392213855903389,0.8144801595138568,1,animal,8.183613631477865,0.525398640174927,-0.1432948094750061,1.1643466373603217,-0.021782726873699643
1019,1019,0.0436739129310346,0.140969567435414,0.0876404373309535,0.1212281705434868,0.1184925118671663,0.0607885572823541,0.0245521677362424,-0.0070725903354885,-0.1505781181484696,-0.0026630642974779,0.0690806573899303,-0.0746445499773379,-0.2383550078375306,0.8050165061063284,23,tool,3.302235601726088,0.3903631862083567,-0.015931583974722496,1.1299801554333153,0.009959243893408187
1020,1020,0.2313305531594723,-0.1284921765125184,0.1133713538064561,-0.180658369308902,0.0474554246991087,-0.0702461259073287,-0.2437362282238752,0.2228324810310607,-0.0116601620668923,-0.1265048801040132,0.2583340126498063,0.0597079091229615,-0.0205892073547556,0.8297823873984269,1,animal,5.287293767951296,0.5644711061139552,0.07841712607363738,1.3357537142931686,0.13049589015992602
1021,1021,-0.2419407889774247,-0.1615543997190845,-0.37641975093106,0.0402286202573966,-0.1229364315546606,-0.0473279353364817,-0.1076602094305488,-0.0819221971525066,-0.0650944976909613,-0.334445473853444,0.267982927491018,-0.0821176046234616,-0.219664046830212,0.8279697281263438,99,,5.377626707401138,0.7116896229833827,0.008853928708066228,1.2601452071806933,-0.01718545465759802
1022,1022,-0.0575065637833098,0.0366543869687956,-0.0835850774328957,-0.0170721400919557,0.1992848311180574,0.3294050768094468,-0.1983376688366397,0.1973792122540382,0.2139203117206086,0.1643773352970955,0.2515429118081166,0.2758843380899412,0.1047508494500873,0.718366416713657,21,plant,5.775345897621728,0.6794023535585771,-0.15125948038807568,1.1375605359016252,-0.12396345175819223
1023,1023,0.0706887995040311,-0.0188028649586479,-0.0547913816084718,-0.1455284660060814,-0.0275533692505688,-0.086310069567111,-0.4600924734163465,0.072703022237479,0.0504418954788126,-0.1444988817149906,0.2349024884801575,0.094340210407447,-0.0136179710330418,0.7492460211101326,1,animal,4.256144266193548,0.5851491510636602,0.27282802119124705,1.4424176442804273,0.22703660053181807
1024,1024,0.0848007274483147,0.0692240114358741,0.0867653416613007,-0.01303074355271,-0.3925871325554826,0.2189250116180194,-0.2553077864178403,0.2424970702792073,-0.5052550839991629,0.0432659755215486,0.1435866062860237,-0.0052716532233122,-0.1721005226165863,0.7828310966703957,99,,7.613930900553088,0.8081701568655065,0.052237679736894416,1.2942168597434605,-0.030347166538721826
1025,1025,0.2284588597511097,-0.3194184460173514,-0.0073682318106507,0.2614083798195602,-0.0943882007471381,0.1344886407813442,-0.1198377301323616,0.1972261237909255,-0.2989075921348386,0.0195516963534344,-0.2508056281187577,-0.0090705018776287,0.1428803071915989,0.7540429218478,26,vehicle,7.409605153543043,0.6899234126284248,-0.07198557028356456,1.240628947902678,-0.026045768068707176
1026,1026,0.2704134266438839,-0.0917967954214732,0.1135374025819625,-0.1530570975090229,-0.1599181942041917,0.0114545978809773,-0.2060615517006576,0.0755804799982877,-0.0193490291066837,-0.1819989966877435,0.1990663455811704,-0.0167320694065351,-0.1321596337070788,0.8100026601744492,1,animal,4.053531554836934,0.5316179635152068,-0.15484534898914254,1.2039226747496434,0.014748555743796743
1027,1027,0.1755218967275449,0.0906198122377391,0.1995589432220463,0.0587111048995647,-0.2924971812829221,0.1590671987704451,-0.1080148633879683,-0.0256064822244846,-0.3923994576728745,-0.0796812872210279,0.2995587225233062,-0.08606049198646,0.0026535886249109,0.8111503345266818,9,electronic device,5.6285107784614326,0.6804012416622516,-0.10125612759869085,1.2826057018306165,0.020592694842846537
1028,1028,0.2003286286196819,0.0917892814682223,-0.1264524326850842,-0.0886539360942483,-0.2646550210820592,-0.0541294864593551,-0.2637364229136822,-0.1230771459549412,-0.3673688523585378,-0.2983613570483872,0.1403413971916056,-0.1338314258919194,-0.0112644600921661,0.7781958883165708,99,,6.221367858777228,0.7012820797055915,0.07312170843851029,1.3099000683170625,0.037664561582349654
1029,1029,0.2076555854824535,-0.2680594986465661,0.1200088099039736,-0.0049833574395716,-0.0284059126120184,0.0061977964561423,-0.0908744560415976,0.2728777011887124,-0.413160818760512,0.2032951689513181,0.2931151553564111,-0.1419464889192315,-0.4238796191685534,0.8233737219833648,99,,7.794729467394705,0.8430536281056877,0.013314282600222382,1.2038976877656193,-0.1377440187890262
1030,1030,0.0562138854502299,-0.2377828954496444,0.1208856602740216,0.4617215467901752,0.0548436769353321,0.1791395406683699,0.0557425216689098,0.0068288129061543,0.0656610534941191,-0.1381266635313364,0.0032215246225464,0.1949329713255853,-0.2580740253580455,0.7870781579623043,7,dessert,7.892209374729891,0.6736136091810206,-0.08642528008996508,1.1188489021628472,-0.139841126543222
1031,1031,0.1290347533318734,0.1433539669328085,-0.466247370909972,0.1208963568281266,-0.2008731923547753,0.2060776932580137,0.3119433211641589,-0.3075709044510393,0.205151347689447,-0.3837718655655541,-0.0604680241890845,0.0708197332606381,0.1589312468084515,0.8349041171219277,3,body part,7.223787389527309,0.8759156907863074,0.15273773928394774,1.4777780341234685,0.12004825549339171
1032,1032,0.1625153427097152,0.02079157132846,-0.1827130194221471,0.1573795050210967,0.074629610063767,0.0696469045430909,-0.0443627119146064,-0.3519243446900337,-0.1971320289300344,-0.1514672593005624,0.0517909065607741,-0.3431490817868664,0.0715073846260103,0.8197861189940439,22,sports equipment,7.8865964354986815,0.6392067041151418,-0.09324671131400009,1.1452495324688083,-0.09659612545104035
1033,1033,-0.0818431295470057,0.2392093049041173,-0.0222851233020646,0.0297057421245432,0.0459165582083681,0.1621016034486332,-0.1243109690664699,0.4573685045856465,0.2389830866970514,0.209332618717559,-0.1469208287722271,0.0762941613434377,0.3200612306118647,0.7709444609253838,99,,7.173511456794435,0.7410139369319526,0.029595293432953973,1.3522465204574863,0.0605597398036406
1034,1034,-0.0051387678592507,0.0897571673457129,-0.285792037294943,0.1221416854616785,-0.0915012564216629,-0.062464333830795,0.0228816068816162,-0.3427357709168924,-0.0024731385818099,-0.137888443657473,-0.0520071380150848,0.1962886570387325,0.1088821552837738,0.842297544431691,4,clothing,6.591405466368553,0.5541233867969791,0.028056926831818707,1.2679619501399768,0.06776999347238255
1035,1035,0.0253026583068324,-0.160174845915326,-0.0093618863628463,0.4217184247136361,0.1016992150617876,0.2477785979108061,-0.0015409635014074,0.0921044180219681,-0.0764624340677078,-0.0960213638140216,0.0493481853516921,0.1415025376431081,-0.1183295412190995,0.7828881439513372,7,dessert,7.475066021711516,0.5796374218159565,-0.1478072217447135,1.05518695012265,-0.15749575121638126
1036,1036,0.0655531130918578,-0.2521724992963918,0.1460944278510895,0.301633475065334,-0.1409566528005545,0.0273792610690597,0.0417493219736879,-0.0453769612911952,0.1963694778095929,-0.1737338042210974,0.1353653504593525,0.2885739979538597,-0.2625083500610277,0.7949379021922299,6,container,6.781541383173594,0.666249774761257,-0.13908275751713473,1.1781832729209485,-0.07690168996657842
1037,1037,0.1599585358837627,-0.1644778454873775,0.0145652159724276,0.3298515784817331,0.0742361799411032,0.2701756115285081,-0.2251069367200555,0.0496061113287143,0.0103957298353131,-0.1642271196151594,0.2590148163516578,0.101995299987741,0.0072448447581537,0.8263016280538746,10,food,4.592768664154067,0.6308062277909904,-0.0819396308513809,1.0697710140631975,-0.1679620758208471
1038,1038,0.1359255160825779,0.2400833101617195,0.0853610303143709,0.0420371393562249,0.0779834884536253,0.2060945600529609,-0.3036364751472947,0.3402144738125653,-0.0012530213837537,0.1300710513358562,0.3262666857489492,0.1660429729976549,0.1597975816645026,0.7551666490690881,99,,8.110125127068043,0.7198210141305225,0.03897238366193645,1.3126466173969096,0.03133512185015297
1039,1039,-0.0982210418628259,0.209778883096617,-0.3500578248518142,0.1754377906236451,-0.1711229274314933,0.045196755101412,0.3286321120739934,-0.106458384590748,-0.0708038693500466,-0.3881712557627373,0.2546562630347497,0.0842228779330674,0.0873928351688997,0.8812077193156096,99,,7.283897213160706,0.7700017094146274,0.21038239385178903,1.4186616039186632,0.11278346292508745
1040,1040,0.0089337546912825,-0.1935449618059006,0.142177328902534,0.0243635363577154,0.0285185938199462,0.1952047512188779,-0.0764414263858254,0.0957265507115017,0.1843737333398602,-0.1639823065288345,0.3826388486872322,0.1490149029988814,0.0417960629951675,0.8291089998467355,10,food,7.411973698853289,0.5861068327229295,0.08330317872930337,1.0281920203765973,-0.18765786952173125
1041,1041,0.033825267892188,-0.0418892738406555,0.0275332431106527,0.0035521021736229,-0.1882696267444866,0.2908324021359149,-0.1056550523404597,0.236459090769071,0.0551637668687263,0.1029046979023882,0.1725036519080319,-0.1819981984908989,-0.2142029912963795,0.7045220682415805,9,electronic device,6.22855401266334,0.5596164586369486,0.16204839018691086,1.1263128738996624,-0.0765682911884693
1042,1042,0.1338997271767511,0.0385503521296464,0.1003007389869384,0.1772687829905394,0.2355966035953904,0.1518431114231106,-0.3374968577325974,0.1972916630229292,-0.159772769376595,-0.2129950233569204,0.3463487368872891,0.0806138049482522,0.0875747156247786,0.828849638502582,1,animal,7.657121156057147,0.7052017635820005,0.1821708540213859,1.2156706512044755,-0.058483790361852916
1043,1043,0.2105047009971208,0.2402765746913596,-0.2713865708463035,-0.0083057636108057,-0.0947489051273079,0.0285885127930397,0.3175810757362272,-0.1950550112498181,0.0683054234140454,-0.2063580145617067,0.2676615865896875,0.0938761014174912,-0.0140912983352332,0.9100840481856232,3,body part,6.828663733971899,0.6725822226922232,-0.011421973264889473,1.3265982791172577,0.06841317976789574
1044,1044,0.0370360676997459,-0.0044004906460804,0.1716379765664802,0.2850181910444436,0.0569132436099737,0.0379139903144909,0.0825607448373738,-0.0662607735655857,-0.056073893672288,-0.0417310540012049,0.1783472033797013,0.0239810606954319,0.0671819126501913,0.7919231151097065,10,food,5.349200973205237,0.4120089095498485,-0.02751818419036045,1.1161186769205054,-0.014499194421567108
1045,1045,0.0569611387604829,-0.0836051740595168,0.0297236470346498,0.3360658684296611,0.1961107578165253,0.2693296881920784,-0.1332548100453606,0.0425339359150559,-0.2448953054829452,-0.1047007897539245,0.0340921334992676,0.1341656618811181,0.011184710273007,0.7818441531997972,10,food,7.323729639415552,0.5872357381100056,-0.13567080229590212,1.1846196165274052,-0.031782944437561245
1046,1046,0.2371440839055397,-0.0337692210649946,0.3849021116373179,-0.014585982423998,0.1729245003083794,0.1536139277080885,0.1769201918674652,0.2167359428580373,-0.152382547059146,0.2876679121273964,0.1018547547886287,-0.1394741924706631,-0.3051351673087042,0.8032491140065642,99,,7.210102338763662,0.7526111799206412,0.11173026178418954,1.3354901559047845,0.03812578638831554
1047,1047,0.2800759022990463,-0.0201133444846249,0.2129760668966424,0.1563954131686752,-7.186757885106103e-05,-3.0712099347478174e-05,0.1645696357379445,-0.0735691303804947,-0.1969471327395289,0.1463918686204598,0.1969754984967091,0.0065444968214798,-0.1759784781169074,0.8398510478692173,23,tool,5.620261415069989,0.5578443605213891,-0.03344501221187868,1.2178122669506792,0.015798656723145843
1048,1048,0.2885159119309027,0.0208440649791358,0.1322752186490571,-0.0367018974756477,-0.0092671504635126,-0.0698390002132681,0.1547303402485499,-0.164365088331043,-0.1520426675283143,0.1046165380168755,0.0123745726104096,-0.1389365514414296,-0.3786936578584474,0.828927276877392,23,tool,7.658419446707336,0.5961269750353942,-0.012968489715499798,1.155024882484923,-0.06573050507786227
1049,1049,0.5334540557002516,0.054221260705603,-0.1859298130359053,-0.078902718036523,-0.0541072342305368,0.1532938536675639,-0.0235240559899514,-0.2181979747247575,0.0268523732743956,-0.2053221128064876,-0.1969759134077699,-0.0981323489144718,-0.0420148506030763,0.8483479049222676,99,,6.260592249709956,0.7042527818138087,0.15165531699820978,1.4460040481015466,0.17231419353431554
1050,1050,-0.0360085155921167,-0.0494617273012761,-0.2039070951406967,0.0462455676123155,-0.1062592429595652,-0.353024678734821,-0.1772834589131751,-0.1779546445802171,-0.1438208577415513,-0.1998619776212974,-0.0025133833015818,0.0807905144198866,-0.2627808929465279,0.7548974387253247,99,,7.800696855202382,0.6186202661658983,0.1581107394759551,1.444878709741379,0.21311142397737037
1051,1051,0.156279336921787,-0.2006962288507681,0.173460530007296,0.1120640492736982,-0.0586990436060894,0.2445525413254095,0.0518492837901124,-0.1268191106003986,0.1208061660475012,-0.3098892856281901,0.1627987517701081,-0.0780872996013774,-0.1193414676824649,0.7697599937124653,99,,6.631457660040529,0.5889320989838001,0.008664606035903466,1.270689278038234,0.05345624041485486
1052,1052,-0.0142778673773824,0.1389826195741957,-0.2841803569800576,0.3071903140322737,-0.1543697373892098,0.0365962713082365,0.2949565649400486,-0.3241336123549627,0.2479891296478892,-0.2923394678848554,0.0876049591829546,0.0615309020949918,0.0355099112707762,0.8735675559236252,3,body part,7.497168219971537,0.7560147317447912,-0.07093260163277881,1.476465755530782,0.1774351306854387
1053,1053,0.0465911998506189,0.0811401729064075,-0.3425118300503987,0.2565872357204191,-0.143476219550438,0.0975561424513187,0.3688351078492675,-0.1931734242591782,0.1782169294600751,-0.2808589941031,0.1868553556580244,0.1222347529287212,0.1136966667585867,0.8761149022038057,3,body part,5.731963300346856,0.754181679211988,-0.12344031891577956,1.4814018423479716,0.18326861343155687
1054,1054,0.0868314642647075,-0.0738423680529403,-0.051811245813726,0.1423546231385557,5.450650535266974e-05,0.1549292886924796,0.0009068113455255,-0.2982602494070461,-0.1695232704581476,-0.3066753946009728,0.1124970977545997,0.0367772946122923,0.1996265195817322,0.7319436220173601,99,,6.004466759172692,0.5705712744080338,0.2221333552674596,1.4714643278732795,0.26322008295016763
1055,1055,0.2189771696677775,-0.1494482142390578,0.3916684572507029,-0.0400302200104719,0.0235308417470411,0.0196673904683769,0.1980530528988831,-0.1089766933249989,-0.3684924914864016,0.2727136152609559,0.1201236715492447,-0.1077285522602065,-0.2977734293074349,0.775964512868191,23,tool,5.893500465208929,0.7760137831099279,-0.07109757898682623,1.2012240924317097,-0.10759734143647437
1056,1056,-0.1607132537833268,0.0561734690023998,0.1806497273843459,0.0548678740485081,-0.2109086050058107,0.1769840489959044,-0.29734371653394,0.0601693069704969,0.0494246093436139,-0.1027900671046069,0.1645874928900116,0.1081510885992834,-0.1679620011132867,0.8347180827033788,99,,7.690339926171458,0.5589937076561636,-0.0843340277737481,1.2424155277291034,0.03983923889786656
1057,1057,-0.2077557155947249,0.1749637875989857,0.0595504282473304,0.0607124956158179,0.0051225248781054,0.1787544069499087,-0.4247243551349617,-0.0312652849201339,-0.2533923556224955,0.0252951410640288,0.0981423583915162,0.1423202970735211,-0.2685212825954045,0.7599754672925406,99,,6.585434013851177,0.6791118448668662,0.09561546919158048,1.4633972754511895,0.20201551029323417
1058,1058,0.0271852378216852,-0.0896382185181276,-0.3856732661176302,0.1969938913218126,-0.0781602679264819,0.0569528132110628,-0.001874983727192,-0.198660026220822,0.0005401908427463,-0.3337657538767234,0.3551626018621209,0.1181706720495432,0.0433861712037317,0.8313305543408239,4,clothing,8.100842886670652,0.7060690422333923,-0.07049238860488727,1.3570468348413056,0.0824678051537544
1059,1059,0.1632080658566044,-0.1684575983768242,-0.1639396832476686,0.0765090075584363,-0.1209523319789104,0.184732768063279,-0.1456677070447058,0.3468460196843114,0.0874983138711779,-0.0203499004323164,0.2753649776709773,-0.1320824865875882,-0.3441815183163667,0.7808060952903348,6,container,8.129316261791834,0.7055666040607333,-0.087891775452279,1.2152057149051505,-0.05912733930564085
1060,1060,0.3572147552218316,0.2627843636399601,-0.0205258870065732,-0.2546092730515017,0.2299405063284453,0.091137999636896,-0.1112306581919638,-0.3275805246427593,-0.2720058610880677,-0.2097875257373568,-0.1978889364631104,-0.1369675417821329,0.0341132747344228,0.8008894577319509,24,toy,4.889169265761178,0.7873036749369476,-0.07725062246628434,1.3670643379722478,0.05271578320474046
1061,1061,-0.0630649597305189,-0.0546535590541475,0.1842932349186677,0.3401512381681888,0.1298737108387641,0.06947100637774,-0.0523613666812441,0.0040649471515782,-0.2632990000965358,0.0013642045636758,0.1038282144745182,0.0579362365008112,-0.0325896257963915,0.8339457903357202,10,food,7.964896665225517,0.5153735672051841,0.031543409581968995,1.2239660070291103,0.04274455433022806
1062,1062,-0.1613408455805807,-0.0900134056960774,0.1098132198407245,0.0232286721409111,0.1245150999611819,-0.1397735714665747,0.2092672254780284,-0.0613904289225963,-0.2429093435235608,-0.0592264056021956,-0.0165810734105574,0.0638758517401518,-0.2749893398633602,0.8208109979451443,99,,7.845491346626367,0.5213644825852481,0.08534583700536502,1.342465115623316,0.15831072839232618
1063,1063,0.0590868693451137,0.2178406505838712,-0.3269141575258984,0.1177770112434144,-0.1567870600988377,0.0012936486760346,0.3519141365013446,-0.2592321756880538,0.2396575000342279,-0.3490155068533392,0.1063353589164198,0.0891979013685528,-0.0334073342577788,0.8532418757123152,3,body part,6.74571107053812,0.7661239452988601,-0.08360764102591545,1.5138445321577474,0.20986480360383797
1064,1064,0.0062521468243339,0.0534772375780327,-0.105890794796064,-0.1127359636349435,-0.2534694653378003,-0.1402044270034205,-0.09585220922257,0.0685320735584431,-0.2680521934581452,-0.1041002976661134,0.0933506812603224,-0.1884029789680273,-0.2677472019763154,0.7368384051999808,19,office supply,5.674756710981255,0.5685041347791784,-0.12776025089550425,1.2238206453693454,0.01658839691347347
1065,1065,0.0438819643548417,-0.0279496116038609,-0.1862075804810273,-0.181700794424033,-0.2289286116029641,-0.2530501878492215,-0.1467486246409769,0.05214911221376,-0.1671584843219057,-0.0933815104243841,0.0564766840619297,-0.1291140067071483,-0.2023223019814918,0.7626552093050959,19,office supply,5.288944382249034,0.5554719314661081,-0.07334365279952004,1.2450323332857667,0.04418017813809705
1066,1066,0.184040745259175,-0.0521812496254921,0.1465137464367373,0.3534995468595194,0.2124170245453485,0.267289719891767,-0.1024919290944772,0.2478771255813053,-0.1285356987004245,-0.2260099360206633,0.2786013500928567,0.0942643873789107,0.0254495023411982,0.7788538110751668,10,food,7.266393503007355,0.7254575239369219,-0.06911875696155012,1.1403308973602369,-0.14374002862460689
1067,1067,0.2172191335097216,-0.0852890920461865,0.4389816774075931,0.1809367085130992,0.0951150757762775,0.1132582438549047,0.1108892569009563,0.0819115776380644,-0.2841599882241062,0.1477049706656635,0.2729855238826885,-0.0002257866818989,-0.279233403761229,0.8220176220176221,16,kitchen tool,7.518652462704324,0.7588397237442334,-0.07712650460630355,1.2223815718165172,-0.0780320664854448
1068,1068,0.1073976659696243,-0.1012651677088053,0.2941344737126196,0.0693005616808553,0.2668827458018173,0.1472095079146648,-0.0029390855978914,0.3620232779773257,-0.0572159918911288,-0.0202018299154483,-0.1422647153742694,-0.3866855330439868,-0.1745181077537378,0.781360277549948,22,sports equipment,6.041148864416811,0.7355109685593342,0.13795499444420534,1.3473888140816843,0.05839608683123987
1069,1069,-0.0307436981735538,-0.046288568945537,0.1193497925594348,0.3515391605897794,0.1498014432139111,0.2360678024163819,-0.1271726577564001,0.0685764897089255,-0.134300006298384,-0.0897234433052941,0.1107558558453267,0.2261325308087117,-0.005417992257494,0.7509391810318481,10,food,5.958151800469585,0.5739991152059774,-0.08623988029605767,1.1724397346280622,-0.03748265662312367
1070,1070,0.1586171472118692,-0.0707639053894339,0.045660383836504,-0.1083872083368921,0.0402528222737672,-0.1015837122746415,-0.4562863140696959,0.246548137094182,-0.0046782899605207,-0.2875887394555416,0.1207270378762109,0.0062533657194549,0.1020406063867816,0.8193536931468687,1,animal,6.654927513043632,0.6577825544651736,0.06376094055109771,1.3776589928625533,0.12671927343481326
1071,1071,0.126465538850171,-0.0719551599914809,-0.0238935910934581,0.0252173719952962,-0.4235396014767836,0.0939720710028788,-0.1104821365404795,0.1646731357709866,-0.5416548655395417,0.1208531720256575,0.021438355252359,0.0694562289410101,0.0029055211888857,0.7291432039154784,20,part of car,5.829360281184809,0.7504703064198938,0.00505283031848236,1.2974851781196148,0.0011689024954602
1072,1072,0.2872165796857346,-0.2318987082911575,0.1685217525367733,0.1068319057648193,-0.0157125752679732,0.0817434628864434,0.0040892218015228,0.0786918662426496,0.1958606596495496,0.0292417530241379,-0.0247520860032671,0.0871487530828354,-0.1088927690902391,0.7823526910114998,99,,7.041960291920402,0.49850045759119205,-0.09959398485145421,1.1201509757398698,-0.05281001545832131
1073,1073,0.2555849835536034,-0.2259790216350206,0.1700898950805445,0.2135323375071096,-0.1176582948117918,0.0951397022113184,-0.0805514734211791,0.2126011821519121,0.1731596571384415,0.0063166005897225,-0.034680137062892,0.1491999645336588,-0.1929081157816153,0.6719191208520477,6,container,5.709352269869755,0.5968255374611912,-0.201989317062379,1.0187066348165341,-0.20239074353254582
1074,1074,-0.0892360625315622,-0.1093592384302897,0.1109888886047919,0.1062397386633144,0.2909295141516397,0.2587655056946961,-0.2033407280828972,0.0281384526854018,-0.1010974488682804,0.0231067479929618,0.4367919794915872,0.1814362510646044,-0.0634658983980562,0.7591551267161024,10,food,4.125320488866877,0.6897503965119794,-0.01810563438524393,1.2052717357578975,-0.061318277808205535
1075,1075,0.1347972346701346,-0.0386665631446035,0.2328012303547047,0.3348644277520626,0.195278134935122,0.1895638770310123,-0.0779445796755653,0.1241069026626613,-0.1306666612928853,-0.2014501855769859,0.3344421404027241,0.1696789529026024,0.106806127010496,0.8145459274075271,10,food,6.208656068644573,0.7008907792240476,-0.08034745653926878,1.1938365148715775,-0.07820742536253533
1076,1076,0.0070313197074114,-0.198709489409177,0.0925734647095631,0.3106732353009234,0.1178318004096606,0.1923393924698588,0.0456825358097559,0.0857342119772463,-0.1100049678203076,-0.2023517455689521,0.1307478637277281,0.1112466264776938,-0.1231031575534569,0.8071705227394544,10,food,5.7683422936485504,0.550101041132624,-0.08585980825401163,1.1212013403624164,-0.07702142199168116
1077,1077,0.0016232858041726,-0.1289391316329909,0.2667557277279644,0.3533655262814265,0.0446790147181566,0.2581220621493402,-0.155295336671193,0.0918233810144064,-0.1099655287051876,-0.1843489502255879,0.2848007786774476,0.055971328809577,-0.0316836870974533,0.7959273232829075,10,food,8.112938138894707,0.6671957872654874,-0.08168300608959511,1.1815302275070043,-0.07401786873585192
1078,1078,0.0011386692737576,-0.1147024337745196,0.1868385350908494,0.4327487665617444,-0.0893604390404563,0.1219963103412507,-0.0756724411567037,-0.0008793467192608,-0.0011646962201753,-0.1565995542543857,0.2909674370023744,-0.094328871425574,0.1385792965039271,0.8123692038111469,10,food,7.021648390704956,0.6334212983081656,-0.026805975037620722,1.194918051437769,-0.04409528197120394
1079,1079,0.094627293154548,-0.0191680534968709,0.1231728442915065,0.2265902510824498,0.0472182212486683,0.0683626666265885,-0.0270545028570625,0.0748399207872637,0.0904846683267533,-0.0576834941386099,0.3542882400434607,0.0668555979139917,0.105292593977455,0.8044173049488359,99,,7.984805251302094,0.49159294529705055,-0.04142798590521646,1.1069498196726049,-0.0626295044424785
1080,1080,0.1719396596934131,-0.089786484394554,-0.0041046385878232,-0.1198500141354317,-0.1715166275602779,0.0673961510475532,-0.1986331241282798,-0.0172418765515367,-0.0217490904938274,-0.2177042786615863,0.2898159715748101,0.059798831899732,-0.0737421239175925,0.8372790585708908,1,animal,4.857359542101477,0.5163270307822806,-0.0371959463123418,1.1187742029685965,-0.06291403086020764
1081,1081,0.1740949216818495,-0.2296916345270333,-0.0833986325200129,0.0119518199644804,0.008007402990928,0.1310140912275728,-0.1645241434114219,-0.0941567046559289,0.0996286098878189,-0.1125283230583145,0.2281517218813449,0.1925699769369817,0.0167004473502344,0.6593486463304482,21,plant,6.828242962924334,0.5053036202014375,-0.0037755862709829557,1.0332854103157714,-0.1430061621511074
1082,1082,0.0008929314840564,0.0032457505211985,0.1505113280105995,-0.2118986544770519,0.0806469132808787,0.4877039631920574,-0.1317621357037999,0.1920268563952787,-0.0822523481682494,0.0316436177362366,0.1700168367121539,-0.21028019759657,-0.2517212026754127,0.7368016217610959,18,musical instrument,5.989359524262008,0.7144329945032474,0.22624294399572364,1.3174115207818078,0.03873780390859016
1083,1083,0.258736300106372,0.199875988447847,-0.2358629524764397,-0.0898015132355904,0.0324044587503888,-0.0314347164267679,-0.4278463368784179,-0.169017788587483,-0.3126479939648742,-0.2869411090104333,-0.0316102362630437,-0.026804941513712,-0.0060806597783782,0.8130722734437905,99,,6.734709244855013,0.7523874491137934,0.09654469375931019,1.3603648296619077,0.06310999062077904
1084,1084,0.199460263711648,-0.1034813684241394,0.0926480179641645,-0.0771360651268562,-0.0283984886463935,0.0728407496931598,-0.1828894777331567,0.1574582472607597,-0.0325240631124456,-0.2184307772811601,0.1882070897258807,-0.0016940251803478,-0.1052617586136265,0.7913472421261808,1,animal,6.072977028947131,0.47397780873350864,-0.10721545235222596,1.2017671818274678,0.040811588651220365
1085,1085,0.1563564412124156,-0.0111548232418477,0.1041516911353809,-0.1781975201150904,-0.0619507868855637,-0.0247047052230939,-0.2934588760607386,0.1089357181599557,0.0164139406305852,-0.1976683905636818,0.1105942753597698,0.0145445879926753,-0.0617511097395054,0.8379294660860388,1,animal,6.063824239143582,0.47455776384841114,-0.16391662780987182,1.184023120397607,0.022783602265712632
1086,1086,0.0498023356594918,-0.1806545396139837,-0.2557087532804553,0.1362117054175488,0.123474634458324,0.0490044456969295,-0.2151147958013347,-0.042829053785547,0.0029488259552455,-0.1404067840351979,0.4552494049097251,-0.2471523622840677,-0.085047267288665,0.774644110106241,12,furniture,5.434112812614692,0.6928962143747956,-0.18231776030141844,1.074945178697294,-0.19318491301317375
1087,1087,0.0587027133167872,-0.0442737821727118,-0.5034313599103684,0.1885832676822384,-0.1255725828421232,0.1649000412373623,0.1742744948593065,-0.3039021016156546,-0.0061277112623197,-0.3401146464334231,0.2146232620798758,0.1182417924336192,0.2141046583733256,0.7466878480597994,4,clothing,7.947606020204716,0.8256525515135738,-0.07910116786396582,1.5778840698321766,0.24476129823072634
1088,1088,0.0540147718608801,0.0303193588077198,0.0329800270680821,0.1762326838740839,-0.2944793049846664,-0.0498872967626027,-0.2482356888419568,0.2143470561403136,-0.1988310952686793,0.0863750060391844,0.2226934969136123,-0.0718240834113819,-0.2637063368798369,0.8247239501848124,99,,7.654930496447991,0.6356425819846024,0.015685275913115637,1.2464783878067018,0.006377594604537906
1089,1089,0.0915266728874104,-0.0667430425232006,0.0386658263875013,0.3166652624107207,-0.1749206138807405,0.1407906862455065,-0.1418445009100554,0.2841721556224513,-0.3054953629923309,0.017624317228214,0.3252185909350773,0.0817642821178734,-0.2373283986229232,0.7358932744619524,15,kitchen appliance,7.267728033848434,0.7268507047303091,0.02399137469525492,1.2936924191916535,0.008939442501838535
1090,1090,0.1075385139381497,-0.1228679087034537,-0.4544883768832271,0.2411430076205262,-0.0824524468065399,0.0842479086432612,0.2365430516645937,-0.0351113229396525,-0.1306514475824552,-0.3104343131265348,0.3294168186812203,0.1656937662399207,0.1180691964033014,0.8169146194717515,4,clothing,6.316046900545815,0.7910762854882014,-0.037034834940524175,1.3769991642420714,0.06080367640006501
1091,1091,0.022587892456844,-0.0209387645878093,0.0760562234678947,-0.2266211318890302,-0.1182545161285221,0.0057173603074573,-0.2038152379188011,0.1282637778089928,0.0023323064439775,-0.3201118941067525,0.23594065018951,0.0415891011679002,0.0109563044743896,0.8252828097179831,1,animal,6.662970464800851,0.5386038866847109,0.03349584720716092,1.2209340000488547,0.02833982684383307
1092,1092,0.1173526166308875,-0.0476529058078185,0.0885391446530905,0.1820431616695572,0.2012067712466982,0.1180494040294656,-0.2981523982663174,0.2821773583398087,-0.0757503572518908,-0.2686384616068032,0.1997922515297116,0.078613998317601,0.0527754331436886,0.7765371356540256,1,animal,7.335462658547514,0.6377673244781135,0.22250537086802047,1.1339715401513444,-0.10716944978799803
1093,1093,0.0700325252061831,0.0614569380907632,-0.2291174087333342,0.0279749745123817,0.0520938618809275,-0.0743857203490598,0.1866334045671492,-0.3432890916615267,-0.0224878514925743,-0.0837767674019728,0.0882095023532443,-0.0496661711157955,0.1144409880351553,0.8237424255075091,99,,8.125508378104042,0.5037399773928817,0.20100881535815907,1.4281551650441604,0.25262909529233535
1094,1094,0.1960836539047569,0.0240420084035161,0.2935111014596001,0.0522052348531633,0.2920474292814789,-0.046798995598638,0.1117753556518619,0.2318454948012865,-0.1350381535643602,0.0084333832906007,0.0479562942547457,-0.3237983961893124,0.0303351649321347,0.78854988079956,22,sports equipment,5.848692646483852,0.6387493529462152,-0.020447519289855443,1.2890951345562445,0.047473379154049145
1095,1095,0.0713735573922971,-0.1057180319621498,0.126488200425787,0.1766276340252762,-0.0353310004396877,0.1263951207532921,-0.054703184417706,0.1843304586579643,-0.2384485870354217,0.0531590143660171,0.2032177959968141,0.0405278314403781,-0.264115462110281,0.7907130611032134,99,,6.900227624842736,0.5385552896093858,-0.16849717306698397,1.0250818524819436,-0.16748852936043335
1096,1096,0.4528658598215809,0.1992789969153132,0.0876271859215596,0.0059021549257677,-0.0119004255918746,0.1743916412121635,-0.1876088717400771,-0.113633068094448,-0.0231921811982988,-0.1982422817248409,-0.1921140479529891,-0.2284992298427544,-0.0371405758888026,0.8054977985930472,99,,6.198955294320776,0.6793479224168331,0.030002653468211404,1.3129400112254317,0.05144267107523759
1097,1097,0.4128984741888069,0.1723198975139428,0.1215147951651277,-0.155272671771888,0.0595151302747127,0.191535107744149,-0.0163169695360372,0.005054261842974,-0.2491050402677268,0.0231022246322695,-0.0005685174033616,-0.4246099235782667,-0.1829004550769033,0.806776444899836,23,tool,6.990797412135221,0.7455922499247987,0.15757048267790674,1.1642149412581562,-0.12971321511603429
1098,1098,0.271368023778406,0.0184149291294518,-0.0544454183005951,-0.181496288181628,0.0218309424195773,0.3408593898423351,-0.2207717898820395,0.0294788979912485,0.0125215785591274,-0.0518880176130119,0.0429356562139983,-0.1159315226580571,0.0122317717333156,0.744775285749291,99,,6.730329699859819,0.5426215840975073,-0.12380289170617398,1.1564592193896215,-0.038101872513795154
1099,1099,0.0783913300436857,-0.0305511183193087,-0.520676214547595,0.1384732894014714,-0.1564693107200224,0.1151104864809308,0.078664579471949,-0.3117236897914961,0.0502826376487796,-0.367974271381463,0.1980994694992628,0.0934106438634069,0.1816297718890731,0.8178504165847464,4,clothing,4.769468302442794,0.8107661303684519,-0.09788949323338836,1.5044998778783245,0.17866495727562448
1100,1100,0.3651967065068279,0.1020154958769367,0.0136195401493207,-0.2174788252080265,-0.0318717065574832,0.3662996530912376,-0.0845386537884758,-0.0723219326073452,-0.0608512313283371,-0.1494802740382297,-0.1508800433927061,-0.1223979367327553,0.1163221285480883,0.7808822399964891,99,,5.596159893664808,0.6450976044487902,-0.04801253052387566,1.2312722649034693,-0.013457363815108536
1101,1101,-0.0961558874636399,-0.0308569072408249,-0.172481074963159,0.1639022667558592,-0.009629980628574,0.207417064024284,-0.1710904026286318,0.3360677480801555,-0.0348741824748763,0.0689017360640953,0.1793989469621852,-0.3889295018449141,-0.3670661279209024,0.8059252806813784,99,,8.104483461508181,0.7591384257910114,-0.013216510136936144,1.285089755815505,-0.015470116157311642
1102,1102,0.0041788173019008,-0.0319170798928189,-0.043290367001045,0.1501961205804853,0.2295707092754604,0.2542181143339019,-0.1604081642440349,0.29598189392883,0.1390709362397732,-0.1777306127220131,0.1053918887674452,0.1555093763451307,0.0240979598025543,0.718945794814343,21,plant,7.390636952047538,0.5856064701990725,0.05906678629499151,1.1832436490952896,-0.032361281488528126
1103,1103,0.119249039231259,-0.1309099597057964,0.3265680765926107,0.3115300063578176,-0.1041319188849734,0.2225756553181445,0.0581010766731021,-0.0626366819231538,-0.1152836148684107,-0.0667024266153835,0.239637472890254,0.1670976523698697,-0.3850889789794348,0.8016121567087502,6,container,6.82654814135286,0.744391471920532,-0.041481058963242834,1.2003899413814818,-0.09295035770368254
1104,1104,-0.0345258934226328,-0.1473696791427044,0.0906233866289835,0.2657974807785681,0.0921018320523941,0.1967864935877915,0.0365892555837634,0.0996261728701442,-0.1451628297981492,-0.2579606938094752,0.1316736352639669,0.1053853498419532,-0.0831146975798874,0.8411493385046988,10,food,6.34648555186535,0.5321753620329606,-0.13829869734683808,1.1237989137991027,-0.065648087271863
1105,1105,0.1864368114860232,-0.1171430913119663,-0.0180335594643962,-0.1714200800137985,-0.0738593335888261,0.042077289522765,-0.2052336732096807,-0.0891131028262106,-0.0212274374002957,-0.121716121417018,0.2235324308036071,0.0053518334990803,-0.0756900032753209,0.8169805125879551,1,animal,6.467431487496167,0.454388304684757,-0.14550175658630488,1.2121842143109745,0.060818930669500615
1106,1106,0.216086553012436,-0.0249506530031131,-0.040361129556447,-0.1076837813531793,-0.0850328954752396,0.1391648172501921,-0.2226120395757042,-0.089322974238207,-0.0632351882366078,-0.1411083309081069,0.3527743917968802,-0.0276131232046208,-0.0561176361804267,0.8605984621395917,1,animal,6.051807611208774,0.544926233394859,-0.15461782542727598,1.185525050709101,-0.010164313767000221
1107,1107,0.1154203488861506,0.0176738276204339,-0.573822132330325,0.2385013667636404,-0.1365257631034614,0.0990210314179399,0.1362352755400536,-0.3420345146873658,0.0946222478505142,-0.4506488735226875,0.1319981019187304,0.1173607743250112,0.2285641058474079,0.8938838529178709,4,clothing,4.248377996308768,0.9269614061818563,-0.06927411561544972,1.64662617378422,0.26390626728521105
1108,1108,-0.0476959794094161,-0.0882752233275306,-0.4090361669497898,0.1940217614570595,-0.0366705475474068,0.0570962569279962,0.0732540409088497,-0.2760971351308657,-0.0452048489382377,-0.308586605289544,0.3092052617939809,0.1284429533028077,0.1664461253876172,0.8077469903454895,4,clothing,5.418987694089905,0.7336906130033436,-0.14527262029808363,1.4253630755222284,0.137261528222121
1109,1109,-0.0758860925913962,-0.1054316506940262,-0.482818850253611,0.1236727089552143,-0.0660701157424921,0.0883993355602921,0.0305986074521502,-0.2167852354589172,0.0770262355042927,-0.2250187923230139,0.0250651557080161,0.0676684066966685,0.0817915952080668,0.8024771201199314,4,clothing,6.076710302303402,0.6275818409791641,-0.02761388391784836,1.409162981313981,0.17300843407748356
1110,1110,0.0581677923768412,0.0045932204804069,-0.4143134488082119,0.2577861495043784,-0.0366269677342444,0.1167337121443124,0.3197288605167032,-0.2952678598260539,0.0254117039371141,-0.2500772988551081,0.2600280305333337,0.117665377870084,0.2180655437748561,0.847468342526109,4,clothing,7.545144004906446,0.7988044688081195,-0.0006172177828149827,1.5373970806126398,0.21741815496664207
1111,1111,0.0602525866893342,-0.1184364838653403,0.1434743291581942,0.2485192669649119,0.1323206661038075,0.2169020277294612,-0.1997624292149138,0.0315054890480515,-0.1147420362787291,-0.1350763232056307,0.4367668905599578,0.1425121918312402,0.0809113832872424,0.7894457845677358,10,food,6.90243449570823,0.6741588817231247,-0.05401451255782763,1.163706916013211,-0.09525005832081179
1112,1112,0.094534553534095,0.151907847119758,-0.1317793821654475,-0.2384994577983034,-0.3384144643008378,-0.095323358278417,-0.2024407782986972,0.156680005410532,-0.33068215886907,-0.1210428855560342,0.2058583956976448,-0.2273331761867923,-0.2083446759115384,0.7307764603817236,19,office supply,7.863465210851111,0.7462372171439016,-0.02286730344587018,1.348667604899575,0.05442369600528063
1113,1113,-0.1268861723675859,0.1568531683962156,-0.2228133211287933,-0.0220315031011531,-0.1166082856660532,-0.1250929237739268,-0.4195270190056518,-0.0579281355298552,-0.0959080650988751,-0.1740537673563919,0.0289052901631612,0.0036054381097329,-0.1827903555618302,0.760232786453365,6,container,7.097555988496204,0.6108947542360709,0.21801017588362992,1.4330571794594096,0.2050720236838499
1114,1114,-0.0813310570572601,-0.167322659899266,0.084438181264212,0.1328201120408779,-0.1983572667921417,-0.1408858735903088,-0.0677203818440851,-0.212290842250097,-0.0965073199298088,-0.3011206767027805,0.0044684029227202,0.1556149228822353,-0.3657163854500251,0.7657988257357231,99,,6.415942282794015,0.6528416796095541,-0.04065948473333392,1.1761527435561883,-0.07236810303434016
1115,1115,0.0716633805621216,-0.1565513658355737,0.012761623773321,0.1325120967529097,0.0507322412583136,-0.2740621481470985,-0.0667388003713091,-0.2440898631395632,-0.0635913130678589,-0.1639244598769071,-0.0433538402598542,0.1778395800714461,-0.3171223426127671,0.7798382985069213,99,,7.70072246248478,0.5950396379498177,0.08634592252610962,1.3194459956715712,0.09922292884510298
1116,1116,0.1561346144746901,-0.1114703938880767,0.2711681275037977,-0.0070297337656887,-0.0851446063448739,-0.0151433577494383,0.0317488925074378,-0.0426533357544584,-0.4457209930527892,0.1222606254199474,0.1220911094051198,-0.1269847400274265,-0.2943157167513955,0.8371024255689014,19,office supply,5.486723141883891,0.6722792798234769,-0.018834400040406818,1.0657629170690817,-0.19227387245705052
1117,1117,0.1432827055850665,-0.2708454975426333,0.0725376229906498,-0.1511546044740759,-0.2904885588618039,-0.122940825283936,-0.218877327201073,0.1170507286540116,0.1027436353149459,-0.0821697853372359,-0.0231560401746391,0.0773460132331487,-0.0781263085047135,0.73713541807345,19,office supply,5.704127534288549,0.5594937904161839,-0.009346692233463516,1.1554968188016705,-0.04732429238186575
1118,1118,-0.054950232352387,0.0025932882841563,-0.065310998750887,0.1121817188839517,0.0486771321214283,0.2254458805853928,-0.1264429343091285,0.0364929393561836,-0.0620238982936092,-0.4759252075891168,-0.4020855922559189,0.0715878888609504,0.1812129197955249,0.7794772626953925,99,,6.607815278517291,0.7213729376153567,0.1555179348978588,1.4165444982101556,0.13447323730350003
1119,1119,0.1790354834685632,-0.2465970708987057,0.0103496269917871,0.4456671060176145,0.1856965471676483,0.1654217293290477,-0.0469108161380318,0.1267877829801842,0.0090583629757486,-0.0795716838806098,-0.0591632148186227,0.2103288893147048,-0.1232035975006661,0.8297678608654219,7,dessert,7.064310354830937,0.6641120293671303,-0.07665606025906035,1.0963813211189082,-0.15765707928366823
1120,1120,0.1560592755479179,-0.0943539782057788,0.143320777196236,0.0841782423626867,-0.2154690823747291,0.4162623518298534,-0.0382866127336781,0.2211267503944471,-0.3468586662287565,0.0250687339725721,0.0939329770113716,0.1629120478184956,-0.1055969749921454,0.7621634392266837,99,,5.605201399882325,0.7059759232433235,-0.050486888713261235,1.1404897067660593,-0.13404373524678093
1121,1121,0.3150590754412353,0.0686523971648573,-0.0365693852126053,-0.1151182007286151,-0.0519306597314912,0.0773034144904544,-0.3751118080757987,0.0094436334420061,-0.0384344849433242,-0.3588586187106866,0.0380139908439729,-0.113356421748429,0.0203345371427632,0.7914725797003902,1,animal,4.951639827386476,0.6426511556970905,0.18718634973795545,1.3489237841952604,0.10539184791092526
1122,1122,-0.0577206229225501,-0.1707878859794654,0.0415810364810993,0.1673485168793231,0.1705878907187747,0.2410235712969696,-0.2674633064042389,0.0300899464866212,-0.0032475043713285,0.1375991336437034,0.4511721350074659,0.3765113063888737,-0.0282079952677713,0.7798157159567254,10,food,6.153647155708796,0.7661110328433814,0.07762386114707653,1.2309106984837834,-0.07306270860100739
1123,1123,-0.0453368888749322,-0.0924774683925607,0.1349864227542311,0.3467467906054408,0.1132566039393885,0.0804868928147883,-0.0345368435085182,0.0510159320914448,-0.2429912236980995,-0.0887326760818928,0.1242601060497449,0.0818859731762304,-0.0387716650688169,0.8362706273369916,10,food,4.743467107643248,0.5125720974492667,-0.10559965130212612,1.1488238574220888,-0.03102609745608853
1124,1124,-0.0767444144157876,-0.1566029194770371,0.1133580797973636,0.3520851076923064,0.0676336030416808,0.2003608805217694,0.0274791941019981,0.0888009731095102,-0.0340160059815715,-0.1652698146631908,0.0302927228163714,0.0586828834704728,-0.0704448602618821,0.7719544263708381,7,dessert,5.043463878547732,0.5083135557817144,-0.09756120907098897,1.0853798701348059,-0.09238525744723791
1125,1125,0.2218703926520974,0.1318521855926074,-0.0898679202949239,-0.0922103466488694,-0.0735875484381601,0.1676976824651788,-0.3289069424094729,0.044613710043084,-0.4205070103428008,-0.3030217559877878,0.000714247730813,-0.0964529912047312,-0.0450862507997745,0.8209170765355436,5,clothing accessory,5.127086435495745,0.7119571974559804,0.19306490909412943,1.3020109721849105,0.02454931560528051
1126,1126,-0.0845444880523344,-0.1173501638268677,0.2326156468807191,0.2175636164273235,-0.0587879523901637,0.2409709983478849,0.0680059617720099,0.048362143926359,-0.0500529821094597,-0.1724916504453336,0.1143910914085709,0.1153840855631675,-0.0627105450176409,0.844998750555735,10,food,6.257258674238806,0.5034278924655411,0.05893231476106098,1.14067385920642,-0.034699425102400205
1127,1127,0.1881414113080096,-0.0312495264181215,-0.016707296732954,0.01625181260729,-0.2519665739304668,0.3726501433628682,-0.0551765228923893,0.4333653935457146,-0.3448388917763036,0.0649699702540542,0.1942936950477094,0.0620966453584385,-0.1561697770998441,0.7534269289647736,99,,4.098712336133918,0.7869258328148994,0.0018384881546964493,1.1958397649938008,-0.11832381199700004
1128,1128,-0.0157747756477557,-0.1382552337854329,0.1252200966620028,0.2408009855854445,0.2121449786891109,0.2699085058656985,-0.2403516055909115,0.0347200209393093,-0.0830990738889474,-0.0918269062283074,0.4081554714649137,0.2104770167406517,0.0487734169479552,0.8087395185483395,10,food,6.983051261852673,0.7060219221956281,-0.06812349492104619,1.1617401987764404,-0.11281576265239823
1129,1129,0.1472232156935027,-0.1933879338703367,0.0651919795626435,0.3958625096288209,-0.0057955918015333,0.2480003141542627,-0.1571074742378141,0.0074682286891179,-0.0526359403409492,-0.1957399951272554,0.2739099462382048,0.0522341021423687,0.0730621744388171,0.8216193583695579,10,food,5.898679444924301,0.6561134016748453,0.11085866365006891,1.218470602568596,-0.031651960289981185
1130,1130,0.2423653452455645,0.0468432612503966,0.0743228846321972,-0.1660591768397218,-0.0052761756318391,0.2211572973848845,-0.5048512242840869,-0.0259648446939339,0.010950985655358,-0.2589162793536427,0.176525182188222,0.1502406273122504,0.0455427763236241,0.8075595005264082,1,animal,8.553867910920841,0.7221407116680943,0.17550969783547488,1.2880484123793106,0.005601277188129972
1131,1131,0.1061323177698941,-0.0910598392809346,0.0881142271067766,0.2989424890596979,0.1666668870893572,0.2359828207776118,-0.0761526307900233,0.2577418430979891,-0.0190566156854151,-0.1719432174898083,0.2443621801744663,0.1307537569990302,0.0777538027855646,0.8247722392375006,10,food,7.525372079531004,0.6206168015463663,-0.021873195226171926,1.174506448290215,-0.0582382686659344
1132,1132,0.1287118656084842,-0.0970369844328963,-0.0445051593278005,0.4487175676787682,0.2531466644047141,0.1486097920910353,-0.0448246855920509,0.1378786149844165,-0.0702773716021046,0.0061040103419562,0.0357205056403919,0.1206166421484405,-0.1660763200591549,0.828893311356035,10,food,5.669181392870319,0.620387616923425,-0.10130330103463747,1.170103666242799,-0.06252885024777721
1133,1133,-0.0086812315950307,-0.2580341213275883,0.0853331071209776,0.2812842872450764,0.1191705214355354,0.2222641783590438,-0.1707551330198335,0.0793223935174282,-0.0290382589585457,-0.1335832605245879,0.3741706748192739,0.2226508934799798,0.034976230883314,0.769681799474766,10,food,4.405427128542352,0.6794115510238706,-0.05950690827100957,1.1587667354249598,-0.10276175497973994
1134,1134,0.1311851242741361,-0.2730824146102802,0.1273130968665359,0.0004170134915878,-0.1486257671969962,0.0045154022840286,-0.1671590560661736,-0.049833524882917,0.2035153404249527,-0.3444870752620827,-0.0161305950413607,0.1292031820917871,0.2003390008483433,0.794519248402432,99,,8.461276908539915,0.6145787913074507,-0.049269220009185544,1.199633629227208,-0.0301550972648017
1135,1135,0.0692963301688169,0.0130043421548366,0.1626119004136067,0.3830352615025217,0.1442860995114859,0.2481393520286006,-0.1869236333401552,0.1912650544121778,-0.1055317999156029,-0.1397176356737376,0.2459830915387602,0.1319022217450411,0.0484793959093097,0.7730348364530157,10,food,6.142615739888129,0.6655510694466862,-0.12339787543422198,1.1527602760004265,-0.10198262614765286
1136,1136,0.1637913565870448,-0.1854067615914817,0.1093878334909084,0.229121054534334,0.0935370636979574,0.1887843727290446,-0.057965790489945,0.1933918125207101,-0.2698602012202402,0.0800039784417457,0.1106229768720324,-0.0595594831099125,-0.2001893197297676,0.7107637488940293,20,part of car,5.935242788276398,0.5881328784515302,-0.10840270568527055,1.0905536844159316,-0.1262880838689313
1137,1137,0.074876585367032,-0.0812350954228196,-0.1019927357430402,-0.018609899038811,-0.543914902709519,0.1841696179583879,-0.1569597433362715,0.0180824370191588,-0.4995794848282205,0.0993814537946211,0.1233446293070788,0.1169725281624469,0.1145216560525892,0.7489723860150691,99,,6.432003334079885,0.8241041863894122,0.006730802534112845,1.199677725543366,-0.13268702274230226
1138,1138,0.2583416559192873,-0.0333641825937695,0.3725362457497586,0.2248393461823791,0.0659462055793761,0.2018299559006725,-0.0010164413502069,0.0432037124828363,-0.3028230157317745,0.0828321323921922,0.2684409946729328,-0.0938222966046215,-0.3429826270737673,0.7998688085624688,16,kitchen tool,4.0904131080620045,0.7753738500593911,-0.14326775334838526,1.204080588247448,-0.1044275576466811
1139,1139,-0.0408198556526546,0.2739717758030242,0.2509650115529168,0.1116367680600075,0.1223159185678879,0.1529488691180584,-0.0874396682431971,0.1616293632078757,-0.077900837802056,0.0656669464140801,0.1980375255288927,-0.3070688206728955,-0.081854963491647,0.8086712061673573,99,,7.596360146228389,0.6122812525863821,-0.09189457452893213,1.2169976335551382,-0.011666301444022142
1140,1140,0.1012895963618426,-0.0124631697358408,0.1271954722293469,-0.140918205521272,-0.0095198845569691,-0.1077283759234085,-0.2237715974974063,0.2177530713775039,0.0873933455744201,-0.3839407051229677,-0.0264583617631403,0.0305602559028604,-0.1396731280887227,0.7370041769888716,1,animal,5.221340116286937,0.576045414542187,0.10426397628010375,1.4302983308369466,0.21937414576871395
1141,1141,0.2691515835543548,0.1717961757237762,0.3265205827927389,-0.1265889511755754,0.0595716619717607,0.109744626356139,0.1907465174717378,-0.0765319333275713,-0.2808608697959799,0.1592916036337961,0.1947260548633163,-0.3033670674967081,-0.2468408517344165,0.7257566112749041,19,office supply,6.267899932041222,0.7599788513377776,0.0636308830677359,1.2696262357218575,-0.031345078067676946
1142,1142,0.2405130421759937,0.0600101351880182,0.3170831863423461,-0.1911233760695671,-0.091264682519497,-0.0424065057763274,0.1506495976729074,0.066238751172761,-0.2872543309620041,0.2259453518652381,0.058919194205204,-0.3434420999340939,-0.2529790435258602,0.8093545626869507,19,office supply,8.459182887825282,0.7447930959460368,-0.019966566751846493,1.1903852354107072,-0.10315168420714693
1143,1143,0.2792840423562704,0.0260290862775427,0.1982283187598248,-0.060586352345464,-0.1523577257207338,-0.0085481765881973,-0.1297106886460365,0.0788466488779093,-0.3045761837422117,0.1152600937649458,0.1240308989078754,-0.0096800915969863,-0.2686840619423541,0.8016444429554186,19,office supply,4.787599074144397,0.6014066019848793,-0.0844173986008736,1.1299229649121119,-0.09341713620685543
1144,1144,0.0353967217956241,-0.1391325166146189,0.4489758276028127,-0.1385308172565145,-0.0059102475960782,0.2805346619323501,0.0900704274790064,0.1602336179713083,-0.1617655405859182,0.1598298216912959,-0.0099608374890179,-0.2497764998687152,-0.321454290961489,0.7977103327143861,99,,7.308235274165882,0.7559345404014701,-0.0322451400735988,1.2227767968667833,-0.07621456921006109
1145,1145,0.0322793166030213,-0.0639218684927564,-0.0270189341543874,-0.05923517879762,0.0331817452412412,-0.1051273744556903,-0.1586782932370732,0.065410669558466,0.0521383256026929,-0.2266829010093328,0.0906600053463465,-0.0911445313633579,0.0736495134743446,0.7873366087984189,1,animal,5.984631256710828,0.35641449729832847,0.08546283154333545,1.3858396228366192,0.2824387560991046
1146,1146,0.0726772735338879,-0.1428016795656454,0.2699995904265199,-0.2673318575408258,-0.1387415648441708,0.0902446718848807,-0.1382893971682727,0.0288126346689402,0.0761428847708152,0.0093559569453665,0.0069783817848815,0.0748045442979759,0.1503255375112208,0.6723666537369143,19,office supply,4.471025956993536,0.5015130230473989,0.093529387003227,1.1493204603883815,-0.02511537341669179
1147,1147,0.2504569437999799,0.08829798935938,0.2912070070199128,-0.1443095409491814,0.0870168364067832,-0.1432005965800605,0.2200545659838047,-0.0695950282362764,-0.1717337354968979,0.1548236647350101,-0.0024957905954059,-0.1494992970415218,-0.3119781635932793,0.7791740285544553,17,medical equipment,6.4963012793336254,0.6562372187166702,0.09786992254749904,1.3446547868862262,0.09447160770199692
1148,1148,0.1964101587046545,-0.0540764110363119,-0.17762251785723,-0.0188369367529455,0.0821871823463445,0.0645855142132935,-0.1290390671672421,-0.2545143268200404,-0.3190218169184645,-0.2698640689110326,-0.2022823615472054,-0.1412357621413332,0.1341817778764804,0.7602974981626428,99,,7.905721016245266,0.6474815996485436,-0.06120843061941161,1.21057876292658,-0.03531798323602042
1149,1149,0.3464321775679314,-0.0250602842579134,0.1517163880679139,0.3015979441947188,0.1281299428551904,0.3174015373024068,-0.0035660853517927,0.1635134952227254,-0.0937646237050889,0.0551418055566925,0.244027664502774,0.1736150244991264,-0.2584183290246916,0.7737146245682832,16,kitchen tool,6.282164990993251,0.7394842702885087,0.10154134781542756,1.2103790387772078,-0.08055887265773709
1150,1150,0.1362028507018216,0.2320959654288763,0.21091963150102,0.2337151384385221,-0.014391566542159,0.2341919852014111,-0.2316788674840798,0.1955509131341783,0.0402025758476185,0.1783469907725057,0.1734737897340608,0.3825043708000452,0.0827028092747955,0.8256912356398878,10,food,5.454920097142009,0.7315492268276491,0.22039971598040198,1.2523199623542214,-0.034733240066542104
1151,1151,0.045338549046469,-0.0925333598762589,0.0413926688767463,0.292505208916079,0.0729973309157964,0.2687882045485599,-0.2549659203054503,0.0108875810919221,-0.0432610021733931,-0.1151390561199311,0.2970636046887853,0.1358369555591503,0.0971152630143775,0.8047571674611836,10,food,7.699124059787838,0.609795769708002,-0.09051782990170243,1.1360256409653504,-0.09142149190917626
1152,1152,0.2318405371168421,0.0115940739214758,-0.0385092949306332,0.4009194814457199,0.0623887443262963,0.299760569292378,-0.1193721918947128,-0.0063648439513252,-0.0802962942488075,-0.2583903257330826,-0.1915117140961541,0.042634651603558,0.0635154566194911,0.8630245014230894,10,food,4.943110500022666,0.6632379347130132,0.4541353560579625,1.3666230849971126,0.11301260958308168
1153,1153,0.0786426778989704,-0.0806043939083257,0.0739902313349744,0.2874108627899802,0.0270882688707678,0.2742275841724266,-0.0693086708689861,-0.0345503660964269,-0.0914010155697845,-0.2593565116541801,0.0292458729365637,0.00874138111982,0.0298868093947091,0.8292318115488849,10,food,6.755649310779504,0.5100374097668999,-0.08516618403411502,1.1067294648190096,-0.07187959905001406
1154,1154,0.2724912627785617,-0.2996417806008757,-0.0299905256800048,-0.053449131135186,-0.0647230606755744,0.1648361222344591,-0.0762430997337836,-0.0877672276562115,0.3416828064056056,-0.0433636133255189,-0.0518573476009043,0.2113725739368301,-0.0043523304157902,0.7344095299770436,99,,6.803677482694366,0.6153723100308902,-0.054313488849916824,1.2236015501883892,-0.006575654243668794
1155,1155,-0.0435747092914225,0.0224109908960731,0.0790556644355506,0.0151633755210185,-0.097359152663867,0.1804602346197737,-0.0383407117977595,0.2556148043139926,-0.3805391569002665,-0.2120347878167623,0.0191139918351956,0.1041276376308928,-0.0388683117868329,0.7817490740036044,99,,7.5894753849330225,0.5658814624405832,-0.13507172195015982,1.0564891135296806,-0.14945916982565488
1156,1156,-0.0038028637832218,-0.1589993257261227,0.0989319303838332,0.2119276332019367,0.2123334085019993,0.2124880507647793,-0.0946820021848829,0.1131065796437649,0.0831574607001904,0.1449744129489976,0.3178081537019963,0.3132721307985315,-0.0948422355662395,0.8308068747357429,10,food,6.553486336775553,0.6542627665704657,0.02540466783332007,1.2060780570910785,-0.043138502050265926
1157,1157,0.1908463063347583,-0.1041764685155399,0.3312412856293409,0.2881658140824374,-0.0416938785318857,0.2015744123839816,-0.1020620617275011,0.1047895450649103,-0.0627744302835758,-0.322382911922937,0.1435954319934429,0.2495769018717389,-0.1813059941915562,0.8134062753570587,99,,7.30586565002405,0.7262609888624941,-0.04048870077301081,1.1062717569791594,-0.17819251624497112
1158,1158,0.045622650330725,-0.1735603524312494,-0.2105259779949008,-0.0136385191497792,-0.0007088673159386,0.2103045315893451,-0.2179444325708336,-0.204115418709568,0.1796189820745666,-0.2194058725015391,0.111938914976143,0.1904232092261833,0.2136777587077057,0.7951316298877275,99,,7.804326281587948,0.6204471102294751,-0.13300024204787442,1.1173744647705754,-0.11528717748137018
1159,1159,-0.1143728012302207,-0.274981711412205,0.3504680955538972,-0.1709082572304937,-0.4970039700362504,0.0086331341278555,-0.1263020071773082,-0.0397061520411109,-0.072403050077217,-0.1262581791286137,0.0375033068642853,0.1186099504668999,-0.177315797584013,0.7910801905049957,6,container,5.888461524905533,0.7572640822939473,0.08290085370577027,1.3218632203116263,0.022220958823822468
1160,1160,0.2782614326238563,-0.0451814710628558,0.1138449860110774,-0.1463814572780132,-0.0265734762167252,0.0244330318684792,-0.346803645958797,0.1837406778626814,-0.012342296768555,-0.320280525042021,0.0818299531218832,-0.0218821773653699,-0.0755828156383844,0.7423778037713615,1,animal,5.975932161312131,0.6203347566185389,-0.07539159188017341,1.2602311852747259,0.027624547269112787
1161,1161,0.0900589471786251,0.037067687562893,0.0351585465303915,0.0998807410329778,-0.3291217919993573,0.1399844321068016,-0.0464381447958605,0.063157707629577,-0.2224935557441425,-0.0824460287536349,0.1541069594137109,0.0560599426049279,-0.1391042837899741,0.7763412174540841,99,,6.874612645838364,0.5072489622030696,-0.051920691176265965,1.1878716986239224,0.010627757383428138
1162,1162,0.1355055779293998,0.0210003122256291,-0.1499804312453306,-0.0354258022931717,-0.222125903202007,0.4464193931317611,-0.0663940042231266,0.3109898403563101,-0.1471516789575113,0.0057980211185719,-0.0692121492042767,-0.0515978506409326,-0.1874592822895752,0.8120393042063,99,,6.822520933223025,0.6757113318577197,-0.15444275372567629,1.07608582549376,-0.18363117202875268
1163,1163,0.0566369763232084,0.0881494449437854,-0.3562413912040341,0.1496636995581503,-0.3823754061613071,0.2514549666147881,-0.1077480227506095,0.2021486240436091,-0.2542393817233432,-0.2088830676051535,0.1370986797429196,-0.191116369106445,-0.0545735126135783,0.7738051009039457,99,,7.622539604432247,0.7673128824299016,-0.025198075589568436,1.1724860844683338,-0.13207570451322592
1164,1164,-0.0527900528305536,-0.0549676187303465,-0.3619756430245907,-0.0386396239934573,-0.1110563869292131,0.2764119801947531,-0.0194985759313102,0.1343726633370521,-0.2032068917814164,-0.2510708992300611,-0.0287401757349666,0.0286587210489318,0.0591772860032014,0.7661410405312844,99,,7.7598830631039135,0.5958018420083596,-0.03778635440324729,1.1876118608752932,-0.032984353368888275
1165,1165,0.1942683725174417,-0.0909597034587294,0.0447395044304753,-0.0025867701996961,0.0734084985832523,0.4569159864353449,-0.1216831381878612,0.1363581574088576,-0.0731520666301862,-0.0257842236226734,0.2858017621763838,-0.2303572012069886,0.117247989379966,0.7583633429318234,18,musical instrument,8.190798444217721,0.6708902830202729,0.08703288763389638,1.2604490766280763,0.0030922894773173226
1166,1166,0.2230475654110031,-0.0076960392679877,0.2435455870949271,0.0341134763986173,0.16048104939968,0.1546674638720612,0.2481654876293598,0.3391763563699632,-0.1189003384941143,0.2039853154565426,0.2355106909752645,0.0188648027016437,-0.1909507693288167,0.8066998361347483,23,tool,7.918405488340032,0.6961473919775665,-0.08223294783453206,1.3528484497046782,0.08312669954867258
1167,1167,0.0040420436596779,-0.1901356016541082,0.2038242701837565,0.2006433297106225,0.251146600609075,0.1333228422286925,-0.077821798939124,0.0029620437515092,-0.0290013225238279,0.0200954282456186,0.3618268602964493,0.1028952993888477,-0.0020138141917796,0.825537649101,10,food,8.1376120655805,0.5896097380621975,-0.04740998464503021,1.1903880515948997,-0.027176733503990746
1168,1168,-0.0984645844559658,-0.1802392520197857,0.1216687086111961,0.2327107748345274,0.0508360281737597,0.2816027735061276,-0.007049014304444,0.0121604937107603,-0.0377159563562853,-0.1632761208767147,0.0440885429071306,0.1706539681179609,-0.1244909602920986,0.8270549837717284,7,dessert,7.724567894379461,0.5175588782096835,-0.07421629891222048,1.0712543149539993,-0.11103698662470851
1169,1169,-0.1225864614486892,-0.05948575241604,0.1078844494458387,0.3761507881854734,0.0404580088769653,0.2436118143194766,-0.0257620454136819,0.108937411145163,0.0452348632382852,-0.0212549282564914,-0.0569056706054101,0.1163774525004169,-0.2169105603570147,0.8329005990841379,10,food,6.498488636345373,0.5581569645398397,0.05147330510514003,1.1450241325716537,-0.05714251722703434
1170,1170,0.3251621197282646,-0.1352774207669617,0.0465502829374544,-0.0939205493453042,-0.1035600146171745,-0.0330423653064233,-0.1124466660095939,0.2109634413263401,-0.0290920156337152,-0.2482803773277891,0.1435270768286726,0.009163018833389,-0.1198939803682436,0.8539656497676993,1,animal,4.553981987769489,0.549119954360817,-0.016533455587442458,1.102288013093879,-0.09545444481766174
1171,1171,0.1706345402428862,-0.0044351889355292,0.0907496875070659,-0.123071019328593,0.0024580294549465,0.0503199765474013,-0.3121880491133454,0.2651532458490488,0.0497946371560717,-0.3195802810395487,0.1133632860669528,0.1242417021586245,-0.1006511115194919,0.7627127739611694,1,animal,7.268397437273956,0.6048574260932241,0.006349497659935199,1.2597027469565942,0.03467324771571789
1172,1172,0.171970686098719,-0.2023371454217462,0.0257057409054592,-0.0782526146936119,-0.2016323815085274,0.015584174528994,-0.1053037286460508,-0.2381051669408066,-0.052100915113809,-0.3073788791061821,0.1708883077723998,0.0281033129030949,-0.1603886375053164,0.8148931777528018,6,container,7.200473020563472,0.582145453750449,-0.009441378786800625,1.220193649827722,0.006283107165346191
1173,1173,0.2718874359793068,-0.0703971594382243,0.0030313441809977,-0.09783734815133,-0.0975821069911321,0.010357119064829,-0.1000624624457678,0.0777969965831987,-0.1246863463178147,-0.2723212783204199,0.1427436513976919,-0.0429976337516566,-0.0974584458385856,0.8320831099794516,1,animal,7.479760760568814,0.4853684569494014,-0.05819119888403834,1.1498476071149597,-0.016684433628324724
1174,1174,0.3545202413287622,0.1192569015362256,-0.069516238971316,0.0296777334379041,-0.004077015064261,-0.0502615598159456,-0.0178035136411632,-0.1413461897265837,0.1158036994089713,-0.1654955568958461,0.0776708164907126,0.0215417108377732,-0.0324718496908392,0.8157640476769803,99,,8.39884579512846,0.46562768444893826,-0.02143639405966158,1.2467361320930865,0.08986845642325303
1175,1175,0.2678759237679398,0.1492685015641776,-0.2113595825622734,0.0098106603240704,-0.1543274614285007,0.0045813072660218,-0.0155117153608358,-0.0475130409485803,0.0192546217950541,-0.1442796315414218,0.1576454217966886,-0.0214266032055886,-0.1616428278773824,0.8267429047916856,6,container,5.826280877369805,0.487617379788974,0.15685682652806854,1.2705955333794332,0.102962501712762
1176,1176,-0.0479556888559109,0.0011787263090154,-0.2740011602585076,0.0949668914746856,-0.130267756246372,-0.1027344010674226,-0.1482964985248498,-0.1667292620269507,-0.0089262194682474,-0.145577726916384,0.1319178822628496,-0.1243983947356496,-0.0229976636338525,0.7237279880413824,13,home decor,7.086446907518245,0.4673219022621689,0.037462410013972436,1.3103417543911307,0.1526446512274835
1177,1177,0.2931621392481733,-0.0782166266229104,0.1414509266350331,-0.0971150040916379,-0.0060232321831545,0.1019485273376808,-0.0058028100777496,-0.1928046377775963,-0.2899205821026332,0.0819564105994804,0.0857603726351711,-0.1069066306323477,-0.1659617221232501,0.849513384916775,23,tool,6.2697238720834605,0.5533864936036512,0.077502762026187,1.0831712928067998,-0.11665990772319668
1178,1178,0.3062677026114756,-0.0052272683128461,-0.0105926204519613,0.0103348517741759,-0.0711249848385143,0.4197496636116853,-0.2602088683090477,0.0131162216365544,-0.2942375360464291,-0.0730863377676852,-0.2155330978517681,-0.0778343872087856,0.1595580743852608,0.8054118250885406,9,electronic device,6.718931935702662,0.7162850719814708,0.41406136414463546,1.2320393190869896,-0.04754110763729624
1179,1179,0.1536552094749859,-0.1048643684468961,0.0252226433467076,-0.137608192963008,-0.1294514743555772,0.0805062632237894,-0.0357628309434527,-0.3661968040537784,-0.2705775346581062,-0.0800580679448727,0.0888402345504055,-0.0157918070477735,-0.041663533515971,0.7977901552092899,99,,7.848866508715905,0.5498145075008989,-0.03195558424945033,1.1792143299825562,-0.018868155914642637
1180,1180,-0.1313527746836928,-0.0415479934995805,0.0156791801478228,0.0918118605020497,0.1652489164906863,0.3063422997741742,-0.2957463664901192,0.086165951950729,0.0811205090256207,0.231125004428166,0.3888297022398745,0.2076605321313249,0.0439520350293862,0.7472184348928537,99,,7.395665198260175,0.70706495825249,-0.04354046886194207,1.213329754620694,-0.061736839370170715
1181,1181,-0.0388445023678358,-0.0928570815863781,-0.094006849647074,0.0495135363573061,0.16669814876979,0.3250239425393385,-0.1336262348180665,0.1696345468013229,0.1827546874817343,0.0591668698002622,0.2680562035203703,0.1280324094628898,0.0384871531851197,0.7260133391616809,21,plant,7.710886301959728,0.5728076278409542,-0.12065284231617823,1.1341989891092197,-0.07514009321240356
1182,1182,-0.0029584172537032,-0.1869567499575178,0.136112269063508,0.2752922464738953,0.0968731368888917,0.2569334625210989,-0.2285356020828765,0.0469385872655916,-0.0150717168754641,-0.0769309058262207,0.4328530107060902,0.2563209510960071,0.0424538818481732,0.7953147364331575,10,food,7.106785987611071,0.7211899350421612,-0.03934280423123415,1.160445489700813,-0.12153617979412368
1183,1183,0.0907586679828712,0.1252313233591324,0.1655920679644939,0.2189747380108809,0.0982109189910055,0.2851103315948662,-0.323774055227847,0.2154691286598408,0.0245240646921152,0.0112058210586627,0.3398125745122944,0.1700404251793389,0.0766791330609734,0.7624152205254618,13,home decor,7.458229619243865,0.701764619137181,-0.07072759184810007,1.1760973001066992,-0.09637444040402765
1184,1184,0.0662808722975148,-0.1772404308986082,0.0370267499983852,0.124274901987691,0.0699682095873962,0.073014487655112,-0.2166849350778582,0.0658874845721605,-0.2899000917342751,0.001942570689107,0.178354408762643,-0.2081884274220566,0.0248512253413008,0.7660719632454185,22,sports equipment,8.280535523229013,0.5234108137375572,-0.008931013501790597,1.0858499111206041,-0.099306285503439
1185,1185,0.1924633581327527,0.1817973991160495,-0.0462507543368661,0.0441421448503126,0.0875682731359943,0.1792836082207622,-0.1426956314100912,-0.0921732760461624,-0.0273194203433817,-0.2678838384819412,-0.1946166658675081,-0.078885213658782,0.11129693798301,0.7830486773602949,13,home decor,6.928114950762739,0.5213851782267906,0.1280777113882403,1.3360383288017088,0.15187380973645093
1186,1186,0.095735933097036,0.2331344762252687,0.0559719078827728,-0.1871704480644135,0.0797582784764105,-0.0808724396720898,0.3516188019970697,0.0171922582219061,0.1546022569796368,-0.0356619955530424,0.1636644772746925,0.1319619062564767,-0.1956705359038318,0.8295554619596432,99,,6.013859863933624,0.5883675504066128,-0.010395086805837339,1.2227144267310905,0.005757771582181714
1187,1187,0.1462482810909985,-0.0361200798365035,0.2784785348825516,0.0843701733694853,0.1671146661283372,-0.0653355031447992,-0.1116464007366224,0.0032425472251335,-0.1077553192820604,-0.0114261475724869,0.0692172947183063,-0.2679202358323155,-0.478635811901574,0.7867486802801906,99,,6.713639907199089,0.6851566286066905,-0.126168698084826,1.1311439102910075,-0.13319716139106474
1188,1188,0.1292450467474775,-0.0901725432150433,0.1502758326985296,0.3102138669945379,0.1778193469368275,0.2481552938283168,-0.1640362370029637,0.1672519397583704,-0.0966253171671268,-0.2204033348367383,0.3168087044291574,0.1435786259058563,0.0065004455636037,0.8165357597401885,10,food,5.928896127737016,0.6860551158376997,-0.06299966281213476,1.1712656741509455,-0.09351526423918499
1189,1189,-0.1088743930318887,-0.1463086354729367,0.1584723466887103,0.2430374978970677,0.0696540839254569,0.3176468253317598,0.0297459825045957,0.055467900192277,-0.0596613970911368,-0.1641869548187052,0.0327015800702905,0.0332888386436141,-0.1094833217530889,0.8039254640666709,10,food,5.515215994166952,0.5213772579368835,-0.1461033084468255,1.103357585492467,-0.08080305608658067
1190,1190,0.1034210151883997,-0.3601326709718311,0.2283766769922617,0.1292408276523531,-0.1582968011831091,0.0951421903191414,-0.0335321380522225,-0.0502180488805377,0.2876408151936488,-0.1762508188755313,0.1219221197764923,0.2441872965890984,-0.1880646793427223,0.7581539135518599,6,container,7.991398614661265,0.6860532545011182,-0.1870708804730593,1.118832125985773,-0.14594790116158585
1191,1191,0.1962682176954773,-0.1679426885443896,0.2616185306782776,-0.0180379053914656,0.1682915605277775,0.219515819829729,0.1389803227268708,0.3358552831844231,-0.3008390561581255,0.0924578830810856,0.2070322655321687,-0.0272024457545082,-0.3597836111831789,0.7894980904280712,23,tool,5.878998559386396,0.7849957351113203,0.02898200316199695,1.3631107110557104,0.04989203978399326
1192,1192,-0.0730888798890754,-0.1556499892589075,0.1847087544257312,0.2245524363120342,0.0088806676761805,0.2666938181025847,0.0618115340388304,-0.0066485198755615,-0.0994514908271601,-0.2051433671733631,0.0015478177101477,0.0998416852770291,-0.0663216999593146,0.8399780009059945,10,food,6.790111368663702,0.5054929054213085,-0.018890694398018715,1.1354789126502414,-0.04090532698393279
1193,1193,0.0918444588704193,0.0359769869114355,-0.2883564461482355,0.010992832312803,-0.0934759721967351,-0.05033297052234,-0.3843701858702068,-0.1323897306062915,-0.2185281054977665,-0.2399178578399179,0.13336447065408,0.0775083914520762,-0.2191253465529187,0.7602955554245968,13,home decor,7.191630116467037,0.66832876501671,0.1232349407405966,1.4132694445889835,0.15716668359794395
1194,1194,-0.0745127590998587,-0.1330521530120402,-0.0248275204436226,0.0943664781335008,0.188304484666931,0.2523285225717752,-0.2836149652377029,0.0800006273959993,0.1301281974248787,0.105665276899932,0.4158676989418678,0.3395645167428568,0.0268154127844048,0.7044869694379353,21,plant,6.257969872682706,0.7319903310291617,-0.1058486623291891,1.1672645568394882,-0.12000459417390275
1195,1195,0.0088932016028138,-0.2039612181140016,-0.3715353977386726,0.2116095830497372,0.0845537615416945,-0.1894856658652307,0.4132803525255866,-0.3856263782635666,-0.0141269977167785,-0.1237361291345355,0.0921117619688175,0.0317563076649555,0.1290335383908207,0.8465381045500162,17,medical equipment,6.364813550548068,0.7929135135770206,0.09019799864880018,1.56123588066611,0.24414095269463898
1196,1196,0.0062198730210987,-0.1125740105139678,-0.0316424879844109,-0.0300824980278165,-0.1170976612046184,-0.2241506466524399,-0.1626669497303499,-0.2570501555193322,-0.1130669390837511,-0.2882416236714957,0.0036203184458937,0.1820901067195677,-0.2380067813227747,0.7848045528840135,99,,7.235397005925584,0.5973215214567372,-0.07186112389943178,1.2096457921209847,-0.011694401974208235
1197,1197,0.0384389837601103,-0.2801713825328564,0.2173069237569243,0.1602513824266356,-0.1850461234062496,0.0702082603638677,0.0097526602984164,-0.2018717417970719,-0.0241359030593764,-0.1810948012068284,0.0092893673350124,0.1990685665844772,-0.3065961253398607,0.7568846709065925,99,,6.57932903898209,0.6324465078857187,-0.029977401383878943,1.1196137128653587,-0.11892239856497033
1198,1198,0.1999664183664618,-0.1288327555029813,0.0787346079017334,-0.1209438815568195,0.0591793542415522,-0.1172727476601944,-0.4182222319270548,0.2723757971384832,0.1457441366867252,-0.2280058844840848,0.2087633366036554,-0.0896420860652088,-0.0276135172902262,0.8121584644501163,1,animal,4.94502234224855,0.6851079397937535,-0.03883808624607665,1.2815379106194669,0.01722067521144166
1199,1199,0.285685637673945,0.0846713224808892,-0.190733231757696,-0.1781807986400133,-0.0499851569046519,0.1752531654239529,-0.2758664782396622,-0.0972411472972732,-0.2469096225269826,-0.2033927145347009,-0.1185424653288837,-0.1411690382201216,0.0820611172941502,0.8538887396217905,99,,7.643318183494349,0.6470945989594726,0.025150270942559727,1.2825305353354335,0.036823250651241146
1200,1200,0.0445326582129315,0.1085242543322215,-0.3458015879865491,-0.0108683390407419,0.0568699346803979,0.2092079762951796,-0.0558629424900006,-0.0554671534820165,-0.3804038486197079,-0.1075811275273813,0.0701986034303707,-0.2631346639967075,-0.1503444470190459,0.8023429739245441,99,,6.803829997638792,0.6631055013065111,0.10651652541837908,1.3429330010890739,0.08938736025982563
1201,1201,0.2415770260811598,-0.1675255699423398,0.2778633694900516,0.1717476529092969,-0.0362401844814837,0.0501201767184181,0.0896571758237006,0.0966778120942086,-0.3527471320617875,0.2026137528055207,0.3535511390222282,-0.0008802874382329,-0.2965065838964164,0.8332091059272599,23,tool,7.2722737378988915,0.7698949182973266,-0.18608737687877253,1.207231346874808,-0.0985945130672452
1202,1202,0.0713736451991841,0.0394767522905161,0.219046787653495,0.0979714417760009,-0.167250130676179,0.1050242632894077,0.0473809537223444,0.0279586925494101,-0.435230202682031,0.1956508930542095,0.3576173749688767,-0.2197455815705441,-0.2556820013946721,0.7963240186430668,99,,8.056650946001428,0.7586290593939479,0.06004310613747266,1.2881502923445725,-0.012160212344504151
1203,1203,0.1061429591824205,-0.234302212954135,0.1225063755906543,0.3365303454222262,-0.0771359727067231,0.2872563809581637,-0.1585658639404945,-0.0682622264541399,-0.0364083938665128,-0.2437402769916797,0.2275353478637919,0.0275039211426573,0.1369912478137901,0.808905442914344,10,food,5.857095748833792,0.666876066176505,-0.0098962272814761,1.2081101416529407,-0.04728143075957725
1204,1204,0.2828954638747515,-0.2496282599645833,0.3169278697781688,0.1476772825496892,0.0786551025028628,-0.0614802188447793,0.1183141620609235,-0.0445993758633525,0.074032089018059,0.0283175268937741,0.1469906710362141,-0.121422236349464,-0.3488679363965096,0.801122867206914,23,tool,7.6390119192377135,0.674455958709581,-0.041374879489865735,1.2614038546801871,0.002301442245808083
1205,1205,-0.0112797678889344,-0.0772385674027701,-0.3966757959138626,0.0701468217788081,-0.0847136982184771,0.067139558348252,0.0269518957861023,-0.1435863004513013,-0.0473056636640215,-0.3099934250399851,0.2488937354563046,0.1088088426525725,0.1474145743901261,0.8081932034856457,6,container,8.046528543185808,0.6286852283667497,0.33747384303564876,1.3777161887218592,0.14102146310425634
1206,1206,0.0570982661733515,-0.1350028068620102,0.1966999766050002,-0.0203867379501103,-0.4666919435458931,0.3579818493602994,0.0750209127393757,-0.037072584173319,-0.2724889526743095,-0.1033873949284145,0.0200082169228624,0.1996812067149016,0.0928486428306804,0.7848184817050033,99,,7.893796002623581,0.7398515557350374,0.07038937446947524,1.2829345153711422,-0.00818320567567743
1207,1207,0.2857450444774354,-0.0796662125305244,0.365511512889664,-0.0341633167346468,0.1102781453689094,0.129731062309826,0.0206566581101663,0.1403860126567802,-0.3117077781625401,0.2198868417697178,0.1535406251798747,0.0812629879882448,-0.2992094161770536,0.8090530047021888,23,tool,7.486269612271729,0.7328749659747364,-0.13695297900899417,1.2938615263424051,0.006159290196678713
1208,1208,0.2452686538714068,-0.2160852114745255,0.2336461189135737,0.1842645606663046,0.2270970001852214,0.2985094146365399,0.2218734159278843,0.1060380690100117,-0.4029460706767594,0.123332161688657,0.0949246075198804,-0.1986263891262599,-0.0781294316321084,0.771753957743748,24,toy,6.2341942660964325,0.7928997168137932,0.1748438690725358,1.2394984082123195,-0.0775897653650841
1209,1209,0.104865705468528,0.0213400180332946,-0.1605652176496541,0.0483866380592438,-0.0252407143526005,0.2534662424374023,-0.3783934666333453,-0.0301149424602274,0.1202400880443696,0.0037051407326374,0.1694111017910744,0.0036038361873396,0.1620851405881043,0.7151463724806647,21,plant,6.065124424272164,0.5639162457020922,0.2831821042716598,1.1320610728485565,-0.07292511178400662
1210,1210,0.2314034743616151,-0.1393068127310631,0.4648454131307216,-0.0935316980588758,0.1131741333231209,0.0296117151750571,0.2246283869013171,0.2182163635252826,-0.3155952960415722,0.2328912095500334,0.1213317298939859,-0.1396295530723199,-0.2995490577806063,0.717137118091868,23,tool,4.470286564269075,0.8290543223867984,-0.05801469539765536,1.3748205458165095,0.04003239077505949
1211,1211,0.0213126308351004,-0.1800166606103703,-0.004134752597117,-0.1122752094372322,-0.0917300853103043,-0.2607366015391096,-0.0881055896349894,0.0011309904364348,0.1552718000313671,-0.1594093537655116,-0.0541894706263685,-0.0654308458218278,-0.0897954768243178,0.8128356485144034,1,animal,4.45179847841696,0.4409608815800832,0.14560642968809,1.2962779038880892,0.15148619880724223
1212,1212,0.0410946598169448,0.2202591396928356,-0.2192603353407935,-0.1213532934523513,-0.2746588026420068,0.1466524644078497,-0.2383232083403435,0.0299419509292112,-0.3674659694053023,-0.1837324317439792,0.214354294646929,-0.1948772153596035,-0.1090084721726872,0.716518737672584,99,,4.794195518589042,0.7295478300048329,0.08251737185840935,1.3430798493871585,0.05700645814410277
1213,1213,0.090346426256494,-0.1689946340806404,0.2170463504250318,0.0171319746198915,0.2920044228421551,0.329326961881889,0.140656749609318,0.1093859290423405,-0.0534069795573658,0.1392079380670048,0.1688241692840567,0.0182379177311383,-0.2217340471072404,0.7360733717258184,99,,5.982530175117436,0.6401781660193552,-0.02129047485799318,1.1980262371251797,-0.04429501325170415
1214,1214,0.109517597046557,-0.1345988976724639,-0.0749109068097812,0.2261332736760056,-0.0897126978684022,0.0927911227926305,-0.1305005192985303,0.1965555542681858,-0.3100521936171831,0.1122747165436455,-0.1245315423330265,0.0637083827846913,-0.2107871238835486,0.8351519819736377,26,vehicle,5.499007005174105,0.5761232075073476,-0.09127309795834682,1.230124233397091,0.019161963719178443
1215,1215,0.2692582597811105,-0.0500635622942767,0.2009315616934823,0.3276094825146964,-0.1546761280867112,-0.0163324962975092,0.0101460610553947,-0.1009672927155054,-0.1862397478318455,0.1136165939879536,0.0999836095592726,0.0718155038985151,-0.1004236289604733,0.7593751970402439,23,tool,4.108600825410502,0.5744821112730137,-0.0469026327905856,1.1924090654465713,-0.01774978313275466
1216,1216,-0.1754796706943604,-0.0986321511653249,-0.3511258122410354,0.1102655975697362,-0.0081950685034677,0.194543052718488,-0.0517645062771138,-0.2571392506528265,0.0689906285266937,-0.0633114366615203,0.3513424824424611,0.2248164490217733,0.2170097809148826,0.8360027065642495,4,clothing,5.7050649285630834,0.715911193175539,-0.09687942893259993,1.5393857665236002,0.25998837728042923
1217,1217,0.0610499344290523,0.0142637820894587,0.1004795786191411,0.0963659599683099,-0.3070950662743646,0.1008810949167422,-0.1642336923083277,0.2134199122812035,-0.4365403493778451,0.0690491974235135,0.1169389886406283,-0.0239321883715794,-0.2454942011971266,0.7622818116892213,9,electronic device,5.409497365633428,0.6856882538355932,-0.1017595162553685,1.2966151897670255,0.032013853685763705
1218,1218,0.1081329799934348,0.1895761249381714,0.1419229708993466,0.2492035101415186,-0.1372153153888625,-0.0061863776141667,-0.2155173240799535,-0.3956796269466184,-0.0727033233040315,-0.1258152496845593,-0.2350048722942954,0.0485027648198187,0.3189631996007816,0.7899021089569871,99,,7.362988498863264,0.7295103474375567,0.2750912349793908,1.5717035434326814,0.2856485022928974
1219,1219,0.0945698809023182,-0.1558544600978982,0.1239663454526387,0.3183238612126118,-0.0575435374618154,0.3269577711275902,-0.1275978122990253,-0.0753179948657161,-0.0071128603507968,-0.2688157073831615,0.1372892433733016,0.0783053041094083,0.0656782146786805,0.8366151238102458,10,food,5.447982265567088,0.6194389538818529,-0.026854520881644306,1.1101239526463018,-0.12204413288215132
1220,1220,0.2294587452407088,-0.0566455366662914,-0.0441232499886422,-0.0918004177348738,-0.1229162698611147,-0.0220357680847453,-0.092492067550703,0.1230102375341531,-0.0987320028748539,-0.2069472234238019,0.0603713335844868,-0.0436749191825914,-0.1003207330455739,0.8062470467996452,1,animal,6.185411997380414,0.4167806421666625,-0.1266278023279932,1.1435145264255404,0.010560588141776517
1221,1221,0.1112237574918501,-0.1120003672007742,-0.1017851082612845,-0.0413284957572194,-0.1066866107306704,-0.1783745411262886,-0.0715036827578514,-0.263570638829769,-0.0101329191954029,-0.2163790549959907,-0.0333670576508637,0.0210040565710192,0.0152816805576658,0.8251091201267711,1,animal,5.000264049858623,0.45108254191785047,0.3457896415997229,1.301383471622994,0.1516365693404489
1222,1222,0.3073489223609341,-0.1254494411708258,0.086845061336205,0.1444956275604444,0.0313264826216523,0.2689231984223326,-0.2068045792569623,0.1110920795635986,-0.1362945560930294,-0.11116136459686,0.14961122346074,-0.3166044846392841,0.0274689036641834,0.7872129902617709,22,sports equipment,4.846787685922864,0.6491087014382894,0.023245574066754093,1.0791341599330109,-0.16755915615649597
1223,1223,0.0779633769144713,-0.0167065995967124,0.0678611955610252,0.4125101348889721,0.2556554751125535,0.1851197157226448,-0.0885212326093396,0.1348966062229939,-0.2174664374476667,-0.0872764985051306,0.121782341664979,0.2170850011940096,0.0934776545026101,0.795885346140593,10,food,6.135191615059608,0.6575659913195885,0.0009424867325226183,1.272874352634252,0.022040654655284708
1224,1224,0.1160116425620915,-0.0184302542944929,-0.133027266023924,0.1159593368352362,-0.0746597645454809,0.2408068761137232,-0.2388706907840669,-0.0719636527194877,0.1665588932267495,-0.0690019946412084,0.1171470296065668,0.0522114753625788,0.1169230781306016,0.6858006289849441,10,food,6.738789628936876,0.48307847615527816,0.46416434920745575,1.1571163000949345,-0.008294649241968655
1225,1225,0.0708306571984586,-0.1509266517177286,-0.0399569811530667,0.3934573277877012,0.271803000089015,0.1682331686778124,0.0410469243962468,0.1074184797838096,-0.0561504776567637,-0.0665836303950729,-0.1240250616958305,0.0692869844024468,-0.0104118981377091,0.8476455985725472,7,dessert,7.299555842218067,0.5722599765574711,-0.006934546761674265,1.122391307709321,-0.08667966443898445
1226,1226,0.2375024358152095,-0.0224889140256697,0.1671474701253205,-0.1716836951182317,-0.1354017570841922,0.0466551261396184,-0.2883759890883451,-0.0058989112225548,-0.1466301300886764,-0.0009717844780222,0.2314498616858894,0.0573684218540368,-0.1402417273440283,0.7947790184070672,1,animal,6.549207933728367,0.562193762743425,-0.12333845782875386,1.1443811011290683,-0.05976181842129158
1227,1227,-0.1559922691442477,-0.2568692085400653,0.3662721850905168,-0.0179481175499936,-0.2041095863391245,0.1452958364978619,-0.2289346789659072,0.2393040656090184,0.0174146064935975,-0.3017514594961302,-0.0982680242842165,0.0443002777971127,-0.0680618397662234,0.7721203571360647,99,,7.245343930268821,0.7105284640899833,-0.07701981221742904,1.1544322291931048,-0.12232997143355795
1228,1228,0.2194383141817829,-0.1132704186718849,0.0190771818567714,-0.2129646075686984,-0.1396067140724652,0.0080448950333604,-0.1859359867111465,0.0404343761027663,-0.0260270007829916,-0.2144947067577562,0.2806408189183409,0.0243608228034755,-0.0899376216922708,0.8297486708725029,1,animal,8.029052776595416,0.54460076020893,-0.14751492585778597,1.1800965176507883,-0.015433506977271971
1229,1229,0.1434571942283689,0.2338335279172167,-0.1492074751097921,-0.2001833267254942,-0.1936177631425225,0.2015329099200013,-0.2167584375968324,0.1932767859778948,-0.4496902593033494,-0.2669644649625872,0.1168843398483645,-0.1276583676844024,-0.0834593520994889,0.7201744430268628,13,home decor,5.76428659461274,0.7813150674303482,0.07609158680403527,1.2679233579225269,-0.04349339216388026
1230,1230,0.0589836949979831,-0.1803253087889561,0.2185457564644891,0.3217619252117389,-0.1127002536554297,0.0319365913616448,-0.0743128555956537,0.1392026982981196,-0.0838820090243637,-0.0481756818870752,0.1811539834179139,0.3403979433806716,-0.304161207545486,0.6949563137261933,6,container,6.908045360846741,0.6902673508988019,-0.039756467627342085,1.1773153262526472,-0.08952776940132523
1231,1231,0.0361647173479339,-0.0874869030811139,0.1913427199316721,0.3681274737615832,0.0500196685373894,0.2018310824380639,-0.075120235674962,0.1976101259893249,-0.0422533394040101,-0.1193345422471369,0.3443362922892592,0.0192857343136993,0.0225824412996744,0.855930325834507,10,food,6.139535053174361,0.6360013751835096,-0.08407537777839147,1.1997176889507741,-0.040558756367335524
1232,1232,0.1230796478683895,0.0306628725471671,-0.3540208389317482,0.0744871138736006,0.0675666104066202,0.0370732501904191,-0.2244341878587491,-0.2279418483979274,-0.1726871002126615,-0.3378332905911708,0.1202308588287679,0.0338178334188392,0.0226713861955154,0.7928198644088981,99,,6.869778358268306,0.6444385335244933,0.0824081628417781,1.2689648289575168,0.024557857420746343
1233,1233,0.0647528161470746,0.1108639365240093,0.0562706244776515,0.0411122547029129,-0.1626107235479061,0.3221586869073485,0.0039616920983537,0.2263970861354359,0.1207573997537196,0.0920202252305094,-0.0807440116371827,0.115627906602075,0.1185525336516246,0.8219680774123284,99,,5.46577362681793,0.5097394684997364,-0.16799361076755015,1.10389904850693,-0.07456415414130046
1234,1234,0.0195455268332244,-0.1103134679156224,0.0748952576399753,0.3091199841749347,0.1351697126774131,0.2194550444198308,-0.0902254076779849,0.1174328444855937,-0.1870537454481461,-0.0958158775224286,0.1041273072062683,0.1245318272670026,-0.0219926825911586,0.779908099693805,10,food,5.893549624453221,0.5225726305738615,-0.13104002505920487,1.1384396709614126,-0.04630618163520284
1235,1235,0.2916460875175009,0.0173598160213237,-0.1280482287099869,0.0080086693342297,0.0443931894496329,0.3299400311234968,-0.3295954326944861,0.0165457775039625,0.0028049153370534,-0.0637380409624553,0.1702198694423864,0.2445508245954756,0.2028033414447453,0.721732920481316,13,home decor,5.101334977174618,0.6749347324968801,-0.0548820585815637,1.2786498963559834,0.019313093668236636
1236,1236,0.0415669010824345,0.1119797511615872,0.0811321593125643,-0.0063684156959024,0.1468750962488371,0.1404158200498891,-0.1588188412174611,0.1541649721973661,0.2705304074621881,0.2092371530219905,0.047296479078984,0.3433493459838822,0.0198904845005297,0.7924112760614193,99,,6.000145959837686,0.5904724079807308,-0.03584311489102432,1.1761409385833301,-0.041846178368601716
1237,1237,-0.0346922356446356,-0.0899707419350371,-0.0369497691965641,0.0091007809039274,0.0868607865699457,0.4275439077235772,0.1370960407270579,0.3436753010253355,-0.2117843591567134,-0.0312244028931081,-0.0233121028635637,0.0169673936059573,-0.389570911189623,0.7251555347993089,99,,5.663450616971276,0.732405243713039,0.04487045239919274,1.3046431480798888,0.017170870889419376
1238,1238,0.0921988746604523,-0.1636916967012816,0.0574886388645422,-0.2131130799218807,0.1033518046810925,0.0348386154364444,-0.3996877664589365,0.1410558526624049,0.0704187152143988,0.0228489818476637,0.4069129701885599,0.1559429882191414,0.0220990271384675,0.8113850380125827,1,animal,5.691609210641564,0.6866045009175833,0.07008758826029704,1.2911652395658009,0.02611534219862044
1239,1239,-0.0266411831461917,-0.203648589762265,-0.0060193218738316,0.3584830868276931,0.2241785734271169,0.1964240147114653,0.0165928283787979,0.1223090389257496,-0.2367016378665518,-0.139355427919842,0.1009841977818409,0.0541780664502731,-0.0441827503485958,0.8369752314108985,10,food,5.251112232569749,0.6044293945519074,-0.08583052327374552,1.2038845285708442,-0.0209354219769331
1240,1240,0.1256604401271819,-0.0279529268692156,-0.1147908956442097,0.0760203703606157,-0.4021687220285401,-0.1903652853104501,-0.1875257736651946,0.1320901622221671,-0.3471702141132486,-0.0977095966876619,0.1358135649060154,-0.0552733037041556,-0.2658180133236372,0.7265480142121794,9,electronic device,6.642188018008227,0.7129896983228905,0.03230635333008003,1.3487374186840055,0.07077028718862755
1241,1241,-0.0545173774290392,-0.1470079937695191,0.2169816315854938,-0.2765713923275904,-0.1086746627868408,0.1300176474562387,-0.0521800123221574,0.3275307852599639,0.0718413598330136,-0.0035002245190156,0.0044782654243526,-0.0020814770094445,0.0608866564263772,0.7546082064456846,99,,5.724255485611111,0.5438521885835499,-0.13019560537566077,1.1518130416631214,-0.04335050949126251
1242,1242,-0.065513297714952,-0.0344514753840526,0.168750136237844,0.011612892132704,-0.4351034745762322,0.179940535220748,-0.199743155239408,0.144126934154276,-0.3286629733940628,-0.1839362733665698,0.1851301626017268,0.002944476960456,-0.0371784151422936,0.7645126678922244,9,electronic device,5.478055984627663,0.7028299078990309,-0.14417264584514733,1.3374903134967342,0.06449704630801545
1243,1243,0.1430879987460636,-0.0171015185958238,0.3194555506375695,0.2163778868759112,0.1249484234139832,-0.064951250690616,-0.0512913597291471,0.3062369722727299,-0.1451939397435288,-0.0437245839032732,-0.0640369782555575,-0.0131260165442429,-0.2000397795240735,0.7213695994351726,99,,6.722647205448071,0.5942748488681371,0.049825009344826476,1.2813083665119227,0.06145971263658789
1244,1244,0.139360814516655,0.0537530322656279,0.0989720033890895,0.2849530884426381,0.1737878695520503,0.3835311932724153,-0.1824616646161257,0.1119051737688488,-0.1346305176354702,-0.1567527201081136,0.3077856338256995,0.1273093905005252,0.08022334479748,0.8040880346740114,10,food,8.249059926252745,0.7046206254752663,-0.020545552317316695,1.1541656273379843,-0.11970431012287186
1245,1245,-0.065868576284634,-0.0851743802545476,0.2351960703727951,-0.0316549333087163,-0.081815269267178,0.1509033698425091,0.0131673831909257,-0.2328620887513595,-0.1037046403571002,-0.0894306588716583,-0.0597299715975375,-0.0250225317058242,0.1003354345716919,0.7772922484939607,22,sports equipment,6.000734796326157,0.42987179437181017,-0.027054925904966498,1.2502646624260094,0.11090177159797743
1246,1246,0.1071133734217586,-0.19956224011525,0.0201632278648776,0.4040253714486994,0.1518564039770584,0.2462702298669382,0.0275156682846432,0.0837248602063856,0.0387334887909261,-0.1028432908896922,-0.0324845882695451,0.2356936993899173,-0.1766209430917635,0.788640981436232,7,dessert,5.964720872473852,0.6374139379742123,-0.06371829207658253,1.1602630039405644,-0.08070498080429278
1247,1247,-0.0488851919943428,-0.0724408265203755,0.0687470623911447,-0.0315836497049006,0.0706943998806166,0.0761415344504918,-0.1418284715144007,0.2570454719388442,0.4143044472736165,-0.1221049383014538,0.0007351443783085,0.2801104586369254,0.1702903936702214,0.7640636679554877,99,,7.716965670580305,0.6358954795549393,-0.14557599413870181,1.1132760643209145,-0.12694853834442354
1248,1248,0.1042331447601861,0.0006067998223653,0.1157777735016469,-0.1184043874293222,-0.0404349825385745,-0.009005636079944,-0.3054038776446782,0.1802320459414188,0.0344319089629024,-0.3459175926785588,0.1313315207366573,0.0035612338617341,-0.0748861562948193,0.802248352152075,1,animal,4.103464701855972,0.5563032815294734,-0.06367243027578562,1.275552564976529,0.07429341103912046
1249,1249,0.1165541596052689,-0.0591025281906399,-0.0167707027017032,-0.1389443392964028,-0.1766649099505352,0.0296207606955797,-0.090447613031696,-0.1016473774869451,-0.0930898688836976,-0.3070245649729201,0.2117356073391411,-0.0002663155147204,-0.0904377580643958,0.8528724013480112,1,animal,6.1904916264620935,0.49315964999693207,-0.015594010720582863,1.161024226937778,-0.009322098883119745
1250,1250,-0.0826787227458612,-0.1533030270511056,0.2821918543086843,0.1729424616611627,-0.127358008902739,0.2713016157959815,-0.0145174493175535,0.1040490270053773,-0.0943460728809311,-0.0030011798983995,0.0185581432910831,-0.2179885950895816,-0.2348815989744227,0.6925981688016349,23,tool,7.390352701482396,0.5938716181628058,-0.0027145210018936217,1.163609966593417,-0.0560412801771526
1251,1251,0.0781521141110017,-0.2882877807654852,-0.0180749036835621,-0.0129204508428168,0.0673807096982871,0.4643374363251225,-0.1629997713181077,0.2379110543948484,0.1070608282266599,0.0516334320168026,0.1382326246211532,-0.1291437056677303,-0.2476440118159089,0.7101076496453695,99,,7.184150866733708,0.7101219555761188,-0.024181050676451044,1.2609173639588371,-0.015645824867078773
1252,1252,0.2826038152989528,-0.2149621458925126,0.2442633300213641,0.0972457519292742,0.1028861772507414,0.0270610216794145,0.0088484968729966,0.3517579165373603,0.1058254230221808,0.0074690574519914,0.097231041831454,0.2586801173995985,-0.2588814355441139,0.7352156639976332,99,,7.615246026761954,0.6963967451365644,-0.06807309472153489,1.1369706531402255,-0.13287317126392395
1253,1253,0.0442782014340277,-0.0607396856599396,0.1975092021996461,0.3457824283868574,-0.047855762616629,0.0390263544338848,0.00109459238051,0.1351635348003702,0.066902284013954,-0.1702657370623575,0.3464013763568472,-0.0567727702627005,0.1407711325543611,0.8029696994211941,10,food,4.03554920633328,0.6023360859758535,-0.013712966670078375,1.2326550860198964,0.00885994330524209
1254,1254,0.1208671051854399,-0.1763016251789993,0.1598540772086262,0.2851145997438921,0.0118105711137906,0.2594118645906558,-0.1165138132197025,0.01823395331767,0.0956589046100759,-0.20622817030516,-0.0233110680297086,0.1554491975994621,-0.000654621137971,0.7784589522333628,8,drink,6.463451665900716,0.5570149941101024,-0.03384837527539741,1.0875627712558242,-0.11404481130596578
1255,1255,0.2427851421042568,0.0289811379895824,0.3249577732447645,0.1282008676391027,-0.0570663307099515,0.0939719226559296,-0.0125605482719318,0.1064157599827745,-0.3849326142642638,0.1644610678635313,0.3114482658626703,-0.0996953212413918,-0.2280043781944499,0.8066298149555073,19,office supply,4.940656539162736,0.7345288655761478,0.03783697020225496,1.1937642906030246,-0.09474763470468872
1256,1256,0.1058723760298275,-0.1938517336262096,-0.0366731096035232,0.0457320806633856,0.3532796899834953,0.2394246124102318,0.13789840620306,-0.0996007109492188,-0.0890956582552387,-0.0809608089402725,0.2166958487286224,0.0257571992137568,0.0297728759032394,0.8263322791263726,22,sports equipment,8.073337207007556,0.5712183369384629,-0.08465649166209366,1.1131138897851012,-0.09544713344642153
1257,1257,-0.037674360455426,0.1709176615843879,-0.3810858485347297,-0.0940338237336176,0.1723787130179692,0.0940909379635133,0.0969602965272651,-0.2548386733948004,-0.2131508990594909,-0.2513858231076813,0.0596088450313763,0.015497479728915,0.1161352638627919,0.781972620378192,24,toy,5.607737198206765,0.6507852840463293,0.11938341858223955,1.4949192962274582,0.24740518619994734
1258,1258,0.0753624781704715,0.0391180002603596,-0.1010777276814796,-0.0588754049853585,-0.0515846194476825,0.0483636489677738,-0.112053057669227,-0.1305224277757789,-0.0801731914043203,-0.1701189964475387,0.093039729283826,-0.0507276659428776,-0.0535082417573403,0.8261954041136825,1,animal,8.112212472201696,0.3239533633438703,0.03328185011822016,1.142816347532554,0.0553072727310806
1259,1259,0.0093564632771211,-0.3106593147773458,-0.450856075961186,-0.0270335629041441,-0.1997252517536756,-0.0714964793566888,0.0811271655211477,-0.2431751439402038,0.0772818315535268,-0.2724587465583025,0.0183502088559324,0.0768731326588157,-0.0253178123213598,0.7894967445192093,5,clothing accessory,8.124316688723454,0.7059815215405195,-0.049040418726934876,1.3268238880987224,0.0522877053629498
1260,1260,0.1850650266537529,-0.2647995267127801,-0.0130224128863792,0.3113637516170988,-0.0051565417078696,0.1402590933143763,-0.1896508347478522,0.2626697214253881,-0.4118142742772132,0.0627466604512341,-0.1112707219235033,0.0213552322772711,0.0383322832661235,0.7607480755587304,26,vehicle,7.88874824666934,0.7169250802488129,-0.14814423212013195,1.2618065798492826,-0.01808717167247398
1261,1261,0.0306314691367442,-0.2083032609432643,0.0311035008552402,0.2229299082664807,0.1583602071316116,0.2484626518822637,-0.0248790414954656,0.0983780324948087,-0.1462545717631629,-0.1999416035183798,0.1133349969278408,0.1309337558124642,-0.0838184581451186,0.8161111546473484,10,food,8.138864289866023,0.5389653088997352,-0.15317502118133297,1.1157492944102527,-0.07702181798149876
1262,1262,0.0070713697205476,-0.172598280471774,0.0699173361726898,0.2544940058919228,0.1214452203999405,0.2735876328065951,-0.0311017033653504,0.0999159313732432,-0.1582201536127424,-0.1504856354432948,0.1704267304687513,0.1586189013269893,-0.101364476395732,0.8010871553301119,10,food,7.59174638025258,0.5587530529460207,-0.14388989435403243,1.1610058008112223,-0.04145267221643256
1263,1263,0.3265627980954759,0.0148093754494998,0.1977581248840483,-0.1479590432626001,0.0573109027518948,0.0987470391895059,-0.1708400294702331,0.0090043427209855,-0.0942672467145572,0.0389926030632644,0.1511937942981571,-0.0366038827769836,-0.2292357777825073,0.7846570773400042,23,tool,8.359082422521753,0.5452713367701587,0.18343989334096644,1.2274957554424466,0.03163744089071385
1264,1264,0.1259686452750906,0.0819820613300382,-0.3582397009522847,-0.0596634619230198,0.0101157983138159,0.2008893708922446,-0.2856832758454058,-0.0821655938710675,-0.1316427162547465,-0.1961325499634768,0.0917762755106204,-0.0628427362248259,0.0404772674624115,0.7676316549057737,99,,4.104699265715278,0.5942371941813236,0.10116308720327871,1.4216510560743914,0.20182083656580097
1265,1265,0.2370188480964904,-0.1482692766498377,0.0788024687509319,-0.1992137681198002,-0.1046883769439766,0.0741118194107481,-0.1778094056644734,0.0994133832096056,-0.0024272994141139,-0.2038178281773783,0.2354657249096323,0.0623162603201502,-0.1114735928398118,0.8172249848978456,1,animal,5.9538302395192,0.5434247652269498,-0.15817213453617657,1.151513299097092,-0.04344100110933602
1266,1266,0.2335343010665852,-0.1191829241425004,0.0562911544441878,-0.190631818625459,-0.0873528091522299,0.077294312450337,-0.1870009955346411,0.0762790544311739,0.0187126325957917,-0.1755270948285622,0.2334838117486294,0.009088617803541,-0.1222530521522313,0.8188888306950053,1,animal,4.595347024903674,0.5131742781191848,-0.15975057952128696,1.152443646984863,-0.027701113673287203
1267,1267,0.2764687276754314,-0.2781932505925861,-0.0029764730271886,0.0291747645682077,-0.0504737403941302,0.0778847783678736,-0.1277159912716834,0.040137602616383,-0.2886125573428948,-0.2064478600170709,-0.0134821363457741,-0.1064250210588275,0.1151795907791539,0.7095712909048807,1,animal,6.62988644818612,0.5761204956253723,0.2300280998045947,1.1074551348571235,-0.10350580718189106
1268,1268,-0.0642174758838276,-0.2030405227897225,-0.0009286503012179,-0.0307931629911661,0.039272155223595,0.3967042607968247,-0.0290318408683617,0.1667877819591732,-0.3046994687754121,0.0529587660952086,0.1867818475265336,-0.2221687345076309,-0.5051196484659615,0.7936324099082074,12,furniture,6.85831582883587,0.8178720350337169,0.19827170362575552,1.2567999644278225,-0.0725137489556893
1269,1269,0.0739150512369122,0.1458433564086928,-0.1295722023293491,-0.1764302300277262,-0.2295629121484648,0.0169569568047251,-0.2919063674584228,0.2381479740886764,-0.2753618757662039,-0.1634470365768014,0.2175115160590924,-0.3931017511184121,-0.2681061308106053,0.7641595852697995,12,furniture,6.202953169223152,0.8036298869228528,0.10301628270189367,1.233090987221161,-0.08925028783602285
1270,1270,-0.0270912444338536,-0.1401018213308112,0.2628420341638807,0.0602138646947621,0.0925444152151189,0.3400739006230404,0.0504969517495675,-0.2501819017827735,-0.1517109371566576,-0.0493990521722961,0.0351997936538868,-0.0938386527718738,-0.0260323083534714,0.7731748379194421,22,sports equipment,5.071432109459211,0.5644542737832637,-0.018306294644100163,1.2544800403219099,0.049230456686289115
1271,1271,-0.1388291607608484,-0.1416972063022241,0.2119892475856169,-0.0792098479075299,-0.3434019748609573,0.2758149591323903,-0.1697936329783423,0.2095039415855479,-0.2474131125427222,-0.0060614118139423,0.1190904737828198,0.2013700343061842,-0.0934081422375121,0.7552557617464551,99,,4.897701590110136,0.6942574193180426,-0.03326096259042011,1.1677737498509964,-0.10102273834983233
1272,1272,-0.1465941503127942,0.1004145560442563,0.1100834752726775,-0.0228581225290419,-0.0380327147728268,0.1730108773017818,-0.2445864504159865,0.0975656539309419,-0.2469316623537014,0.1522894217289532,0.2261690264259729,-0.0529758385720924,-0.4634908101677284,0.7904342965318576,99,,6.339933033575925,0.7056093436293719,-0.038800358941001756,1.288213361192274,0.0138593832413203
1273,1273,-0.0753636328504525,-0.0007502392747727,0.1559813386650264,0.0340194509521895,-0.2517492949005047,0.3494119365515521,-0.2656078705848611,0.1118648489124445,-0.2336203570058448,0.1349943996266918,0.2772438586991532,0.0725426106508803,-0.1417362554358014,0.7403355243149853,9,electronic device,5.404537338445193,0.6889943019257548,-0.10921521732528561,1.2589906383418699,-0.0072292187822213805
1274,1274,0.1439500950773451,-0.1420696993978056,0.1020591963676332,0.3339301220246553,-0.0027421965497041,0.2694952350467791,-0.20014972861635,-0.0146254751005342,-0.0842050149202921,-0.2338467512829297,0.2216442026908968,0.0516388442671163,0.0684566970891761,0.7975370022930999,10,food,5.126825642394704,0.6276891626304468,-0.11823033756197243,1.1336961699298385,-0.10251091808834611
1275,1275,0.0942418856048854,-0.0805114750546939,-0.1558582923562531,0.1382149777719026,0.1487066930350242,0.0272327893032083,-0.1537166473568877,0.1269811487855763,-0.109446547714537,-0.3129006387785474,-0.1873032786159468,-0.0973203898446293,0.0851640951773321,0.7939746420079332,26,vehicle,4.17749776558897,0.5320330810246245,0.1983932556401461,1.2934038377995436,0.10402649234147487
1276,1276,0.097377888228424,-0.0044843624718644,-0.2097737916764229,0.064777515080511,0.0338867520387817,-0.1083836134605026,-0.148801861484131,-0.1280725478853972,0.0484043414304264,-0.055657679861943,0.1246442029438156,0.2121976943006426,0.0500638904377205,0.7445218737901667,99,,8.240079814202723,0.42149117832655164,-0.04725625306829073,1.2289190234342315,0.09365897777094156
1277,1277,0.1271597853654276,0.0140072794953888,0.2335701203909455,0.0651530480877826,0.1869802269716111,0.1748915081194008,0.0502033308329728,0.1398790819401862,-0.0928916901905186,0.0643326991225226,0.174184584047219,-0.0648664603192303,-0.2957541698465095,0.7769316945849977,99,,7.809191729552866,0.5455152892888414,-0.09776351027007446,1.121659526105088,-0.0743182187374849
1278,1278,0.1808162964208495,-0.198258982203493,0.2223792959131764,-0.1535931854259604,-0.0643002983049239,0.0798715436479426,-0.0946049169492083,0.2576977298285312,0.2247348587223584,0.1071404162648956,-0.00869371572019,0.2860430400179691,-0.1929549163777895,0.7117785106901672,99,,5.769273780360048,0.6418951657123473,-0.10028066751993037,1.1495447665717229,-0.09361706447968587
1279,1279,-0.0881352510585333,0.0324947118874104,-0.452186071036683,-0.0351578804685509,-0.0553204569653191,-0.0691081547011284,0.0112062150982863,-0.2687220971602626,0.1269030325648943,-0.4442353374476676,0.1484535110153022,0.1893562636854804,0.1600986751439772,0.7645179099580872,4,clothing,5.242986984970425,0.7692078542022807,-0.04191485384768057,1.5596264647214115,0.25413696640062877
1280,1280,0.1521186872559439,0.0865245176702606,0.0999697390043916,0.3052043255648873,0.2283020281249031,0.324351780621891,-0.1527554295758466,0.1534004908460388,-0.1200212132297673,-0.1507138172475025,0.309142346665666,0.1955257496905523,0.1750336047385542,0.8184348006880624,10,food,7.4566205209695156,0.7345187949550016,-0.008043997148523996,1.2117815716925284,-0.07672542340491728
1281,1281,0.0964537054596122,0.0742894096543752,0.1171169934807853,0.1138554855900597,-0.0052807146518973,0.1590146223241793,0.1941752946944742,0.0651323329037955,-0.1479465108059871,0.1138959799988453,0.3360344845053309,-0.1738109158992255,-0.2597929031470004,0.7911366846944768,23,tool,7.56325614358281,0.5951837728563557,0.0671708357770806,1.2356467293155993,0.015353099275022819
1282,1282,0.1926965591360423,-0.1037045894460656,0.0633080963221407,-0.1395492568248958,-0.0875772152118738,0.0221947012178479,-0.1469008247931775,0.0797453223319319,-0.0297649828794372,-0.2032266200724471,0.0977333539117515,-0.1193157822934696,-0.1439142415943018,0.8160949920349484,1,animal,7.489884988699979,0.4406318697929222,-0.08636979550268253,1.1739952415528263,0.029364608690633398
1283,1283,0.0358058065170901,-0.2639379682822209,-0.2304624420050862,0.2001261779877091,0.0894775595627713,0.1124452013036146,0.0041128026540502,0.1624854596181563,-0.1315011355028349,-0.0066680282306832,0.1353882952471262,-0.080391351092071,-0.2786272382355487,0.8039954335886622,99,,5.336010497066091,0.5752740536586343,-0.02583304711990797,1.1733258935600694,-0.03722066124157375
1284,1284,0.1354840352157309,0.0041365575049669,-0.014704851616559,0.3609989433784684,0.0722111473102328,0.2612996139244458,-0.2348491778445815,0.0230231510332439,-0.0939671033925072,-0.133783089956287,0.1008999935261534,0.0645084129663127,0.0335254507872553,0.82084238071472,10,food,6.202955258347157,0.5659323953478842,-0.0372252378714617,1.0659167645091907,-0.1400564537472686
1285,1285,0.2736694577145441,-0.0753518163490672,0.0696743711640328,-0.1738857974232271,-0.1594280644707847,0.0090046467677343,-0.1789684951675259,0.101774866152032,-0.0392885934359185,-0.1366856394464052,0.2297722438768485,0.0068052000204653,-0.1371617863810459,0.803736152059323,1,animal,4.6374793055063055,0.5248155885207698,-0.1206203248709602,1.1897920515835232,0.003948128258276951
1286,1286,0.1699061883208708,-0.1339696344497506,0.3952473153906484,0.1071958442657479,0.0446706655544474,0.1386731779554653,0.0689710334068918,0.0893147466748763,-0.2676556059723387,0.1911302206749005,0.2078532620588297,-0.0489721119136394,-0.26812496518125,0.779475867951587,23,tool,5.839083972808022,0.6885853172372517,-0.1318914305348602,1.3225484514775065,0.0565288183993109
1287,1287,0.0389708361527365,0.2004407872901604,-0.0762580917414283,0.072219299000015,0.0834343192061293,0.0333884855783889,0.1776560235770529,-0.4133996937563211,-0.1617119081995612,-0.2166304542097758,0.0393792074708046,-0.1127370278068571,0.2077831936238566,0.8041919968409655,24,toy,6.436595027401739,0.6275164659215233,-0.14252655764679067,1.3247863309913301,0.08866378900810856
1288,1288,0.0897050905146461,-0.1699224310784382,0.1846512752399423,-0.1077645723342366,-0.0899325229286275,-0.1006461990777007,-0.2137225985564627,0.10097555961868,-0.1758945531938791,-0.1237162486279069,0.2095388460884344,0.0161795545951763,-0.0499839231698734,0.8522403455245203,1,animal,5.562751739861387,0.4996320283862447,0.021788800274143982,1.1869924302198314,0.013477463068085838
1289,1289,-0.0224392330127705,-0.1329165570278221,0.0177440786228995,0.2806263974220152,0.1262858646728242,0.2206492588792827,-0.0588241914861803,0.0913414178192221,-0.1806134297748454,-0.1744356396831464,0.0431610671460812,0.0496034869857266,-0.0126937756345348,0.8255144569744737,10,food,4.834942356757785,0.49112893594740203,-0.1414175889582563,1.1659549376056393,-0.003397224388387521
1290,1290,0.283961629302597,-0.0416846788292547,0.1196400261195117,0.1046680060863362,-0.0159761336396366,0.0219390313573559,0.0762775617529854,-0.0920854557264003,0.1398047615382013,0.0971705164366292,0.1755337592961429,0.0617576433171619,-0.3369366445450175,0.8205272691472949,23,tool,5.530727788294837,0.5475540087067543,0.0038086668226930964,1.1554902220355354,-0.04148560577144944
1291,1291,0.1889983789695269,0.1799930441224135,0.0991094602095373,0.1009257719084657,-0.0959404954759323,-0.0013164248971484,0.0568733269447397,0.0003591354762556,-0.2053898026816621,0.0681955971217907,0.1847807193449953,0.0712384670554035,-0.2910464157157378,0.8045783081233444,27,weapon,5.724277918753957,0.5208935166711943,0.12081429256927478,1.1941119656698975,0.010188146241178808
1292,1292,0.0055260949789955,-0.1204149821693595,0.0212531390507797,0.2063310812889438,0.0592390490152939,0.2210232393776517,-0.0330132767632776,0.2043742344239791,-0.2741934158954172,-0.1392200405219401,0.1757143850860265,0.0750097131554854,-0.1147562851776482,0.8413940364167253,10,food,6.252553278080539,0.544985334003709,-0.06369619366169488,1.189564277192226,-0.006154020794961523
1293,1293,-0.1754890185387741,-0.0757610147243854,-0.1316766836966183,0.17888742359483,-0.318963364956306,0.187719430845162,0.0814493897988615,0.0298138974680383,-0.2345018339826177,-0.287005619980461,0.1589452256376785,0.0281177857013384,-0.0169736898210127,0.6884963444414663,20,part of car,6.551321209099794,0.6277581601420309,0.3564270874717578,1.2368919730858743,0.0006511063925598304
1294,1294,0.1038643270075882,-0.3074862270564927,-0.2527679560040868,0.0777712627025974,0.1812203513573643,0.1021826418458572,-0.151293083203909,-0.0383417077464262,-0.0575375831537238,-0.1085764590043165,0.4477786955570492,-0.2345488742172509,-0.0081220954794547,0.7618304791269909,12,furniture,7.366644703617848,0.7166601026353963,-0.05761638726215568,1.126726114756964,-0.1530379133513704
1295,1295,-0.006610687838425,0.1204699005572878,0.3209634199551207,-0.0650540388936233,-0.2917725733072028,0.3868508947279713,-0.051535039993559,-0.1701082122308777,-0.2399440575618851,-0.2024583147878694,0.1623951036013718,-0.0083836803769074,0.0119255777511576,0.7720378279187652,99,,6.058069111215308,0.7164711799663465,0.02765413423192875,1.2382047941207317,-0.041466744312018466
1296,1296,0.1046815396143379,-0.0408521126467419,0.3513318413607961,-0.108756818734001,-0.2844840855765296,0.4239407024136874,0.0404673933184055,-0.0009071107400873,-0.1581119910412615,-0.1456780783682825,0.171287851966639,-0.0570772021887854,0.0082512540665983,0.7330505849520613,9,electronic device,6.286863670834345,0.6993364696359458,0.12629319615072998,1.310191193305383,0.03890818658064665
1297,1297,0.1922387235369784,0.0989063290413629,0.5085688516024631,-0.1644656042669172,0.2615142476280437,0.2273613233379951,0.1140167559574974,-0.1687822847331387,-0.0771236341317342,-0.0331565699498187,-0.007637223125496,-0.3588032942658961,-0.1342765126885064,0.7597018405001211,18,musical instrument,4.579464066661101,0.8049070008301635,0.08750374144629014,1.256505353843515,-0.0664611497876948
1298,1298,0.1630065980823688,-0.1761643778752758,-0.2872368250703897,-0.0667897677321554,-0.0379981140929375,0.2759148203873537,-0.1867775717049297,-0.1021968512596746,0.053732058559243,-0.2427808215890891,-0.1187572054115351,-0.1761619636580685,0.0414901224482474,0.798105234009782,99,,5.035030154874875,0.6133198278797714,-0.13282502112916705,1.1667637628660616,-0.062408620867379305
1299,1299,0.0155046462026767,0.1047425263142088,0.2299914490434061,-0.0725198594430568,-0.2749029739791723,0.4221915519160892,-0.1568411768677789,0.0258580711432612,-0.4732945997689147,-0.249270051335376,0.1056719468898129,-0.1827790527910043,-0.1475947695917697,0.7260128690616497,99,,6.446692237253945,0.8372299737278727,-0.03028035538350382,1.2088658577607698,-0.12992479917221145
1300,1300,0.089590868980774,-0.2534778382705397,0.0902978438608999,0.3189970583256586,-0.1257276081078181,-0.056747135345075,-0.0557348567305319,0.2289241891465174,-0.1055356491500663,-0.0162286813757022,0.1457571182296555,0.104106853229465,-0.3729005935923695,0.8193330865426502,9,electronic device,7.2192529015107105,0.662774516719791,0.031364203730242846,1.173568717421043,-0.07981488537855497
1301,1301,0.2200840118492603,-0.2719440916545044,0.0818756526210344,-0.1308033589236207,-0.1350060043100587,-0.1029058610800541,-0.0658163952343883,0.192507183833138,-0.1276154311988712,-0.2047204875747151,0.0438960570172558,-0.1316247524985473,-0.1116829225208337,0.7325105511194564,1,animal,5.615085220419508,0.5534726229872206,-0.12909582577765338,1.1262961252010715,-0.07357724114621234
1302,1302,0.1919341891697209,0.1434258825146035,0.0179706801913294,0.0880325646637517,-0.1932283518444851,0.2381209621482558,-0.0525605203237452,0.1124398931797551,-0.4085304386581682,-0.0102066883076844,0.2829835268117848,-0.1373807219081375,0.0657823425919194,0.798864391645433,9,electronic device,6.06912444294461,0.6672392918385696,-0.0666288709316657,1.3201280977014231,0.0645587032000201
1303,1303,0.0928869591580013,-0.1029768100594215,-0.2427665565402875,0.0317283156642227,0.0143328950915683,-0.0057497502464604,0.0743834249101309,-0.3523626263082543,-0.0573101748314293,-0.1402177051735293,0.0504744831380202,-0.2110023082052756,0.0666568058021362,0.8173635895555024,99,,5.05421552162956,0.5325068465943452,-0.03032700747035122,1.1685626564994978,-0.021046627370550963
1304,1304,0.1451157116504387,0.0058192345068859,0.3685822150642611,-0.0177236465854563,0.2314059363313874,-0.087300777296314,0.0798416223577799,0.1931720534610858,-0.3012398504052485,0.1368649357485259,0.0685612079674224,0.1543589740899411,-0.413392531836665,0.8568289237390204,27,weapon,5.104450647816135,0.7556572276906166,-0.11371137305224233,1.4316731413679094,0.13281753752008285
1305,1305,0.0332468969979816,-0.3636536173425137,0.1030732463348193,-0.0494169118264599,-0.1465997815460883,0.3473877838509429,-0.0885558789344693,0.1914639360292549,-0.1256808729331701,-0.0945793288428553,0.0677304331850888,0.0478330102046199,-0.319759685131706,0.77997013969769,99,,6.624510219868311,0.6833362141789829,-0.07572818332081566,1.1543525906312224,-0.10909727227905863
1306,1306,0.2322122014442808,-0.1290030969269117,0.1009460930076329,-0.1105856919145957,-0.141545251788431,0.0047176162539095,-0.2148841185038486,0.1548039532383828,-0.0279328169719874,-0.1554037149394886,0.1831529103273,-0.0630236659471147,-0.1591136488285948,0.8554656556180947,1,animal,4.640073489263805,0.5205238305320451,-0.1445402329551045,1.1728020856981516,-0.01094074882679763
1307,1307,0.118410777781826,-0.0813610120647237,0.0046170311085166,0.1610013611438441,0.0970990322294293,0.250806663983508,-0.1097522137913991,0.1502269475474324,0.0005381305190416,-0.0441700387398435,0.263379007765698,0.0711096499960254,-0.082577599770618,0.7880571970660407,10,food,8.149460825910237,0.48654372542485086,-0.08668289212480829,1.1219011213893186,-0.04520628810439331
1308,1308,0.0156337691484346,0.0899614010001431,-0.11271450850612,-0.015341868321307,-0.0596298848141041,0.1073946563197131,-0.4821766649210677,-0.3056873325636911,-0.2108350805789927,-0.1142474025554012,-0.0907512064710357,0.14601174441946,0.1379116718996215,0.7900271002710028,99,,4.492825360861614,0.6843862644999955,0.15609939882549329,1.4971266322417456,0.23316270284052432
1309,1309,-0.0549465486004735,-0.1099407512740848,0.1984944557931185,0.3390847124727382,-0.006126467982312,0.1412474665413464,-0.0971242816376428,-0.0467704003085885,-0.121396440861129,-0.0497163548764249,0.0455016598178718,0.2651382538651186,-0.144182853101886,0.8286313620970458,10,food,5.410860369117947,0.5580858013634236,-0.0983815817482937,1.1212383240663375,-0.08089348682639308
1310,1310,0.2612067082361015,-0.3701266815146589,-0.160063671654676,0.1758061770481804,0.0026586523559218,0.1173248581150168,0.0767527022580835,0.2913573132581227,-0.2700578286557453,-0.008757037700386,0.0020771110541525,-0.1495241251001914,0.0603844100817722,0.7717167461687761,26,vehicle,6.485472978197149,0.6821430345691499,0.054368942231369455,1.20142267629631,-0.061443049222825286
1311,1311,0.1921676603710608,-0.0690031975571188,0.4602072028166247,-0.0788795124235995,0.2891935572955116,-0.0876413754659164,0.1553739246964001,0.2604356180178117,-0.2574617976813211,0.1050514358539621,-0.0171081421481192,0.0186276172327362,-0.3905125350632842,0.8277584363886868,27,weapon,4.773370994543284,0.8206377324898678,-0.14960110677711846,1.3664334174889656,0.035765719103178384
1312,1312,0.0457166936195256,-0.2167891395421287,0.2633949584986697,0.1843051195339382,-0.2079487326099028,0.2763619461668125,-0.1377856458283088,-0.0471944381614446,-0.2290676769745319,-0.0305931093576558,-0.0437563678609714,0.1187392129349284,-0.1116178203218663,0.7357918671333076,20,part of car,5.859207966655327,0.6124897757722966,-0.039065958125400924,1.1157328931986004,-0.11303312717715364
1313,1313,0.1992302811370528,-0.144233250920429,0.1953003814310029,-0.0720106167826425,-0.0660875467628502,0.2967552633737214,0.0846521422185028,-0.1291631427470702,0.0948969563245299,-0.0782893554877271,0.1187687267236593,0.1133598706714682,0.1557274763775125,0.7720713959356601,99,,7.645571695819619,0.5352067165503626,0.13309116173243551,1.384858778099792,0.19392773598015212
1314,1314,0.0718060474746109,-0.0808513539207454,-0.0932149447898919,-0.0776311083323473,0.1204324914386052,0.4185271094893634,-0.1665333762174672,0.091544912365857,-0.1754032496810401,-0.1748171096484126,0.1610911945582622,-0.3590521501300575,-0.2109427049136542,0.8151506328902813,99,,5.152463868245755,0.7161594749788177,-0.11265458724965538,1.1414577933635202,-0.13806114563095462
1315,1315,0.1537909640283175,-0.106326359820503,-0.1011770536241574,0.0379771409346279,-0.1035942517435586,0.3464609023013397,0.0175350270186766,0.2654716329532453,-0.1573530564944016,0.0121745477667477,-0.1542630860738112,-0.0025742543200504,-0.0173120125785128,0.7681021855765117,99,,5.949700334517849,0.5451579972884386,-0.022999811706003292,1.1835067896506508,-0.012296038008228427
1316,1316,0.2533774522562254,-0.2227617667948008,-0.1291174673651129,0.2983456366569084,-0.1661951938527602,0.1553498878040309,-0.0593107392755285,0.3429412921951786,-0.3200011101625419,0.1280574670428692,-0.0635994234855126,-0.0870500375655509,-0.1469001671002394,0.7561816331195221,26,vehicle,7.836204810926564,0.7378258475462964,-0.09857338789926773,1.2226864711999903,-0.06743953670754799
1317,1317,-0.0236698446856533,-0.133019669103712,-0.4628311226257472,0.2194364288692394,-0.1399971662091947,-0.2189603399418307,0.0583906313795095,-0.2941135238590638,0.1051094748252353,-0.2886079755741292,0.1064525641380482,0.1249638021800361,0.0304180448952221,0.8191010592968233,4,clothing,4.964168563978711,0.7485255366723818,-0.010038460192822174,1.559600965906716,0.26423677890134867
1318,1318,0.30892587587726,0.0882791200932935,-0.0878528570933335,-0.0096910284646971,0.0539084052020908,0.3149990237175038,-0.1102126814145205,0.0268578195602795,-0.5173936497482856,-0.0293047352932197,-0.1183222754821492,-0.0365504349474836,0.1765342464075691,0.8137344781096785,24,toy,5.560247949604936,0.7355912660635235,-0.1698443312457858,1.2286687249600445,-0.06036331303140341
1319,1319,-0.0430277780744025,-0.0056794746720159,0.2123620238722205,0.0150797220068146,-0.0958620183053762,0.2922009497866033,-0.0854404708944028,0.3188942439725719,0.2945096522298044,-0.118933431815673,-0.0751329565498127,-0.021071124680215,0.1670356961299912,0.7544438607711784,99,,5.569037170603639,0.6210025616127175,-0.07089826329459314,1.2171379701080638,-0.015795600962679623
1320,1320,-0.0324703738184834,-0.0817640815752004,0.2133167136931925,-0.0950234543704454,0.0730616038398096,-0.1885007645761374,-0.0175850944077992,0.3646388351302984,-0.1420126474822171,0.060568604206355,-0.3393757287103511,0.1621409198721461,-0.1062707790558252,0.7500686046005871,26,vehicle,7.356623474080079,0.6426582363443757,0.2631422387153003,1.4474348861230097,0.2038994834109895
1321,1321,0.1019571723360156,-0.2627887504438157,-0.2133409064063531,0.0556367580845964,0.1892815509123461,0.2405654837032313,-0.0634352899093729,0.316433683720397,-0.021741792328043,0.097038718648727,0.2504119773844999,-0.3608198517222283,-0.0855971858612067,0.7887351423754226,12,furniture,3.9735184493560247,0.7321405423164135,-0.1713408002158614,1.1090808010963504,-0.1782618879064033
1322,1322,0.3723057469171311,-0.2705249823025576,0.0466886776484909,-0.1721227449024333,0.1894977231907779,0.2504602041358424,-0.1040198622483681,0.1714594102569182,-0.254652066572024,-0.0319042825686947,0.0096590657094015,-0.1084692601442139,-0.0330071902149375,0.7703711348209364,24,toy,5.291028025446082,0.6791711713823205,0.03684422149159605,1.1262629580334258,-0.13514785123128248
1323,1323,-0.1353683618352527,-0.2209609090713094,0.0641835713626476,0.2889453554244222,0.130646509760383,0.1808720851178221,0.0496785165023816,-0.0219501238850271,-0.0529168685212249,-0.1841051048206717,0.1180352664545132,0.0479739528440955,-0.0382253146671271,0.8106287655997333,10,food,5.505385305163862,0.5117422536401235,-0.0036932797774258397,1.1863797752055167,0.006936081709730368
1324,1324,0.2024564406827696,-0.1691665099123346,0.113520687914517,0.1509394200705511,-0.0585164244321109,0.2988371542443451,-0.0052750057660788,0.3195241515698503,-0.05799203158856,0.1303469743695738,0.2250644843110847,-0.0651501218027237,-0.0889883223295593,0.750302413921946,99,,5.800813543142916,0.6191104835232094,-0.037272162794534935,1.156281817907331,-0.07572546046620121
1325,1325,0.0413525321242458,-0.265469658360493,-0.0379687249239054,0.2791890029635099,0.1800454815979878,0.3301108559188738,-0.1042744841964399,0.1502316364923449,-0.3273449706269702,-0.1489725987999812,-0.3230972462038514,-0.1575072531874981,-0.0913025931637839,0.8005844956724667,99,,5.076371097435833,0.770252331373155,0.16287659140262645,1.3763478425169542,0.07034700611707767
1326,1326,0.0266795655273439,-0.214817871557064,-0.1244279916537066,0.3360172111436267,0.0680398727193118,0.1436593476551339,0.0634372998748213,-0.0632196874471904,-0.336772614646087,-0.1353985099272028,0.0450515800288416,-0.0277275172828706,0.3725300813059729,0.7856556478022582,22,sports equipment,4.938031711316059,0.6941631888937271,-0.07823377910495632,1.1900212338679246,-0.07872912254036213
1327,1327,-0.0134753223725086,-0.230684086564486,-0.1452404173286173,0.2082891489335196,0.1605589844305989,0.2996676012498183,-0.0458732483950466,-0.1437939094469516,-0.2598680347822896,-0.0617774834154059,0.0699189530733878,0.0377778084599064,0.3699966763698808,0.819986711400868,22,sports equipment,5.3245300908384365,0.6861472136672659,-0.021516128357731756,1.261280099108159,-0.0035459270335971294
1328,1328,0.2815526560359144,-0.026663852525386,0.2673009923132116,0.0617044270273166,0.2491158849002481,0.1277431785709911,0.0248378896184852,0.0583420594821706,-0.0849787955750729,0.0406203772179133,0.0866933686083974,-0.3191912866135654,-0.3246023495760541,0.7665868176538909,16,kitchen tool,5.1909278671644845,0.6791721358454355,0.05372078679891479,1.1532376787966476,-0.10817360263416465
1329,1329,0.0456462756928987,-0.1308597211273687,-0.0487390382933614,0.2743162418669382,-0.101964781822243,0.1165021588176102,-0.3010543694672458,0.3295919127746771,-0.4075193559700367,0.0489267272798398,0.1004077566896273,-0.024140949323916,-0.3028769061363227,0.7056277471114994,20,part of car,7.015247412419693,0.7687207874305879,0.03333095756692439,1.2714413532228006,-0.03380969490072294
1330,1330,0.3149485202153772,-0.0718652144405718,0.0983846726338125,-0.0575702033777601,-0.1441167304069313,0.0466574420248651,-0.241604903342843,0.1197061272918771,-0.0580166395857765,-0.2511118092602314,0.0964850525894837,-0.0829275319351289,-0.1020487772597276,0.826774787754449,1,animal,6.7950398637337015,0.5531938645300589,-0.07589317232063464,1.1740967137239413,-0.025640182609453444
1331,1331,0.0023777362945872,0.0574856709695865,-0.0354069758357664,0.0678065275907631,0.058599939048792,0.225401070353769,-0.2673075996204633,0.2838289985499232,0.0582217032621037,0.0181703665351041,0.2635465147485133,0.0449808440401462,-0.0033632158353233,0.8057412406997675,99,,2.945886980733037,0.5390962489783085,-0.025816852883208563,1.2782306327616846,0.08539541686425478
1332,1332,-0.2617679255023836,-0.0493228578105649,0.0891905768459535,0.2597074264585034,0.0596578858748117,-0.0396720475420823,-0.1568065920679259,-0.0200505508087269,-0.309768044708578,0.0521666220447019,0.0712553405368917,0.0355562029531931,-0.1115328394602916,0.7778407432282222,23,tool,4.588291087280171,0.5421624327328866,0.331424122531325,1.323488671362426,0.12915236328707702
1333,1333,0.1209801597567454,-0.0993074005931845,0.1483693277891935,0.103519763270375,0.1050147120291053,0.2986383483179968,0.116539958693377,-0.1636061726961037,-0.1716672219320845,-0.1357578274377462,0.166020595021337,0.0955188891997885,0.0185008983672778,0.7862794140932857,99,,5.178836364944849,0.531712567493741,0.07931676017114375,1.365079808835596,0.17585937515863237
1334,1334,0.2206250995749525,-0.135263363284129,-0.2386932026600232,0.03615553979306,-0.0250583377684455,0.2729626258774295,-0.1814337780166087,-0.1355865421908735,0.181226654435668,-0.1696058250266947,0.1067992167122759,0.1955321249115685,0.1614043466869443,0.7510337946681676,21,plant,5.548287762422147,0.6236915949110217,0.238405584082775,1.1689975331820832,-0.06525249090430929
1335,1335,0.1626571691290418,-0.1281721631763395,0.235322645302798,-0.1236337748731808,-0.165368457849993,0.4937702035997928,-0.1098853444806007,-0.0547214132487743,-0.1381418303083705,-0.1367529249727258,-0.0845056179083761,-0.1082326007925774,0.0102783038903736,0.7843519968138872,99,,5.119190520515291,0.675661265140389,-0.044762467171736375,1.1830009468020637,-0.07669153987446742
1336,1336,0.1816387576545689,0.0820830270659311,0.0715388477614777,0.1025760100121949,-0.3951094058641898,0.146679179591476,-0.148938983372253,0.1801463942569666,-0.4268207731509243,0.0071385998268291,0.2531675767077965,-0.0929486313182277,-0.0886753095437067,0.7520168764389463,9,electronic device,7.237511498090441,0.7419266723381321,-0.1500969255773984,1.326198273344342,0.034064650593482515
1337,1337,-0.0787641900856133,0.0295883045555423,0.3247728834547957,0.0044135184104642,-0.1527415554179447,0.1110910876723179,0.0596085762025656,0.0371461852736305,-0.1247019635911382,-0.0331073862360165,-0.0170256441723208,-0.0305204985764115,-0.0326894784195842,0.7828880656143173,19,office supply,4.567779922731769,0.4148699295763115,0.17298243698220062,1.1321374184780824,0.00011889566618794589
1338,1338,0.1953966998527144,-0.2449938685867111,0.0621791458632874,-0.1565518145085845,-0.3541258840659851,0.2931794033021146,-0.089297297181254,-0.0616608875141524,0.2273885435375306,-0.181379463707516,-0.2222437665058235,-0.0322524220800802,0.2662642007593618,0.8050328105121073,99,,8.388435398221148,0.7454160945789514,0.277874450699948,1.5596573053286271,0.26581538821239215
1339,1339,0.1460062104213187,-0.265691668800652,0.0392721685116788,0.1280338388461286,0.1060911297110293,-0.0225002772900549,-0.1494330728416711,0.3281028670772498,-0.116365683646135,-0.1119829240807272,0.0053927795080198,-0.3193032741618028,-0.1294813958048985,0.6991942653097154,99,,4.579739981803498,0.6296176703544937,-0.13610392122260384,1.0875448565539456,-0.14960635878710438
1340,1340,0.0137431145459091,0.0095010549953729,-0.2472531537992667,0.0083748839929162,-0.025263382567891,0.1597402052601662,-0.3194718640801986,0.0864087634535715,-0.0110306234988479,-0.0885206816412669,0.2093885992369173,-0.0595083847904382,-0.0801512113486385,0.7947967229386889,13,home decor,4.523035364353473,0.5088555372296117,0.05265379149104521,1.439944723041066,0.2619142610312337
1341,1341,0.1026552249223406,0.0054367602231598,0.183607532247322,-0.1408607746586838,-0.1115084845265049,0.0079123233470168,0.0020669796323776,0.150157965544474,-0.3177349479146673,0.1390274530961867,0.1424264124479961,-0.3434866753086163,-0.2827124131035736,0.7936604753332315,23,tool,4.098820378357837,0.6615499896042217,-0.021932076605151396,1.1324468534930328,-0.1203372653154029
1342,1342,-0.082735138013576,0.1908759898953815,0.0088081552693652,0.0763672802390093,-0.0167381823533389,0.143120505314751,-0.2492223471495668,0.3768538403583101,0.1151931636985921,0.2044992995696217,0.0231582349543643,-0.0025994235725039,-0.0289611743117351,0.7251829611283157,99,,5.882252054314853,0.5749380590347025,-0.04091730828039797,1.2486873209831857,0.03830525694340703
1343,1343,0.2344172436733608,-0.3630364985173413,-0.0896938266997803,0.1221730932368304,0.0201308652839953,0.0304874790343515,-0.0417556878284994,0.0836949791471534,-0.2076003867351286,-0.2735570689977288,0.03097347571603,-0.175244872994972,0.081228038181655,0.7927116473181448,22,sports equipment,3.727209474790559,0.6131890591234302,-0.030370519553894693,1.0112106814763697,-0.21789768262453402
1344,1344,0.2430197234314898,-0.009918927209448,0.2348635893929621,-0.0327373175766924,0.0738986335313312,0.2146203027370653,-0.0946127553779934,-0.0574344755761687,-0.372768237746548,0.0440633267665325,0.2181889697367267,-0.0889543100943895,-0.1416238397921913,0.8037270629747195,99,,4.879536402943873,0.6289969214257481,-0.2337680010319938,1.0272109616057594,-0.20963635761034372
1345,1345,0.0324311560029843,0.095592613614768,0.2233761608135114,0.332725964318707,-0.100289156330921,0.1891060572114892,-0.1985682789606348,-0.0191276438660128,0.0122626218366158,0.0488319775339576,0.0997677459938374,0.1009493013135327,0.0082201167880562,0.8098432606420529,10,food,3.530269772622168,0.5283505625533687,0.07976821151105784,1.057071329016082,-0.13050318917698944
1346,1346,-0.1358438906607906,-0.1683786693485604,-0.1151012704376718,0.2078573682061994,0.1719476912801918,-0.0542532280622676,-0.1503437601896506,0.2077820023167773,0.0115818250406572,-0.3327701989648898,-0.2987722650735792,-0.0735853325369339,-0.1503577610689357,0.6846525223241796,99,,5.164867584188627,0.6555159973240618,-0.016646189387770294,1.2645859677401166,0.014755872349177857
1347,1347,-0.0478977918230099,-0.1162794721902538,-0.1232788890990701,0.2273100784162048,0.1514935369107089,-0.116967188664741,-0.2553892676255972,0.3259026998904,0.0233956822526261,-0.3196153550796468,-0.3296866543737837,0.0064173109085093,-0.0876244814006515,0.6855126402623194,26,vehicle,4.262328532350006,0.714047889128208,0.17943966056535288,1.4427301206612586,0.16424493738955226
1348,1348,-0.0676928551087157,-0.1934662129700876,0.0504757429005937,0.2042086713187043,0.1791283629298544,0.3425181468853567,-0.1693981090723478,-0.0026567915636519,-0.0871370937093034,-0.030092248850985,0.3130440841387861,0.3122890214060169,-0.0017712737519195,0.7193780832289725,10,food,4.1203244492209565,0.6843913317423148,-0.06494845787052816,1.2030558456196199,-0.06091056451935817
1349,1349,0.0437800835838723,-0.1357780910522085,0.1985586919273711,0.144179276973766,-0.0051501792482609,0.277477386559915,-0.004991328573622,0.0925083971486713,-0.0557382536725529,-0.1832597852757531,0.0409208634816049,-0.0082364439250789,-0.0477143541401536,0.8592781790310674,10,food,6.070673193866758,0.4548389413503853,0.01622193893632029,1.0373332562813937,-0.11425264270084323
1350,1350,0.1506647375144413,-0.1843116498629176,0.194918990970639,0.3020478444278388,0.0545227008678234,0.1371862883367247,-0.0302081100884753,0.0025622758189784,-0.0149110735555188,-0.0694742221210649,-0.0179591890333566,0.0894099343362717,-0.1648190492251391,0.8148595133471578,6,container,8.324717817539456,0.49913911290356466,-0.12065984766749005,1.0941303288109636,-0.07914332482709519
1351,1351,-0.2422798583054005,0.279392110364885,0.0527319313544158,0.1697053144945535,0.0002359327934602,0.215826271012466,-0.1674934688159149,0.3585752592989393,0.2688130119678028,0.2239847887167149,-0.1685131934620831,-0.1523802520563882,0.1449175960425975,0.7936224575276475,99,,6.829096066037337,0.7527273830792971,0.0921594139184525,1.4480034533326562,0.1505821949711379
1352,1352,0.032123482937516,-0.0460964392220107,-0.3891514366348489,0.2954914096054243,0.111899181647327,0.1031864500736877,0.2195546874771039,-0.2035076199067788,-0.1705162966026107,-0.1901287979556094,0.3073358977744925,0.0452320577327125,0.3912406133309708,0.7751206240363478,4,clothing,5.527596722120789,0.8182264808610707,0.006928627358142814,1.335257524697194,0.005770287512917527
1353,1353,0.0037769407747099,-0.0452762090070715,-0.2103497192570235,0.0761098678132035,0.1097680477950636,-0.0734470639557095,-0.0644635366112686,0.0572848051960844,0.0316892498432107,-0.2005120933646041,0.0308328172083827,-0.0337384963963612,-0.1069220383604866,0.7738984158425772,6,container,5.513755372016465,0.36292573333575295,0.21099503521914476,1.3400966236188454,0.23350809225758806
1354,1354,0.0837593838147993,0.0326504889739151,-0.141133974115516,0.0931229106174696,0.1121665316268749,0.1406236673456667,-0.1408030231214054,0.3339736032860167,0.0352276716275151,0.0676061515242178,-0.0785314854587792,-0.1983876268553273,0.039516732145627,0.8131095548022012,99,,6.641361512480757,0.5032798098225588,-0.052596722133044116,1.2347435397809918,0.05944275135462962
1355,1355,-0.011224912096009,-0.0176751252128243,-0.1754978070741536,0.001909274002709,0.2632065171788831,0.3893963912736397,-0.0908575854154191,0.3206963692708508,0.1881241926055748,-0.080640423620774,-0.2780711397143592,-0.025218116225415,-0.0203084854148737,0.7810525655569617,99,,6.667899523662728,0.6953528263438556,-0.011730665051864486,1.3209634327229434,0.051630673036222596
1356,1356,-0.0756441045970999,0.1009134275148907,-0.0521983003669318,0.0665587428029961,-0.1370370446366606,-0.0845531315084514,-0.1094627204031319,-0.0265987665921315,-0.0168220280245108,-0.0284382346061414,0.2370229895485369,-0.1911011105413656,-0.2118879540935312,0.7735441451904866,23,tool,6.231363015664803,0.44762260369613516,0.5008001566930944,1.329754599752175,0.18170155753034756
1357,1357,-0.1096716493786958,-0.0808203584962763,0.0337620018839178,0.2598076000397473,0.1119436469410899,0.2783249741717691,-0.1083597333910464,0.0788117611140999,-0.1488294507174192,-0.0639406008462223,0.0610672896828984,0.1257952013161562,-0.1608693975340604,0.7874460384858332,10,food,6.532040748460945,0.5165463920375291,-0.1125823068084737,1.1019334198779258,-0.07986220525249244
1358,1358,0.0911678781565416,0.0060878279203721,0.0344241918124897,-0.1453129330945281,0.0817733468941719,0.278150972657955,0.0515991251799252,0.2722259215086877,0.1210422039325797,0.0608960609429706,-0.0183059125985594,0.1620679722158781,-0.2313446240221199,0.8068716683045952,6,container,4.425637141297174,0.5384745096712152,-0.012046636085431217,1.1885349700901466,-0.003995864829075657
1359,1359,0.074440930408886,-0.0207248335409293,0.1098182189325603,0.0378544648951096,0.1997978974539756,0.0020693128913202,-0.3602767596206272,0.3596424180718628,-0.1964658140038622,-0.3232088319998928,0.1481897680326621,-0.0494030705756937,-0.0602849029273395,0.7974470456894256,1,animal,4.63045021130548,0.699733786705642,0.11253467004436835,1.2807054616544038,0.009227942926078647
1360,1360,-0.0878206842178988,-0.0617758284410675,0.1313930672843519,0.0561389894577783,-0.0871160564060597,0.2115635719569822,-0.1508272653896721,0.4770440488322516,-0.1458148486647799,-0.1995456524617128,-0.214929760701836,0.1495714068707286,-0.1339635540822005,0.6988164105542155,99,,4.062286023817309,0.6944103755823509,0.10490661041997185,1.3499378154955133,0.08106644546427444
1361,1361,-0.0068416070535561,-0.075092805933636,0.2212544285794963,0.0767345225680963,-0.2721888407646521,0.2849582122086321,0.1174734968140824,0.1541882952485578,-0.1099420830696958,-0.2010350088178229,-0.0923979414325969,0.023153943094422,-0.2169410756696231,0.724115518627714,99,,4.731260823777794,0.6016882067747091,-0.08608288189612812,1.1293953484286945,-0.09408261616523506
1362,1362,0.2371767310858631,-0.0771959203048136,0.0879208621993883,0.2312983281510978,-0.0514958242491494,0.1533186561364618,-0.1143288594099318,0.1055434817759375,0.0141399149131796,-0.0689350588966877,-0.1135339036098791,0.0645259249178926,-0.2023117534041675,0.8039971462190243,10,food,4.757296211109471,0.48656502004288227,0.06559743101162074,1.1341242231354889,-0.03299361142962032
1363,1363,0.0163405622783043,-0.2618763698670837,0.2340292430039184,0.2088680346769033,-0.1828635780069767,0.061749480233734,-0.0358096283338887,-0.143523497541941,0.0270365085604471,-0.2016325990205878,0.0638138294302769,0.2529449670895864,-0.3533687483655143,0.7037836277449153,99,,6.86093966012363,0.6787375863812902,-0.009889511314566946,1.1477495914431812,-0.11344895035629832
1364,1364,-0.0783611003403775,-0.0764973073563356,0.1337322254043057,0.3911073899998773,0.1621472814874966,0.0989171307300772,-0.2481693704211836,0.063081112042818,-0.0823727526542917,0.0360511652488981,0.1027909765662432,0.1679534811140023,-0.0241246371973263,0.8526334468691534,10,food,3.8101053553010593,0.5761306389684504,-0.013688502403321978,1.1689413393704169,-0.04202456848088154
1365,1365,-0.0405293326138496,-0.0856454950989427,0.1193824738287534,0.1583373017456323,0.1610388331413068,0.1310668573880245,-0.0567961625472057,0.1067095322070382,-0.2912197282245639,-0.2261745675902838,0.0466444269760031,-0.118312478907127,-0.277483291751939,0.8728133764160778,10,food,3.7244278795172634,0.5789298719273768,-0.04719377225854826,1.1110450800134561,-0.1012912306039988
1366,1366,0.2401910387978853,-0.0605027024512898,0.28251867100634,0.1043397381964225,0.0685936370779131,0.0524253971982562,0.1371962086063085,0.2257285565293294,-0.2141884282553733,0.2437549940596078,0.2976527198428188,-0.0655592880382436,-0.3422799302754793,0.7818551268302222,23,tool,4.442901124411465,0.7379901593106357,-0.1488906108478082,1.3155835875479964,0.02537713856975521
1367,1367,0.2048942259172696,-0.16524255907443,-0.0081036498298969,0.1150399873950182,0.0440875577435581,0.1250324563146067,0.1066787094828623,0.3163434187294793,-0.1213682690140201,0.2037101326209116,0.353814116751265,-0.3173350550238486,-0.4063258534281939,0.7284178727776288,23,tool,4.863005886382244,0.8116844761813916,0.014434224109672655,1.241958633506527,-0.084325875844522
1368,1368,0.1739128855557888,-0.0842942590654848,0.4096755249385135,-0.1549384760088008,0.1610035643548613,0.4879030684499751,0.0160925174237394,-0.001215438603789,-0.0805362706847441,-0.0549860190601126,0.1067206552711208,-0.0325182560731429,0.0440150213347178,0.848866776809018,18,musical instrument,4.500328808312863,0.7192473773547857,-0.13447411296798162,1.3102819990886705,0.029251335268237977
1369,1369,0.0112541550587033,-0.1687755387902174,-0.0369599934974366,0.0627678102309601,0.1499220769532367,0.3374033380455119,0.0689551887298045,0.206955475484611,-0.2430489444747404,-0.0096945577192209,0.0913343490261542,-0.1348422054108833,-0.4165823687450946,0.7235362330868015,99,,4.705295836859099,0.6906900416754373,-0.024942999274931266,1.2090765145316862,-0.057973515171016565
1370,1370,-0.091637497380882,-0.1363931101342919,-0.0717066722195963,0.0936274125356686,0.0741988950747351,0.3694424151288968,-0.0466579370153419,0.2254569698424653,-0.32533545769462,-0.057077871600848,0.060483415057299,-0.1687875147527327,-0.5725577598950794,0.7457053358850536,99,,4.705048153397204,0.8396310699409868,7.36297541201747e-05,1.249257755688235,-0.09070839072366477
1371,1371,0.0256968446258695,-0.1601188341568199,0.1897938715437822,0.0960552997616092,-0.4636972454446331,0.3033393526911434,-0.1002478576770715,0.0676762024640722,-0.3877631293761073,-0.0028783097064825,0.0749104813655989,0.1612808718635633,-0.1764039441045008,0.8024529942597233,99,,4.010323682036309,0.7786631385583865,0.09918079751240017,1.2492786088132466,-0.060839853236719366
1372,1372,-0.077350071904676,-0.1064421909963662,0.1546578956802699,0.1480560269504304,0.2205240488831221,0.27411420057376,-0.2235752940938752,0.0342410227818862,-0.1964453850873755,0.0359926532841279,0.4145287080399357,0.1375998215942242,-0.1042840432055793,0.8461591818074489,10,food,5.971220294632051,0.6925385325702486,0.09412762890331672,1.2234593906947462,-0.0444955929980797
1373,1373,0.076169998636649,-0.1631462969112109,0.0728859481876071,0.298226798275111,0.1680555641732865,0.1945783841505197,-0.0669715939989999,0.1542203838951916,-0.1194147053222766,-0.2399966079597421,0.1245230620654046,0.1629197819491354,-0.0055990746722836,0.83348537435187,1,animal,4.996984831518069,0.5787755615379997,0.5058611686701517,1.0465893614931028,-0.1656714043635008
1374,1374,0.233836321476719,-0.0431814661334292,0.2369571262663893,0.0211627157835521,0.0149362964165953,-0.0610195907045518,0.2132990300465608,-0.0878483320599814,-0.1848298453496641,0.2379406055467776,0.183200633669058,0.0015734942921893,-0.3380535697227731,0.8144850146726319,17,medical equipment,4.956221437953184,0.6394715483234312,-0.019143462794694033,1.389934026428218,0.1479587104052511
1375,1375,0.0962567469780658,0.0578256034932305,0.0049735836832894,0.0850704734499472,-0.4749196473720886,0.0139465180398782,-0.2031024891932235,0.3000984454549898,-0.4144844751362428,0.0361983233772933,0.2426838407535567,-0.0646784503237078,-0.2637840858444112,0.7414924506387922,9,electronic device,4.176805410170916,0.8262519287968402,-0.04529715312531213,1.407010364240412,0.07359415929525226
1376,1376,0.2398427581560815,0.0846754791099334,-0.2407228699046981,0.0306337392285703,0.112027198554806,0.2470042819384015,0.0925848769967613,0.0041269357086722,-0.2271319026836184,-0.1293218732876593,0.1155078513414675,0.1786499984019381,0.051205617402638,0.8269704617088339,13,home decor,4.046670032155878,0.5673830805257717,0.12290461424393473,1.2328795924835025,0.026196171464440088
1377,1377,0.1440352360867556,0.1085840852088692,-0.3441451030194802,0.0984137068044168,-0.0936418740396806,0.1950036094072044,-0.1270783938643581,-0.3621717944671974,-0.0437715995067586,-0.4124919474531905,0.2473239747439914,0.2169990261706133,0.2029941594011548,0.7649147787385915,4,clothing,4.875765481335675,0.8223747392733879,-0.17458052844169902,1.3465632218142645,0.0150451480092475
1378,1378,0.186416019709718,-0.106501969928259,-0.0427708703380951,0.1872626374975652,-0.070809991688868,-0.0214548037592259,-0.0909634246455648,0.1713704722902007,-0.2969390001902158,0.0369917979942348,-0.0810762562429096,-0.1398835004495435,0.0312326219806581,0.796010656358598,26,vehicle,6.330198043847271,0.49271105562140366,-0.13423615911347098,1.2276287347661288,0.05750202445495356
1379,1379,0.1817822217957408,-0.069227033838549,0.2022645641825739,-0.0245517298239015,-0.0767931671225682,-0.0363185284993661,0.0091791419035609,-0.1209901356138545,-0.3443149650753964,0.0923954192371009,0.1870779252492276,-0.009094975770362,-0.3343168564858131,0.7824798422278368,19,office supply,3.899108268278341,0.6125588406256629,-0.026018800234604456,1.130087405307109,-0.09871242671186509
1380,1380,0.0363105700191006,-0.1186002064825612,0.0593295171017523,0.3094745543128966,0.1936171709642075,0.2801378828886284,-0.0128091547623328,0.1795740065717047,-0.1404164954718023,-0.1468267418512971,0.0936834843730981,0.0661832656690483,-0.0971779815455806,0.7668558897446667,10,food,5.568807631694092,0.5717778963569553,-0.09873061982621723,1.1391720008970807,-0.06966296229806157
1381,1381,0.2142443234123663,-0.1697679857589991,0.3358809430194123,0.2329193352590053,0.0607545845108114,0.1304462765046368,0.1329258094384424,0.0992902792155762,-0.1168805444223764,0.0915803788106079,0.237603537228784,0.1057924252781775,-0.2522998488803313,0.8083642921314954,16,kitchen tool,7.789873621399271,0.6658641933767329,-0.11792489312576548,1.2039366119616832,-0.05095958428738112
1382,1382,0.229203335463281,-0.2559719494384965,0.0429482095956956,0.2265495734352322,0.2755799145843968,0.299722728303092,0.0436951659896727,0.1736011084961665,-0.3324330803440071,0.1107357504205153,0.0118539288494046,-0.1530592452915869,0.1301001905229824,0.7497670033883632,24,toy,5.81383555831186,0.7296009515512348,0.13482911924022467,1.2783884381391026,-0.007710959483272051
1383,1383,0.2019548608169956,-0.0004526106338699,-0.0997069249206514,0.0347458150964737,-0.1099196927001526,0.128615328472275,-0.0496726301872568,0.2266874188940936,-0.4527780366797124,-0.074224756753419,0.0142513778553137,-0.1514740300252618,0.0432458602252688,0.7835502005448339,22,sports equipment,6.312714484534157,0.6082338890820649,0.10932406257825678,1.1880695322684784,-0.03861296059158814
1384,1384,0.2255386346307743,-0.0561644710311146,0.1216382447839824,-0.1923874796791978,0.0631299015484654,-0.1343415278722343,-0.4033591098052764,0.2235634619456803,-0.0800869820687939,-0.0737957461664753,0.3390156592717501,0.0462969030021258,0.0493887420979284,0.8131667113374432,1,animal,4.474568906624192,0.686962267641816,0.04675629399253478,1.3154606590687723,0.050235612110356875
1385,1385,0.2041679404179431,0.1067319570353577,-0.0221363436417749,-0.0834271229952054,-0.1350493281110985,0.2255718110681069,-0.3239832900312428,0.1098327678011882,-0.4254928859492627,-0.1879319028600389,0.0277567578042474,-0.1943306538828097,0.0317541249759956,0.8639255561511661,99,,5.33385264111268,0.7089298233137548,-0.048235858734076986,1.2217090533663897,-0.05427051081165324
1386,1386,0.0086519257034898,-0.0616187970718916,0.1272291045052273,0.3055626876583315,0.1505444175208141,0.1096716014963236,-0.0575312993954629,0.0838249623965261,-0.1831426735554043,-0.0660953316478989,0.1564849537750977,0.0900665832808672,0.0320812553717078,0.8188676838067083,10,food,4.213365912089045,0.47957695786629023,-0.14470513279128172,1.143156772268785,-0.020539960916984734
1387,1387,0.2032720078203332,-0.0663117137949577,0.2801016422268998,0.1405536455627268,0.0045148727748088,0.0611554240391372,0.0743039383830147,0.2076192340893491,-0.1924569277968469,0.1546893971410814,0.2332565663856584,-0.0668017426906014,-0.3333399542223721,0.8087281589337745,23,tool,2.948352741783679,0.6536599297126453,-0.15234429638628721,1.2597416062446527,0.010820174129040128
1388,1388,0.0184020783053825,-0.024558549953121,0.03628429634331,0.0189128688836716,-0.3110294666818462,0.0251616250383054,-0.209519619354528,0.2523665461307144,-0.349245467897751,-0.1036151658126923,0.2034986493082177,-0.131268100897221,-0.1423171058180945,0.7298589102687764,9,electronic device,6.794988701010273,0.6474422439701114,-0.05379740584011006,1.2856404940023431,0.03976301495018997
1389,1389,-0.1749353725638494,0.1974521838353935,-0.0654723277872346,0.1239060081036142,-0.1911057405538213,0.26588063617429,-0.1837081774173026,-0.0292256321535076,-0.1729922807171623,-0.0290978261091406,0.2243512597181524,0.1060256048954065,-0.3414003157604738,0.7663884147517009,99,,6.408945134971436,0.6632857059512235,0.20084619732751352,1.5557008697548587,0.3020670072780336
1390,1390,0.2436866268735368,-0.0660846374638888,0.4449071275497828,-0.0211620934827631,0.0908759053256682,0.1272917496966009,0.1373712007902192,0.058863763686305,-0.3245369768737209,0.3355578074213423,0.1378581884442006,-0.2436943498284547,-0.3829179447153388,0.8123826464570733,23,tool,4.6863537382078695,0.8671096857298709,-0.15383381075479474,1.3096872838021603,-0.04373139465683362
1391,1391,0.399020877026907,-0.0264673068413676,0.352673364446876,0.0917320165937761,0.0123397262933505,-0.0184658051924313,0.1582377757380317,0.0872914180918663,-0.3401439217113852,0.2851287070801254,0.2757499152415252,-0.1461681812609364,-0.219023803873048,0.7980864528425504,23,tool,4.2912568374945534,0.8174561335955879,-0.10958806529878384,1.2756425530448816,-0.05346755010338966
1392,1392,0.0094673777340313,-0.1208926095902686,-0.1286391196085374,0.2349600313506232,0.1121751058612011,-0.015240091894699,-0.1298290152743769,0.0837259158928333,-0.3429415030339507,-0.1312640204470451,0.0318692621378729,0.0043310357618611,0.1497685560766522,0.7097574224168799,22,sports equipment,5.348258984191944,0.5305131067110066,0.02864264549508433,1.1421844215639498,-0.046448799687797804
1393,1393,0.0526358088437023,0.0555709091221348,0.2232840182783216,0.0047795399994833,-0.0870297488680909,0.0631599120907989,-0.5362799114121312,-0.0224817682205959,-0.1055533157771364,-0.0066620166512514,0.0812108376763056,-0.0151106090288381,0.0115991286864178,0.7562768362083724,1,animal,5.672134478671959,0.6111842042210379,0.550386292067867,1.3507940852984344,0.12266722532537377
1394,1394,0.173558345268763,-0.1308898468554037,0.1344478477244882,0.1305111696040683,0.1844519130246296,0.0601108379499392,-0.2847139836688003,0.2700229055856057,-0.1291895761033443,-0.2359639912876721,0.1570872855045844,0.1109439054687418,0.029602775269657,0.7265287017632235,10,food,5.756639920919231,0.6198423387895212,0.20451872700872942,1.1247812325035884,-0.10758433562149228
1395,1395,0.1288133713765887,-0.1323842579260417,0.0348907375157639,-0.0474263691459202,-0.006376762389029,-0.1264262600505838,-0.2272961016356242,0.1655029020379178,0.1119613428922155,-0.3652125077438142,-0.0420429171814312,0.0339626466673908,-0.1724075999526156,0.755854951771004,1,animal,8.069318242255534,0.5578754861682066,0.07221782478677996,1.3577037870546873,0.15567493884120465
1396,1396,0.2253450203704848,-0.0247322904329758,0.1668973919586499,-0.1885328418014914,0.122168787337766,-0.2077046790618925,-0.3872868861470474,0.2430397055201287,0.0209305058495038,-0.2266607105955338,0.182213086563495,-0.1152272007290195,0.1432715586356337,0.8230134346220861,1,animal,5.996895855940391,0.7076271145456945,0.06424567663463399,1.4278004166492206,0.15245861135921657
1397,1397,0.1266497199481415,-0.139606565896183,0.062401811661564,-0.1111597679733545,-0.1041854348966024,-0.1579510928847213,-0.2217604360027174,0.1075585252204403,0.0998310244765815,-0.2962719441376373,0.0603731929160538,-0.0842965323179649,-0.0116812263311844,0.82791797754449,1,animal,5.40785933093404,0.506913091164589,-0.008999970718210792,1.2875145521541596,0.11043504117258252
1398,1398,0.0866957674280721,-0.1024311214427307,0.0419295227535713,0.2108784986347598,0.0889292540188139,0.0410565324025453,-0.1794829463227598,0.4645640850525577,-0.1197107114810576,-0.2397711587932083,-0.2856672174714981,0.0375770534336984,-0.0880796076251223,0.7915109639733701,26,vehicle,6.130092668339133,0.6960321540014045,0.04956987113315503,1.473988181837748,0.2043228480085062
1399,1399,-0.0026088461491626,-0.1734466878448121,-0.1015723578002778,0.3037860021648797,-0.1064265336103475,-0.0229337553669741,-0.070573680035104,-0.1159119077473493,-0.3182078024732962,-0.0435770331635174,-0.0144249164008003,-0.3052699401140739,0.0820497287250238,0.8084851542493561,20,part of car,4.599621378579735,0.605183735203084,0.17960913862214112,1.219358485864876,-0.005830762462030403
1400,1400,0.0745401400838949,0.0750885249217978,0.139100258902536,0.1181425754714003,0.0906306756532051,0.1180342345423115,-0.5694304484385299,0.1669022578769575,-0.09702891582877,-0.0625493541896723,0.2178466422523611,0.201478932319762,0.2413905807913762,0.6957036188743507,10,food,6.091985841605991,0.760527338648449,0.5382571184817594,1.302549369082444,0.0013095358310515337
1401,1401,0.1921077613065686,0.0667685280147827,0.2858077357263682,0.2795612491958488,0.1338777905373722,0.2012749441469134,-0.2147643929871806,0.1412527135468659,-0.1283611027117752,-0.2769312550969847,0.3195174945920924,0.1863056788767782,0.0552497813794478,0.802002022603068,10,food,8.341556262950471,0.7474865805310968,0.11110748936739756,1.216025086456984,-0.07883046536480864
1402,1402,0.2904287996225876,0.0363931633243213,0.0531747280736011,0.0140013089595893,0.3591248708487728,0.219199860704721,0.0847899878106316,0.184116715937285,-0.2337144632271925,0.0756323993542913,-0.0409301729781878,-0.4278116338155754,0.0481270242353258,0.8165328261482109,99,,6.161398679705851,0.7444202381479238,0.017542176084394123,1.2330194458855692,-0.060334936099506686
1403,1403,0.0701785317968416,-0.009082744406406,0.0191659154085864,-0.0027162792070794,-0.3408072695935119,-0.0104936914666538,-0.1218016838383965,-0.0121199387904787,-0.4159605337016544,-0.0382409942016023,0.0353971400039455,0.0642938292680959,-0.2854759393147431,0.822505011610939,99,,7.328557055082736,0.6308670175978206,-0.043361469712673406,1.223086122823468,-0.014676727541628853
1404,1404,0.3179694714109879,0.2375827219120141,0.0930390009614828,0.0577514808921812,-0.1341430329925449,0.2666000865453408,-0.3062346587778488,-0.1073185717962248,-0.0879719643807604,-0.2377640286020917,-0.0859540425002435,0.0393774754944985,0.2333682290731509,0.8043349778168741,99,,4.637509677181884,0.7011267634561831,0.2545162685820206,1.5529377283175831,0.28077825877625195
1405,1405,0.2277364041695724,0.011236511300047,0.1472750243228429,0.1004094146427599,0.2006105472516521,-0.1364083721273728,-0.2023291674693549,0.3191717577770487,0.3391166816537751,0.0357332830069561,0.0114506592601151,0.056876188894431,0.0172405047537641,0.8323400400792522,99,,7.163752706752198,0.6366803716858193,-0.16719438250470509,1.1145657038448193,-0.12604315349423656
1406,1406,0.3727815755237787,-0.0042941099416238,-0.1228964325699896,-0.0168732643406133,-0.2357408977175165,0.112072794109741,-0.0716074387390655,-0.1027992053373928,-0.3044305249520874,-0.1132928226563157,0.1274760443068175,0.0120102275323009,-0.0978632224701613,0.7591489004905133,99,,5.979630798729187,0.6080188915592077,-0.15241513933043405,1.0776408754964095,-0.148936362386896
1407,1407,0.2409834824855062,-0.0669681621360797,-0.0239768835226921,0.2021959588484116,-0.2312613140803959,0.0593817349109882,-0.0692123461779898,-0.0223649689236125,-0.3141529839210164,0.0058165132178352,0.2019369727275817,0.0082766297050142,-0.1403037587097157,0.7951421767746738,9,electronic device,4.488727253830165,0.5705896197905129,-0.04263165332259111,1.1152359305210622,-0.0930172956348605
1408,1408,0.2267762398413629,-0.2318415104619081,0.2560991562957275,0.1470610951740655,-0.0036849300015035,0.299486031660186,-0.0830613597118074,0.0936180265833343,0.0227015960051981,0.0157286169597231,0.1582003154339942,0.3308068002522783,-0.2045218524135852,0.7558553518706668,6,container,4.3338014042574935,0.6890668310186892,-0.12611524857892853,1.1270063908599726,-0.13924897387318236
1409,1409,0.0429797763245727,-0.099551851140689,0.1450259214796563,-0.1624781660224966,0.0526959239943393,-0.2888242885617896,-0.3452857748288244,0.2906783422965581,0.0808277229435707,-0.3212128355691955,-0.1090847784127563,0.0101450993135161,-0.0471674670402774,0.8066603770617213,1,animal,4.636485123260767,0.6877790255749632,0.19277171744417942,1.5140247781454668,0.24839987617416437
1410,1410,0.1513315167230902,-0.0997404280924057,0.0280580794653606,0.3195438383842601,0.000406572609831,-0.0942740308164584,0.0258666884122343,-0.2840350408241264,0.3622199997664431,-0.0764723670473302,-0.1873732603350211,-0.0713858894229158,-0.1043389379581238,0.8377174793376246,99,,3.63133831668322,0.6435217934301647,0.10585579611094653,1.3644285051174199,0.12047033622749903
1411,1411,0.0701141003450083,0.024542311708364,-0.3971902056740634,0.0242836300243902,-0.0237035581992791,0.1934813673867623,-0.0787641729777068,-0.2591561186598002,-0.0193939101212371,-0.2564573793685386,0.1756827007912076,0.0793019831952402,0.1729151063582019,0.7883753023289629,4,clothing,6.087107400526791,0.6390852950646007,0.014356886406669322,1.4682343412039405,0.2264481207446889
1412,1412,0.2055060235127105,-0.07084349145377,0.2029806803365477,0.1920564629514473,0.0476150658667101,0.1669316586028869,0.0613446962292711,0.1439525792814878,-0.204722528042122,0.2134759189739877,0.4240781676798552,0.168054547416944,-0.1910538298348317,0.8251367330363958,23,tool,5.27337309592066,0.7155604293739642,-0.09985127216670986,1.2375443945690008,-0.04168127345946626
1413,1413,0.1944056285151245,-0.1132731711055082,0.1992806006784503,0.0367789518657676,0.1703738338451444,0.0865141510422792,0.0804427106552627,0.1002503275847042,-0.2509605810631753,0.0116013047714731,0.2296731939675141,0.0904504759110412,-0.1782024918184358,0.8011883558839257,99,,7.20056648919459,0.5482024302170438,0.026342480892232123,1.2252955674853918,0.02800229606282567
1414,1414,0.1353481521443112,-0.0861688501939134,-0.0239439991315635,-0.0387211767939112,-0.0838057846742432,-0.1766181642077206,-0.1295642360059733,-0.1060449135259094,-0.0863087092876684,-0.1907730140082067,0.0307622492785047,0.1027067803112069,-0.0905893110066238,0.792395697121307,1,animal,4.882742034488048,0.39700326977587896,-0.010557661278973507,1.1482109161369705,0.02493926090335763
1415,1415,-0.1356432801846777,0.0257806244327272,-0.4005005452945109,0.1506599663046169,0.0050632060816606,0.0973612238037996,-0.2453789018360234,-0.1931305243997915,0.0761940069185074,-0.1810316921570494,0.0709537711456571,0.0290512337148512,0.0540953282779231,0.7506107310232709,99,,7.82082774788951,0.5971269695619879,-0.027089656984456312,1.275125579390161,0.0538806308349562
1416,1416,0.0028415582783293,-0.0800547010103924,-0.0781611673794592,0.0754257447295836,-0.1420200902451404,0.0268443569535062,-0.2827542894961536,0.2164378204755977,-0.329051793778741,-0.0875993207688573,0.3155325222122341,-0.2268995394967622,-0.4808987506773894,0.8025139850877978,12,furniture,3.213445655618368,0.8149583980451606,-0.07677427724559405,1.1545219429590592,-0.17336535960145882
1417,1417,0.1160127372928191,0.1324328193943911,0.2850152978340673,0.0412803551176677,0.2653177056049643,-0.0213235868752678,-0.0251562068155962,0.1371440269712567,-0.428355623962694,-0.0030303863582429,0.1365104846013904,0.088836878262904,-0.220520899937743,0.8114457192969022,99,,6.0859600540109575,0.6803521060464648,0.06938085784666903,1.3394480376455795,0.07745908567030035
1418,1418,0.0074782311892982,-0.1340468062462473,0.2614237218942779,0.1037031731913327,0.029143336710537,0.1092515168274163,-0.3704651098217105,0.2077997604004731,0.0337763530543788,-0.2493351194619918,0.1276799742654279,-0.0991914932914398,0.150983638877901,0.7735865887161619,99,,4.729031844241292,0.6344900140493679,-0.07983881989405939,1.1324890085279882,-0.10704752928357242
1419,1419,0.1174704916680192,0.2394537094732515,0.1835623608846964,0.188256860927722,0.1473942825335842,0.2891790354434449,-0.3744848609478832,0.3235884901307758,-0.0753823239035082,-0.076717368099235,0.2340210320853486,0.1243784137418816,0.1490798323506272,0.7851616560523329,99,,5.004576451151941,0.7711030226261001,0.008911246257277128,1.276720837604254,-0.029696466329153015
1420,1420,0.0754692300625746,-0.0660306098560679,0.0383229198917893,-0.0950191562281278,0.1756256589497025,0.2203311315352162,-0.1814903905773911,0.0603270122954701,-0.1495215193232013,-0.0980300148658914,0.0004071251940981,0.092149087071072,-0.2034764948634172,0.7663128956694427,99,,6.156664802402426,0.4673137006008501,-0.09396689139348613,1.1603674346977702,0.002674346769554914
1421,1421,-0.0080804881164517,-0.1859789878906446,-0.0496729283452828,0.0893157552130738,0.2044134874888987,0.1616194854326922,-0.231774870792371,0.5154733746283388,-0.038946592147142,-0.2281840723829929,-0.2428756723113183,-0.0766162532566352,-0.2141890993379168,0.7279449044017838,26,vehicle,4.6479016223456,0.7725003077366809,0.23325247115123726,1.3977826377400797,0.09068127377710522
1422,1422,-0.0616755043369957,-9.264776026726837e-05,-0.4896210571882063,0.152615786510581,-0.1430306051971638,0.0479446512719473,0.0226402210301391,-0.3488366191276535,0.0361121464784159,-0.4069570080628782,0.1183839960034778,0.117655178349722,0.0621789389117958,0.7606358997560076,4,clothing,5.254357468519939,0.781295123430162,-0.0865330313225896,1.4375483043842472,0.12614131815580532
1423,1423,0.000191435387073,-0.1329716117903191,-0.3416819105436325,0.2690931309146716,0.0406692224311632,0.1100607764418438,0.060790207472515,-0.1963095151520165,-0.2418429690336146,-0.1636731556710268,0.1579546818456871,0.1163204283734165,0.3342978871350229,0.7680353494265936,4,clothing,7.178681580087454,0.7059401440567977,0.017894582857740482,1.3031010686170406,0.02858514279413704
1424,1424,0.1992291129343953,0.0277977463793191,0.0584559276124908,-0.0390087844582853,-0.1522124451354645,0.1765221252044425,-0.0390667198641337,-0.2377176835689192,0.046119433413222,-0.0911707492925597,0.059368638369889,-0.0383834629083749,-0.0753852219455604,0.7683206445364252,99,,8.226686013073715,0.42295188202076595,-0.0586597204464574,1.1677010480523022,0.031725894924768294
1425,1425,0.2149794149286502,-0.0760043713562111,0.2442876306176817,0.1388898697639498,0.0932481715080077,0.1640265788069474,0.0788075956643042,0.0175022886277203,-0.253431472128075,-0.0324803162315807,0.2351661166507715,-0.0409344793672358,-0.0548373468179887,0.7386354922930961,23,tool,8.26764255008199,0.5462095876361696,-0.05825616118106913,1.1492694149743152,-0.047048233116639526
1426,1426,0.1242514713199459,0.1499044821101675,-0.1153545525681879,-0.0306763904170008,0.0831941806274864,0.1108531229827615,-0.2216243328459886,-0.1936880610511883,-0.2521264574577644,-0.2196331699631836,-0.0836067914604402,-0.3162350663558467,0.0017242003869699,0.8210555162446701,99,,6.659026080846885,0.6138434308634977,0.1545770767006014,1.429277568196067,0.1998488474632425
1427,1427,-0.1002208016259849,-0.1877979164791991,-0.1499696444829729,0.1571144992202522,-0.194853215972095,0.169900633076675,-0.2293528995330278,0.0738778214872282,-0.1174324559797545,0.1373954883149536,0.3390918726514147,0.0698667072197934,-0.396927701707787,0.8260464975403999,6,container,6.513758980944773,0.7262692130031667,0.08167106240300948,1.3525038123396922,0.06803551287505516
1428,1428,-0.0225133758599703,-0.2807032845722171,-0.0486722767561096,0.2339794475150629,-0.0772847408848137,0.2372958631065352,-0.154394283918126,0.2881208351837014,-0.3859247355799441,0.1715516015103974,0.1700836319905783,-0.0189609578975104,-0.3982261055906678,0.7941107132728306,6,container,4.957636671153147,0.819627885887012,0.05014954118864834,1.2114697368718548,-0.11870357730288128
1429,1429,-0.0191700648622839,-0.110614410028008,-0.0587283651266916,0.4293249435937648,0.1924125386092063,0.1882532165867688,-0.0334274743822636,0.0287673881485223,-0.0961698275359525,-0.1066577791323387,-0.0204734826445105,0.0438552899677243,-0.10989361678076,0.8134888111460642,7,dessert,6.846659503852513,0.5566168870285225,-0.0965928917911959,1.0529903835201972,-0.1484223002768852
1430,1430,-0.0223959697648876,-0.060393579437006,-0.4920916731378033,0.2792861858790586,-0.0868370902179371,0.0811011793143403,0.1928002067405541,-0.1727801583298387,-0.055763978172949,-0.2847760685282466,0.2493680073313629,0.1883308660593788,0.231367166554447,0.8394098586614762,4,clothing,8.040567058210879,0.8005233607255564,-0.0971187159386877,1.501525821623003,0.18070538893813293
1431,1431,0.0255584739570968,0.151313861581743,-0.4100008623643072,0.331662710792195,-0.1475319038651084,0.0473527445544692,0.2765822792804564,-0.2849517498693607,0.1876585706856253,-0.2868776767909445,0.0918455029662328,-0.0108585062228418,0.028980474566156,0.8260791022489832,3,body part,7.435639900574345,0.7811920988330062,-0.09825331433117401,1.5779362833771082,0.26657973424875636
1432,1432,0.1956441482357769,-0.0236223855052543,0.2299022067551655,0.061674677203253,0.1221799657485246,0.2464138195533796,0.2621315066824897,0.2694661717967462,-0.0877410361149057,0.1985838243850013,0.2541961941075782,0.0752124974478411,-0.2265755958364307,0.7893212777642727,23,tool,3.652378971487509,0.6936924747870244,-0.09260304180590673,1.268464031673357,-5.588020838986907e-05
1433,1433,0.0513418072377663,-0.209903313593123,-0.082685367943531,0.2544777167381628,0.0344607422509753,-0.1818657184005959,-0.2123051514273716,-0.0576317813934111,0.1590567876913285,-0.2303710222838094,0.0991125378716544,-0.0823536534629784,-0.3508369586100252,0.7819431046225754,99,,7.273334628263672,0.6473102834025066,-0.07028535849910411,1.1585416250104628,-0.08727125094165467
1434,1434,-0.1857789926490931,-0.1105441318496337,-0.1559324242557688,0.0269051732286527,-0.1388992000585936,-0.2209961830502619,0.0708573928951418,-0.3104916766831387,0.040381860174956,-0.4069897983157972,0.1299390749254974,0.1618982879192185,0.0404056780194636,0.8431142545231122,99,,4.059410309858987,0.6732978752366258,0.1996331083668168,1.4304252080417046,0.17188975120482852
1435,1435,0.191299567335041,0.0178066212767027,-0.1835854157479257,0.0510679814525937,0.0715034387980433,-0.2163592564705525,-0.4134939986874718,-0.0973331442955629,0.0406667833921165,-0.3975967691033608,-0.0138572308634033,-0.0589879815298963,-0.1346494415644787,0.7445394932237037,99,,5.083704545730792,0.6979529327805637,-0.060261476486640264,1.212452870983404,-0.058152806358063636
1436,1436,0.0642296898055462,-0.124568455777984,0.1917090166877793,0.2230178850045757,0.0135370061783348,-0.124704587268392,-0.1806517599289392,-0.0197829390770938,0.2110068937013685,-0.1038313141364889,0.0735290198569934,0.1151691614723562,-0.1772340318556633,0.7992778264948202,99,,7.09626207752498,0.5101766268193222,-0.001436330994149193,1.2301144022886883,0.051437182808275805
1437,1437,0.1736740720727214,-0.0345193092856536,0.0343815818594631,0.2045119534346333,-0.3967472446646523,0.0036046878404681,-0.1420900504670895,0.1865838536959057,-0.3236931400820101,-0.0026806777162306,0.2887142886981487,0.0988812489463113,-0.2440374824232657,0.744962357079487,9,electronic device,5.26706007430018,0.7377385409521316,-0.08033090489334682,1.2718128564361484,-0.0182704093345607
1438,1438,0.1010759692057802,-0.1178542558685771,0.1099651412891987,0.098711290109733,0.1778817577552059,-0.0260523280111272,-0.322138806471952,0.3158181676771466,-0.1562732647467606,-0.3138578074330037,0.1148820732033358,0.0133043560945879,0.0191644908626886,0.8401247491328321,1,animal,6.77923108829571,0.64687528039336,0.12701914850891427,1.1766313667632247,-0.06896854751840364
1439,1439,0.1613662530768136,-0.1701982242796391,0.0364333443265991,0.1563914158857716,0.0267566724343351,0.3026349522651231,-0.1112488851705262,0.095371102679902,-0.1504136776451458,-0.2004332559147219,-0.0185371739344359,-0.2939686765584279,0.0387058648637281,0.7894276688404241,99,,8.415555235039793,0.5878988691442253,-0.21286200162670532,0.9913011590274395,-0.225426046801657
1440,1440,-0.0330387275440647,0.1248695344378826,-0.0650654254476403,-0.0675569262714602,-0.0262987933681401,0.2820050555346267,-0.2265651172571006,0.2802568270641528,-0.1581157930041836,-0.0538679194051022,0.2519447979437922,-0.1055002903423683,-0.4943309026031439,0.7746298939605804,99,,6.439837040169093,0.7631824263293608,-0.05541776326643655,1.2764372486116595,-0.026102419114283126
1441,1441,0.1967347054063748,-0.1146702284602206,0.371461711902018,0.0621699075283116,0.2036941221958688,0.1460569076960544,0.1086974092432656,0.2027679564566355,-0.2095491225787627,0.1403174374792275,0.3007666212157237,0.119999525233189,-0.2733382242920371,0.8230403086862104,23,tool,4.906457037253749,0.7433913117931159,-0.08098511245529916,1.3100008346444432,0.017150177623844964
1442,1442,0.1870063514949514,-0.1466241304063879,-0.1462326516376135,0.3465346779791026,-0.1393591332422495,0.2045767790712458,-0.2301050088004019,0.0790919567188103,-0.2423071866686527,0.079434010362488,-0.2189596459253754,-0.2116960850827702,0.0800982152288104,0.7591159251851256,99,,5.194743112263806,0.6947039510390692,0.07898990817856344,1.2694549646177602,0.00043987070792095295
1443,1443,0.0459548474902848,-0.2227477725686542,0.2418581027723699,0.3097608579522994,-0.1059936420666172,0.1014285196671233,-0.0974864395996489,-0.0185440468670599,0.0435539521658706,-0.0604666512722391,0.0481568895403303,0.3488127669806924,-0.3967088213581684,0.7472218772689998,16,kitchen tool,5.236940354057492,0.7242001916295244,-0.035772740326337926,1.0624906605149684,-0.22096472124854105
1444,1444,-0.0842055284297375,-0.266660732706044,0.0545211980732577,-0.1615702204077565,-0.3099644988729705,-0.0959142242446378,0.0170243707273793,-0.2433591756494243,0.3060563439888478,-0.3282970563057271,-0.1182157890458281,0.1167262273548717,0.1228183532566251,0.7859769562914622,99,,5.414592107583623,0.7184711802129482,0.19759935273813434,1.4421683648614405,0.16151769896396218
1445,1445,0.1598897972557735,-0.0552474079441925,0.3640356710578925,0.1349832875909566,0.0983961040175557,0.2807131952778647,-0.1556131478957978,0.0429753363543609,-0.3071156195199611,0.0720287524615443,0.2338266541669551,0.0276748648849173,-0.3124603335838898,0.7899625234053003,99,,5.916302524060051,0.7392455012018622,-0.15159775601025105,1.06165749441447,-0.2291635243496557
1446,1446,0.1345868176803775,0.1757429449643726,0.0254702945122457,0.0030036978660262,-0.4017054759665892,0.0591518971507078,-0.2556562534412861,0.1524489588339438,-0.4521528118162473,-0.0113377104740075,0.14478463138574,-0.0790256986138629,-0.0521800797764931,0.8453780250466407,99,,6.669045127578469,0.7332292368674882,-0.0006456060837267685,1.2576589915018759,-0.030216682802988837
1447,1447,0.1382614819912815,-0.2185022534735061,0.111873235996108,0.3414698749933547,-0.0675361864357214,-0.2667475771408235,-0.2007714415639901,-0.1198717518434309,0.3440770147623304,-0.1351236577085294,0.0512647290242045,0.0905299040720787,-0.3677758230286448,0.8027955293808955,99,,5.849987309842705,0.7804490826441085,0.01695173616512058,1.2408067243402199,-0.07018607105433938
1448,1448,0.0784765657345388,-0.0115279088565451,0.3060221310197417,0.0456273054071364,-0.0154179504664335,0.2415510417593289,0.0712613165787363,0.1266003773243252,-0.0711985638662751,-0.1979387179223871,-0.126858980235951,0.0400419703602315,-0.0902734792360091,0.727307860921893,99,,6.470764418755715,0.5018048847261839,0.005699069058116901,1.2605441557795645,0.08596543709930904
1449,1449,0.1257745170722374,-0.1890762255849577,-0.006705563269158,0.2770294619076229,0.2451191474163398,0.2146494584024249,-0.0754308073493084,0.0933926859106894,-0.1834587020767621,-0.017539840034149,0.0728094516387127,-0.024865009890177,0.1980810452239261,0.7950129671007661,22,sports equipment,6.671179848201803,0.5727560119887232,-0.08231634424921963,1.160423109054707,-0.04889070402076445
1450,1450,0.0745716165143294,-0.0027400105486263,-0.1939427850934439,-0.1071673313682149,0.0517070534890058,0.0396422448195469,-0.043846049586389,0.187706294837506,0.1532518720736494,-0.0077726566517441,0.122315392159344,0.0939922365669692,0.076558587431716,0.8194693919160384,3,body part,6.462962717604055,0.3863569516387106,0.3201582245265312,1.2290448037504587,0.11098519911736249
1451,1451,0.0652786933925854,0.0914347256329639,0.2340029491212463,-0.009080745912832,0.0892493178051668,0.2141862884037654,-0.0977397487064503,0.080128364107921,-0.1785197919931331,0.2326990388085358,0.122737306495808,-0.2871570498850491,-0.3654769972708631,0.8068172735855663,16,kitchen tool,5.269603728486198,0.6740856689779258,0.37936920450138023,1.252074004213724,-0.006847127819922028
1452,1452,-0.0324583721792977,-0.2190089295054375,0.0097412049597893,0.0885979656145453,0.2493317983196312,0.183272296857457,0.1369108306612074,0.1644847124787171,-0.0621136381415153,-0.0360427599593003,-0.2535362582390416,-0.1836320382141253,0.1463497193665125,0.7965630665940799,22,sports equipment,7.055208016924698,0.5684141175242335,-0.042986634515081,1.2835498301815078,0.0763616509035101
1453,1453,0.0156642020480016,-0.2500740228458272,-0.1956842027043497,0.3082680959758735,0.0776648370428736,0.0798775565162701,0.0449266268517804,-0.0380104246646916,-0.2406688415651057,-0.102816056027128,-0.1776467710270524,-0.0550547924501079,0.4298706435585338,0.787118162754098,4,clothing,3.291901619318433,0.7070008230142683,0.2640057697462992,1.258218459777925,-0.01681673593021138
1454,1454,-0.1638539139862553,-0.315588939927756,-0.1149642411766283,0.1471231128842799,0.1929134164672282,0.1841017782181556,-0.087591247546606,0.3905478318037956,-0.2223627213229054,-0.0744535610087722,-0.1564981137178552,-0.2046358794272783,-0.1630806890665846,0.7923160961310834,99,,8.040348366579732,0.7352324015375341,0.11662769887494684,1.310538562365208,0.02168221140885418
1455,1455,-0.0055514165605258,-0.2872808358643767,0.2422576082326205,0.1323057574384877,0.2433602096285206,0.156718027404728,0.2483063653351322,0.0975946074312091,-0.327876332992923,0.0700115021067396,-0.035670949742429,-0.2593394180109422,0.1265101603407021,0.7169442141648609,22,sports equipment,8.12498548804859,0.7146039606045627,0.00676288791098445,1.301009226761892,0.02225181109632679
1456,1456,-0.0744727801749841,0.2625962610189785,-0.3197660018003145,0.3554391648037669,-0.127978696318669,0.154849284323083,0.1456699729061376,-0.15158073925233,0.2264345235488086,-0.067902867700277,0.080938251548538,-0.062710184529455,0.0033082368983281,0.8139458530344281,3,body part,7.213664790149091,0.6738111762897506,0.22862772282579857,1.5219192442919143,0.26313249390662863
1457,1457,0.0831798829001507,-0.0367450867501572,-0.5403853709253997,0.2089498352638122,-0.1540793926279828,0.0976890208887672,0.0579382480893322,-0.3023396908825975,0.0738625093319832,-0.390727751179093,0.1474713720957548,0.1494931701411856,0.2079088936229789,0.8302517942761847,4,clothing,5.203218022978644,0.847018994932499,-0.1507383636480406,1.4860539749955826,0.14247096889637456
1458,1458,-0.0284163845143752,0.1421748028578875,-0.1491538326412268,-0.1444348376059858,-0.019377302552062,0.1293533115166462,0.1530353999763834,0.108015717853449,0.0652976395458898,-0.1992217693711859,0.1725578803929247,0.1823467872502573,-0.0175022413882553,0.8530490122324408,3,body part,7.111927467164031,0.4728746536532488,0.226128641443766,1.4374454991931853,0.27702997066881596
1459,1459,0.209679385200891,-0.0110862458706338,0.0218289553863547,-0.1708235787838432,-0.1011665665547169,0.1102402252579655,-0.2531099096786261,-0.0079132332349178,-0.0200818220561826,-0.1219145749007255,0.3240854648383332,0.019625956095553,-0.0569099748844831,0.8303958603289248,1,animal,5.900220592613492,0.5330873567647922,-0.14078313469999126,1.136785760614264,-0.05310771994646224
1460,1460,-0.0908095635392426,-0.3195703182708525,-0.1106188026497713,0.1150449491977588,0.2196284167175541,0.2658844469529882,-0.0796763454741917,0.3992636265780578,0.0504557464763601,0.1293344917169794,-0.092172337806014,-0.3907832380306957,-0.0540250452749454,0.7440971122373562,22,sports equipment,4.871208026707728,0.7771316147749778,0.09170301804746361,1.2230539126612991,-0.08631477098150508
1461,1461,0.238896896165679,-0.0618689883546635,0.1673921790390016,0.1160547697216505,0.0829630015700705,0.197524590860822,0.224455566270364,0.2491121208735391,-0.1918030375078131,0.1893155266483911,0.167127899694715,-0.1161471496123757,-0.2730602220160605,0.7569110532994211,23,tool,6.596998823388756,0.6703259486328992,-0.15445668476708052,1.272336723772868,0.015256214237027832
1462,1462,-0.0127055640569188,-0.1743967582816853,-0.3386975492640263,0.0309158615683978,0.1778200586956716,0.0722759382407879,-0.0558244013720953,0.0913883700555578,-0.0218131186017263,-0.2372487290928255,0.153317939109066,-0.0317860361248205,0.1001325307564924,0.8190540583555257,99,,6.36871500718571,0.5346639144213821,-0.05422112652370403,1.110577178119041,-0.08008812779716568
1463,1463,0.1255014399543068,-0.1744534036123952,0.2578526339751505,0.2199961435609083,-0.1772304445578709,0.2974999254509569,-0.0503313799107492,0.1892733932051976,-0.3920466234860802,-0.0450388068527585,0.1975194464398749,0.1305164853848123,-0.2014103669246674,0.7262828634779857,9,electronic device,7.104622636818418,0.7561012210585217,-0.08565483869001467,1.2014175161124534,-0.09765545075890869
1464,1464,0.0418530993596882,-0.1883082075364182,-0.0378676981069745,0.0058827933361723,0.4355275205390026,0.1885752922785891,-0.0658493337410044,0.080618537395074,-0.1346647158764726,0.0881752738201372,0.0479450729154857,-0.1885577496239852,-0.0149718938994366,0.7983802593381437,99,,5.010992693916316,0.5820197206985563,-0.050927486300045066,1.116978868356908,-0.09687011997089146
1465,1465,0.0148247356823955,-0.0345253649182144,0.0299232431911821,0.0349317578191899,0.2289091142384801,-0.0501735788326926,-0.154962236206284,-0.1706430931268309,0.1522805975405101,0.1082768360749195,0.0319142851560124,0.0627074390496389,0.15011731587205,0.8650218514547784,24,toy,7.790448783029777,0.41710399054190117,0.04419436455772563,1.305987959382181,0.1728757214804999
1466,1466,-0.0249784048285188,-0.1179861643166492,-0.4191972148612768,0.1960178477885799,-0.063796825721507,-0.0600472141086872,0.1374075023740242,-0.3327834692851217,0.0393672944106727,-0.2235036595758151,0.2721014890582279,0.0151856804416068,0.0603965522636147,0.8412308634966634,17,medical equipment,6.934174899330098,0.7038583364470612,0.011714684848107337,1.411917350437634,0.13842060199255135
1467,1467,-0.0451554699114243,-0.0959798365096925,0.1973414312385658,0.1370630327514889,0.1655613370385677,0.072891625417354,0.0456568693915485,-0.0761197926353049,-0.4401938311759098,-0.0437322722359453,0.0942634030360249,-0.1696135492614904,-0.0412306616585333,0.7546835067292125,24,toy,6.910318720228014,0.5870443017244846,-0.07017549075028295,1.1311295547132483,-0.08517928595186808
1468,1468,-0.0393954150234331,-0.1469576006543182,-0.4230981049957335,0.2390812726837308,0.1030843585611861,-0.0345883883395409,0.1706634775905317,-0.3082233198398755,-0.067309308667625,-0.2191563156288315,0.2988340803376479,0.1164583065701219,0.2841956150383189,0.8043098117472316,4,clothing,8.013198605435235,0.7946460228548661,-0.08379215501851944,1.2950621292653988,-0.022880972309909042
1469,1469,0.0084057136226655,0.1561624759730131,0.0294537563830934,-0.0538667783378109,-0.2058076886171426,0.2089366386514952,-0.2997464205116681,0.3311352087315265,-0.090401907683938,0.1717480621293917,0.30947716680931,0.0252687693482858,-0.3479188477520208,0.7276751062373658,99,,6.96942114210869,0.7542336170531834,-0.028298969800536478,1.2754435218100815,-0.022715133986584535
1470,1470,0.3387898055746793,0.0695112995529675,0.0376320389521256,-0.0657101693317881,-0.0575908579538519,0.4125987826589403,-0.2155588325780784,0.0625258874706192,-0.3069699146243102,-0.1168073573249573,-0.1232382451997213,-0.0963161619998379,0.1129121742868745,0.8019691270076381,9,electronic device,7.393349170649734,0.7031088276847777,0.30806604586077124,1.2039002074518341,-0.06922960873138839
1471,1471,0.158354103212499,-0.0925865337958197,0.0034234124348934,-0.1649646836306626,-0.0796186850380356,0.0742925421229296,-0.2469770701107208,0.0010585123527729,0.0366875071405288,-0.1267925880972058,0.2730617024458114,0.1119136553570045,-0.0737404206252226,0.8408879061318086,1,animal,5.010514969040457,0.49363752701988056,-0.1185034880768604,1.1251410903728603,-0.04543918667815672
1472,1472,0.2278260712260248,-0.0465351924038433,0.1667277498116585,-0.1725268804660651,0.0578432233910531,-0.1349919678018986,-0.3343573541123055,0.2121477285583786,0.0688900366242347,-0.1395621781686404,0.3097444080667699,-0.0311493491615,0.0163436413550447,0.8174688177828652,1,animal,5.051810801936989,0.6414097850544076,0.09357655935865172,1.3548849754421384,0.11196076912794872
1473,1473,0.010190729966915,-0.1808013222826196,0.2347022762277987,0.0347801277729723,-0.3419869826379718,-0.0813995014752411,-0.0826264769814537,-0.1105560358176522,-0.0214747436528431,-0.0877263010058342,0.1653211057858451,0.1028093146153095,-0.2882149333528788,0.7915772467441274,9,electronic device,4.533188999660024,0.6007031473696384,0.08279716526493053,1.1568770227869376,-0.0661186925075068
1474,1474,0.1422677385524385,-0.2498659157455366,-0.0773940465364016,0.3705917713793356,0.0467026230338802,0.1647313922106704,-0.0492500321717988,0.004255062984196,0.154238500817652,-0.1023060372088693,-0.0732640008158213,0.2178223670677668,-0.1103583514658699,0.7949248271548991,8,drink,8.048694239735525,0.5975044987931352,-0.02857140970767602,1.1281773059000737,-0.09325246725181913
1475,1475,0.0784380102813444,-0.0463200827372783,0.2353467259249305,0.3915127175718248,0.1635497667714976,0.2553890645110616,-0.0710848724126193,0.1320881749300267,-0.1747399077075966,-0.1997561608039366,0.1597874683398214,0.1354940313048175,0.0111092015733228,0.8208636456458757,10,food,7.771011351172065,0.6677510370736379,-0.09458208583007499,1.1209936639257747,-0.13482626245203733
1476,1476,0.1228794471092578,-0.2274481176596882,0.2449762766772966,-0.1350836278817392,-0.1653422691282606,0.0617257049037552,-0.4203136376265453,0.1604622212181331,0.055193580154182,-0.2532704107602156,0.2828281653444758,0.0116329508466806,0.0550718737100217,0.7961098435829873,1,animal,6.603391300562231,0.7273273091346013,0.14825885185764387,1.3425121516451515,0.05752584675307992
1477,1477,0.1438546746220295,-0.1483446471111271,0.2463184262035447,-0.136332914655498,0.0130447827372904,-0.1596168426354316,-0.3077991932635945,0.1431647554196627,-0.1639251485726208,-0.1785102631861538,0.2153698261730253,-0.0030683326067508,-0.0356433199209679,0.8011491042921564,1,animal,5.999264630160261,0.6076555909096589,0.0744770325672075,1.2201890445256691,-0.006210334557603225
1478,1478,-0.1628979787026749,-0.1342186243083289,-0.0863080363919662,-0.0288670717172805,0.1178521352106662,-0.0904220300951971,0.0275956555341334,0.0296174778770103,-0.0242807819044688,-0.2889286833842714,-0.1464370367679121,-0.085955170466207,0.2774212416233214,0.8126027175953823,22,sports equipment,4.229488438685664,0.5161402356681142,0.11002362544980282,1.2768483157804826,0.09525153005368137
1479,1479,-0.3873646898553173,0.1235161222025899,-0.0138030875734293,0.0271147792035986,0.0144745241311197,-0.0872892146981393,-0.0359147649807079,0.2844662846481974,0.3584441610346318,0.268968551365932,-0.328602077339971,0.0727748672836048,0.2858830199230928,0.7923102418316542,99,,7.980585368667469,0.8075296489847583,0.1218493809692569,1.4798032440473887,0.15555278715525067
1480,1480,-0.2029157775520186,-0.1682870276699808,0.0827912917771928,0.1676868600340652,0.0444661115691184,-0.2289570666361333,0.0248600200439818,0.0922266888147517,0.3805981202616083,0.0930212007569786,-0.3138897840770669,0.018893558676204,0.2712432430682968,0.8311880362185242,99,,5.668491160234696,0.7028196828528095,0.041823135135276024,1.3408761206258226,0.06788785924827834
1481,1481,0.0620033208312203,-0.1850785874112089,-0.0224251870997518,0.043868398977979,0.3028601130718609,0.0437906459367018,0.0462835214965893,0.2386365919056255,0.0364251979375545,-0.1131702655801579,-0.4221838719651883,-0.1729479069570889,0.1687547207380997,0.7415445665445666,22,sports equipment,6.562235628950541,0.6663482100024828,0.040467234679375075,1.3990927009132141,0.1439595477075386
1482,1482,-0.0816276369792744,-0.2114657037081544,-0.1401975456087282,0.0759933512177696,0.0768050617142561,-0.0462929171841392,0.1364583157091186,0.0110373478004768,0.224677193397901,-0.0343481878845473,-0.2648530038975827,0.0603229123014584,0.1616289186602007,0.8249722954463304,99,,5.401976793003996,0.5051390074623899,-0.00937013097889916,1.2671562741879097,0.09094529013801722
1483,1483,0.1120360111349225,-0.3078056136805773,-0.0894388288614237,0.225095974061668,-0.0083173495691696,0.0422112419401666,-0.0977756833337071,0.2221030744137436,-0.2548146786366296,0.0168770698653779,-0.361893722676176,-0.1673759944733695,0.2325988066705234,0.7636779214041732,26,vehicle,7.921263177641491,0.7106363649964899,-0.07545829862572095,1.306895721249424,0.030080696258759865
1484,1484,-0.0027631446206787,-0.328868779661133,-0.0697741913815713,0.2204658809508022,-0.0133474410730866,-0.0110013975468638,0.1038902800222555,0.3499501208503525,-0.0560816113990451,0.1385657546354818,-0.2810752622817516,-0.0501749952380015,0.0214770221565166,0.7777874564459931,26,vehicle,5.375375544506677,0.6320768348367468,-0.02461342301360825,1.2716502728560142,0.03329513992097932
1485,1485,-0.1832915830379459,-0.2857340012121994,-0.2670559692221483,0.2031851569877201,0.0977835594501363,-0.0794291148149191,0.2462061711244222,0.0872523469518232,-0.0172972902969411,-0.1990862261880658,-0.1196729447541031,0.0365590167870375,0.4522232063251545,0.7909845254895672,4,clothing,7.843294601975115,0.7563348514837482,0.08621752000197636,1.3304111848664437,0.03122384102621667
1486,1486,-0.1452872127747208,-0.0299864458004817,-0.4562962302389519,-0.0058864887150548,0.1518957620745915,-0.0544069934483386,0.1478277876487253,-0.2365579815770866,-0.1107384835721565,-0.2368218463049513,0.0592947645686063,0.0237530267598656,0.3620380051849381,0.8149991870957555,4,clothing,5.320258613245835,0.7332072215570786,0.07921376439692851,1.5513520185200518,0.26348712211139147
1487,1487,0.0598426317913712,-0.1933778609420484,-0.054777036406843,0.1837629202035368,0.0043602298515534,-0.2344891932306311,-0.0351868875845115,-0.3149256235869711,0.3744793470419077,-0.1379499418659196,-0.0387878763186193,-0.087903839346535,-0.1392664419543084,0.8130962364194073,99,,7.563247653618428,0.6488895322278307,0.1381486716187279,1.405520421373936,0.1589344025678907
1488,1488,0.074391704273516,-0.2616631468448057,0.1516752688259988,0.2425061557311333,-0.142859043375831,0.2620253848488654,-0.0820387859709275,-0.2278141655909785,-0.0413595648897252,-0.295704800086968,-0.0153458378880468,-0.1149642152379816,0.3227273269747517,0.7445050587751083,22,sports equipment,6.328445473645462,0.7143312616382598,-0.05494888534696174,1.3531009780378045,0.07447706587953329
1489,1489,-0.0603046485413836,-0.1253264460289043,-0.3829962474289805,0.1370914540037185,0.1052321418988353,-0.0297183494396077,0.1122656025197641,-0.2053254758837471,-0.1631506955902702,-0.1518139342191382,0.1798167616533367,0.053513432083148,0.3261950505277562,0.8203182675262266,4,clothing,7.669945886231537,0.6654391390817136,-0.13432670766463606,1.2922413777998591,0.03755327269226405
1490,1490,0.1500006425478224,-0.1606448047380346,0.0548660108460613,0.2321799211066309,-0.0172087079116164,0.1692764942054645,-0.107615888558714,-0.004732835553576,0.1324569905675436,-0.1847711980821657,-0.1546932017448479,0.1218164389687914,-0.0430527895956907,0.7856353240570485,8,drink,5.45376881257848,0.4879416106856133,0.036641164567560947,1.1917248404020568,0.023933077067050945
1491,1491,0.2334694213276607,-0.0881746184648564,0.0815995054164398,0.350076240972381,-0.1638897930444101,0.2110780491848716,-0.1963273505738129,0.1139021798352772,-0.1082898045525751,-0.0980374153260913,-0.0632934233886266,0.0310937923246467,-0.167032240626338,0.8422389600451473,99,,5.968538650104378,0.6071550028026926,-0.13109822806508697,1.038217750232728,-0.18793655909873808
1492,1492,0.0277884628779695,-0.2757975657555325,-0.2727567892212793,0.1576134547209665,0.0296994469891853,-0.2796200995022558,-0.1522633345300351,-0.0777639481908619,-0.0161312864936803,-0.2055521877969452,0.2030220181793927,-0.1972311283260695,-0.182961381044698,0.8034443250503932,12,furniture,4.474732509429488,0.6636869895598162,-0.008571042261451334,1.3154956004790275,0.061665284125266284
1493,1493,-0.0703046651306358,0.0964872085898419,-0.087364617887401,0.0291132961026079,-0.1147303375642222,0.1862487000505888,-0.2738466280409886,0.3643187529756428,-0.1970221815343561,-0.076322780293163,0.1473302245059354,-0.0396625062774034,-0.3334067719024832,0.8426706725487214,99,,5.094057193696616,0.6763037318633439,-0.1843036942878673,1.1008616544439631,-0.15914536060059592
1494,1494,0.2340230531498486,-0.0675493143829229,0.3991300100236699,0.0025477205862252,-0.0905697632245622,0.0053721284059871,0.0921985016363084,0.0118363415730368,-0.3730102329687202,0.1428203493746605,-0.0351752432541775,-0.1640939250431198,-0.3322379600142154,0.7062868777073462,23,tool,7.178042729936375,0.7304750657374773,-0.05392591081499987,1.234181006996266,-0.05234632517687321
1495,1495,0.1122767003955516,0.0191787022806195,-0.1230272540373344,-0.1038406116855385,0.0898216404129204,0.2451477933046973,-0.0213999750184197,-0.1121894039742075,-0.0578913158759294,-0.4216340764036794,0.0372876844248703,0.0632816403273156,0.2027723122377018,0.7947897123202002,4,clothing,5.739834303496169,0.5896952549823689,0.2522707756998981,1.3783252930490568,0.16071864197270913
1496,1496,-0.0052920471464614,0.1134891457184423,-0.3111110659537761,-0.1459641381452782,-0.2075110166926365,0.0749490528791685,0.0531510776096452,-0.094264833517807,-0.1579504243302986,-0.2137315091339259,0.157569362754792,0.0553299265115009,0.2028771189672412,0.8744543292854738,99,,6.646721555216159,0.5753873653442066,0.08834479306229204,1.317086547653997,0.10648451956748461
1497,1497,0.1405088203442429,-0.1250903690933236,-0.003202067324916,0.4500887568911277,-0.0021499253550077,0.2476207596875823,-0.2333444567326669,0.0011638166827184,0.0063648393049495,-0.1348459303881335,0.0162525417752505,0.0040320770964381,0.0388061674776542,0.8186552685571256,7,dessert,6.359885821103955,0.6113610893977481,0.08028202921660876,1.1545149791740028,-0.07369847735569035
1498,1498,-0.072534043372745,-0.1704389173128955,0.0697222477805803,0.4123603293692341,0.1253117870948505,0.262282923086467,0.0222695745899405,0.0450684383926651,-0.0353760241684287,-0.0804800484139769,-0.0494200041651748,0.1282126018724598,-0.1303308702168716,0.788913585546493,7,dessert,7.421729795422624,0.5829500527282662,-0.10150049350221002,1.081589042072813,-0.13271540301963092
1499,1499,-0.0502625739052328,-0.1613049510285006,0.2302016048504744,0.2525386177463322,0.022952132805051,0.184014396548069,0.1000656819997064,0.038806745798629,-0.0022309275826899,-0.152779411732627,0.1206451968181764,0.2005545921492497,-0.14895701130413,0.7378406622840826,10,food,8.009233387261613,0.5399383978872019,0.0038896544299270586,1.1231818701675056,-0.07006563124213327
1500,1500,0.3616068867550718,-0.1006369535719939,0.1145712735991751,0.1321388929207406,0.0238335309434085,0.1936558750559712,-0.1333182144635444,0.0822334866828254,0.0062499599881166,-0.0992650963105661,-0.0745956316111495,-0.0061077784566448,-0.2149747573296061,0.8076757184275425,10,food,6.947956678536134,0.543865708937007,0.1608961001779624,1.1448306368448442,-0.050339533383424895
1501,1501,0.1018740996995918,-0.045890577110373,0.1617844620429376,0.0474227781838277,0.0729511441650029,-0.0488368843091254,0.0218082601818707,0.4596215566578896,-0.2149090699124505,0.0234098998507031,-0.2794896738886472,0.1644698673998766,-0.2919037756290015,0.7753685410551353,26,vehicle,3.9516224025905182,0.7053002599093132,0.10880858807643257,1.3527729624881044,0.07857030069809823
1502,1502,-0.1013931493012542,-0.0566056377182477,-0.3315734902199697,0.1134565040272256,0.0108531259225033,-0.0586497859006206,-0.0439780581887376,-0.0583518575043408,-0.1959812480995931,-0.3559817773649209,-0.0410881840258045,0.0253445626386105,-0.0032955484948207,0.8348637518234797,4,clothing,4.001862356510269,0.5591670994063495,0.1259947951214907,1.2068559994609434,0.004194824327791169
1503,1503,-0.1590452333036268,-0.0552539895211146,0.152001277081677,0.3986197406461176,0.0581536614432621,0.1383271780635887,-0.1183423538443082,0.0213643597058944,-0.2680212802746649,-0.0209129727975592,0.1028123202340148,0.0939652361774791,-0.03989872977061,0.8464959111203552,10,food,6.868528949159608,0.5836031075325012,0.01981271014313679,1.1709716993647634,-0.04365245763565917
1504,1504,0.0487850382171249,-0.1114302293330997,-0.0112080253597242,0.2397601484918149,0.1068935419383318,0.1581119724514863,-0.0463283367708012,0.1637678053609843,-0.2160430388351194,-0.2282617951175502,0.1340086219933601,0.0236854423895563,-0.1725356332641261,0.8491560511618279,10,food,6.934822748262524,0.5337274173552254,-0.06167651810306218,1.081252804576979,-0.1089540263967026
1505,1505,0.0175225009374953,-0.047875186080099,-0.0547838318299388,0.1890350713940518,0.154497831078115,0.1503508314247212,-0.0416986536629656,0.3046193568516938,-0.1418172455566082,-0.0652106326959273,0.172434174450267,0.083322073160399,-0.1068010684293317,0.8419606972139806,10,food,6.51372353900782,0.5047657069352368,0.05430243352962061,1.1808019163958448,0.004773686722784998
1506,1506,0.1334845774907081,-0.0020605262446848,0.2673345654359306,0.0014264847124383,0.0215470421563608,0.1281603961979072,-0.0438671933242422,0.1328874555810158,-0.287484094621044,0.1893708873187237,0.0707237029863692,0.1253296710651241,-0.2456613069331152,0.7328712509051419,20,part of car,6.327272754437204,0.5703790279922735,-0.0684901441582575,1.0657558593458374,-0.142394268716046
1507,1507,0.0154890793478946,0.1078155636573443,0.0500356175994531,-0.1391801206311531,0.0918153171762922,-0.0841949552223306,0.0573973721599911,0.1247795401427828,-0.1145032479460252,0.2927535455698276,-0.1701170990151374,0.2718373484630597,0.0781658823389196,0.7709986488320371,99,,4.249390368533531,0.525245580721929,0.05867356194123774,1.3674985620109523,0.1814441301247749
1508,1508,0.2616438085232918,-0.051575194429258,0.2954219348068198,0.2316129554401649,0.0677710044884416,0.1238058646363516,0.1254101696477062,-0.066112635997995,-0.1074576643809905,0.0329310657342947,0.0398969107888648,-0.1239490330438106,-0.3320727910146105,0.7722796096525316,16,kitchen tool,4.233715070166576,0.6260308506047891,-0.037127262432594565,1.1433368612580106,-0.09205837743557055
1509,1509,0.0307444067006056,-0.0304491355184967,0.4018082117406966,-0.0161715211152236,0.0836221359348273,0.4435464241928768,-0.0485673932847628,0.2950172584060344,-0.2690795355396729,-0.2190108859515327,0.0472198287341714,0.1312484522213876,-0.1354335520001611,0.731699298750826,99,,7.84941587909867,0.7841374063582278,-0.05477157317493453,1.1656103586282998,-0.14718810606726995
1510,1510,0.236850863544433,0.0241149060813872,0.3335983769514276,0.0282788633115796,0.213495594111645,0.1932570853523411,0.096271634474526,0.2354402652717377,-0.2449453067032043,0.1815856976205936,0.2046717794116309,-0.0359300254247615,-0.273099846412374,0.7520376054761598,27,weapon,5.227215995664853,0.7260392870311928,-0.08348449069492525,1.403558084553994,0.11920234849248468
1511,1511,0.0550030162687446,-0.0951573031796134,-0.0857897802179886,0.2692355381288234,-0.0102609981992024,-0.0313958160070117,-0.2637427633381533,0.3139199087732042,-0.0585437297497366,-0.2071292022867184,-0.3774296031372387,-0.1525537596437104,0.0400859414965417,0.7054670191156295,26,vehicle,4.168283427676304,0.6890481532933876,0.12051083074547875,1.4175149324169825,0.15126871161961075
1512,1512,0.0868673309620187,-0.122732626539579,0.1090852639481257,0.0127426811323261,-0.545027260582532,0.2594496540982979,-0.1340013445910683,-0.0236073893303409,-0.37231450160309,0.0753002942380517,-0.0891559877689138,0.1791463912387598,-0.0327426806455599,0.7524422482588514,20,part of car,8.599690935237508,0.7765025651682991,-0.04214841148760706,1.2339303447246708,-0.0751303790828175
1513,1513,0.1895248200733562,-0.1906893858475225,0.0866041525718934,-0.1684065586354567,-0.0182299419115594,-0.0449993994474238,-0.4459220640461274,0.2529825317652584,-0.0606628529144112,-0.0863911010669112,0.3057231996446885,0.0884536035876214,-0.0507789101223536,0.8217305034859592,1,animal,4.185471080138312,0.698827367392139,0.07433017828279398,1.3172997509769122,0.046265982216077584
1514,1514,-0.1697849050149547,-0.0021129274057978,0.0881286212250472,-0.1071573317747261,-0.0925422110159933,0.1947816969627353,-0.3819024065532199,-0.0548856741704119,-0.1004328702645132,0.0008862110334355,0.1683805277546464,0.1746242555307889,-0.2385739804424765,0.8383174643635283,99,,4.582908369531637,0.6076983671257524,0.11932256072489578,1.4591375941746039,0.23271727340990656
1515,1515,-0.0769711323139382,-0.1241724879806468,0.004132679705817,0.1070970531288744,0.2152122665039646,0.2600563398341991,-0.2392471989903948,0.0642195884781368,-0.0021113125970835,0.0344432451237961,0.5038649606561456,0.2886829776640869,0.0167409740521361,0.803079428190173,10,food,3.1852964859014503,0.7394782162308744,0.027974696108668762,1.1927391027134993,-0.09819584487475952
1516,1516,0.1292169130908001,0.0203974323590058,0.0711970000068609,0.1382183942723026,-0.0274345348750335,-0.0005069107812466,0.2607439081268318,-0.0409347822388538,-0.0244810599562989,0.2008879141840077,0.1574782403019905,-0.1431493869330867,-0.2040564930135917,0.869826206439933,99,,4.472849427709063,0.48947709623230895,0.0036905989220794577,1.273123369130211,0.10457988785266115
1517,1517,-0.1461568288630795,0.3344784534001849,0.2114239225453845,0.3063891573086655,0.0978250323314933,-0.0096982999677052,-0.2703191319897715,0.1093918692644123,0.1264569351077937,-0.0593678100165759,0.043701503452434,-0.0183102336095804,0.2449871650586991,0.817010472106291,99,,5.654469135689968,0.6695480144935304,-0.10487556862347791,1.1734217105299924,-0.08327795071200383
1518,1518,0.1072753894486578,0.0121261086542713,0.2549001582974992,0.1050706819902597,-0.2468534171840935,0.2191501566878589,-0.0127628900468366,-0.1196473313268978,-0.26229299445562,-0.0827509799372905,0.1921582726616386,-0.0734730389898705,-0.2685241647441771,0.7817107913241801,99,,4.984204170750938,0.633391208099359,-0.05765343824627611,1.1544302200449512,-0.08456838229090713
1519,1519,0.1858134174316788,-0.1419872280388557,0.3569863602951222,0.2114078358848417,0.1295677730138468,0.2787163428033252,0.0871402712332449,0.0386869090496171,-0.2140377089543743,-0.0522110383751769,0.1891158580581266,0.0253412521921647,-0.3527073164911762,0.7994339681428767,16,kitchen tool,7.0237569893510905,0.7346617018782865,-0.12279566984142087,1.2240462963312737,-0.06453066080428949
1520,1520,0.2202263812758616,-0.2379214020657408,0.3551396324111842,0.1641809723766971,0.121231728239717,-0.068316247462746,-0.1125897217351124,0.2254783266197138,0.296492561933445,-0.0948523748959056,-0.0093792856803553,0.1887762150845801,-0.2435795831708939,0.7886656183473809,99,,4.397053557250865,0.7300871328889346,-0.09730256509152602,1.1209869454680355,-0.1653504688752816
1521,1521,0.0020891587484727,-0.0966652232612969,0.0988907367156857,0.1983559127696209,0.2168305167881018,0.2002580339181434,-0.028226189340821,0.0623953829949056,-0.1432953811757641,-0.1485103993429677,0.0563934953672688,0.0593933173604168,-0.1003572628299845,0.8324618685598308,10,food,6.128231942059167,0.4578754288048976,-0.024422170357698114,1.145697531383725,-0.007374921546726032
1522,1522,0.1510118137429755,-0.1886775742850579,-0.2801192656982296,0.0912485004944736,-0.0817473130853738,-0.0229169783191772,-0.1653683078505509,0.0226227100452575,-0.3173683671476577,-0.1108813294798497,0.2262834854434361,-0.1999355301314851,0.0374438668371212,0.7677921733956604,22,sports equipment,4.852777607868236,0.6211770979191371,0.09092094158222475,1.083780979456993,-0.14923803824881854
1523,1523,0.2620253024865988,-0.2332302467443116,-0.0053809728812697,0.1903020021629835,0.1227977373075198,0.0870502827214031,0.0200421940704026,0.2697788357265744,-0.0902655302008275,0.1293484103305991,0.2314188196563184,0.10152482168723,-0.0725229625935815,0.7531264978466221,99,,5.4990962365876985,0.5908783094728108,-0.02714487150293521,1.1434408183042861,-0.07474501327257888
1524,1524,-0.0273642124485239,-0.0416439850004576,0.1645822571575561,0.341045845248136,0.038296308889628,0.1815884794688209,-0.2470862903731707,-0.0033642154895092,-0.2106263353500067,-0.0678411388000839,0.1736621164511309,0.2257992992220854,-0.0727588985325519,0.8475660990550384,10,food,3.332425770130671,0.613832330787608,-0.05564265298466908,1.1473481653778774,-0.08207512116103488
1525,1525,0.2175856385140674,-0.2899813932764229,0.023524917892308,0.1861147981877182,0.0212545052688773,0.0367893413242125,0.139980370343307,0.1303520765021167,-0.2001808274389257,-0.156310477259034,0.1546835084514397,0.0743309889484001,0.088889537408023,0.8012052519088168,99,,4.125306852763275,0.5539629938002609,-0.08885213277808846,1.1088325927201423,-0.09128084136301529
1526,1526,0.1281305841135191,-0.0904947853468612,0.1418457320621878,0.2681827672498269,0.1805465750112802,0.0849974365936516,-0.0700482850955375,0.0235214545585684,-0.1387195629425664,-0.1533822743366914,0.3352902882653908,0.013113052249847,0.020860821874248,0.7832017476635481,10,food,6.09615506979368,0.563672382520901,-0.11188054132930114,1.1400565693657336,-0.06481022871237974
1527,1527,0.1494919374143545,-0.0314154154401752,0.1463791823014449,0.2596620894883421,-0.0206168119014148,-0.1887601580902847,0.107603839100204,-0.0592047833137612,0.0394701768993731,-0.0482835031078539,0.2079202405279321,-0.0464470307457008,-0.2279383885625731,0.8151893374775275,23,tool,3.485328278492779,0.5143525345354768,0.07819457762646609,1.1272600807490443,-0.05346151144682376
1528,1528,0.0961452051134715,-0.0786127432823405,0.0647304131638354,0.0983409866002256,0.1898742269985368,-0.0259539544550921,-0.3211523336747692,0.2556111983660306,-0.0904647022789234,-0.3281871664300616,0.0895080759303278,0.0018746129052353,-0.0022068713673345,0.7794539412639542,1,animal,3.8376413888812575,0.5986629557362838,0.08797042646859321,1.1636705173646384,-0.05832639422219654
1529,1529,0.2303954755850339,-0.0602338410547478,0.0633551357450925,-0.1451332719454509,-0.0697161536513608,0.0354474471349702,-0.2103353468439626,0.0904310869670363,-0.0291784518840895,-0.1287563031925581,0.1881883304967573,0.0328699763801197,-0.1445036706470415,0.8132512997368166,1,animal,5.892089340031646,0.4638205422558291,-0.14499520066851235,1.1731791494133026,0.01719618491135466
1530,1530,0.1477207408612299,-0.0255018091748717,0.0986175458407729,0.226302292250823,0.2079543015778465,-0.1416731100998315,-0.0343382694552728,-0.0760284867304318,0.0225541631104615,-0.1012140546453791,-0.0851169684243519,0.0930597021352103,-0.0483712111077806,0.8565341092619655,24,toy,7.898189824397237,0.4274147543801665,0.032121115987041815,1.1244418834244467,-0.013718129883024455
1531,1531,0.2500059673660067,-0.0266334298989302,-0.0471910185317066,-0.1646938355903743,0.0323899051004691,0.3134058190096912,-0.1954050297465697,0.1022245298926074,-0.0350025462938256,-0.1182535799590495,0.0737536504616885,-0.0585750111268611,0.01466825914707,0.7729344880325794,13,home decor,5.242341358610716,0.5145517920029269,-0.12873159440806614,1.2309072089597832,0.05008806754647699
1532,1532,-0.0758481286694282,-0.0719866356745792,-0.1781133445348053,0.156387002254967,-0.0429055773936158,0.1699654710354219,-0.1121655999832644,0.3073195548843709,-0.0515479495574699,-0.0498254580077378,0.3257595581605736,-0.4748691757096224,-0.2927728560656294,0.8156806710282967,99,,4.942339443277872,0.7920527692357173,-0.02140949373922263,1.2591919717043671,-0.05748156710672192
1533,1533,0.1545871565392234,-0.1289624213803304,0.2970724287241306,0.0313614450382867,0.0544424666489308,0.1730620245503908,0.158669869212311,0.0974384662699246,-0.1903925251118336,0.2041957033345364,0.0789684314838237,-0.1756849261380388,-0.2024644860996621,0.7761538876659978,99,,3.9682405185477223,0.5944637628256078,-0.039192702198336704,1.1616608928159684,-0.05828024647007779
1534,1534,-0.1033308404632199,0.0900282087896548,0.0220958902240109,-0.1933705777424356,0.1172491174690604,0.2748175717031234,-0.1829385058488513,0.4636652130222253,0.1625663215001976,0.0994586305791565,-0.0783784440587404,0.0496121494127943,0.14410111135041,0.7268011257035648,99,,6.484954744639,0.6782891963320743,0.01722525107705608,1.3473091840164186,0.08633015769592167
1535,1535,0.2662578522744859,0.0160253377050372,-0.1567514058053186,-0.1441343867678257,-0.1341022433095869,0.2518478603964998,-0.2948043135292377,0.1540574394978662,-0.3568553374098297,-0.1649022993134182,0.005757430192446,0.0535627848812172,-0.0529638161701524,0.8207665848847839,99,,8.154277789430287,0.6846864978302107,-0.08797534878227231,1.1761695183842127,-0.0879413943486056
1536,1536,0.3030931111590499,0.0543590292849392,-0.2231736898030674,-0.1173113443472346,0.020043491988616,0.2322016333702311,-0.1115318838919362,-0.0670993211431445,-0.1481476616048576,-0.1652066164158373,-0.1189034567733304,-0.0259251567042522,0.0440999821070438,0.7973352175278842,23,tool,7.617057766797343,0.5437331289467162,0.6465011648004904,1.290398763113564,0.09529349923217545
1537,1537,0.1108928502425347,0.1116401412678335,0.1824245180720607,-0.0588858842052601,-0.168778273845166,0.0150958526135395,-0.2660233618149046,0.072689343304239,-0.3930990629567477,-0.0075091803072961,0.1489928036853323,-0.2718227439879237,-0.2888071486325028,0.8109806150964688,19,office supply,7.138303395191578,0.7073559553478009,-0.12258824606209362,1.1592181629709335,-0.11599089262645323
1538,1538,0.1978413977844796,-0.0389760496481972,0.1907463960195217,0.2331745698706053,-0.0002316730468289,0.1058670419829679,-0.0249525010178748,0.0902826412984598,-0.2886999634591787,0.2935724079790943,0.1400821588839274,-0.0500210274594824,-0.2417383713325542,0.7826371415161084,23,tool,3.703370311578741,0.6336334649132304,-0.10728788223280006,1.2005703377524897,-0.03854686471873481
1539,1539,0.2874407100056083,0.0167803892388684,0.0189477671762308,0.0889560048104871,-0.3014943750544206,0.0250384059622643,-0.1078675742248724,-0.0158733827105965,-0.2058683880786826,0.026681217154716,-0.0047504174649668,-0.2420078445603641,-0.1601243418513924,0.7925910876953135,19,office supply,4.183224011078456,0.5673737202425972,-0.07531848044755851,1.1624621002366087,-0.044216738327852
1540,1540,0.0185808417569081,0.0459300151132638,0.1055124519254728,0.1399523818577027,0.1342439840124065,0.0639461489930771,-0.2380249275911649,0.0286415957728598,-0.0996096538312477,-0.0540427972669148,0.4604752938524823,0.0477209816197122,0.119495221384841,0.7859481356667098,10,food,3.5558478315453983,0.5951451322050256,0.0732432542719702,1.1380498055823263,-0.08222490739909638
1541,1541,-0.0367484449665784,0.0694964342121242,0.1933191072013892,0.1171857240109139,-0.0541118113213873,-0.1094072863155149,-0.3949055633370018,0.2505861633746482,0.1694155076397212,-0.1133632606307381,0.1557721786058633,-0.0933566189916395,0.2174671470197943,0.8093589925845054,1,animal,4.027820359396453,0.6424578417369238,0.0727321546536639,1.2986508003505386,0.05521350355839161
1542,1542,0.1637756148806474,-0.3111071411973994,-0.0357093667004892,0.295870417925316,-0.1182378467331477,0.1534850766075156,-0.1432769100140221,0.2760134982913949,-0.2843950308549792,0.0571113024029445,-0.098965675778998,-0.0272741182137963,-0.0924275801354591,0.7764565727914915,26,vehicle,3.339769665133853,0.6707438588940833,-0.1581700455289996,1.2385485687381268,-0.018736534479745215
1543,1543,0.2098594396569999,-0.0398083077584458,-0.1139670068193582,-0.051122291107332,0.2028944622600891,0.4291201517909083,0.1410474987733741,0.2765357579167466,0.0245613133438103,-0.0967240745593461,-0.0318768110858888,0.3641213445689688,-0.0673553350971901,0.7554367246619758,13,home decor,5.130550993050317,0.7286977243076539,-0.017023194030729716,1.1813739792825149,-0.10428323109384152
1544,1544,0.0598815265429721,-0.1179645204390418,0.0694449009683285,0.1752318669102427,0.168136486603357,0.2152733356173176,-0.0850595442145758,0.1429600582420402,-0.1448118642205827,-0.1118711036902909,0.1573439202149074,0.1149444387322769,-0.1081290922702639,0.8062635954099371,10,food,7.169291399215085,0.48832598937979393,-0.07144063042375537,1.1137717451245737,-0.054208196055394176
1545,1545,0.2703125260083946,-0.3030358406376964,-0.0285475800575234,0.210553351989057,-0.0685193129795119,0.1685320718010804,-0.0972702731523908,0.4212515254580363,-0.2539534291513412,0.0949943656857532,0.0406276175495434,0.1007596335796704,-0.1023777015752884,0.724088526265874,26,vehicle,6.027674977991048,0.725162150516751,0.0925689941091804,1.212608197529747,-0.07131812435890672
1546,1546,0.1349640028215152,-0.3035373268514467,0.2684195943697207,0.2063834189704967,-0.1455316129516091,0.2764071229273979,-0.0145142378846884,0.1503749190833855,-0.3728844205384782,0.0184233079818934,-0.0092574587899577,0.0040362149932281,-0.1044219124519426,0.7788181139572309,20,part of car,3.443789411314921,0.7041201241361054,-0.048442560485164377,1.230892858599622,-0.042732051587793585
1547,1547,0.0324376652890035,-0.0056058788519354,0.3113002589323178,-0.0546599337998153,0.2550533277647859,0.2198391470155382,-0.0333513146812678,0.1329281741284985,0.0333910670058425,0.1244586758498268,0.2958868756558458,-0.0649220757526834,-0.1067179383584888,0.7500292221328807,99,,5.463031659463606,0.5940542152337029,-0.09205169727452556,1.131817438626263,-0.0879232010368316
1548,1548,0.1148519699703185,-0.1709033361633595,-0.2190316579954135,0.1071017945122712,0.0858827174136328,0.1151225979752009,-0.1087162643695041,0.1810842584349936,-0.1073102859104786,0.0094503545664721,0.3195957514666183,-0.322507886346278,-0.1168026679723138,0.8174812715051393,12,furniture,3.4728521628686675,0.6312565456581392,-0.19193803300087176,1.0868984265981732,-0.15105512255448028
1549,1549,0.1601356091025146,0.0123406203078583,0.1957249671096929,0.1562380118924891,-0.2893496653164906,0.2402341459241158,-0.1312351505916866,0.1848032978792273,-0.3087470099495548,-0.0745667799668976,0.2173124443970496,-0.029453270264587,-0.0341559003489692,0.7419017116658811,9,electronic device,3.900814085464519,0.6568627106497293,-0.17283943274319824,1.2354570251093897,-0.015032372202394617
1550,1550,-0.0356139086922412,-0.1475106370185541,-0.0125376560914617,-0.023026318339996,-0.210904296941836,-0.0167979607586822,0.2059130185631391,-0.3007314035599149,-0.1437432242278062,0.0467149531021319,0.2136315561302285,-0.1432850364825589,-0.0790534673012212,0.7935165266198644,17,medical equipment,5.194346339206197,0.5445919393813299,-0.13929170370367772,1.2911570261936491,0.09563131992233886
1551,1551,-0.0045151471758721,-0.1445011375210741,0.0781320372522264,0.268696576013841,0.0727773385967548,0.1668260327593697,-0.0110656255870711,0.1029366896920878,-0.1244125208365649,-0.1491019930055308,0.0762226509091391,0.136744504535017,-0.0734176528170669,0.7893430937248295,10,food,4.836343442998592,0.45897526111539594,-0.15273315872019722,1.1236236477749124,-0.029987243100050964
1552,1552,0.0689751107811475,0.1074776124023992,0.1379566415584606,-0.146389145883021,0.1785837276639843,0.2055510226931268,-0.0962372290241277,0.3786850816971399,0.0896721876953533,0.0567564167368479,0.2449077458452321,-0.1929154458907393,-0.0738213466115115,0.7102639978954393,99,,3.793277797277872,0.6304651795815833,-0.09010291234510004,1.19640998458723,-0.041156140483088244
1553,1553,0.2931950376926942,0.3294259901546968,-0.1795968555559268,-0.0961000040376383,0.0263507038993825,0.0690552897873741,-0.3499492660561152,-0.1659072926678154,-0.3840895154870504,-0.2424174617100602,-0.19404368457867,-0.1241200998092499,0.1278513234268145,0.7954759664563759,99,,4.6887257610143305,0.8167762599931272,0.26990602980033085,1.5470641656024844,0.21828690387153005
1554,1554,0.1199719347089662,-0.1351947966351261,-0.325544660545438,0.1871011298422543,0.0655186401573626,0.2061481849601285,0.2538042287997203,-0.2031470196879825,-0.1204240701759782,-0.0869821395090174,0.1760688349269057,0.0438799797093851,0.3107788255615146,0.8582947393134874,4,clothing,6.729672209959403,0.6911650572971676,0.10745028486806896,1.2927873285135076,0.025504748418772927
1555,1555,0.0035320287126686,-0.1886370726532154,-0.0951138051849877,0.2373849350746979,0.1102108947098653,0.3010019597527856,0.2740190583800326,0.1098357655645409,-0.1472627894468167,-0.0545662794176848,0.1153161854049554,-0.2483738805068825,0.0388648520991979,0.8576388851994025,24,toy,3.812277358921959,0.6261432076225207,0.06388258129442415,1.1968321827883617,-0.0386180618193952
1556,1556,0.0877235158276654,-0.0237262643204915,0.0825280655681889,-0.1510106777073921,0.0242115546134197,-0.1801079566249477,-0.4688187157506931,0.2908422374415115,0.0855029437087902,-0.3606487454532884,0.0508148460364825,-0.011150940442308,0.0828172353520132,0.8184916091542059,1,animal,3.418058299936482,0.7226494208619291,0.15492417118391177,1.4825613212274427,0.19986514049534798
1557,1557,0.0726052794861976,-0.0879804673947519,0.0731926784825825,0.3145769443269635,0.1538820515196254,0.246249908127259,-0.1488841832219099,0.0623397767706484,-0.1946230333468633,-0.143090934407962,0.177417859404397,0.1863531673714094,-0.0067473669221217,0.7484570218203082,10,food,4.0902713904701,0.5935508651801531,-0.14505201753337604,1.1661390082967185,-0.05335520946585848
1558,1558,0.1682885521713303,-0.3329579819955779,0.1041802376097897,0.2088683743388771,0.0838810850834748,0.0917605805750939,0.1113648308773816,0.2094761960843306,-0.362421790623687,-0.043110162092826,0.1908801437512767,-0.1093409699664931,-0.0446382254038049,0.7097973774342181,99,,5.449669037068374,0.6700681351115928,-0.08866265564607834,1.0924606093599687,-0.1644936840416893
1559,1559,0.0199588206416734,-0.0098825042060665,-0.3831902314499508,0.3063866011391019,-0.0003544169515987,0.0206404426404363,0.4013129946800667,-0.2164709214110142,0.0443469313758498,-0.3091139020836687,0.1989169270720854,0.0761573367043295,0.2242386125628795,0.8547035584583723,4,clothing,7.606631961985374,0.8016921779611438,0.13275337582832147,1.650621453417437,0.32922881027481554
1560,1560,-0.0546678853770341,0.0472480965550098,-0.3911040468497123,0.3317603612027033,-0.1102663100304027,0.1360986954919667,0.3542234013193762,-0.2596523026020962,0.1464940909498051,-0.2837669340568817,0.1916205340150479,0.0797973527864539,0.0438386264607178,0.8818364900681974,3,body part,5.63213264101991,0.7992592737426105,-0.1392042310372673,1.3928428048292134,0.07264122320944244
1561,1561,0.146813394530081,-0.2589663215641091,-0.0181171845774243,0.1465761613498654,-0.0419582048110347,0.2045583252915165,-0.0987277875785266,-0.0674701081239333,-0.0417279409375264,-0.0680764281186947,0.092363672496165,-0.1370990488002182,0.0084933296900197,0.7846599237123016,12,furniture,6.757233602907677,0.4495658770934665,0.13691261095857188,1.124303594076503,-0.024700804205422866
1562,1562,0.1703826996045126,-0.0419170140604507,0.0333400498452899,0.1151383659248227,-0.3827207944327254,0.1665836676626991,0.0068897569664148,-0.1051657869530438,-0.3999843897200969,-0.0154500394991526,-0.0918619417709616,-0.0090091361997009,0.2935637951531569,0.7871119318019271,22,sports equipment,4.358128237833726,0.6967166119660686,-0.012754806984411449,1.2496587239862513,-0.02034169559750132
1563,1563,0.1891840796284309,-0.2386053253118893,0.1516469376335105,0.0335335446357874,-0.009125004357592,0.1390916465064915,-0.0713086857514165,0.2844413117053223,0.0031686815173544,0.1511903699119778,0.0492892283346414,0.3614940130569979,-0.3204104512568684,0.7646643970076494,99,,4.594636515663471,0.6934729447782005,-0.13384250122664065,1.0868739909815996,-0.1815384469829131
1564,1564,0.0845657042376067,-0.0646361519599992,0.2246299707765244,0.2263942930849936,-0.1699940699447884,0.0694631590818485,-0.10617219202945,0.0833656337625795,-0.26546260489384,-0.0569735711728211,0.1597483813538272,0.0999748131589483,-0.312983288062647,0.7188696253578644,15,kitchen appliance,8.546066755986336,0.6100631912777242,-0.14826047868363879,1.1112587406342886,-0.1163193121258832
1565,1565,-0.1288769894159954,-0.1212501485825592,-0.2994042427292506,0.066473876789982,0.0658948111580325,-0.0038288717907308,0.0542964979563806,-0.1858725512407885,-0.0937126848460825,-0.2235886749746984,0.1266529198048584,0.194752057093935,-0.112957447954833,0.8033222677933399,4,clothing,4.181955406911291,0.5410441099833774,-0.08277181271317469,1.329655231630484,0.13586641374686614
1566,1566,-0.0411993605075498,-0.0552958381484383,0.2370739828958562,0.301247117495438,-0.1658955547728812,0.203988941024788,-0.1549755487583003,-0.0969420140286669,0.0126975856832521,-0.0588447376592823,0.1480855570604412,0.3625679446161651,-0.384754556077109,0.7875753716300204,16,kitchen tool,3.2424440073017173,0.747864801328709,0.08047838362229032,1.19008198343738,-0.10495873154691848
1567,1567,-0.1039059752933782,-0.1114510182354,-0.0862242629387745,0.2216704426493617,0.0768807182228724,-0.0062294210179228,0.084553420337094,-0.2123023127499437,-0.3559318039187835,-0.0395669283310953,0.2806322229951919,-0.2068497851129636,0.0389796070699797,0.7321298016589869,99,,7.724951391810267,0.6239189627280962,-0.11810375938409057,1.0839967101793428,-0.1503646249304713
1568,1568,0.0367580801810505,0.1256462338717655,0.0412590684640572,0.0745727823291085,-0.0070490274947368,0.2058108770396682,-0.175207348901473,0.3128333827684659,-0.0553708269863826,0.149001208406516,0.1767204324896017,-0.1019502950023013,-0.0612507915816831,0.7756095800040035,99,,5.009063481547354,0.5157660433636486,0.05392212820667397,1.3878988974057809,0.20648530263758813
1569,1569,0.0722843418436755,0.007038597085657,0.273131148029506,0.0104557251783918,0.0969095687358297,-0.0833853829797964,-0.0155298855631261,-0.2768627789756903,-0.2180780357634766,-0.0598124400138221,-0.0956439545291482,-0.1213577428790945,-0.3464926521214994,0.8360983619818477,99,,3.860175005791578,0.6068702166891722,-0.0669317574546,1.218388676143689,-0.007626212252307418
1570,1570,0.1084403596655382,-0.0814252252627494,-0.0198162900459411,0.3971530211222746,0.0593828515870569,0.2592584003010856,-0.2543805790273768,0.0412957296355521,-0.0568995932483343,-0.1480619890522909,0.1291412584099465,0.0521830184890455,0.0662722775380824,0.8119613998625553,10,food,5.06144574754639,0.6021802944627994,-0.07196718653860923,1.086060586666441,-0.137658286183016
1571,1571,-0.1025306828199417,-0.0550139548712792,0.098538440814972,-0.0135835092175535,0.149728331810023,0.3355415152880352,0.1484865484311671,0.4595086016285265,-0.0875937136095582,-0.0788774902353846,-0.1004537961012962,0.0054057623112504,-0.2479652409660408,0.7418954323352013,99,,6.307210527409129,0.6907515974135997,0.08761634579773925,1.349660393601053,0.08258022844514268
1572,1572,0.1663639581509913,-0.3633229035157537,-0.220214969772149,0.1177368635786852,0.0751467834350673,-0.0294543450326664,-0.0085026128111947,0.2152506230706306,-0.2267314734534386,0.1998025733996002,0.2235632691717468,-0.2299822276502392,-0.2272105525425705,0.7662015420038527,17,medical equipment,6.194417534214013,0.7216523043284935,-0.0013420394100458477,1.308116301042882,0.025908272342308303
1573,1573,0.053473299926935,0.0019826837263098,0.1152108235017874,0.0599012150851724,0.2392922038397741,0.0209758672173233,0.0624931250484437,-0.0941599320020933,-0.1691472315835971,-0.1953779070101759,-0.0268503115261895,-0.2528444908039751,-0.2893854029553091,0.8497753634301005,10,food,5.738450074867961,0.5526081281162105,-0.033347094247436204,1.0683959997395773,-0.1310541413242292
1574,1574,0.146159858319212,-0.1488649809640689,-0.4050473974932079,0.1752907939258127,0.0882700660338909,0.0767396161602211,-0.0902923828904486,-0.0198340290686336,-0.2573443260976976,-0.0093119302990324,0.0161347679051064,-0.3253921585141094,0.2630224548162618,0.7697358061546926,26,vehicle,5.911426705638091,0.7086426696661944,0.4760086775649627,1.36556321941685,0.08972423523293527
1575,1575,0.0202813084000713,-0.166810442783125,0.1088936117141369,0.3456888912285257,0.0467597458009382,0.2032686653405946,-0.075161394605961,0.0936918324187397,-0.1391130460436972,-0.1038491430836986,0.1182469138956677,0.169669529833866,-0.160661940817841,0.7959823142910435,10,food,4.791500579045713,0.5623585401207234,-0.15021844763307224,1.1489323939160443,-0.05529119465220833
1576,1576,0.0121169976181019,-0.0361419505354391,-0.0275604562775221,-0.1280348876947107,0.0815420362657261,0.2695278884994709,-0.1038164875234097,0.3519114213326422,0.256977517670886,0.0310304227805192,0.260704514197286,-0.0811517551263865,0.0206758508815066,0.7891889308581208,99,,5.957703815855267,0.6119638428528658,-0.11272015828465931,1.1522468034610835,-0.07626173926340796
1577,1577,-0.0476895546910272,-0.0191330935200339,0.0032990734345446,0.138354508311973,0.1445595475505378,-0.0121954953292605,-0.2238144587863967,0.5059341298662311,-0.1340074494113389,-0.1328113793851746,-0.2281075055617667,0.0770546255501584,-0.1573688681658473,0.7637758530511721,26,vehicle,4.658093852835655,0.6835451268510011,0.02876529871916933,1.2781845798097913,0.014632440844669414
1578,1578,0.1759809437102354,-0.1152640642592649,-0.1590926670237929,0.2067488817010548,-0.1941470768511037,0.2152630451058222,-0.1493760724024698,0.1139575311654264,-0.2985945934030234,-0.016526484176607,-0.2131110710295725,-0.1527128386761966,-0.0094332063413163,0.8502325231465157,26,vehicle,3.929171143468506,0.6244196111273281,-0.1357542338158927,1.219669721265489,-0.014936713113034239
1579,1579,0.0265768255063264,-0.1117447102219434,-0.0270247286180094,0.30824307636091,0.142174313534886,-0.0562911086029444,-0.0852115874520612,0.0555790050060957,0.0888625642737313,-0.0640183965989857,-0.0744985831468782,0.0256300077783122,-0.0824722267209001,0.8462763862154108,10,food,7.489061699140716,0.40947908074851314,0.340242844309539,1.1817003517939133,0.05232099272935509
1580,1580,0.0985476091802182,-0.026832894375082,-0.421631258308723,0.1086565825859088,-0.0919321891864064,0.2572175494056554,0.1056571454725374,-0.1945036979709043,0.0013184127721889,-0.2301792807779853,0.3376934671281812,0.1519425686361374,0.2100157547868836,0.8392468943431717,4,clothing,3.585984489772508,0.7468819191396702,-0.12093740210428272,1.4379024379538046,0.14334290638311575
1581,1581,-0.0125371773386463,-0.098766064897476,-0.3004203827716933,0.0227961922479844,-0.1887821051033269,0.0985093392292462,-0.1459400159271883,-0.0141788824124426,-0.1885790040306646,-0.0896832563098521,0.4002069520108058,-0.136942885725523,-0.0830047930843724,0.8144550365632532,6,container,6.048996874667487,0.6300318821470066,-0.015653439150017157,1.2087916132967278,-0.028562385090450615
1582,1582,0.1472547025587238,-0.1817343232592533,-0.1630569367731701,0.4165835873020345,0.259644871009198,0.1427756652096034,-0.0544978974816219,0.0654921576093728,-0.0014089442737093,0.0045359540477618,-0.0179889075570344,0.2411927786339203,-0.1310501985752932,0.757706052546578,7,dessert,6.219667890562092,0.6523761388041985,-0.07580024034707067,1.1249840591137106,-0.12330887561068216
1583,1583,0.0624489178018966,-0.035548228181993,0.2412171029241376,-0.1450341294735713,-0.1297378718994217,0.4489121833207757,-0.0160778975017289,0.170909260566382,-0.1171856131495543,-0.0201795955192168,0.0636879022733272,0.2163411019814744,-0.2191845139249188,0.7904552786551815,99,,7.248086930973653,0.6672689320226234,-0.08532602291135216,1.1551493268785267,-0.10043457838022052
1584,1584,0.1491601672503267,0.0895405004738718,0.0263911634641247,0.0413980971761339,0.0548903240991352,0.1382174032653837,-0.0723042704168109,0.0267403031273483,0.0926047645319823,-0.1581799427453532,0.2958618472883031,0.114261833172573,0.2279193879604301,0.741488048869307,21,plant,5.784869667321726,0.4968604286568246,0.017309059489624468,1.1128583069402165,-0.05929978567067873
1585,1585,-0.0867664132356759,-0.172261672448701,-0.1848160970455628,-0.0790207094687392,-0.1915336213212312,0.320022823363009,0.0548660336048284,0.0290294028684071,-0.1192470715249563,-0.3549865583009419,0.0672268716544854,0.0971987339716107,0.321767814092537,0.7793810119419877,99,,5.187304352798168,0.691587574311766,0.07849819128913094,1.3103099472584738,0.042820518182589806
1586,1586,-0.0110885974844643,-0.1820901410091621,-0.0662010408265407,0.1801424144412927,-0.2743366680500899,-0.0268657626320111,-0.2402604322418248,0.3376478773527012,-0.0814242441233187,-0.2088965936755352,-0.0373014268567791,0.0457704382599931,-0.0634972092848911,0.7499428543033195,20,part of car,4.407084669644934,0.6128728287221836,-0.0916388429390167,1.0402805430747677,-0.1886730061097035
1587,1587,0.1420965558736727,-0.1421184309119264,0.0671277765420743,0.1196793769741029,0.2798961773537611,0.0253376762156996,-0.1328020863730948,0.1620811507936196,-0.1699031419084889,-0.232963243270016,-0.2245203320480941,-0.1703681936288766,0.0992367615775038,0.7951610762205276,22,sports equipment,4.701205991628579,0.5954246542345342,0.017351994675015803,1.304501422402812,0.08408986559021803
1588,1588,0.0897780453111382,-0.0960385982326841,0.1085247985404977,0.2761338487195753,0.1728433345677557,0.1337933645510376,-0.1568093880661371,0.0848341927325103,-0.1788071335663399,-0.2573872058376398,0.078222302791755,0.0778747381074653,0.0029264831873048,0.822439273867387,10,food,5.214282675212088,0.5434008499793546,-0.008062754749027068,1.0101740601178313,-0.18476853205216726
1589,1589,0.0446591074465983,-0.1872628326613139,-0.2214453992056025,0.177088204925455,-0.0598991919518805,0.0928990297932028,0.2449185468597202,-0.0198507813547495,-0.21372878266096,-0.2438363629756774,0.2809901430307578,-0.0630834906306059,0.0057491055109559,0.8444481670091427,4,clothing,6.055022379131287,0.6149484502853049,0.12238324887329077,1.1602786675611823,-0.06969103053741388
1590,1590,0.1678674420975628,0.0949796091031327,-0.0100145264702445,-0.033849488821502,0.0797741276138166,-0.2211745127178888,0.0656699836722407,-0.406007424807611,0.0241277578747287,-0.0685459673305404,-0.0286185210459283,-0.2389755414429681,-0.3301161157762498,0.845684287508742,17,medical equipment,5.476697990091525,0.6595976141178646,0.021370108211764993,1.4186570718529172,0.16682876515670597
1591,1591,0.0911240082563892,-0.1180757950097748,-0.0181925644440109,-0.0202359822423681,0.0500276107146579,-0.2237837304188357,-0.2367215431723841,0.1745669078410694,0.0980984763555054,-0.3576544692724704,-0.0520615012395623,-0.0192563456048946,-0.0608678470326654,0.7723613552746439,1,animal,6.970438300506703,0.553538335428511,0.1685746918143285,1.403755353466598,0.20384981669526003
1592,1592,-0.0215173306080831,-0.0736872344632223,-0.4105675106192822,0.061423033316805,0.000818210592997,0.0623976784470548,0.0304610341659154,-0.2389057495457896,-0.0150549278652708,-0.2899058326614435,0.1371410657932651,0.0807440287825769,0.313093449288661,0.8163854038003964,4,clothing,4.054724595900172,0.669145773439925,-0.10705396122367017,1.3510951048382582,0.09459236620349443
1593,1593,-7.674906185849758e-05,0.0412845017629357,-0.4546527838542246,0.3012750715022226,-0.0445488447057742,0.2016665265269492,-0.025088281798708,-0.3534768555273445,-0.1272533710409286,-0.273926241469631,0.2068311891087353,-0.0329989593071555,0.289098473842893,0.8167225753054336,4,clothing,5.545886510121849,0.8283022040313606,-0.0813178888128363,1.4444949615072893,0.1100750162897064
1594,1594,0.2350382188115274,-0.0644050339056414,0.0663784034355398,0.2953535826108168,0.0263107637907987,0.0198710468019448,0.2240019534639116,-0.0196094669905911,-0.2038986704558293,0.0482136481705419,0.4312618676140651,-0.0186617098383732,-0.2220555012007456,0.8349707936174102,23,tool,5.573307699078224,0.6944222434591846,-0.02062817640743775,1.146449970954907,-0.12242720915769345
1595,1595,0.0157017122269461,0.0052998404395695,0.1096708625663831,0.2228971275847356,0.2462118694315038,0.1563521330677949,-0.0355990476517798,0.187288782374869,-0.1125038439992841,-0.1454236155067483,0.2743896161066451,0.027582365199593,-0.1186677428050155,0.8203779621462549,10,food,7.014028279000586,0.5543768919781614,-0.02587922669468179,1.1678127305621833,-0.032503333032781745
1596,1596,0.0452656135165748,-0.1539364970616533,-0.1500712209618366,0.1573302014693854,0.1366660571586226,-0.0061166561464167,-0.2455518360046619,0.2577511335488684,0.3042202869316595,-0.230940852615884,-0.229878632302392,0.0569781445821408,0.0108863325599695,0.7717103695762233,6,container,8.461617560989243,0.6485050712186321,0.14565305231855286,1.2726285047464942,0.026230704083853196
1597,1597,0.0771451798967407,0.0292983259782305,-0.4229538730598379,0.0954151125491841,0.1082592918468424,0.0758971973437184,-0.1350210281997556,-0.2562379420514805,-0.0658921441235802,-0.3344159179454963,-0.0154278940883382,0.0009343204956897,0.3600100603551218,0.841278403168647,4,clothing,4.668525339483198,0.7363387333452219,0.01117529361182179,1.393314815292985,0.10391684447440874
1598,1598,0.0085224987093265,-0.2084467603080808,-0.1230506099805197,0.0369351292298489,0.3618833520922698,0.3010339051205605,0.0093998251005558,0.0995631256347787,-0.1968446029729818,-0.0276670940851695,-0.0215117865101522,-0.2451776485109839,0.0184057432629788,0.7912969668246261,99,,4.1711616086988,0.6261288685204938,-0.044564633432808254,1.14736723275562,-0.08807599194869531
1599,1599,0.0910009519387042,-0.1915709416098125,-0.2429081327521493,0.1838462475240784,0.2956145906644438,0.3398192792015546,-0.1308065785130701,0.3773334798594845,-0.1910775709407163,0.0722746204264658,0.0115590690111742,-0.2208379196306803,-0.0790371557209129,0.7495750405800561,99,,7.941112281369241,0.7726736549325554,-0.07603508674292225,1.1104616917843873,-0.19672453666833056
1600,1600,0.1942702406752169,0.1783664065781485,0.0929866753269185,0.0986879766902153,-0.2475768439356397,0.1396472837012737,-0.2060070340235467,0.1407594271102497,-0.3379304542436132,-0.0218803753226287,-0.0466060253324044,-0.2474871820088676,-0.1055204389272286,0.771423998272778,99,,5.162672162161234,0.6482448954229834,-0.13685017293184787,1.0936904521843012,-0.15257997586045646
1601,1601,0.172788452835425,-0.1457315916964185,0.3342675137958132,-0.1195442861204815,0.0981231273486259,0.1145827942670764,0.103325460866599,-0.1336711413594292,-0.2832937302513292,0.0519938725942727,0.0025148831495511,-0.0992285636709658,-0.2446781513857146,0.760562368903931,99,,6.04853958131714,0.6173324661568728,-0.09153645892737661,1.1457628083790021,-0.08537401728378602
1602,1602,0.0269364812762951,-0.067226518570022,0.3752738558550493,-0.0849710431204138,0.2858986669380942,0.2370423354997822,0.0159650749200191,0.0799587010391585,-0.3899032803649316,0.1209626472465601,0.078620014102127,-0.1117959936308655,-0.4530819872282389,0.7598073814712619,27,weapon,7.840961664263424,0.8297530873539276,-0.09174772067768566,1.3020949972713125,-0.03303524771331068
1603,1603,0.0780058700447229,-0.0687000095483242,0.2022337951641137,-0.0882235016945825,0.2051276380683229,-0.1782449741350683,-0.3019832274895835,0.3778822726958259,0.0229946530718097,-0.2911445789184253,-0.0910713931179849,-0.0467663831414737,-0.075505587546888,0.8044236286554628,1,animal,6.734210423591488,0.6846897899988457,0.17999295455758202,1.4736518105943885,0.2095392861354044
1604,1604,0.2605227236750855,-0.1811498063786092,0.1998785162760491,-0.161082125188424,-0.0450720955385974,-0.1278149201142007,0.3050192361432284,-0.2249277941464046,0.0343196345967761,0.4001642523415994,0.0700174443358912,-0.1032603381237765,-0.3514217682372191,0.7911893618815136,6,container,4.80161754811442,0.7930670048146876,0.34842902308409185,1.4787017525946857,0.1615316808892826
1605,1605,0.2784959028644571,-0.3239514802948551,0.0690685653026633,0.1758227834086799,0.0249730647456148,0.1644435240282941,-0.1114673710205342,0.0616113815364745,0.2611868786061905,-0.031185306085472,-0.0821751147379995,0.2068171494134468,-0.1010988968627383,0.7828818122068265,10,food,4.453383190057756,0.6253103946545392,0.266964132450647,1.1437870191449167,-0.09125551048814562
1606,1606,0.1071409612157027,0.0417574759406398,-0.4916985627609062,0.0305682881834802,-0.1296859515320068,0.0233470897614624,-0.071058624495715,-0.2518316910278714,-0.2146430137585176,-0.3654465720976924,0.1915649437314416,0.0252632927390645,0.2052366251594762,0.8066026114806603,4,clothing,6.5967166903672485,0.7751368169065597,-0.09136539432116197,1.3547108435197983,0.0463187404463552
1607,1607,0.185177127345372,0.161848436240088,0.3377350837617345,0.0908500751611841,0.0268633963388486,0.1917694758640447,-0.2330719795576277,0.0525163044677404,-0.2469548875215101,-0.0885840787474213,0.1757197925511117,0.116372620723786,-0.1310940155787204,0.8427329896940715,99,,5.070506512149929,0.6386089729550043,-0.1673565602945295,1.0523433615136635,-0.18920966894455926
1608,1608,0.121672139631256,-0.2309582368839252,-0.1103976587077961,0.136234959226417,-0.055339255358082,0.1261881070865203,-0.2019351495708448,0.354006332667045,-0.1374890467548111,-0.044146853169114,0.2928930091520477,-0.2716693343722338,-0.2912028258393722,0.7855637587759122,12,furniture,8.304060680564607,0.7410933774581403,-0.040995079202687634,1.2438088861017775,-0.04791678574777425
1609,1609,0.0450417818386285,-0.2703394597049647,-0.2709106537182945,0.1825480584208191,-0.0128928569334056,-0.2064182689491578,-0.1866213518067097,-0.0434482042708037,-0.1023852893641551,-0.2471380343919709,0.2386964848251696,-0.0142016808771255,-0.2699468106688398,0.7355611119731789,99,,8.019933444016807,0.6803877572058921,-0.0670556759310661,1.1474025027251655,-0.11460390276263399
1610,1610,0.1021819483277872,0.0779606853997863,-0.0540921271725435,-0.0559971990692194,-0.4058574393830249,0.1003800295872713,-0.1578551169864917,0.1481617720471135,-0.3456149596439528,-0.159861228546461,0.2208690488968794,-0.0625643911517199,-0.0297740745730483,0.7864178504422408,9,electronic device,3.33563876301428,0.6654595943366632,-0.021116376970956363,1.2563250077584336,0.001626888501113699
1611,1611,0.2610218432133465,-0.135690128202537,0.4692289146325213,-0.0035707525201945,-0.0550813434396253,0.153970792921665,-0.0295563420213935,-0.0323758004639903,-0.3682568007489059,0.119601147464953,0.2013123059979131,-0.1183403278385717,-0.2356548892571143,0.8452661838656221,19,office supply,4.362176707477974,0.7716069451132304,-0.0670483056945057,1.0779580285303227,-0.2287059775462874
1612,1612,0.2651649593189837,0.0792576307126158,0.1140433840945187,-0.0112607219653277,0.0068135802349514,0.060163244085422,-0.3201975713041667,0.1441047943028412,-0.3779511477104405,-0.0805857525071066,0.0911034339827406,-0.1583746853878178,-0.0510365418871749,0.7901512117346601,99,,4.57045658898301,0.6340456458663623,0.062475283250321256,1.2903315024572284,0.051012511165060115
1613,1613,0.0298690503910741,-0.1466989104494337,-0.0059545863813179,0.2676340760203519,0.1998750211270398,0.238538820864546,-0.06207484865347,0.09912343025713,-0.1422781650759761,-0.1389205913213984,0.1524260459485732,0.1046604450428476,-0.034633710994186,0.8296632870417271,10,food,6.522614597151119,0.5287104403769755,-0.1617437534236934,1.1327427701115655,-0.05500793119030245
1614,1614,0.1747231358257524,-0.0884096099145464,0.1681688230661912,-0.2447677018096494,0.0872522375511128,-0.1800626221873209,-0.4486911144480642,0.2957511522284315,-0.0165633956834629,-0.2351151010702523,0.1710581718137118,0.0122294133361241,0.0259594889485878,0.7680521856548813,1,animal,7.456292645914813,0.7355285065199861,0.1256624528169077,1.4932788765095195,0.20427756331065883
1615,1615,0.2726642436777926,0.0292414434870423,-0.1406229035713549,0.2121527123043467,0.1584264827145982,0.0715467232394106,-0.1752297520160509,-0.043230370459055,-0.1537441447844485,-0.2171560598724217,-0.1960196549612288,0.1014731962017393,-0.0798985064034899,0.8114762780596807,10,food,5.922098527130286,0.5733017909413926,0.5404789619788267,1.3477456980939184,0.13816469147027766
1616,1616,0.0498062166022149,-0.1045752141576163,-0.4502836681650536,-0.0002010944113611,-0.0409438157101602,-0.0415379651804888,-0.0368090605324167,-0.2228541044856921,-0.0360593668448701,-0.306091477024918,0.1618601485874018,0.1158330499778016,0.1545731860741392,0.8656836835196666,99,,5.219241562767293,0.6550525609206281,0.0930143511273207,1.3166826625000447,0.06707944873650984
1617,1617,0.0698489228334993,-0.1961939358324432,-0.0345793580362997,0.1825181601570158,-0.3343865377248169,0.1119735761852367,-0.1164600654265079,0.0874493961308306,-0.1836996175374805,-0.0463418458527564,-0.2056294201701558,-0.1537899751264997,0.0821586516399995,0.759325837370653,20,part of car,3.2382934610968044,0.5762120273428075,0.022834841409951068,1.1838744143800115,-0.027131338262695204
1618,1618,-0.0507076966757013,0.0505726580861543,0.09076439096312,0.2777023778840652,0.1846188307507565,0.2482279701993257,-0.1460491926798223,0.1485199025170901,-0.119279549455433,-0.1161915204622909,0.1968318221579315,-0.1064154106503873,-0.0676510764598026,0.8540308493265102,10,food,4.3337646515399335,0.5585223092324013,-0.04554347429095629,1.1414741606717327,-0.06087134861619181
1619,1619,0.0226742175608956,-0.075682023110504,0.4391038334631124,-0.0056255780658611,-0.0551690093601713,0.357091058798311,0.0332431577119144,-0.2598382174603285,-0.1427962096858673,-0.2448364510385088,-0.0072707877516915,-0.0573820599260316,-0.1077214587628631,0.7710394670175719,18,musical instrument,,0.7025307724231312,0.09082398859261431,1.2248278912381685,-0.04801893008854341
1620,1620,0.0878898294930519,-0.1904584494049853,0.1035817087764629,0.2127301270676755,-0.0072544403515829,0.0501832741940245,-0.1287027601836555,0.3185683143245464,-0.3401785918233463,0.0720230424487973,-0.192741916780831,0.1973967728631031,-0.1902625254298358,0.7256083707963947,27,weapon,,0.6736668566138782,0.02832792896803915,1.2312610283272638,-0.027455068387559844
1621,1621,0.2139803033203503,0.0719591795226693,0.2069314282370892,-0.1699286403226281,0.1732037940787207,0.0475789951833216,-0.1323016524393504,0.0988924701248822,-0.1234556572150788,0.0565123824160721,0.0571677783576839,-0.1063645390924829,-0.3761822599666979,0.7191804361685249,6,container,,0.5972758382099469,-0.10282943251002052,1.009764332543662,-0.21155349669348333
1622,1622,-0.0275106715536811,-0.0650896218200301,0.1403664426622442,-0.1552789642624411,-0.2471193041567923,-0.1706610460791417,-0.168271601146547,-0.32998843190942,-0.1562037385903438,-0.1494824902783571,-0.0209231029804693,-0.0406728674479319,-0.2534011841698776,0.7961648380416653,19,office supply,,0.6239050186856869,-0.007773397659712078,1.1259137989933705,-0.10844070961983943
1623,1623,0.2238545500226734,-0.0832663573833501,0.0972902740557138,-0.0161489298747632,-0.3231213161397231,0.0458024819106104,0.0439872675404727,0.0050993277512195,-0.4650786289791184,0.1659377079562114,0.2068444169708728,-0.0252570580794468,-0.14469472073421,0.8152644393933594,23,tool,,0.695290597103088,-0.14484490590065258,1.166696463687585,-0.10260583082351982
1624,1624,0.1169210646313799,0.085083155820273,0.0546398322004154,-0.0014842187792432,-0.2409172163625708,0.2325658904161083,-0.151013357693201,0.247503378339479,-0.4057235584206166,-0.0765933839396514,0.2629635882336704,-0.0771171107635842,0.0230898840674663,0.7616735158294851,9,electronic device,,0.6827858672524036,-0.16706693219036695,1.268043197110394,0.004862764062363301
1625,1625,0.1261930379039993,0.0437238537493718,-0.2793760939994691,-0.0307730277675431,0.0160215559245264,0.2764446062510794,-0.134362191959194,-0.247417249802998,-0.0408175578414436,-0.3292376657760933,0.1074051119035431,0.0918407915137248,0.1178359239867942,0.7745942014748178,13,home decor,,0.6298417671691566,0.038712788108441476,1.3155940246209517,0.07833309962043167
1626,1626,0.234359455311748,-0.0875769011270646,0.0877381893115187,-0.2285185962994354,-0.0644930978500238,-0.0915206108689182,-0.4194262489700229,0.1785065686510692,-0.0801500233698878,-0.0926537303621685,0.3102767159394887,0.0318588171430631,-0.015813156604009,0.8542860287444692,1,animal,,0.6748159619378261,-0.054408078954792716,1.2839761574228594,0.02469750048612851
1627,1627,0.0194584297982159,-0.0982175928502875,0.2001541874791458,-0.040133258458543,-0.0325971526483428,0.2021020776238886,-0.007625445720069,-0.0630294596513572,-0.1562483258805808,-0.2206112600073454,-0.1999325852685602,-0.0514846709505054,-0.0266711314475664,0.8145796966564499,22,sports equipment,,0.4626600417290817,-0.1060937390775123,1.125348832706889,-0.030065992895826232
1628,1628,0.1095794195303155,-0.0232444226969356,-0.2862756046020914,-0.0001690053740262,0.0829663546823508,-0.0054386121132785,-0.0817832525918405,0.1655984589073255,-0.1039856095943596,-0.1510244579503257,0.1861198779373322,-0.0253868604742803,-0.2970095822133377,0.7866981699735954,99,,,0.5409687927309598,-0.059626842411863556,1.2563686262658271,0.06261668097286788
1629,1629,0.3206772689000503,0.1367425984757173,-0.3487391849181442,0.0997517983267448,-0.0484223676696645,0.0817326492931826,0.018692431899577,-0.1858969304379984,0.0617321653665062,-0.3331088449948122,-0.0659548328288732,0.0478457931932562,0.2128142237085945,0.8799270376427326,99,,,0.6809812283527131,0.14496392078472375,1.4092572260397758,0.14696027863811212
1630,1630,0.2139955625062984,-0.0658273769979689,0.0090542164304483,0.2678824169672514,-0.0746546363495913,0.0089983973292694,-0.0883329376027756,0.1648751100634629,-0.2857800649782561,-0.0011115583055763,-0.0970243580576285,-0.125494347427069,0.0960065370022499,0.6988007853295175,26,vehicle,,0.5278848375335417,-0.1572762383719799,1.2480121808042128,0.060665664661990304
1631,1631,0.0983932056351118,-0.240279999235157,0.0870687786834795,0.218426389538694,-0.0475783937519866,0.08935991491555,0.0234243634640352,0.0504188309067467,0.2859757849160037,-0.0695910295533928,0.1257832389832917,0.4049708968583125,-0.1388005048014418,0.7696953556936541,8,drink,,0.6494304502196434,-0.07000170680464046,1.1638006566807682,-0.08305017592359998
1632,1632,0.113480926318179,0.0217835864008997,-0.1436890304002768,0.0436327128599095,0.0239425883882218,0.0554967375474087,-0.3030521600363215,0.0058877575050727,-0.0778809009382028,-0.2201504156535992,0.1647520173567143,0.0279031372354472,-0.2498389857294099,0.8245809398248424,99,,,0.5256464405815406,-0.1043677447932978,1.095656330362087,-0.0905943479489193
1633,1633,0.2984903757898892,-0.2847754696212645,0.0419973889248878,0.1141802698503851,-0.0405029583725122,0.3155167786212324,-0.0881604458039003,-0.0712942575302362,0.1134592182550202,-0.1488423674465954,-0.0177616947065979,0.3298430045397634,-0.2059578952622814,0.7642730002955145,6,container,,0.6968490040489952,-0.07387246713283435,1.1566903447377896,-0.11337488920022443
1634,1634,0.1312119038078585,-0.359150049351066,0.2665256368883772,0.3210418758121515,-0.1573258627198007,0.0692799617562792,-0.0756249904567816,-0.1286135327472161,0.2402889799020578,-0.1535891518602458,0.0613203976325437,0.2734948759954738,-0.3303241021209067,0.7981165308064846,6,container,,0.800701514421811,-0.10846095456307481,1.2348907979579764,-0.08601685230461231
1635,1635,0.0948603662056001,0.1008108446054791,-0.1940457298727911,-0.1118520689833131,0.1014432487548604,0.134527075149467,-0.0660883158059977,-0.2761779085894184,-0.2259807531342976,-0.1496654244677406,-0.0194032636180817,0.0281722845660469,0.1751995979787006,0.8022717529938327,24,toy,,0.5326239000330408,-0.03414891940795495,1.3357885395994553,0.1461219506181386
1636,1636,0.1712208745056978,-0.1714563651479121,0.2815435677288781,0.0109416711935318,0.1955470459784954,0.1379059596707418,0.1045987181810278,-0.058761562059979,-0.077184162549187,0.0639896891767596,-0.0037659110671957,-0.131320735589308,-0.0791042292277803,0.8088696138448731,22,sports equipment,,0.4932745276939318,-0.05979975371397961,1.0985846162295292,-0.07181794953854248
1637,1637,0.0881678626618941,-0.1705986816146889,-0.1022154200031328,-0.0070406044549687,0.1733437688408012,0.1041219939946267,0.0639211819754371,0.3132416826597501,0.0780129960052414,-0.2838105615520601,-0.0962356242450521,0.0811690016080707,-0.2278312590685867,0.7911644585949374,99,,,0.5872495318528711,-0.06504147369489832,1.2095891897751019,-0.006820124105272551
1638,1638,0.1936822300437997,-0.1639597521601245,0.1442429369551226,0.0297394748825622,-0.089093752063587,0.2673248297310912,-0.0590614145450145,0.2401271638411955,-0.1390334112196997,0.1340060124511211,0.1532164051570301,-0.1503360465596603,-0.1968078857429459,0.6985935226676075,99,,,0.5905362587888691,-0.013807617406061512,1.213692808796532,-0.00432556719149213
1639,1639,-0.004120354093938,-0.0845087213634893,0.0953060723401295,0.1113478444693232,0.1212720228426817,0.4528109119469347,0.1929424500717093,0.4571800890692195,-0.1379214265033041,-0.0509638921589194,-0.0203239758699268,-0.1395073116561826,-0.4069574764392344,0.7484802543048432,99,,,0.8376960781834787,0.0759993725038901,1.357364296615377,0.018345451873573504
1640,1640,-0.1193319635551909,-0.00861912625934,0.3656914634075597,-0.1367493200689929,0.1070900343307715,0.3617025006840034,0.0628753841420211,0.3188482391726152,-0.204493756305393,-0.1788784557636827,0.0049495147499487,-0.0277583222892488,-0.0018315739782047,0.7907978652794494,99,,,0.699480587965469,0.07677258577988422,1.311517159188772,0.040163597365431736
1641,1641,0.0520287522619714,-0.0386086689325795,0.0554897864775634,0.1570832643890443,-0.3110824413692984,0.2160980819899348,-0.2025303248570349,0.2524882733627452,-0.4090853247264778,-0.0832761198155718,0.2700338304207926,-0.0164699317287244,-0.0685224299147439,0.7561559520618756,9,electronic device,,0.7296314017611465,-0.11759292127822307,1.2668614139813992,-0.019252890957553115
1642,1642,-0.0192457884715847,-0.1461899462546178,0.204990447309654,0.178519258009956,-0.0355831574803084,0.1631675150274913,-0.0468476935731431,-0.2932646917925299,0.0309286315256747,-0.1120725902804449,0.0634680756807699,-0.1308195918458295,0.3525413895868793,0.7757536883687778,22,sports equipment,,0.6088226621797685,-0.04138989016771899,1.2999326305959318,0.0729618958161784
1643,1643,-0.0440950710353202,-0.2006861609460582,-0.3437888511683593,0.0088307570984083,0.1427551654148051,-0.1211263945262727,-0.0811057525020514,0.0853087196978468,0.0089300791139896,-0.2508986401406068,0.0459363288131011,0.0287512682026864,-0.2032234795809326,0.8074191914471922,6,container,,0.5627262804515875,0.047476445120849586,1.2239516912977322,0.01954807042275908
1644,1644,-0.0139463020243071,-0.2585263261191888,0.1555993549344632,-0.0644121030415165,-0.2101677428702854,0.1856075519333675,-0.3231462708570977,0.119469848322142,0.1795411330196822,-0.1660551550890383,0.2943473065387035,0.301087319456981,-0.0872185549160292,0.7232219000511685,6,container,,0.7330879616523508,-0.01808195825654746,1.1887578845074682,-0.09904862658431113
1645,1645,0.2948168085211707,0.0417231698001471,0.1963055543773041,-0.1721433768541365,-0.0503851134010167,-0.0089165654284132,-0.147140851217164,0.0229443162394435,0.1413176892052334,-0.0358771101144096,-0.1803591899873321,-0.1620625630384008,-0.0992043389672818,0.8332462766189054,6,container,,0.5210711005504451,0.1511142823650442,1.301087545037993,0.11707678699326007
1646,1646,0.1802228820662973,-0.0187678466211805,0.0465997510078003,-0.25079706131927,-0.0830398409158752,0.1950119558819157,-0.1141678861394115,0.2794585337810211,-0.1744800085994967,0.0645024867385608,-0.0517598566009881,0.1900536438852864,-0.0158371670876832,0.7638215335535246,99,,,0.5546296141204372,-0.10417749678470645,1.113736094037238,-0.08670369313769521
1647,1647,0.1674357318090801,-0.1640480106265193,0.2942487916784805,0.1644999790064361,0.072349943950017,0.04950313649765,-0.0103294357719766,-0.072341701935399,0.0070639044094625,0.0113923199400791,0.1480430062088322,0.0312697166592598,-0.344830261557767,0.7768600521793522,6,container,,0.568855238546414,-0.024783332993815188,1.1294190792686307,-0.07798505683678236
1648,1648,0.0276033025574411,-0.0960521071251494,-0.0939792326578198,0.0179531759439235,-0.4778071145965179,-0.0897498178621896,-0.1273248594854264,0.0914345950834334,-0.243561722649095,0.1065150747399463,0.0297268687019459,0.1154678441613362,-0.03803092217359,0.8563916426961999,99,,,0.605309483293629,-0.01978840363428258,1.205144280776713,-0.02010652924714762
1649,1649,0.132760087310645,0.0090449775213,0.3344527185834648,0.0946337720225803,-0.1944132632586469,0.181669556176228,-0.0446203260618698,-0.0875514759922378,-0.0294412324262708,0.1033552157328553,0.1842612317955561,0.1909196658957403,-0.2029888994751445,0.7775548706492149,99,,,0.5849221346976565,-0.1680202725696136,1.0776011856704526,-0.13766871911241174
1650,1650,0.189240372750481,-0.0555914266319682,0.2055055623573427,-0.0480762097287764,0.1681105592664748,0.1181592566930187,-0.279270211214312,0.0302010570502488,-0.1739802915392752,0.0727325650722723,0.2670347832734098,0.0464971949325238,-0.0563958955952893,0.7785381744284563,99,,,0.5628340233263553,-0.14505777811878628,1.063709921015597,-0.14074644685677962
1651,1651,0.1657561083267343,0.1472182127557667,-0.030185970086556,-0.0432702452306071,-0.0335645139703251,0.0684459064785596,-0.2170064847675535,-0.3739830792405789,-0.1367331289739929,-0.128478480766154,-0.056534345155649,-0.0540037776678926,0.0390785283427137,0.7936375687498924,99,,,0.53622822880672,0.07559872285134972,1.3709407412655858,0.17950960385473014
1652,1652,0.2712371008633948,-0.3085271914231429,-0.1512532062251986,-0.0852640508823848,0.1123462010054599,0.341316750695036,-0.1477871248264638,0.0967060821757486,0.0831508087163173,0.0360445287504479,-0.0319677325028918,-0.0336214652245835,-0.0231891099654067,0.8365858366486058,12,furniture,,0.6083759659843343,0.15771003757840663,1.2024738569146234,-0.024278191635424662
1653,1653,0.1702783278358424,0.1981557743500746,-0.1240524656800684,0.2884826370023636,-0.232395854463951,-0.0005717130103917,0.3141664536371062,-0.1173518088777646,0.0637948355182417,-0.1685034206651572,0.1678014623380562,-0.0267469869882631,0.0646969145811713,0.8732568528087531,3,body part,,0.6315642803739838,-0.016942483824158194,1.4042413871605504,0.16613718227040608
1654,1654,0.3614118882841632,0.1673863780418873,0.2833157638547185,-0.0289724378279651,0.03680781763673,0.0990069099553819,-0.1684031347876602,-0.0792238208957132,-0.3942972485343046,0.0136363500645075,0.0987928649081857,-0.1606802033233629,-0.0405242847230924,0.8110450593781937,19,office supply,,0.6916746603751147,0.1438388994586679,1.2784181969739434,0.010886133725106273
1655,1655,0.0888017570510142,-0.1868555633717472,-0.1884264307804294,-0.0834385651022351,-0.0405228435648974,0.3179001585608073,0.105707406115107,-0.2304535098000635,0.0847433167808769,-0.1885708790206314,-0.0129744701780202,0.1873533634665808,0.1259723487674174,0.835006377994183,4,clothing,,0.588329681061456,0.24347400098974514,1.5591752685736595,0.342237152880422
1656,1656,0.2754920459716447,-0.0778399365551429,-0.0062252937959314,-0.1533947150255391,-0.1157064186056902,-0.1201197138930353,-0.3077167829689972,0.0520328544411744,0.0744609088367423,-0.0655061890409164,0.2784884682000063,0.0249317651513434,0.0975996760473234,0.8465485079937493,1,animal,,0.5729537309220498,0.05254839038950587,1.170481181424561,-0.038929427657933724
1657,1657,0.1013908545315497,0.0484988742435521,0.0334453150709753,-0.062493270202298,-0.1800545541063405,0.0143100551547518,-0.2206795491358721,-0.07596180332248,-0.4429840416390032,-0.2734120244796528,-0.0230322539581177,-0.1506959590742257,-0.1008259627891761,0.8567254400855172,99,,,0.6396443942246571,0.09851809852428928,1.4022201680516915,0.1601602329546301
1658,1658,-0.0358108395340443,-0.0845352096325043,-0.3450214101783005,0.1633993635357283,-0.0833531472444655,0.0636928601146509,0.0267040489643941,-0.3290026944922979,-0.1028141731158669,-0.3176376910993842,0.2436883162366798,0.0470185784972944,0.1473821575729329,0.8198371450148877,4,clothing,,0.6847691945071348,-0.1620725546146865,1.3180784143960482,0.05392701637441277
1659,1659,0.2542401533123429,-0.0969526776724078,0.0819374204484418,-0.1634583446438605,-0.1822730683937423,0.0440740972436634,-0.2584099062600489,0.0167533955544274,-0.0408293643972799,-0.1643057214262157,0.2184170580001586,0.0277321303435239,-0.0907829660775784,0.8280873170475225,1,animal,,0.5432058894122799,-0.1243330275646991,1.1959331721730213,0.0010860256141351776
1660,1660,0.0132546948039131,0.2473927219194813,-0.0616738876185261,-0.1094047334226027,0.0268216985727895,0.2040092373284104,-0.2182556000855808,0.3360597771446473,-0.0987327026098506,-0.1052242270864292,0.0543253206598147,-0.3157387272412615,-0.2813605018647323,0.7534087276770205,99,,,0.6947582054211978,0.059378723364078345,1.422456427817686,0.15341477293330996
1661,1661,0.046360407642257,-0.1343267516176875,0.2729871221875859,0.0730273320845974,-0.4711116869846526,0.1399406702456753,-0.0704596695998725,-0.1367275218869919,-0.3136895275140665,-0.0166839092715012,0.0144711083160468,0.2235216221658339,-0.1470142417964647,0.7653240138994462,16,kitchen tool,,0.7319156407233646,0.20191155194563037,1.15976218932942,-0.12747039602360188
1662,1662,0.0649645624583392,0.1538057921418621,0.0524963059391426,0.0323780531098298,0.0144137322794205,0.1009866080549133,-0.4382174348397841,-0.2665034298232001,-0.1771036907156311,-0.0282819225141394,-0.1207004735069283,0.1506162686989682,0.199378100287053,0.7719869868363075,99,,,0.643674251080344,0.1121356725240108,1.4325717695356228,0.18853896291865557
1663,1663,0.0117848508838121,-0.1276093836562506,-0.0931407331685753,0.4196226460366572,0.2546014806381674,0.2341534746440833,-0.1103267319393057,0.2666006744404773,-0.095316791108369,-0.0180621716941436,0.044286318772259,0.0611140018255075,-0.207491183591755,0.8071278615746684,7,dessert,,0.6798818963646373,-0.07304677335307774,1.0902357028316125,-0.17152305156522107
1664,1664,0.2002069004138174,-0.0609631249277765,0.112338005779531,-0.2260625703331655,-0.0857019002949576,-0.0389954783421713,-0.4164641861272575,0.2256458100243418,0.0184894291159863,-0.1982058109079409,0.2571110587258548,0.0046558649766737,0.040951959577037,0.8029070863016485,1,animal,,0.6694621504115291,-0.09765661353164468,1.185699598740598,-0.07095802656612071
1665,1665,-0.0923888620098687,-0.081968092259032,-0.0311677379751212,0.308018602174877,0.0922050298959449,0.1640564742749116,-0.0686528536845393,0.1768030042082292,-0.0827196193298689,-0.1157336052655482,0.0793521287483131,0.0010002627176603,-0.1865294586669412,0.8467469040199436,10,food,,0.4937792732353626,-0.04652186197537467,1.1409647332208233,-0.029684937627937114
1666,1666,0.1105414360505407,-0.0961112723535575,0.1209979279098912,0.2627306330968411,-0.1717831884821675,0.1792718883750617,-0.0576441756594372,0.2547378777334125,-0.3410422597445481,0.0370548126846012,0.29304821735064,0.1578211458459889,-0.3172255986681639,0.7895540496241945,9,electronic device,,0.7510569321452214,-0.040369880425727755,1.3129192058391237,0.0163157395707878
1667,1667,0.02540672671184,-0.071904540858173,0.0929301922081352,0.2656958933663119,-0.2772142286526191,0.1428209052717445,-0.1462460136851789,0.2955277939139199,-0.371926533281066,0.0244293289242612,0.2460925967127993,0.1275543104592084,-0.4343756615362703,0.7164735075426439,9,electronic device,,0.8339401825413775,-0.015142421674298245,1.3051316015194792,-0.032048493160127034
1668,1668,0.199028674052905,0.050568690891012,-0.3853335666468895,0.3458929380953177,-0.1302863047889795,0.0231401481256175,0.3441595008184754,-0.2761780503268718,0.1696733859495617,-0.235512248794945,0.0322816404381002,-0.0232082510293471,0.2274683978667632,0.8485971270218473,3,body part,,0.8124661404913182,0.04111401412791249,1.5976814682149145,0.2710142844140262
1669,1669,-0.0146790646072062,-0.1620109570570005,-0.3098690744020423,0.1411371056697649,-0.0180105848681042,0.045017098698789,0.0861718112890182,-0.2384164806800445,0.1003155821348288,-0.32782443028099,0.1106947936747135,0.2481633395791471,-0.0055850065090791,0.8530864861497083,4,clothing,,0.6327891564642165,-0.08474945094198161,1.3139559025151955,0.07525204278857123
1670,1670,0.1857369901873522,-0.2638487031499278,0.0487772250042702,0.2541261937384317,-0.0523253957514705,-0.2483025728605793,-0.1502214489949832,-0.1397390400910409,0.3058338428416242,-0.1273461713998639,0.0881080971281746,0.1284312408822321,-0.3014141580916438,0.8402181663620321,99,,,0.708815072782722,0.05216095228471418,1.2869117253979951,0.010988338911288809
1671,1671,0.0465229509996779,-0.2095369464477251,-0.1469221230859044,0.1448118380230648,0.0184419752212195,-0.2981947118890452,-0.2802888232254717,-0.3134923849803767,0.1360919798168885,-0.1958024697543059,0.0885487733499154,-0.0055696044835121,-0.3338025482763245,0.8163409984333126,99,,,0.7286164074590347,0.1258610706838148,1.372115685882557,0.08649828528120618
1672,1672,0.0139215513403486,-0.1506813446244488,0.1464120047201629,0.3553625055628435,-0.0709564568837912,0.2295213123303449,-0.1881569319292777,-0.008298511861991,-0.0185347855180668,-0.1791198004580549,0.2736864544041958,0.0105316628010269,0.0800311596275431,0.7927523848484788,10,food,,0.6145339938217399,-0.07183641836662569,1.1707898404725214,-0.05897695479788734
1673,1673,-0.0126775417819506,-0.1075005050897053,0.097176950378445,0.3217856320272177,-0.0058044511527965,0.1985915781550627,0.0021740645210439,0.0557273056381373,0.0453383749352821,-0.0941475831398792,-0.0301950040524013,0.0500061330397975,-0.0806773536177193,0.8173055389197881,10,food,,0.4337389995062087,-0.003476022810739998,1.1596079015264655,0.018351767552458487
1674,1674,0.1295585523113769,-0.1029201240421365,0.3893892104902458,0.1977241658409922,0.1721900868890256,0.2692072815578591,0.0518665138853244,-0.0009790039961303,-0.2569039733000587,0.13784912766436,0.2403643911664629,-0.0378349586166395,-0.3822256100115997,0.7873136767519102,16,kitchen tool,,0.7830803462416447,-0.12989710370638385,1.2744794211093733,-0.037801545353996824
1675,1675,0.0842216380958086,0.1310746704367088,-0.261720960899217,0.2456454295421053,-0.0853689799440351,-0.0021591116515343,0.3338186564685441,-0.2332875069385177,0.2401402175243163,-0.2417740462976287,0.1696513628900291,0.082153086682817,-0.0416690575190826,0.8829353569214602,3,body part,,0.6925697880031088,-0.12284046888943323,1.4651303806118694,0.19716009539456247
1676,1676,0.30329210692925,-0.1055802451306958,0.2572220377243567,0.1769074568028687,-0.0159420622096098,0.1283119816015548,0.0616569287382046,0.2020620674591308,-0.3508435157061439,0.165944579264205,0.2859580175617501,-0.1344196248762539,-0.3541846670088348,0.8227212833414509,23,tool,,0.7986599168559603,-0.15263631375477626,1.1445300821321538,-0.17537807612934997
1677,1677,0.2829360397700083,-0.0664796264496015,0.0269189719099327,0.1358404560760753,-0.2222885923004081,0.065091984007663,0.0295265461155687,0.2630497283744064,-0.38061481545486,0.1434825443078489,0.3154501365317077,-0.1659502735690627,-0.4022285604638059,0.7596588527170142,6,container,,0.8256250602511221,0.005054664888902272,1.120831647644611,-0.2122776652334455
1678,1678,0.0466642937305375,-0.0824150283606144,-0.3850158005128416,0.2119002613026936,-0.1074527211559642,-0.0909509492527079,0.2559102987326586,-0.374702181002052,0.2289725083377619,-0.2152983643491399,0.0515849088610554,0.0406724433927195,-0.0712344776429279,0.8707863075449725,3,body part,,0.7321134099559764,0.0949163841072902,1.5205720900803763,0.2332426840956281
1679,1679,0.3170889295682774,-0.1002184055304965,0.0846371455359132,-0.0202178613474277,0.1301796144350995,-0.1304444172979874,0.1230518527888217,-0.2848774095523229,0.2506996403344731,0.0917217198491266,0.0935808991587175,-0.0067961702372699,-0.3223560869359929,0.8097310622881944,99,,,0.6575719765229491,0.06461897678998296,1.2825158344526735,0.031679206335571086
1680,1680,0.2109014571210024,0.0895719623378837,0.1460104672352755,0.2102803553441295,0.0488716996458361,0.019846350487365,-0.1487631232697606,-0.2650693212575457,0.082640054752772,-0.1221481122906713,-0.1863350031479702,-0.041931024180339,-0.2840108682656906,0.8841353108038504,99,,,0.5933840539442407,-0.10757815979597951,1.1632335653265062,-0.05617898771488661
1681,1681,0.1193525975060587,-0.0669342201980445,0.214764910739307,-0.0151420079649753,0.0548686723851853,0.1613388855101554,0.0624094230301406,-0.0427986605253736,-0.1378372047721731,0.2671607637755874,-0.0008664861836053,-0.2841610297054425,-0.3639886864061276,0.8322919155590739,99,,,0.6351818026529993,-0.08263629747673229,1.2046291256552077,-0.035246086725394754
1682,1682,-0.0228777180888097,-0.0029571210258783,-0.2229544965152806,0.0842283610778019,0.0278093695195509,0.3118489309739688,0.1478076186589386,-0.3586700703116505,-0.0189153568157533,-0.3041575417014504,0.2542912182446745,0.0091060029432778,0.1954244373682798,0.7755731262788726,4,clothing,,0.7082774468480761,0.10447581668168049,1.3542281680089603,0.07856798364898165
1683,1683,-0.0866615801914886,0.0427683367195364,0.0852111450841561,-0.1928742577449514,0.0910819350281183,0.1531951950726844,-0.041429818664393,0.1497374547315807,0.0196512175132151,0.1624491202955793,-0.0929675683709796,0.3192869362168354,-0.2154911254914306,0.7805978511246607,99,,,0.541758829339966,-0.07094592902851726,1.262029909944157,0.06789119142787792
1684,1684,0.156818583767383,0.0268103913829795,0.3575734054766376,-0.0024053730476921,0.3779586985913747,0.0223070665132571,0.02123030575041,0.1845472700990645,-0.1244906994184065,0.0263189071434693,-0.0920927772624441,-0.070002913795285,-0.2811329653305459,0.7672659098127741,27,weapon,,0.6630550852978634,-0.05896906092741927,1.2319736698902464,-0.021547289092680666
1685,1685,0.0059260406828128,-0.0248292889581045,-0.2968457563130028,0.3337580004337622,-0.0272574019625329,0.0624203582134375,0.1730531360846053,-0.1675175542915889,0.0168655993999645,-0.2929868303382121,0.1459204015558757,0.0609679289730757,0.132850063779516,0.8972289476771222,3,body part,,0.6257770577635317,-0.03913896545891704,1.2406128910378769,0.005341900099589125
1686,1686,0.0141413506919206,0.0349755741603508,0.2027372347304859,0.4221663344307622,0.142220676916833,0.1552853261497449,-0.0172427394880353,0.0261268812359715,-0.1286374658912691,-0.1682668086323354,0.2203636658851862,-0.0059172102674129,0.1126800660528544,0.8116653149144399,10,food,,0.6101012381007064,-0.15456812415091525,1.108068786758108,-0.11952789234443095
1687,1687,-0.130949609520846,-0.1476851706839544,0.0779222940191981,0.3312444982447411,0.0883152506986908,0.2777895138662435,-0.0344609362986211,0.1058335646681489,-0.051679728407403,-0.1045667277180979,0.0074534744262081,0.1009686393885371,-0.1614446959691978,0.8484211231643839,10,food,,0.5495707539604996,-0.1104833506802323,1.1111500070999745,-0.0868131459189232
1688,1688,-0.0208427847182197,-0.1533005654759316,0.0058611698815975,0.3106079887213028,0.1337091016369115,0.2418190773996148,0.0030746014229232,0.0503262221094927,-0.1010074728222091,-0.1262876682618255,0.2301365785799109,0.2182962028993926,-0.0420584761254633,0.7831931086917757,10,food,,0.5726080771490162,-0.09881679816032285,1.215473492165803,0.00623210261367535
1689,1689,0.2680701571670267,0.0533810703573487,0.0565584867536403,-0.1907070624712134,0.3507208125847246,0.496671887118803,0.1034268754405546,0.3776960614876493,0.1096585019609527,-0.011653285844231,-0.0827667709888914,0.0969603147009409,-0.1146257988127876,0.7592273074142454,99,,,0.8239357863819381,-0.044020298927832435,1.2397117858394409,-0.0925705199202036
1690,1690,0.255775395178578,0.0950515309088818,0.1418816891986735,-0.10701143323728,-0.0191732798146262,-0.072265383761309,-0.2065998444560585,0.1160608169654818,0.0544568681220124,-0.3111873903455209,0.1559157159623539,-0.048476225718956,-0.0346108288171876,0.8303930048253702,1,animal,,0.5435456954151717,-0.07039137968521014,1.2615313708173563,0.06651786758392664
1691,1691,0.140315650666096,0.0238576492409751,-0.0288844552230889,0.0870512156887789,-0.4203394710843844,-0.0784541606579718,-0.1938404540679529,0.1444975937474146,-0.348403655259241,-0.101895843285061,0.2150305399901168,-0.0330236294723596,-0.2341262604718599,0.8122320748986943,99,,,0.7098419307247029,0.14755830462606556,1.3791065044783337,0.10268040564692837
1692,1692,0.0328920770737577,0.063254818968579,-0.284950355168089,0.1974251979260399,0.004587696563426,-0.0840735202859736,-0.2558472373671329,-0.2686919861080922,0.0229334654443174,-0.3150745458997915,0.0409252633735894,-0.1079531774643784,0.0021676205647046,0.811002831010453,99,,,0.6189753211402539,0.02270632343444845,1.2424475721982937,0.010506464417277428
1693,1693,0.0519818352236529,-0.1671187335452109,-0.343916818470495,0.249521941715631,0.046462445432185,-0.0952469482114259,-0.2201815067471723,-0.1423586149107346,0.138224523648973,-0.2272408826580723,0.1828296576525103,-0.0772128168793173,-0.3397609588523074,0.7930764321869381,99,,,0.718830870586736,-0.03763114920128108,1.2264783581975882,-0.05434839904006483
1694,1694,0.2984223817034513,0.1697418569529033,-0.2106855338375532,-0.0953568779102751,0.0179245254314979,0.0821729764294299,-0.0349904028830165,-0.314360711560732,-0.2993157071851283,-0.0765764390107058,-0.174889870839049,-0.1777464801962778,0.1844786238133689,0.7503794956815004,24,toy,,0.6856651519060343,-0.02656651909061236,1.5380160590999268,0.27342603288413025
1695,1695,0.2223219260612789,-0.2994476550339432,-0.0111983123196661,0.2502618747186823,-0.0723252597015339,0.1003522793351503,-0.0951164425649052,0.2935612532375352,-0.2911817795540337,0.158782938676219,0.1465326863566994,0.1187955406788794,-0.1102494995892259,0.7369236935955598,26,vehicle,,0.6856509508717789,0.059512906839519375,1.2487154455956169,-0.015867628309703452
1696,1696,0.0978522309444453,-0.0145775311224993,0.0728965883576627,0.0624133786212498,-0.1931761867439102,0.2118496051078744,-0.016870916526941,0.2581619992696064,-0.339463343067044,-0.0430456519840607,-0.0327330111845689,-0.0880502974481356,0.0295167725138711,0.7607206110030245,99,,,0.5430564244557784,0.007070405185771511,1.215536683648484,0.020762709702538018
1697,1697,0.2276122076326414,-0.2857561625472877,-0.1568316606857044,0.3020281287261931,-0.1725880460625972,0.0724200244054582,-0.0451672668976793,0.3582634422510586,-0.1309579380901707,-0.0636679933948823,-0.1454087779597264,-0.2605045886841391,-0.2450367528655458,0.738523202419223,99,,,0.7648255291787129,-0.13536456205119052,1.047252872779629,-0.2560911984107166
1698,1698,0.1261162007681082,-0.2708565682439275,-0.0452410456166676,0.1563439527566627,-0.1239859536427586,0.1921211495281919,-0.1089012309057215,0.3270292137080322,-0.3169946639296535,0.0819008431102758,-0.2067585753624363,0.0629757788326421,-0.185966351299437,0.8022500479604848,26,vehicle,,0.6894500011025418,-0.14653255516185326,1.257607571549042,-0.008835379337364557
1699,1699,0.1121604303705626,-0.1249506603234231,-0.089972750515389,0.2261917734346952,-0.1789690320623672,0.1616436131655246,-0.1629047223018585,0.4371917168376751,-0.1985375224770615,0.0568533876466383,-0.2019043742455251,-0.1526704249716909,-0.2460205219705862,0.7351232002584823,26,vehicle,,0.728376790915728,-0.08984275031512501,1.2321588590928114,-0.05334123395372603
1700,1700,0.2001259816374921,-0.1195230548208079,0.0138267971186912,0.0583100466162802,0.0467456150975398,0.3511149946109719,-0.1381058084669373,0.1817376431982977,-0.4884031466582627,-0.0225664829565134,-0.1493674026758547,-0.2265160594135495,-0.1135591163249832,0.7504808081878419,24,toy,,0.7490385752067206,-0.03539422856132912,1.165396091448285,-0.13021926058583078
1701,1701,0.0083691026942461,-0.2070947125895481,0.0221726175832807,0.0712277052241024,0.0931586556055636,0.1785337530653792,-0.044788414850302,-0.1014918289782813,-0.1139478120607709,-0.2126621927003101,-0.0219395206324213,-0.0391161013642697,0.0306209725251487,0.8178731762912542,22,sports equipment,,0.4031638257134343,-0.080457995066062,1.2073486935468443,0.08106105392687812
1702,1702,0.0131636074969426,-0.1301751109287181,0.0246076810150395,0.0376405749848767,-0.0136235414538537,0.2241036059261125,-0.1854507385796812,0.230207598222041,-0.3139669546169509,0.0601005821106687,0.2709007850145281,0.0625867638737832,-0.5399884662349876,0.8293815901990301,99,,,0.7924745694780919,-0.028231948070423174,1.214135690214403,-0.10274434667219379
1703,1703,0.0293962185530489,-0.1568505662462806,-0.096568685691318,0.1068445740220174,-0.0773849757311038,0.1177227575050333,-0.1220135954393592,0.354168964207465,-0.10333273922968,-0.0125845742607723,0.3139906412468491,-0.3217840582526038,-0.4235912465143867,0.7929557621865315,99,,,0.7738076248010106,0.019887492448739996,1.2944671869929294,-0.01327419191252699
1704,1704,0.1341873583173274,-0.1539211977092649,0.1127699242630891,0.1648689633722819,-0.2606201477757371,0.1603870394208456,0.05904587222242,0.2435040339364265,-0.0046724514888102,0.0339346195988171,0.1379144571887783,0.2277629049843317,-0.3906748605157976,0.7627599181514458,6,container,,0.6802359015714236,-0.21242713037698546,1.0816985013001292,-0.18023356118564604
1705,1705,0.0180816661252945,-0.1597839165509337,0.078704690342238,0.2408411175995932,-0.1367652552853998,0.0124859826023295,-0.1853884728279581,0.0884461171131608,-0.1223403099933372,-0.0882312293297513,0.1961859176120475,0.0757624219006536,-0.4027182139230789,0.7768333059312477,99,,,0.6166617185269799,0.019260829353458853,1.1912017742138048,-0.03960667777630733
1706,1706,0.1826357678765377,-0.3048235864741848,-0.0676997202951392,0.3603377230704568,0.0447860519219267,0.1306563155635628,-0.0955737315766162,0.13057432457941,-0.3427830192407266,0.0472388391344527,0.2415885581451727,-0.181211877366879,0.104643471618045,0.7662954659034203,9,electronic device,,0.7265296713177334,0.053997988019120924,1.2094159308239598,-0.07517987956955952
1707,1707,0.1947774278217581,0.0414091936288209,-0.0145819295375204,0.0062789567736445,-0.0612852231212569,0.3567979123777661,-0.2074994883154714,0.2385920818973499,0.0091470831141983,-0.1284159832885412,0.0424732885777156,0.1506220970501842,0.105358728420152,0.7559656133187402,99,,,0.5684308802560551,-0.06191039938462861,1.2194866825339024,0.01229029683136118
1708,1708,0.0087066170629837,-0.0757088690300855,-0.0318816298426052,-0.0118725588674689,0.1363383595346382,0.3327681097411981,-0.1065814099061854,0.2793673233037761,0.1632489675615619,-0.0451008879991819,0.2409257035926243,0.1088304725994472,-0.0180685028551812,0.6870650832434725,21,plant,,0.5697311191573531,0.08002217363802755,1.1574548242713958,-0.050378111162142414
1709,1709,0.066741802287281,-0.0238990716222799,-0.0079295317816549,-0.0219058371436839,0.0759674547967317,0.3439052946262967,0.0118101351704163,0.3466388668583827,0.1593961817973738,0.0302824944811716,0.281610711935583,-0.0386649218341169,-0.1193000694333158,0.7228680871973556,99,,,0.6093147907361068,-0.07517847926429533,1.217508267594208,-0.009703395448682706
1710,1710,0.0438952711483406,-0.0565935307691911,0.2598903992230112,0.0159968123917939,0.0620068770545848,0.3603043779119064,0.2059775577050318,-0.0375108250556454,-0.1577886015474715,-0.1418146338926058,0.2014981966411216,-0.0878526169982128,-0.1016886171881889,0.7725331937494594,18,musical instrument,,0.5950590454578795,0.06902691948768447,1.1226680181043713,-0.097564549933008
1711,1711,0.2438170861840183,-0.236466099265981,-0.1982510095252878,0.2132376392676703,0.1500974144581949,0.1698195910497093,-0.0780640091370216,0.0680274330368733,-0.4033539116032825,-0.0120736030121692,-0.2538082764482421,-0.1878856824961,0.27240074711983,0.7581033687663707,26,vehicle,,0.7739433942495367,0.1814125790711938,1.3874175375473408,0.07960969085211844
1712,1712,0.2147497300391689,-0.1638291336820514,0.3765843411419914,-0.0644669213497776,0.2534375875296157,0.136249369393524,0.2946079212567299,0.1929955803718279,-0.3005109337243341,0.212705558196643,0.0944360822004269,-0.0610903909058517,-0.3165223936788116,0.795603477948912,23,tool,,0.8210675460874003,-0.021410625623392576,1.4062358069829723,0.07535768747410132
1713,1713,0.0973273555769644,0.0163944455634022,0.2242211125718511,0.1149335405252707,0.1653100513722759,0.0633595173955579,-6.842509831854726e-06,0.1319756300807175,-0.3189286167254701,0.1105038926844103,0.1630910589493558,0.1515971321199631,-0.233826784211904,0.7845867165386453,99,,,0.5832388433710699,0.0033817189682725513,1.2022454637736226,-0.01220036272635161
1714,1714,0.0059313215979316,-0.1095419072524292,0.1967558528199843,0.0499755190915596,-0.0574073962949541,0.3988572745100305,0.0830869537856785,0.2031911074368728,-0.3919260155800202,-0.0016581601648439,0.2270469984824782,-0.1468632441624541,-0.0293009170163809,0.7637172786563031,99,,,0.701002337859808,0.013772775482801869,1.2008644577915397,-0.0712340974979393
1715,1715,0.1275670569965297,-0.1399169028372078,-0.0648892372372208,0.2745350060435112,-0.1992497526068153,0.1862159699663355,-0.155416179672593,0.2808055819887946,-0.2161217576875391,0.018994283698671,-0.2691366202834828,-0.1055957285500536,-0.0897316453119278,0.7979317430536943,26,vehicle,,0.6569011607102822,-0.10055358912419399,1.2494853628485796,-0.0010228582160376476
1716,1716,0.125615260862733,0.0046894493400621,0.4957800703756583,-0.1422808864878004,0.1937306065196281,0.3660023555440012,0.130184620053356,-0.030226946418618,-0.0870619204228766,-0.055425806048691,0.153831699359201,-0.1418884792018011,0.094040602210815,0.8029161522871515,18,musical instrument,,0.7310853947239011,-0.1050115192773391,1.3405256251521305,0.053699498079269326
1717,1717,0.1419954219608537,-0.3562008538580705,0.1954078827463612,0.1128238132384157,-0.0149920652496702,0.258591858555681,-0.1006273985360719,0.0072083059973966,0.1219915461970093,-0.0615324148635598,-0.0749079144420575,0.267459612161167,-0.0239533020609118,0.701832156778975,99,,,0.6096025933744977,-0.05359990194859088,1.163829407979556,-0.06352315277979681
1718,1718,0.2239406319016161,-0.1613389870252058,0.0762899689964665,0.1397841508443892,0.1660644964563847,0.0442934114480578,-0.172521313219673,0.3930901990433154,0.2648752803735268,-0.0886114026801122,0.1323419210181372,0.0284810045240426,-0.2034960635995386,0.7877685157387588,99,,,0.673133990631453,-0.07855698011018242,1.1231533773793438,-0.13530184750843954
1719,1719,0.1917088319737026,-0.0633848163039976,0.275017859601747,0.1806386857498426,0.15619761372246,0.1559545221241909,0.1619658401534761,0.2702017230975446,-0.1032986307804544,0.1764947267984628,0.1816840976893479,-0.0722662639849232,-0.2699486022491349,0.7615502969302432,23,tool,,0.6707616931203078,-0.1740052240073804,1.251143676194645,-0.006150158012504736
1720,1720,0.1465823270556688,-0.2072229727212752,-0.1113400311325736,0.3249021815912075,-0.255820964656146,0.0191856790801786,-0.132859700263634,0.2153591583339456,-0.2311399079078679,0.053918424354244,-0.2142742936927495,-0.1480134104347234,-0.1380222600968901,0.7493818681318682,26,vehicle,,0.6748584539267792,-0.10142095716553923,1.2744173534915184,0.015117894020645117
1721,1721,0.0831274385396915,-0.0437909739724372,0.5010884709084802,-0.1212957616345992,0.2425535122698385,0.4526752215233818,0.0348835115493839,0.0050807348137763,-0.0450967033210819,0.1014681047212294,0.0332404209427618,-0.1600644571055648,0.0197464474832727,0.7975258267620271,18,musical instrument,,0.7609631007971355,-0.07804081702728127,1.2661630407033904,-0.03529012586563174
1722,1722,0.0384069094185712,-0.0979638921313672,-0.0740405412430019,-0.0205559720144438,-0.232991813963772,0.1777233844273052,-0.1600725320587978,0.4149269253413412,-0.1250318169069978,0.0488211049540328,0.2521509579041875,0.0607722618876745,-0.2968069382886908,0.7600154663287715,6,container,,0.6884904558207282,-0.12036133752919198,1.1469994274259554,-0.11897376494883583
1723,1723,0.1061651477646714,0.0162591863882513,0.3655387274166842,-0.1056815313313614,0.1978362334025259,0.433581408804828,0.0068410923321776,-0.0065598148894313,-0.1031891204629123,-0.0540017450793143,0.1667778631403404,-0.1238960933193533,0.147369270937878,0.7838015073097321,18,musical instrument,,0.6796994738230642,-0.10285868689051081,1.3362855663032664,0.07461611935574086
1724,1724,-0.0138848939939993,0.0979416141989787,-0.4781579644198758,0.256833767796834,-0.2176720498120419,0.1573980812234918,0.0925641382570418,-0.3481012322366287,0.0939700393420137,-0.3215911547440009,0.0654371567425659,0.066615153053147,0.2362286005977927,0.8674381466869793,4,clothing,,0.8264724006601194,-0.009730669698738925,1.6211849096284554,0.287660769668336
1725,1725,0.0750555606678916,-0.1273583558803746,-0.0084945944600925,0.1717032954228746,0.0750101837914253,-0.0215936937250075,-0.1518450198835397,0.4647294470706319,-0.1391283315434638,-0.077509277877163,-0.231899534609318,-0.0217662264558745,-0.0968152706873302,0.721857991330071,26,vehicle,,0.6209022405439327,-0.06755648957677307,1.3199214081498705,0.08703695062994043
1726,1726,0.2793915453600728,0.0409292368380801,-0.1465197273706406,0.0311154357407154,0.0870625351542191,0.3243898607890037,-0.2968330933898393,0.0022661096213537,0.1116069825520444,-0.1897230965974332,0.1077841224722192,0.0449837030546189,0.1297112682257724,0.7581372558949842,21,plant,,0.6180709198227713,0.06206077237552432,1.0709983957816391,-0.1604999499694284
1727,1727,-0.1324822381186566,0.134858293566592,0.2734464697374151,0.2421260814643286,-0.0851083356914763,0.1753339587221118,-0.2771397965097888,0.0102301028523987,0.0305626950436475,0.1055047177047155,-0.0219839312962218,0.2124506441482375,0.1348275289778905,0.7766679380656867,21,plant,,0.5999126748017164,0.2640278504690501,1.291234142958497,0.06862541431701996
1728,1728,0.1240225544007158,-0.173577481089733,0.4176239783565386,0.0460226874084154,0.1534730688528144,0.3208452171513418,0.2249040490282481,0.0447537192516352,-0.221585098025558,0.2050770548763324,0.1776091744707059,-0.1651591244276675,-0.2194413942993734,0.7883871320304204,23,tool,,0.7741140799378321,0.023744699438437378,1.2938572750698898,-0.014034133137652338
1729,1729,0.3092812237743508,-0.0212976898960103,0.0869681878449239,0.172488465855208,-0.1954770863876281,0.0408801879075789,-0.1864652298222105,-0.0209709138697155,-0.1253874520539268,-0.2835500631875511,0.0755947555740176,0.0786631931974021,-0.3316689924974252,0.7945678684691135,6,container,,0.6531042664355519,-0.07955538407353324,1.2285023031404352,-0.020147096420847888
1730,1730,-0.1821072684659371,0.1987665390584392,-0.2266429501196663,0.1163629203755913,-0.2232897540306105,0.0552223575688219,0.2798342571837865,-0.1356291505518734,0.113554567489975,-0.3736141198663636,0.2870995934064996,-0.0373539606300917,0.13344158858082,0.886843543941008,4,clothing,,0.7357303542681026,0.0883495058867112,1.5470590053642934,0.2579588748406798
1731,1731,-0.0020485366084624,-0.0460400887953966,0.3499604235555101,0.1063757375943195,-0.2461841202611158,0.2105268736914886,-0.091527900943749,0.09462238170895,-0.0741876587314207,-0.1222825968794321,0.0552015737172519,0.0161481501468644,-0.2078443312950157,0.7617224220287183,99,,,0.5702061066158733,-0.044717302336115594,1.189768796407546,-0.018296675630339543
1732,1732,-0.0128982081178809,0.0793272861920143,-0.069394071635075,0.1134351779002419,0.2280941145452777,0.2556011869810248,-0.1868863486890337,0.21206250197011,0.0920533487105228,0.1865695489887283,0.2649216186692957,0.2841458395727505,0.1488237331098854,0.8404603557716152,99,,,0.6616275418657724,0.031230738993768714,1.2859895680646007,0.03316748248622825
1733,1733,0.1613859442615589,-0.1297437268088294,-0.0130848978140203,-0.0475365446852822,-0.0655438437057423,-0.0080543929809068,-0.2012493870374541,0.0690134038210665,0.0154260451479714,-0.2647334512030613,0.111301970191549,-0.0269834753396394,-0.155943064698116,0.7987575754456372,1,animal,,0.45021224845504776,-0.08392316333878103,1.179056897399082,0.02973605917990474
1734,1734,0.1358771087897343,-0.1769794131529578,0.0832225055840409,0.1019542368850428,0.0080578447979621,0.3634260625672424,-0.0707460318441593,0.2673163404127469,-0.4011181973184328,0.0448503609836925,0.1039341504523405,-0.0371218921524413,-0.3500130072540766,0.783159641990456,99,,,0.7571711977957307,-0.06772960543586959,1.1175546361901199,-0.18204215242166533
1735,1735,0.108731602078031,-0.0159192257396961,0.3550758281250771,0.0447051840179178,-0.3539154123153161,0.348704591693404,-0.0630031018683677,0.0431729237315192,-0.2649711390716028,-0.0950610133445102,0.1698693610758266,0.0425090404989645,-0.047566564592294,0.7322567642635917,9,electronic device,,0.7106399798694779,-0.016024974221462984,1.2654819625891338,-0.011334832112024351
1736,1736,0.2087952948608555,-0.1240709560462689,0.137865048382911,-0.1664478401685078,-0.140413740161883,0.0472351920596394,-0.3316711962287267,0.1192443383580749,-0.0288222210857549,-0.2053046850109378,0.2385630111221504,0.0522872877782726,-0.0590268355104335,0.8020998140221505,1,animal,,0.5983177090401612,-0.09190422521141328,1.2176270358685524,-0.004200855477982657
1737,1737,-0.1182057589925487,-0.1038865212104758,-0.426775164607524,0.1593299034806404,-0.1006255294286147,-0.039657950819829,0.0015743854645359,-0.3052458821805315,0.0214184867210468,-0.2682656401342193,0.1173298646352819,0.1390799619777265,0.0772459701386142,0.8307736590402097,4,clothing,,0.6698249962808828,-0.04617407993317013,1.4441825621634428,0.18734730070055305
1738,1738,0.0463496705287902,0.0051859676108098,-0.3911880198292259,0.1222209863914961,-0.0115447140570769,0.2313907069854679,0.0457616209630235,-0.2974815014963667,0.0488713064287959,-0.2297803813766617,0.3112946476545597,0.0686179550658765,0.1383171620547109,0.7938087853679643,4,clothing,,0.7002409435119665,-0.13436122740481204,1.3329279026938234,0.061202098417114215
1739,1739,0.3103294631675544,-0.1065340741203182,0.2425275909869383,0.0406901727166329,-0.032847277077518,0.0089693654640633,0.1450266166650212,-0.0800351050439694,-0.220267616888287,0.1540920148097352,0.1506621126706335,-0.0800775359178918,-0.3125679116708644,0.8182144796794991,17,medical equipment,,0.6291258167888395,-0.0577936789943303,1.098680826034138,-0.13822959566922388
1740,1740,0.0644998254531108,0.1656147190254019,0.153369233849498,0.0377335233157422,0.0237962778657361,0.1400694712375876,-0.3512887173288819,0.1808896444670091,-0.0238131891082215,0.1867106636114822,0.1868847242538241,0.0900803349732379,0.0603859897040753,0.7653796889853622,99,,,0.5612127260392108,0.04101981383262765,1.3629423486089343,0.15927970898985655
1741,1741,0.1617568233233848,0.1660291770962421,0.1540156992215635,-0.0057584956817271,-0.3216054064094691,0.1587004453243741,-0.2335231443156787,0.2504447164802788,-0.4762013725767969,-0.0332135674119422,0.1780219954393176,-0.0707152312246072,-0.128607671612642,0.753209716178788,99,,,0.7774700852311288,-0.037491025683866086,1.1924698560291536,-0.11706453045302778
1742,1742,0.082025631566185,0.0146494816950433,0.1702675421318917,0.0549692141325299,0.0228785985423411,0.3040132216560095,0.1409081067443837,0.0781031692974914,-0.1260137256406761,-0.1899108022633587,0.1921679192774376,-0.132898946786089,0.0561685597061775,0.8075532673036927,18,musical instrument,,0.5172516302431237,0.03898064900481235,1.2031242640259827,0.020983379889998544
1743,1743,-0.0150758241296938,-0.048677917042764,-0.1212296763152109,0.0951033038307725,0.1568994496988214,0.1331549328598248,0.0636666414499826,0.1159060793743502,0.0918543879171973,-0.2367458639196835,0.1562761450879463,0.0476785640563252,0.0179591270804078,0.78706899603715,99,,,0.4215178154387005,-0.05588932495822707,1.1510024978864413,0.015729411660716286
1744,1744,-0.0474959717559729,-0.0363345160499076,-0.4398907406364606,0.2462393248433053,-0.0771418403365289,-0.0465675333082796,0.1616609225367372,-0.2805606583700116,0.0452968819562859,-0.2977911589534996,0.1642564948852438,0.1315900709667107,0.0891715561385565,0.8429495958601178,4,clothing,,0.7167013045578928,-0.12707505642562433,1.485025096794326,0.20524089772152077
1745,1745,0.1404792852132072,-0.0336414071896756,-0.4687649325170348,0.1826547011084859,0.0032424158865423,-0.0762198585242727,-0.04321580087273,-0.3696330000912506,0.0160820194851115,-0.4148290547268317,0.0573450140767478,0.0759280264600661,0.2157437774064535,0.845182465097868,4,clothing,,0.8038820095447351,-0.06479376428112615,1.539631946225376,0.21716724109162922
1746,1746,0.1657448411886813,-0.3103365970341807,0.1119797030674482,0.2323995439212952,0.0020011135418301,0.2979852327209679,-0.0099193183848908,0.0436538928093182,-0.3817209968820489,0.0184566062459236,0.0461617706863393,-0.150434579243032,0.1358382856354713,0.8028562505351472,26,vehicle,,0.6858553008377015,0.21870689282310252,1.2378965156532198,-0.02678660057179072
1747,1747,-0.0050467007007377,-0.0980603607404821,-0.2107398912209679,0.0565983580899921,0.1094067055066444,0.1058439331536396,-0.0060355468703494,-0.0299857573053525,-0.1261356311410322,-0.2434848685579222,0.1088734005590743,0.2882225644765987,-0.0276058634908542,0.7954601870373712,4,clothing,,0.5022421175798867,0.02525347095633823,1.2959887004635378,0.12119592846190441
1748,1748,0.1102011671884597,-0.2695522611394637,0.0516328283655773,0.3288693809384455,0.0493600393435873,-0.3071592725239771,-0.1866739716328439,-0.1494484593474778,0.2960464478789733,-0.1197112319162762,0.0936504157112386,0.0228165767965156,-0.3153192830987039,0.8195620202186807,99,,,0.7485188764948321,0.07659717944366617,1.3242656617033448,0.028904735278954874
1749,1749,0.1811557717984589,-0.1730559512566745,0.1278263981816707,-0.064639899695822,-0.0880263475690113,0.4083580156169916,-0.05479529078967,-0.0871721958585992,0.1757046024264374,-0.0227602561838723,0.1179761852662304,0.1749678030314158,-0.1660355379808932,0.7067435895248835,6,container,,0.6098197699895925,-0.013112554263714271,1.221568378096502,-0.005890504444008959
1750,1750,0.3196668940160776,-0.0839673563991243,0.2106895369657073,0.176225738551835,-0.0952983929741659,0.0605391670784825,0.0381545694309712,0.0234323941487482,-0.2779734204251253,0.1157884181914204,0.1688673435350445,-0.0714658043143823,-0.1142443020292304,0.8049676667455873,9,electronic device,,0.5803327807376322,-0.07630372602955482,1.2121757008968679,-0.0008474229092172436
1751,1751,0.1647712493036552,-0.0887956868507507,0.2188237245044014,0.1869454535527533,-0.1981895289930933,0.106838662969472,-0.1254703646852837,0.0839817206247729,0.0103777122435936,0.0166287686237308,0.0210389783782661,0.0221221130440954,-0.1342600737636775,0.762716937811536,99,,,0.459018519770704,-0.15819138697786417,1.0495583150930439,-0.10407375364805782
1752,1752,0.0392464327963185,-0.0480612831164659,0.0194226432351082,0.3150532402161702,-0.2552255692795004,-0.0604181677383194,-0.0427181616501759,0.2914472167628301,-0.1558078671957802,0.0887532964059349,0.0366232871691903,-0.1797517951912896,-0.0598580264339726,0.7625816799951798,26,vehicle,,0.5730889248909026,-0.14805032180746414,1.202175498055866,-0.00730129708245264
1753,1753,0.2279108858661553,-0.2136835987050276,0.193508391969102,0.0137273773597252,-0.0717933389591161,0.1922937166882376,-0.1688561481415869,-0.0199551424641494,0.2947979006227679,-0.1257098091031623,0.1149751539267505,0.2662642545438203,-0.2164187433096835,0.7378114025979882,6,container,,0.6632808789769741,-0.034832554487535194,1.252454566435693,-0.001176932929893848
1754,1754,-0.0585655589728364,-0.1277613035536216,0.1803921633680218,0.2334933987347053,0.1199846465968922,0.2671475688239326,-0.0912342267291813,-0.0623210813580034,-0.2247243676427311,-0.1709191284968266,0.2169884596314222,0.1314773308357264,-0.0904972627404807,0.7770000976523951,10,food,,0.5975445925584016,-0.1308581347812604,1.1643117476067109,-0.05713765399613013
1755,1755,-0.0353735239091929,-0.1801843963379053,-0.4581488849663459,0.0356115204907841,-0.1401953665735569,0.0128263515501117,0.0223692512586979,-0.4048539210789839,0.0904550514645631,-0.2955341117133815,0.0170386900532183,0.2295396565577835,0.0881751091230147,0.8037594131905751,4,clothing,,0.7651070312476482,0.05988709249734625,1.532148705499707,0.22866682112281755
1756,1756,-0.154540189441257,0.1044495855519988,-0.1138408054110362,0.0670240940903347,-0.0332716893408501,-0.2984398371917974,-0.2589294125994608,-0.3472036120768377,-0.2805026373411724,-0.088318077672928,0.0230882943125268,0.0306467409604809,-0.0875325878975055,0.7838331758100694,99,,,0.6524021254807059,-0.011872585949824321,1.2697178444621078,0.021412187604941124
1757,1757,0.2256429363148416,-0.0686797356430477,-0.0794331444369243,0.2795943085272456,-0.2208950419146842,0.306607471686924,-0.0599020011326914,0.3871860277832964,-0.3581685060416035,-0.0726188987282002,0.0603022012375597,0.0790702134512791,-0.3279928458917037,0.8307697314506027,9,electronic device,,0.8291225590573631,0.08650577904319179,1.1815277575918386,-0.1532938036446181
1758,1758,-0.0809970727067011,0.1804775352773964,-0.0160324245538367,-0.0440065573173622,-0.1775275580613488,0.1221438620465859,-0.3206615035091528,0.1645953553416707,-0.1547763085174925,0.0980488466097237,0.2012400624413413,0.0345109510216955,-0.4342075830389796,0.7817787903153758,99,,,0.693881074558681,-0.058550725405090764,1.2595207079025372,-0.009091535575960208
1759,1759,-0.0860631180595572,-0.0411082297865391,-0.4343892224951701,0.1277312738659884,0.0069362644534125,0.2183161928283527,-0.0348384592344106,-0.2037314776602404,0.0732838561317563,-0.2103318155866418,0.331268101761666,0.2334055158965831,0.2118759522195848,0.8063469035533699,4,clothing,,0.7505027863232661,-0.11028852377236287,1.4018641720681926,0.10553199546327696
1760,1760,0.3327812150749961,0.0648477066848337,0.1165048485081792,-0.1703026464985168,-0.1327178310589578,-0.1760124743967017,0.0763246147802529,-0.2122360514683932,0.1510830111012656,0.15131857015272,-0.0025891309930237,-0.0566981169511346,-0.3563607603010649,0.7617513556058799,6,container,,0.6579716505684899,0.27437526695700676,1.4245483494466953,0.1735160554362547
1761,1761,0.1372551604172745,0.2246854104849508,-0.0225807854365985,-0.0292913614330476,-0.2924031180870272,0.1952032257293619,-0.2439218621269402,0.1650581878894789,-0.4736113223717992,-0.2128476878485518,0.2695532268296418,-0.2902737116105969,-0.0966294640317532,0.8381523578205372,99,,,0.8467013626145061,-0.05637168810841087,1.1844293681361437,-0.15899813671912155
1762,1762,0.0516305405638532,-0.0093985418965119,-0.0394783793490377,0.0253057008193932,-0.1652448158613839,0.3105404589436205,-0.1798535368626549,0.0627274579788124,-0.4934645829213435,-0.0354561852240193,0.0647145068508071,-0.0667948833014532,0.1356944809059932,0.7593679865195226,99,,,0.660910865702835,0.015180253231427798,1.2154410651702183,-0.037030161794191274
1763,1763,0.0468150809756754,-0.2151051742666017,0.1613050976947085,-0.0795829249362648,-0.1446995056512809,0.4846596905995193,-0.052163592786811,0.2914158614822732,-0.2644745662308989,-0.1156844062124173,-0.0388392392193908,0.2103689145992431,0.0072848010925477,0.6760122143225481,99,,,0.7439342610297429,-0.14349342416528876,1.049856957182744,-0.24325950805984697
1764,1764,0.1052446943919515,-0.0200809030164201,0.3223114784133139,-0.075864376232562,0.0803706601871456,0.4003971156411221,-0.0053260351281266,0.0924533424247223,0.0454101988219787,-0.0291916169110943,0.1278777635832953,-0.2314186632741317,0.1833701519219837,0.7876147807647988,18,musical instrument,,0.6347591912462213,-0.04387493009053145,1.3575337408514094,0.1178654236629384
1765,1765,0.1935936825150558,-0.1254341044766148,0.1388292111758786,0.1980063555999792,-0.0355708567169252,0.1563092321849026,-0.0311121395836148,0.2059252534959186,-0.3391832976111938,0.1766380506055724,0.2857353098838828,-0.0243600317257989,-0.2707537027351538,0.7559011386455637,23,tool,,0.6946619959987649,-0.1296433397464002,1.1453060784537616,-0.1236884757924872
1766,1766,-0.1756287856232249,-0.0414362070232054,-0.3657484494677774,0.0099307732842531,0.0261768517911027,0.0293149808916135,0.0015630288684816,-0.2493747098794255,0.0176526099875395,-0.249312095397532,0.2784457172127802,0.1835153792811582,0.2893792541200614,0.8149549231520192,4,clothing,,0.6982737020194415,0.03553717682814439,1.3294796769944701,0.05871696268655291
1767,1767,0.0792827023436917,-0.1628013489854193,0.2903872487218765,0.228680181631361,-0.1283111597599009,0.0919538187586585,-0.0328763559098738,-0.3323696108378992,-0.1340838773764528,-0.2039222459150934,0.0152603454694174,-0.2420873090298966,0.3715876120375401,0.7501237771187786,22,sports equipment,,0.7499055557945865,0.036767886142661244,1.4768879180038461,0.1808481237695816
1768,1768,0.10609227347869,-0.0517888078747897,0.0797981156439875,-0.1061077735951026,0.0391569372170859,-0.0204568547792568,-0.243597642306843,0.216933093302884,0.0357340893701594,-0.3598581319227166,0.0692862083785272,0.0759282914100652,-0.2145041177646437,0.7130890260842656,1,animal,,0.5720736646950609,-0.0012873859984305902,1.3335206440214027,0.12454088339259606
1769,1769,0.023848363723628,-0.0202362758201609,-0.1802959754661993,0.4140185383383307,0.1822763959149706,0.2070652529117254,-0.06048736361111,0.1771997232551754,-0.2176297868356143,0.0068949931503894,0.0761232379368862,0.0411118856528866,-0.2648684064348945,0.8522052559843257,10,food,,0.6641580226044949,-0.12920136048894137,1.1261540903258336,-0.12790682669491416
1770,1770,-0.0103369888859241,-0.108478818419765,0.0097078199189557,0.3216219934896474,0.1480283808293958,0.2119961581554281,0.0059312482763735,0.0874713398980468,-0.155870429706154,-0.1443386406400248,0.1668461891720171,0.0647469066263025,-0.0921220475066563,0.8492465724975353,10,food,,0.5249725344210199,-0.12214125614314009,1.1338943123420422,-0.052026445994435955
1771,1771,-0.0227009320905261,0.024890355348665,0.1302719968977103,0.2303589776075336,-0.1191795378257762,0.22355530414683,-0.1849806317019379,0.1920581518894296,-0.3534118270627109,-0.0263128466158008,0.281105977461089,0.1285418485383778,-0.341148166962628,0.8575199725392281,9,electronic device,,0.737545763003662,-0.0528787562413191,1.1812479702500647,-0.10874091844031097
1772,1772,0.2064131654399447,-0.3490031204299765,-0.0611699612690892,0.1395433651477382,0.0128932253805131,0.1371415366166531,-0.0513725175413331,0.5101307818647847,-0.1275888051327088,-0.0195042943381976,0.0091837677502485,-0.1135765492620831,-0.0911283424568402,0.750748920080129,26,vehicle,,0.7123327480680245,0.0355083715140293,1.2073265682890564,-0.07031894422722784
1773,1773,0.1208849293570223,-0.2690035667175757,-0.3241786548761848,0.1996587211927994,-0.0057961580888346,0.1337821955237847,0.131482154264712,-0.0568259269349427,-0.1157921445327157,-0.0159051429266946,0.2250445288216959,-0.1267138914962086,0.1489077449110343,0.8238807619423795,17,medical equipment,,0.6106678847623735,-0.07510136338901541,1.2391277533697402,0.011253664646788675
1774,1774,0.1609668533560842,-0.0385378560776615,-0.2527189146293891,0.0107181489640001,0.2438798293452002,0.1379961853816844,-0.1292964322751204,-0.1985205311331087,-0.313593476088615,-0.0435532449051175,-0.07037265232093,-0.1098977097321132,0.2843414627532197,0.7562324118909785,99,,,0.6512627330100134,0.2362597423529995,1.4369612936639615,0.18921344196859669
1775,1775,0.0221836774838347,0.0896408317161688,-0.0999008764175172,-0.0205412810895685,0.1332811536457328,0.1358336976330305,-0.1089756633013112,0.4795253157967532,-0.0218871930084098,-0.1607514358764195,0.0201414178753367,0.0279090793668292,-0.322885661828642,0.7419141289176294,99,,,0.6547705124704141,-0.0937632580157921,1.2273998405444153,-0.022065292544150905
1776,1776,0.1386916407639636,0.0558340674346461,-0.3654302097204927,-0.050992552385623,-0.208134003022891,0.0547805279954705,-0.0899974586425383,0.0001334363453724,-0.208845196577237,-0.0984854488037157,0.3742519240459366,-0.0161760577551324,-0.1211917845628632,0.812336803258325,6,container,,0.6490314619569671,0.02087285804500305,1.1901129466778502,-0.05654255576755718
1777,1777,0.0215814710162352,0.0551809726180198,-0.1144079265845219,0.0594806001299955,-0.0822540003172252,0.1279030300504408,-0.3172350678793272,0.1475937264829863,0.0649063252637135,0.0605718192862728,0.1877161641382407,-0.1170638387398546,-0.2063461806449541,0.7074842075223174,13,home decor,,0.5148655556339231,0.04308733878276816,1.380810369944496,0.19983762125585902
1778,1778,0.1306818537757027,-0.1854960203477313,0.176712132104537,0.4682674422596342,0.0535750061078488,0.3113796416632134,-0.0970615137061333,0.2480682817466226,-0.0382019620984189,-0.183255857632557,0.3506835552945995,0.0379973956446127,-0.008885827750227,0.7859252328081341,10,food,,0.7951844334412486,0.08474551294524857,1.2437240640552838,-0.07448262378373727
1779,1779,0.1374829837064998,-0.0629922504269822,0.1496839324728033,-0.1634018481686515,-0.0134093905247399,-0.0812140898930699,-0.1953621481617178,0.2015548254234802,0.0040011232440938,-0.143169071662602,0.0195904853133446,-0.1267689392371059,-0.0990062746343455,0.8355345446167013,1,animal,,0.4520078321671394,-0.08764883758522302,1.2098674128391493,0.05966752206449644
1780,1780,0.2407959528162515,-0.1465672225390514,0.447835150166861,-0.1608269268847527,0.2365734794921972,0.1917250449193939,0.1597723603678966,0.1839093152586224,-0.3001198834765357,0.2020969740992179,0.0990640870157323,-0.235486730988773,-0.4208379758904539,0.7794992049203248,99,,,0.9117285990546324,0.08761114112850898,1.3431962752880413,-0.03206620221889023
1781,1781,0.2492414513038015,-0.0880749323528741,0.0923107070983108,-0.1613939478110187,-0.1488767072248425,0.0282728473105499,-0.2097692868462473,0.1066575328806085,-0.0405909541814467,-0.1751907588161568,0.2006795149844913,-0.0156390057846893,-0.1223227330823928,0.7805003675542829,1,animal,,0.5202014066362707,-0.14651952494602322,1.1331033294175168,-0.05048165808107652
1782,1782,0.0728989897812045,-0.0178199598157944,0.0157261908147792,0.0450814330311298,-0.056809695647882,0.2323801365074199,-0.1616652363862568,0.2408896834325144,-0.2136444856122537,0.0739614831351651,0.3276311386797688,-0.1273525833842465,-0.3856335238366953,0.774698987691483,99,,,0.6875253780170746,-0.13922073803209867,1.1011161860551735,-0.16438453928629504
1783,1783,0.1032660450944701,0.0131441476147794,-0.2397413072865162,0.1194279649386434,0.037289515195132,-0.1287530821717052,-0.2622550489946904,-0.2865094035737127,-0.0570317307586976,-0.2886144264651205,0.1555259216379404,-0.0130826186383056,-0.1100102438239497,0.7969019856108625,99,,,0.6118998427205826,0.023877678416886372,1.2477414870207246,0.01926427643600226
1784,1784,0.082144886885998,-0.2005025586676606,0.132028808642946,0.2666610773851735,-0.3617106732081384,-0.0611079238004598,-0.1414307817807233,-0.0519961542907861,-0.0400848337118961,-0.1727932435520068,0.2041929241690899,0.103069828679932,-0.224894369271994,0.8007455053612172,9,electronic device,,0.6535470653623426,-0.061305604674843805,1.1702285009424194,-0.07863767688742107
1785,1785,0.2683312840961603,-0.1055255207116691,0.1246950083473114,-0.1231049912471502,0.0612173292363393,-0.2134744553252404,-0.37761129629009,0.2121184821232679,-0.0424913360736625,-0.0899609214477053,0.3432720404640396,0.069288651182469,0.043212318909142,0.7757805182658155,1,animal,,0.6965248308738472,-0.0237185879812275,1.2939443160071087,0.024037785479084084
1786,1786,0.1054393887834871,-0.1169377769859442,-0.0591017046035204,0.0724381552427894,-0.5011080186680192,0.3515027154275074,0.0806353129813462,-0.1741392314455268,-0.2643215109262374,-0.1973645166012063,0.1129929761148917,0.2092971571429,0.1883587982994138,0.757226838202448,5,clothing accessory,,0.803674374518414,-0.0015992667446613762,1.304370121838557,-0.017992932729268052
1787,1787,0.2422992898694854,-0.288903935542757,-0.099290230611802,0.111398733991157,-0.1242047642593504,0.112875069756055,-0.1010863748974708,0.0462518986853585,0.260273678394787,-0.1135045004495002,-0.1537516743463138,0.1680049174343884,-0.0004084496258676,0.7771391005585486,6,container,,0.5809122236596219,0.010899912033394576,1.1941109867712008,-0.019195811239488325
1788,1788,0.110825926168152,-0.168044154476444,0.0976745554915646,0.1962151357424558,-0.0301141178474977,0.1118789165319402,-0.0887753017332324,0.2803447430566904,0.0798329665883185,-0.0834029970392579,-0.0089216496405703,0.1557966158099757,-0.1899152018023559,0.7799394396589668,99,,,0.5120636981277629,-0.11312268326329011,1.0881812093694097,-0.0914198516700897
1789,1789,0.1130822159607129,-0.2546074749764871,0.2833692951339041,0.3161692428800867,-0.0455013200657449,-0.1557680875341039,-0.0696961592392412,0.0235878266332191,0.0629330179616491,-0.0219781119224567,0.0965651606833758,0.0769014599514943,-0.335653504726797,0.7466844371516806,15,kitchen appliance,,0.6495900638383992,0.12499276257646375,1.1454621685751858,-0.10146680505848171
1790,1790,0.107561261092149,-0.3238447157107887,0.2241171318896494,0.206362087844355,0.0961787484846555,-0.0409377437342815,-0.2248047305635915,0.1667519768961486,0.325440736158579,-0.1050994933428083,-0.0570752191562363,0.2265820736249783,-0.165634883078552,0.7351601819589626,99,,,0.7053493968005188,-0.024480229627021677,1.2070617915827158,-0.06716492584417977
1791,1791,0.194176603932928,-0.1537527471569404,0.1261612267321327,0.1036223470483462,-0.1073274805234073,-0.0935876563600894,-0.0857812886246679,0.2785068180285421,-0.0482060657153216,0.1281529187581575,0.1769328616130735,0.1661827228728693,-0.3105794959838887,0.8321766464073984,6,container,,0.6060772021452279,-0.06779853624529997,1.1432516839772275,-0.08237497330668564
1792,1792,0.180426005692033,-0.2418037063524631,0.2242571295021931,0.1534963327591885,0.0067020237428522,0.0118640793470486,-0.0975680420935638,-0.0701685872691612,0.3286405849151202,-0.0697149024163358,0.179692057710314,0.2371919664605449,-0.2123231035632003,0.7706155738432617,6,container,,0.6526859533908669,-0.1258606952052682,1.1161874276536423,-0.1322571810374389
1793,1793,0.0521776332394414,-0.1264693495953115,0.0324146719063504,0.2876546799448209,0.074419608060754,0.2513767993165485,-0.1752066286892241,0.0307219808493349,0.0102264365351964,-0.1358859131187988,0.0202134366391638,-0.0072175065233609,0.021349524421062,0.8426775138465737,10,food,,0.4715599037147958,0.006886492161643276,1.072513801465547,-0.08725807325119095
1794,1794,0.064831232619512,-0.2117601867296089,0.1235873995032113,0.0800199100654446,-0.0333183065729335,0.2722132449699508,-0.1373978618853387,0.2716697331718465,0.0354737024383019,-0.0700719630228247,0.0392509491774578,0.0502418436389108,-0.2103324310844893,0.7629456377163432,99,,,0.5413763463505664,-0.20363581653558716,1.0292613612246992,-0.16469010751481172
1795,1795,-0.1612614523514908,-0.0343372608999003,0.0635494513230241,0.1745404598773927,0.143471406167615,-0.0432161709365896,-0.2172490864309664,0.1889280566088434,0.1273949098165139,0.1326653020089932,-0.1246696848853181,0.1616167991283139,0.2587437941971704,0.7724793145028541,99,,,0.5563005328734059,-0.03558515658707906,1.208071702610591,0.006813894315339963
1796,1796,0.0009176285783726,0.0249620891871847,-0.0272432286433612,0.0248327764951287,-0.0967154624838395,-0.299557877312323,-0.2958406071450081,-0.1958141050295754,-0.2387461029091667,-0.2255930969106543,0.03246759023656,0.1440287761628008,-0.2438649162674164,0.7362242510460147,99,,,0.6450557468427425,0.048593431209892124,1.33773219516354,0.09302305840827985
1797,1797,0.2350068198959187,-0.0594478286834078,0.0443345167358646,-0.1911394448695496,-0.0981687437912662,0.0802631806428213,-0.2562702931161333,0.1286518091891853,0.0300585026475714,-0.1583552957512456,0.2554917786106527,0.0252590487130965,-0.0669463842898541,0.7797541078797608,1,animal,,0.540317423539934,-0.1556632649146209,1.1687883351959374,-0.02464472340403523
1798,1798,0.2475770881571706,-0.1403436469973524,0.1622993012477247,-0.0656888686021112,0.0687736140359606,0.2446172697726393,-0.1045911806859083,0.3764740984057876,-0.0328461520826258,-0.2671851293135485,0.0182481481652085,0.1486665755052082,-0.2277869125914642,0.7657528872327961,13,home decor,,0.6896917508189624,0.07433788430633337,1.2437027104783762,-0.022858592286906232
1799,1799,-0.0779065292708928,0.0010531602100169,0.1114991164426083,0.0325251697775926,-0.3774523703603793,0.3075691749119879,-0.094903769875819,0.1044705928204492,-0.3808717291776458,-0.1253800037741166,0.2171364563263614,-0.0393028989103865,0.0658605099395883,0.7264553243489934,9,electronic device,,0.7002602233205999,-0.1526492335046018,1.237171639413085,-0.034563603557534295
1800,1800,0.0900421305245012,-0.2618271773546139,-0.2027252999228332,0.3036153375954674,0.144188296731543,0.1782250907264316,0.0621835625238523,-0.1159747707869735,-8.135686349117476e-05,-0.0644521145631101,-0.1233024883938209,0.1946510524673144,-0.1340873524291149,0.7834663237537803,7,dessert,,0.5958509066467147,0.24558077267956913,1.1672173222085456,-0.05340291230015448
1801,1801,-0.0385212824881415,-0.0169979655773642,-0.031447745705496,0.124051996845837,-0.0274550175192008,0.1100361569065882,-0.0994630041246082,0.3160209840095739,0.1021954161258661,0.1024853911623454,0.110919284503903,-0.3726918789823203,-0.2864012289722793,0.7546146773280921,23,tool,,0.6284502452678491,0.12393006673551188,1.2167512077315776,-0.019828478697269336
1802,1802,-0.0575872665720096,-0.0054863813376318,0.0222255496422129,0.0776488364411176,0.1096106237330461,0.3779708495138334,-0.251927729215865,0.0891449159959286,-0.0166797373065573,0.1304077844601305,0.3790267528844065,0.288367227729807,-0.0501681224792616,0.6630476325527376,21,plant,,0.6948228127014083,-0.03940019007254625,1.2632908122652786,-0.005782471996435445
1803,1803,0.006277939322483,-0.0427520903178048,-0.3163017756584277,0.1604039385137115,0.1217387014129431,0.078067218746941,-0.0948240249734501,-0.0706418896494177,-0.0299351275659623,-0.3158838878529341,0.0798621893028047,0.0906497303442135,0.2839100138321845,0.832307199419237,4,clothing,,0.5986810888840938,0.08766250250062035,1.2959894961842546,0.07398370726699288
1804,1804,0.0662127332713972,0.0077036672573495,0.0960875613143712,-0.1353963889151145,0.0841716609954349,-0.1435456377639143,-0.3226538363138657,0.3508439144687024,0.1617710911760516,-0.34286967187661,-0.0762250961281096,-0.0031967316487911,-0.0369485701378758,0.7894415567416134,1,animal,,0.6616727455411062,0.21191801596596738,1.500330633569546,0.24748641791388937
1805,1805,0.0444451442361073,0.0595183018685115,0.1148345189524538,0.2372936319546921,0.1396356915301239,0.3295377050288434,-0.1327458727572399,0.3032589504661481,0.0101464132767644,0.0890849036938897,0.1653290835308937,0.0838833204129414,-0.1273229242229148,0.780764949819828,10,food,,0.6093554224550118,0.24074411381947347,1.2344020494959487,0.007170494639551217
1806,1806,0.1013802733358937,-0.1803584428091883,0.167722025163774,0.1010238243971358,-0.154491438983179,0.2724804308849694,-0.0560962720102619,0.1867255171004152,-0.2234827252490181,-0.0603314068911115,-0.102890711173504,-0.1009425106223495,-0.1771333646535814,0.7665092841119799,20,part of car,,0.5683366465850285,-0.001657431527838149,1.0789936065882504,-0.1281566457322767
1807,1807,0.2416514419412343,-0.2935297696701238,-0.0067512602403777,0.2041796968459644,-0.051228674929142,0.1323962081498267,-0.097681039577708,0.2999622881618613,-0.1205659408266836,0.0635540290985157,0.3331497311660223,0.0587364534997264,-0.1852289032618998,0.7712350078604892,6,container,,0.6879577659456642,0.04130390919702687,1.1446216371575304,-0.12109076960598708
1808,1808,0.1375694299908081,-0.34411804655479,-0.2645417800277057,0.1814275175874374,0.0412359600433317,0.0840278141918661,-0.1539487710718495,0.1215685028254324,-0.2190489497935482,0.0542943768956445,0.1975280425201869,-0.1855579732182119,0.0200089124443206,0.7764102849787763,17,medical equipment,,0.642075420690755,-0.019439366597995722,1.1740108789655612,-0.06923919837497294
1809,1809,-0.052753291480723,-0.1676728339596137,0.2486282481853917,0.1468174659644898,0.1002498253869654,-0.0065703669484856,0.1948000557884332,-0.0426403683295881,-0.4396105573800154,0.0104961295324154,0.1531591210664758,-0.213721482612369,-0.1841865381614682,0.781472904655098,27,weapon,,0.6786411447203914,-0.02475233102551333,1.2491729015636859,-0.011978425902150258
1810,1810,-0.0484189112983968,-0.1813118794379554,-0.1019476644187328,0.4799663734396769,0.2029514119249889,-0.0209940174639368,-0.0301581153303589,0.0217105759994568,0.0069792648307197,-0.0438583075250518,-0.1346650184124509,0.2640301573020227,-0.154425727416484,0.7902651643074438,7,dessert,,0.6577662788754467,0.23079414850622715,1.1508262943882561,-0.10010545710201324
1811,1811,0.1014697515985123,-0.2111699404406738,0.3201233073619215,0.3059543744227979,0.0610907865796251,0.1972320929014199,-0.0146231828235027,0.0272697769725842,-0.2581267629164865,0.0846282824433837,0.177608563739919,0.1074004605948162,-0.3896288009350162,0.8276551208657069,16,kitchen tool,,0.7504982088972852,-0.17335581967037794,1.1252799716524222,-0.17104996401102213
1812,1812,0.1188663957685999,-0.0029594275236605,0.3707555240626716,0.0674721214709811,0.0276556224691266,0.0162382561149585,0.0715608568001416,-0.1646939930935417,-0.2710019822431016,-0.0425860950595758,0.1769954732476365,-0.1715701699270652,0.1548170386761729,0.7826192881539973,99,,,0.5911103045553107,-0.023995225463422365,1.1548117374680067,-0.06348767047333292
1813,1813,-0.0067497015519924,-0.0592782078429795,0.0411453801088524,0.0181021519698868,-0.2913722684697928,-0.1678822013433226,-0.2843719491101028,0.1553298861115533,-0.1911759620510305,-0.1151828695875794,0.1958951848129571,-0.1817297813901324,-0.2596749000512078,0.7637044651056353,19,office supply,,0.6421091328066891,-0.006448727973815904,1.3504351736538631,0.10716859208606122
1814,1814,-0.1039298683651278,-0.1616690393530601,-0.0362704795819266,-0.0703599649193339,0.0629939500499964,-0.0592443412611632,0.0127655099398298,-0.4392717645100973,0.1315948281717394,-0.3967415033271961,0.0516478065451709,-0.1471814924917235,0.0785885066472917,0.8461413648068137,24,toy,,0.6700986490991002,-0.03967395792375239,1.3082226805749575,0.0512534486335281
1815,1815,0.0828728268072413,-0.0920827552647723,-0.0227270271393433,-0.1405976191087742,-0.1016060384162202,-0.0803774319200584,0.1004114695548932,-0.025820106496787,0.2092291880459785,0.1447549630060928,-0.1790636566882489,0.0646588479489571,-0.0941693899102899,0.7482588106035729,99,,,0.41594241600275444,0.2962429576533925,1.6395684588792911,0.5070248856742969
1816,1816,0.0100521242029605,0.1970498957081623,-0.4055151042914832,0.0614409171643331,-0.1664886042689728,0.0476089150717234,0.2155436631993203,-0.3566253627965559,0.010960635574721,-0.4231588789224632,-0.0420623863710639,0.1230252425002621,0.1079701788527904,0.8858876569975964,99,,,0.7864595116692968,0.3708663105386134,1.612167028025104,0.2982317449266758
1817,1817,-0.0528029469941586,0.0450694272569933,0.3466429328472843,-0.0896848279870804,0.1685700984226792,0.3463456637160287,0.0284740874269859,0.1983039318748497,0.0612374786242793,-0.1290546224480442,0.1461007037190469,-0.2622880641641439,-0.2061667656810102,0.7617800646445004,13,home decor,,0.6888982650018383,0.04919284786597866,1.2328977481410788,-0.03327509279389229
1818,1818,0.0495115925208543,-0.1001981650789008,-0.0658205282060328,0.0386830396658004,-0.0721390210312372,0.1669340682177726,-0.1962878056691351,0.3805599781113853,-0.0332941284952376,-0.0823337887716613,0.2832542782057241,0.0136711702216138,-0.3495213452811899,0.6848244885058168,99,,,0.6672465962759653,-0.0026640548109504447,1.2635238060605174,0.007950835571920889
1819,1819,-0.0510362107072604,-0.1856130041208544,0.0064855692856542,0.0338583773219083,-0.0555333383014147,-0.0822191616815339,-0.2891451578552081,0.2516096953064218,0.0582634718268604,-0.0758393758075459,0.303014930653946,0.0442529218941642,-0.2553444310239872,0.7225151292866313,99,,,0.6025985633423973,-0.13297288371808547,1.093114322586785,-0.13080931951125163
1820,1820,-0.0229204982673623,-0.1639855009111518,-0.0107718484593728,0.1914920190415606,-0.1475526012405152,0.0946837672680078,-0.1286873661392356,0.2649994467426453,-0.2380319146006535,0.0058898986535815,-0.0135069820928853,-0.0651158858131686,-0.0687890354786087,0.649435628026099,20,part of car,,0.4975661589654062,-0.1042204548499448,1.0566401020110328,-0.11586349052117373
1821,1821,0.1252262225649687,-0.1322876036450589,0.2995382492906103,0.1919484120140522,0.0732241461092247,0.1098372387993602,0.0464835014813766,0.1206241657418112,-0.3053900768741864,0.1319587804980817,0.0657821935330942,-0.2600970524977313,-0.2938739236939149,0.7458873722078694,20,part of car,,0.6803688323,0.06424511650509546,1.2145975441417338,-0.04739959639964497
1822,1822,-0.120197763558407,0.0836687715098898,0.0958692384831403,0.0839677970187731,0.2427495220185021,-0.0664925045451061,0.0835729511293086,0.0339202462592271,0.1981248307021161,-0.3046309818192418,-0.0814353221878167,-0.1453427211188295,-0.0827132850107707,0.8205021648860478,99,,,0.5251897388618806,0.09796180938905819,1.3704939032616963,0.18446680952157557
1823,1823,0.1433835470547359,-0.2168392651243146,0.0029420087509581,0.1733430772243029,0.0419002899450786,0.2188265321117425,-0.0002028543292444,0.0668332789219687,0.2487454231270578,-0.0512059982846141,0.0469117078391679,0.27485228027144,-0.1089474896802686,0.799042241373386,8,drink,,0.5530392207384738,0.0655098821848662,1.1248736992438504,-0.07478748910708388
1824,1824,0.2286438106397686,-0.0756610395150267,0.2237683647776865,0.0058772443167862,0.1265710870186278,0.2678614920250858,-0.1340357785569371,0.0348417775492147,0.0773481030782678,-0.0571695191090624,0.0871757661978868,0.0650023853696753,-0.1999251036289162,0.7672961170907258,6,container,,0.5254569638300365,-0.12829388511973905,1.09182764281319,-0.09433027456359144
1825,1825,0.222291428677663,-0.2547050831821637,0.2185556685660956,0.1546785418604572,0.0638288890349587,0.1233733592039072,-0.0527700107462544,0.0409588875025715,0.1631749161320051,0.0038186386219198,0.0613720321246198,0.2191863967404199,-0.2659606400325286,0.73539201092145,6,container,,0.59910141688901,-0.11886206451236092,1.1212346569430462,-0.10097690929574688
1826,1826,0.1439895954484986,-0.3725314124700609,0.0475741937687423,0.0487323363189167,0.0349078810001184,0.185077489420347,0.0793752659983534,0.1393470252246341,0.285451182991322,-0.0659855751476583,-0.0415127770157628,0.2884382741606761,-0.0885592482440737,0.766109528588258,6,container,,0.6355629221659691,0.001083170439330594,1.2364737149985212,-0.003588079650321818
1827,1827,-0.0150703224276518,-0.0529228627030463,0.1073173885278551,0.2400765363175018,0.0785546095373326,-0.0292202109461041,-0.164882510500074,0.4087399153416042,-0.1232247581354037,-0.2082015026665856,-0.2274953344806626,0.1238821826644954,-0.2828873281523694,0.8286022195124504,99,,,0.6921844312078247,0.08999279362498469,1.3114816822294093,0.04370005369983199
1828,1828,0.0519634926268389,0.1886187139288266,0.2432332827603421,0.1222636953053006,-0.0824207207751921,0.096836567093794,-0.1194783593964839,-0.1192780031221823,-0.500653922828008,-0.0078396887412449,-0.0161656769093021,-0.3537842737287783,-0.1863833554319885,0.7970916792631024,99,,,0.7536179993651839,-0.050945855594088485,1.2403941959718967,-0.057463075768883876
1829,1829,0.2129340405273737,-0.1206895015858452,0.2850832516176586,0.1536103581253347,0.0209065181777402,0.133259986959531,0.0193575723849275,0.0005884818258651,-0.2327221213740612,0.2589224025015579,0.1722956866026906,-0.0837032519135773,-0.2804731989154974,0.7608429538270559,23,tool,,0.6479996003375512,-0.19705887505230135,1.1488485157020174,-0.09730182477999239
1830,1830,0.073099740154784,-0.2160941187391902,0.2485068244981295,0.2590465344662174,-0.0637252127302819,0.1955459299917439,-0.0324684017819544,0.1007369174656271,-0.1347120124651143,-0.0562472841069997,0.1922131606652712,0.298633702520291,-0.2609036221286385,0.7608481060125983,6,container,,0.670754796374682,-0.008049314817556441,1.1467904682181382,-0.1104999895928982
1831,1831,0.1107582145734849,-0.1685923773269481,0.0685521096394604,-0.1931356708374265,-0.074387746797349,-0.0857381356664801,-0.1031998754105569,0.1563882241984509,0.066827538333383,-0.136063782223022,0.0187638042257121,-0.0360144063984551,-0.055021557424042,0.8379997738346707,1,animal,,0.39791879689090587,-0.10650393219170917,1.1732749180927113,0.04955505404284999
1832,1832,0.0223714220145188,0.012772310142778,-0.4641780697394454,0.1273578709102597,-0.2543678596564038,0.1259994214294827,0.2350719304962995,-0.2758870217422269,0.0676793760135769,-0.3417556497668779,0.1331032307678583,0.1376867223080065,0.1100266085207305,0.8551180504349819,99,,,0.7838709229506285,0.2803159892776508,1.50560534659044,0.19293734249042171
1833,1833,-0.0222433113892377,0.0587882995074965,-0.0380325286481699,0.0216394075865323,0.0764273313698433,0.1774652669584285,-0.0721906628630631,0.4906181261840986,0.1044706398359478,0.1077089685962582,0.1553642916782519,-0.2191619923461941,-0.0783490043259742,0.80166909165167,99,,,0.6244535265006276,0.009583391613619652,1.3190936457400688,0.08447060762685576
1834,1834,0.0922654181821273,-0.1605690126197355,-0.0731743998583043,0.1722298480886352,0.1067636874370491,0.0475129973853563,0.367631025701382,0.0480827717670291,-0.1458745117760138,-0.0687494268385872,0.1944917421395064,-0.1012041260435823,-0.0397253734241149,0.8202534851042554,99,,,0.5441384911094965,0.044308390674723475,1.2641356768458905,0.06883196237560107
1835,1835,0.2698180671767809,-0.1231654625534782,0.1113518007573773,0.1671656655721607,-0.0212213108931025,0.1373272667437147,0.0615705196237685,0.2866278100428886,-0.3743062650025844,0.0779847968064612,0.3080559695697539,-0.1609992166761302,-0.4721430078294347,0.6920670524032128,12,furniture,,0.8505855118542807,0.11289907804430488,1.1357098885116776,-0.2096191547080093
1836,1836,0.091707458314547,-0.072757813552555,0.1860441377821058,-0.0189001168784841,-0.0325746766211335,-0.0760703264600609,-0.2395015538519889,0.1657279373033112,-0.1252262207323804,-0.0632217673474197,0.2078504310160995,-0.0814710672436884,0.0524233136976194,0.8576510084174952,1,animal,,0.4611011592974999,0.22183670027977376,1.2285212906115672,0.07386963721627415
1837,1837,0.0494752475209085,-0.1689933880088608,0.0518180584817446,0.2716662659808577,0.1400031178792629,0.2571955669204292,-0.0748012143652464,0.0649554979629743,-0.18892364218776,-0.1872046887572385,0.0850737239962515,0.1219896429364545,-0.0244145100604931,0.8284816339623488,10,food,,0.5445290859819784,-0.1233334363444164,1.1889691606580277,-0.00652577487229844
1838,1838,-0.0155784730658609,0.2186170987256562,0.0679410591186771,-0.0898986504401619,0.1312817658235534,0.0397540219950822,-0.2879795497366714,-0.2546982071801561,-0.1600151575681928,0.0649293791005129,-0.0140139829673377,-0.0963149984153062,-0.3080297631534566,0.7804281672542265,99,,,0.6012724359239746,0.0968407172657395,1.4655117913469125,0.24223737305737925
1839,1839,0.0469540684811118,-0.1309196191569758,0.0035530590086212,0.0621389810285636,0.0393326460983657,0.3149688256315066,-0.2814170723636181,-0.0832033986346071,0.0022955622113524,-0.0450240739864476,0.34123181118365,0.2725614422398782,0.0188076308523437,0.7433390075458769,13,home decor,,0.6349837425726821,-0.09457216051082051,1.1976938288220709,-0.04208442053833483
1840,1840,0.050401017213497,-0.1870141954025996,0.0037839734975397,0.092424366426155,0.1435084702581296,0.0701877803557845,-0.2556139238828944,0.4767634929275538,-0.0993573954309801,-0.1163021932044741,-0.2089059165603312,-0.1147405108083407,-0.102773859671378,0.7213864778123692,99,,,0.674538131463713,0.11390277399434812,1.3791257250753048,0.11998308384567435
1841,1841,0.2542617762483362,-0.1196554246672786,0.2428286063835976,0.1894425473759416,0.0512219574561846,0.2243852148707651,0.0242669452998801,0.2357219794756746,-0.3786617919864467,0.1567353463193205,0.1920096182318399,0.0013210238382248,-0.3329209520144459,0.8316944742249621,23,tool,,0.7736946119445705,-0.18851489062652582,1.241273804443726,-0.06641224747274843
1842,1842,0.1413476008275741,0.0859218527580774,-0.1331006983818634,0.3177098756405353,-0.0552498128927558,0.0655184070075976,0.3757034201978948,-0.2418105877043532,0.1256022988579137,-0.2198944740815345,0.1227235228591184,0.0165716814052063,-0.0155785363591969,0.802362077971834,3,body part,,0.6577960059766287,-0.11518650072985959,1.260692712523595,0.009746407724513073
1843,1843,0.1893670349175715,0.2521290490608106,0.190378136951908,-0.0364588915459551,0.1250344552415408,0.2914636805032256,-0.1827098627639208,-0.093782818655298,-0.2175313587166873,-0.1789255544481546,-0.0131361031136255,-0.4046444478900142,0.0700751804686439,0.7992990324102066,18,musical instrument,,0.7265805416900771,0.2866662679896319,1.2790566636025358,-0.00556405107726432
1844,1844,-0.0567422517732876,-0.1479874740583043,-0.0533867708531701,0.2529712891130352,0.0525453856520132,-0.1211915109955735,-0.2454297599080884,0.3882534192663919,-0.0792843370312172,-0.1916885306165643,-0.3183268315016421,0.0183481330890541,-0.055294229551103,0.7078021197561754,26,vehicle,,0.6842119970266464,0.09954361500997388,1.3570438189503795,0.09316520457332134
1845,1845,0.3011723833275431,-0.0406954904507363,0.0164401066987372,-0.1176467041953744,-0.0896484643558887,0.0024495585343188,-0.1082342589802986,0.0782205785589311,-0.104988367459192,-0.2200994892004179,0.1751575066807251,-0.0195398387459413,-0.0697564209724821,0.7610259035471744,1,animal,,0.4772233972928776,-0.14276661362309684,1.1418179939052362,-0.02072652152393828
1846,1846,-0.0611704216157539,0.1041290980077456,-0.0157741092855072,0.0723090417091381,-0.0138233643850699,-0.0187797481090937,-0.1529202130051624,-0.364586224318798,-0.2556211542515361,-0.0697484730572397,0.020802419436329,0.0100349275096688,0.0667824052666465,0.8392366699286723,99,,,0.5021094845670387,0.027971320999940374,1.3155385139811935,0.14081067428435845
1847,1847,0.0511546151040215,0.1297469451933433,0.2279192303243971,0.1094233338243872,-0.1134893473057639,0.0193500686008986,0.1113599805500615,-0.3352106928584947,-0.2441095190174494,-0.1716385239582309,0.0361102456932519,-0.2338412787713433,0.2911019174587411,0.8031291446876105,24,toy,,0.6716907599356823,0.004242595901775337,1.4276209668588702,0.169872295290052
1848,1848,0.1105029450566147,-0.1707836154253999,0.1001178006924378,0.4490360278546775,0.1109133368710136,0.2213013036379879,0.0012076980795736,0.006651403113859,-0.0516687665329421,-0.1781560280355369,0.114149259470787,0.1983788787162307,-0.1289395279634724,0.7658811531774898,10,food,,0.64635553224757,-0.07827844200207146,1.1196073329621994,-0.12573813150866053
1849,1849,0.1970658111352893,-0.2457996076626668,0.089268378265866,0.1266517051501716,0.0429266399991207,0.039847851034347,0.0741630773728652,0.3479820858803253,-0.1224986556773042,-0.0839578748587577,0.089708771866515,-0.2099002214603485,-0.1425939626039006,0.7226549088779289,99,,,0.5897268612649669,-0.08185199266263865,1.1326720980359386,-0.08495002632817594
1850,1850,0.1209020512117522,-0.1758787167461668,0.3003543987770534,0.3515449873523738,-0.0726411034807253,0.082735661810346,-0.0294628422074398,0.0043187805578682,-0.0196156674161241,-0.3037700322822018,0.1156449160119386,0.091122108763067,0.0168422020476015,0.84315811785324,10,food,,0.6220752000931181,-0.09173267597273382,1.1271152800441846,-0.10634341585975271
1851,1851,0.1813448320161053,-0.0328442020810392,-0.0021057481680669,-0.1255904786331733,-0.1207859985836517,0.0744226234683886,-0.2992020231224793,-0.0554134898820462,-0.1487940459375826,-0.1352927789834346,0.18662097739694,-0.0945136534167591,-0.2514670940521793,0.8001629173143788,1,animal,,0.5566886970979043,-0.025490410912802908,1.1950535820899983,-0.006394257308337314
1852,1852,0.0168237789427471,-0.0359081807784434,-0.0915435384470289,0.1547797431073403,-0.0570871715361245,0.1533986952079541,-0.0508729283239766,-0.0223048995026768,-0.2497584839413522,-0.0398488504613147,0.309730367086578,0.1097408927545509,-0.0460636709698341,0.7974675868500317,99,,,0.48769883157664795,-0.17356058137983688,0.984983344408653,-0.18268956309428297
1853,1853,-0.0566439923454732,-0.1481955016454862,0.1421406473316374,0.1032442969904156,0.2984743922036608,0.2306241975818666,-0.1903876507453415,0.0318419784053971,-0.1213418416301416,0.0241769769798347,0.413206573466057,0.1674149559583614,-0.1009172355113435,0.8232370288350045,10,food,,0.6781074741675155,0.013154290809127334,1.2007641634554231,-0.060125898294908664
