,Unnamed: 0,0,1,2,cr,bigcat,cat_name,human_typ,radius,within_cat_distance_raw,within_cat_distance,between_cat_distance,between_cat_distance_eu,between_cat_distance_resid
0,0,-6.778399283574575,10.340897088463237,1.114734189077243,0.7797390820360361,1,animal,4.87435226758206,12.414647870723094,-1.2766570502466479,-1.2766570502466479,23.154477232384316,928.6728336106206,0.466289659672281
1,1,-13.614493344668134,3.546045037997315,3.544124202579228,0.7984847327250593,13,home decor,6.37455507181896,14.508262501306838,0.993465615716115,0.993465615716115,24.840172605672652,927.858926761578,0.19310485732601634
2,2,-10.409974712714968,2.8512296572135667,3.106944522236046,0.7528452093783106,18,musical instrument,5.342845892356779,11.231660088419336,-2.6404862720762274,-2.6404862720762274,21.543660280966343,925.4996727722927,-0.03767062341669458
3,3,-12.05015862674754,7.185565179169753,3.1706621730749407,0.7618513406522875,99,other,4.655668531580393,14.383732773158826,-0.4880189910377446,-0.4880189910377446,23.952048788669536,908.9373870113083,-0.5785033353674365
4,4,-9.54556160489938,7.766996589809977,4.108522434337998,0.7944662057985066,9,electronic device,5.28888605838626,12.973971595949626,-0.3756885120941895,-0.3756885120941895,22.632016454753245,921.5696983077173,-0.5794995954651121
5,5,-9.633527509746576,7.454607647508514,2.242429824228656,0.805999844651182,12,furniture,6.013500985445796,12.385657793428924,-1.7658235308583556,-1.7658235308583556,21.9943010155013,924.2937216579963,-0.6667621347539487
6,6,-12.135343967707492,4.89370299399624,2.0780905172316038,0.7251907697869563,23,tool,5.90325632300001,13.248900422519233,-0.3069791382602034,-0.3069791382602034,23.282938977893192,915.4752382039887,-0.1858128693101726
7,7,-8.795999194780943,8.142236433934332,3.126688823215716,0.7951560114950681,20,part of car,2.975798193492376,12.387162668581402,1.8184634587669137,1.8184634587669137,22.12173361934011,918.8983001865237,-0.5407375599095552
8,8,-11.777324543943864,6.730877649515774,0.9197530708555912,0.7435045885816449,26,vehicle,5.91208449606644,13.596177148650344,1.227642175262499,1.227642175262499,23.661059254456823,916.2914754221476,-0.13262034417701685
9,9,-8.787209948617878,5.681706592036658,0.4733698872673484,0.7626539564322118,26,vehicle,7.784419620577442,10.474775774652807,-1.648504404372332,-1.648504404372332,20.584719489968546,915.3063678585161,-0.28843634922942485
10,10,-11.477669815138356,7.587147813494332,1.202350324477229,0.7905644443789653,26,vehicle,5.787896672572345,13.811131837467936,1.5209368374037453,1.5209368374037453,23.754012006720487,914.307883763691,-0.24078888349846395
11,11,-13.478817406369584,7.854766098509986,1.6501344104448648,0.6915167869055066,13,home decor,5.535304310137316,15.68753685921049,0.9162579611555088,0.9162579611555088,25.46622469643006,917.9008719822713,-0.28422527306946677
12,12,-6.041712161532924,8.82391727959744,-0.3606481838214282,0.8363870150806295,1,animal,4.243660066884402,10.700180798121442,-2.851204273240967,-2.851204273240967,21.731126129847187,916.7638093998434,0.6470711951274914
13,13,-10.379139785220426,4.658821837431417,5.507031715075287,0.820347729377413,10,food,7.419739392539958,12.639563358950278,-0.061981649583962906,-0.061981649583962906,22.879159356610216,920.2457943490418,-0.01946928039576079
14,14,-11.936810589962672,9.312834093791611,1.1670652039677256,0.7518986941243039,21,plant,5.785437630583491,15.184807114660517,2.6173120717687475,2.6173120717687475,25.081939527295738,913.3768463623346,-0.19813384284547908
15,15,-8.488569121783367,10.78607922866053,0.8299116158919705,0.8132426873349942,1,animal,4.229243429084865,13.750784128638939,-0.5268500147795407,-0.5268500147795407,24.318984067921786,913.7955344255532,0.3806472130335088
16,16,-12.731061266343511,5.297780833412867,2.399336382135571,0.7450487333383564,99,other,5.436709740002695,13.996543066089862,-0.42705884470375466,-0.42705884470375466,23.912749212707528,896.1381886198352,-0.2555307766645818
17,17,-8.49790452711094,7.066774788330431,7.948439080255141,0.7671410703118021,99,other,5.0886161319279255,13.613646501705647,0.30734232678548423,0.30734232678548423,23.77208780547789,895.1376622142778,-0.03793690695162866
18,18,-12.323644547506612,10.022716091827524,2.7860297071029416,0.7793528366816241,99,other,7.250107746867729,16.127275477262984,1.523300994282657,1.523300994282657,25.746532074215473,894.1826617069014,-0.4153571586425713
19,19,-11.342012380353925,7.771638264562818,1.370086780304934,0.7523692131061679,26,vehicle,5.2472013839115474,13.817262534123211,1.6228554497093874,1.6228554497093874,23.711950506086648,905.4347785137342,-0.2885865401399137
20,20,-11.333093990261876,3.297467501748178,3.3558464150413787,0.7503827045402132,9,electronic device,6.614226864853113,12.270860462027155,-1.0033440721210276,-1.0033440721210276,22.5054821970669,905.828142288981,-0.04817139776506352
21,21,-9.972822541681769,5.965208513554774,0.943282115838436,0.760987919409889,99,other,6.881422305147479,11.658931477975287,-2.7637414597991636,-2.7637414597991636,21.496197300498718,891.235851654855,-0.48490796655374524
22,22,-7.59543511320955,14.739343772554935,2.324433866513488,0.8365940917408214,3,body part,5.823888952375272,16.743413099016742,0.5485023903704658,0.5485023903704658,27.56230227118884,904.9476352803892,0.8239269194983336
23,23,-11.466559877018224,12.874625880374769,2.4849831800320525,0.8637443554163707,99,other,8.252826632868224,17.418757945901373,3.5059106464867114,3.5059106464867114,27.205832825610518,889.355513608259,-0.1644255923109661
24,24,-11.033728380495203,12.83572275323356,0.7542763917042554,0.7547192904467438,1,animal,4.382735668188888,16.943077449138496,2.9136772946495206,2.9136772946495206,27.44207248834675,905.0113284467519,0.5168821748571766
25,25,-6.890653719019055,9.327166754041158,0.2913052578923258,0.7807796539898186,1,animal,4.98271433111015,11.60008651202212,-2.55047913371315,-2.55047913371315,22.362124726966286,904.0071380131111,0.4360774613041798
26,26,-6.903463866188084,8.358177479325878,0.1460269514903018,0.7213829798072418,1,animal,6.3491661048343975,10.841506721772411,-3.182857347908392,-3.182857347908392,21.499116826008578,903.0253663887845,0.2828309897184518
27,27,-13.097274959269583,5.8659915176790856,3.1301407368522693,0.7427858388224243,99,other,6.087185359572683,14.688303131291072,0.09653649217551319,0.09653649217551319,24.445650464112582,885.4363019594035,-0.3698714093308695
28,28,-11.260741888687187,5.053473006770117,1.0660520923928924,0.7379074854388374,23,tool,7.640913880005202,12.38863851992961,-0.8355442018272932,-0.8355442018272932,22.504896316448935,893.88984710402,-0.1589557358162068
29,29,-8.648272375835845,4.156395492342059,9.266059032499705,0.7514259463110777,10,food,6.589300293879754,13.338968797068839,0.1453639373878879,0.1453639373878879,24.575210631071943,904.6711932042269,1.0221867546328731
30,30,-9.42433075155876,7.1516692440062135,6.321086568656347,0.8265585952093325,10,food,4.497113490924435,13.41344543728002,0.5819242642041225,0.5819242642041225,23.631311274581204,903.6694835169817,0.00860369803497818
31,31,-10.549920683795015,6.229839474070248,0.410835463913178,0.6634847776082441,21,plant,6.165457132125936,12.258895222876266,-0.26437432506597247,-0.26437432506597247,22.336870441035053,896.7806980981845,-0.20558793695661493
32,32,-6.535911570314759,4.224600834254041,10.465403735975986,0.8204776639761957,10,food,3.793217562598445,13.04185828863105,0.6947337672854772,0.6947337672854772,24.738007407115166,901.8030625052484,1.4629735086068614
33,33,-6.827088877848582,7.589931921712904,4.1379348624852135,0.8204058310950777,4,clothing,4.997497814141473,11.015385333634539,-1.298995457986333,-1.298995457986333,21.155895283656132,893.0701677304493,-0.22307921594764935
34,34,-11.837998756178015,11.418124993548448,3.3337441189621533,0.6884195044638517,6,container,5.092276652479457,16.78170559777172,1.464746273156468,1.464746273156468,26.45784631341218,894.9834224438777,-0.31635722537201616
35,35,-13.397702834477249,8.22489513748836,2.0774519527000344,0.7091216650057741,99,other,4.053576795303634,15.857589598656428,1.2225538219498375,1.2225538219498375,25.55051436911914,877.7346787044846,-0.359044605087778
36,36,-8.335112254738235,12.376107833910368,2.880938888342666,0.8251103855218805,3,body part,2.48357285225475,15.196774338458479,-1.65972728506987,-1.65972728506987,25.519371998040487,891.3251542129811,0.22810155413375455
37,37,-8.370263624061721,6.663237531168235,0.6779268511418978,0.8255687669198581,4,clothing,6.961456642157314,10.720057478789887,-1.460429623538129,-1.460429623538129,20.66441180348926,889.209147787678,-0.4382406492024913
38,38,-13.76957267895091,4.637875107191664,2.7940967831913106,0.8159023739227937,27,weapon,7.95013683259003,14.795877605085122,2.1149511505431704,2.1149511505431704,24.959736813075573,892.4187501504532,0.04356341521058482
39,39,-10.855146813089394,7.394854571877007,3.639335271973517,0.8075332676084237,10,food,6.918327044100209,13.62948449849684,1.6526495305542674,1.6526495305542674,23.158086942917855,895.0152203812265,-0.666756512886316
40,40,-9.37662825753728,5.74685774549882,4.840509667143507,0.7882286857834038,10,food,5.247513850863838,12.01574239340858,-0.7126747798372115,-0.7126747798372115,21.931868334806616,894.0711815132289,-0.38308530074785097
41,41,-10.082606558048822,10.100889367559857,6.417740655873064,0.7826210779562147,6,container,3.843784541672989,15.648460504028469,0.20795758770407602,0.20795758770407602,25.637528876879443,888.2523277175308,-0.07635949413680976
42,42,-9.964180164867718,3.432190594282152,4.518896154543713,0.8175056245355452,10,food,6.067618166035175,11.466701404020778,-0.6359292606000047,-0.6359292606000047,21.791666900553036,892.1912334440066,-0.009579248431805354
43,43,-8.163787022757713,5.594796631724544,4.820492184885441,0.8171612926547138,10,food,6.318249467097039,11.008465506502038,-1.861115856375708,-1.861115856375708,21.06886631855987,891.2164636257279,-0.3036336790077385
44,44,-12.3091608124187,7.3764017133933795,4.896472288577054,0.7950330257627584,99,other,7.745656068538952,15.162525614690317,0.4352214094906799,0.4352214094906799,24.72561434112161,869.1474170592033,-0.5336114537603258
45,45,-10.757945071483462,4.223316238432288,1.602998458955077,0.8317437765969407,23,tool,7.968253424778131,11.667878396275542,-1.7949834292194495,-1.7949834292194495,21.78509027957545,877.569508895191,-0.20438612733979866
46,46,-6.069420427791096,11.939409472869562,1.065506659243153,0.8649896259588173,99,other,6.173789788943392,13.435872406770866,0.6979773416385378,0.6979773416385378,24.09825988312383,867.3374239658915,0.45456862348071425
47,47,-11.07916151010342,7.103920104839576,2.375790420428027,0.7595028308803852,99,other,6.752743133796747,13.373775859670245,-1.4238538931352807,-1.4238538931352807,22.96677721651063,866.3013093383313,-0.6188137159214335
48,48,-13.040474547029897,5.36227109947761,3.608459131986333,0.7759221079108509,99,other,4.663536173168338,14.554343168389392,0.06381298070652974,0.06381298070652974,24.36862131747982,865.3884169202361,-0.3215615791416724
49,49,-12.089320435288949,12.96533496781627,1.2414990723566688,0.7586346533028325,6,container,7.287595808849898,17.770562719324246,3.133787755517705,3.133787755517705,27.737367218737973,880.717797484127,0.03794440432985269
50,50,-12.247130939677488,4.530508338145246,4.813724039947691,0.8030283817999511,23,tool,5.889533473477037,13.917243304202866,0.2625983256754445,0.2625983256754445,23.975610506479246,872.8282200108911,-0.11847305284132759
51,51,-9.167994284579978,5.077155146112625,9.34904963806048,0.8386790793308543,10,food,6.666745485999689,14.044014836032746,0.6754665592077558,0.6754665592077558,25.104960105155968,883.6070134507952,0.8922633889970975
52,52,-9.65685274363712,4.534665566040715,1.6735445912616227,0.8093417621254789,99,other,2.630660097066231,10.799016075877846,-3.727493249751234,-3.727493249751234,20.628523153938676,861.6119012546064,-0.5480065196475401
53,53,-6.050471127654448,9.287557578738868,-0.0534278264243329,0.779213680869929,1,animal,4.2376613418687015,11.084664233868626,-2.4771353893224344,-2.4771353893224344,22.09377043927015,877.1571950640144,0.6499754792645973
54,54,-9.022910047186835,8.196081675574021,3.973213309391731,0.7891456960745815,6,container,7.048363967821554,12.820884702477946,-2.7648123354314897,-2.7648123354314897,22.492534624649945,875.9157137855652,-0.5757464307462961
55,55,-9.209852513443389,5.739467117671974,9.67308511765578,0.8156871869524309,10,food,5.709909047299901,14.537243267127062,1.2131840963502682,1.2131840963502682,25.562493798721174,879.8208285180399,0.8883103401523016
56,56,-13.528054836321417,8.989700212119267,3.9978707008382894,0.7654029441235759,18,musical instrument,6.023858296669994,16.727401104143993,4.463399796462642,4.463399796462642,26.219178012193932,873.1939050404312,-0.5042157956773856
57,57,-7.18716796922713,3.689257813778095,9.421064320941383,0.8040352260446132,7,dessert,5.837947179387072,12.410578535012858,-1.9681468779696978,-1.9681468779696978,23.52544724449886,874.3416955362893,0.8410671256201816
58,58,-12.243696204056958,7.415626800401599,1.9081380119326647,0.7888944969548628,22,sports equipment,4.278567811851923,14.440935158522649,-0.5836226121813084,-0.5836226121813084,24.141228375706028,873.3545538448728,-0.44284487731587063
59,59,-11.809583918795644,8.346581596172504,-0.3287422125256379,0.7860352151020906,22,sports equipment,6.858783102915031,14.465122471619052,0.3514926975283501,0.3514926975283501,24.748384850982657,872.4171396002719,0.141680858074686
60,60,-13.420708940932508,9.38028669633065,1.6656147378199648,0.7961419311674186,24,toy,6.107265771472497,16.458416674681274,0.6674878794254226,0.6674878794254226,26.205038642290514,865.949875432196,-0.266681214352257
61,61,-11.759617111257286,10.778920091937136,4.354167110600945,0.7644093597619754,6,container,5.314985002825517,16.535794029280247,0.9456137812987926,0.9456137812987926,26.16484309175215,869.3768051102643,-0.37927450406992236
62,62,-11.277734001160209,2.997899171704354,0.791982096148592,0.7731107416524674,21,plant,7.145276410092917,11.696235261196255,0.8844137660068263,0.8844137660068263,22.369075524733553,867.3606605227083,0.3530671573873434
63,63,-10.714129778328454,8.40172434871056,7.390627847856825,0.8145355217547103,10,food,7.046600969495446,15.492027915160016,2.708088774495817,2.708088774495817,25.743145675048716,872.2991303385797,0.17562268220722999
64,64,-12.981902276172413,10.237979122499349,7.884892970645091,0.8331194877109437,99,other,5.714946913072149,18.317137887217847,4.154467234310953,4.154467234310953,28.079869725972486,850.458307062231,-0.13095344131833997
65,65,-7.77971873380951,5.1470390780540685,9.431062674970866,0.7974938719385984,7,dessert,6.407081095585612,13.265028383966275,-1.7982120023948305,-1.7982120023948305,24.13155682948809,866.8464139722153,0.6477149349137825
66,66,-11.092122386125029,13.459347441676558,4.79712359542316,0.8533712702813668,17,medical equipment,5.465333433033796,18.08871491771339,0.9286394822591362,0.9286394822591362,28.122222234958745,862.1228959213914,0.12512188947352954
67,67,-6.876932778562147,6.479331192044989,1.3016496129827075,0.8461554760335249,4,clothing,7.206564918591371,9.537726608162329,-3.390562666782845,-3.390562666782845,19.416327849499666,860.9755916726335,-0.5800825710243203
68,68,-11.822983803760645,4.037652283679797,4.20494281436081,0.7209028178853369,18,musical instrument,4.617434910010451,13.18207593893829,-0.631874002051962,-0.631874002051962,23.265507126640685,861.9953207884746,-0.1407207229646943
69,69,-12.971959951194597,7.677257433408852,7.220050613312222,0.7866108178076415,6,container,5.729043285736842,16.71350225216182,1.2187992417278437,1.2187992417278437,26.475446614808124,861.912908371435,-0.2349428009395247
70,70,-11.281147899545902,6.972173876349258,0.821008888827784,0.8372539503674096,99,other,6.34538405777843,13.287195418485053,-1.0367640645837675,-1.0367640645837675,23.174510691887317,844.9023638730051,-0.33007167891271294
71,71,-13.194550532399989,7.320378828116197,1.1248738280850523,0.7623180826936125,99,other,6.886564904795499,15.131075674528212,0.762638946068904,0.762638946068904,25.04656783596573,844.0058608755289,-0.18323197793169754
72,72,-9.860640178754249,3.43736674084471,2.732075277543621,0.7873816910161584,22,sports equipment,6.40750102835721,10.7940701391131,-2.927331774717249,-2.927331774717249,20.776903659179364,860.3794875942598,-0.39499837313186603
73,73,-10.437556330380982,3.1633790540292406,4.899449589339457,0.8176916040045575,99,other,5.557012195255192,11.956343733258326,-1.7414879939600176,-1.7414879939600176,22.16986052872802,842.2031945379787,-0.08951704419874673
74,74,-10.023742000978956,5.145941235684084,-0.2615637681547229,0.7701270682030154,99,other,6.597396130144212,11.270515982337043,-2.5315055792776953,-2.5315055792776953,21.60661187120378,841.2550034195442,-0.01107435817081992
75,75,-10.3626121864134,7.761000238862568,2.226594553117136,0.713455250696459,1,animal,8.031833271633733,13.136764416613373,1.3350786089584048,1.3350786089584048,22.72591587221817,856.6043167910609,-0.6379164756012088
76,76,-13.76474347827376,6.578338545441224,5.54572288270646,0.7818442515473123,6,container,5.909551691273528,16.23261357061431,0.9163642806320382,0.9163642806320382,25.873573824798406,855.4618540923907,-0.38687447417942167
77,77,-10.141873596284912,11.70785983997087,3.1417240592666857,0.8563788023332909,99,other,5.656845308011524,15.805126134896835,1.8191588423561171,1.8191588423561171,25.600365318132916,838.5564739621786,-0.26010647565286504
78,78,-11.556303378581903,7.530794937619696,1.7725966520629526,0.8062906233477479,22,sports equipment,5.161667000778449,13.906944993822574,-1.1540340815144425,-1.1540340815144425,23.605663059518502,854.8282779142083,-0.4787849366225849
79,79,-11.218524707864477,3.0930426778202267,1.7447613951571894,0.8071709625063285,22,sports equipment,4.718998427255888,11.767174765159815,-1.7037394761957074,-1.7037394761957074,22.198066673230997,853.9574137264455,0.11568410981565336
80,80,-12.664622286534318,9.379086406840871,0.9344550435244638,0.777232731821949,22,sports equipment,6.739367892660773,15.787118980863394,0.9765775478815257,0.9765775478815257,25.727509773139026,853.0129917955127,-0.11611371602544551
81,81,-9.452600081166034,5.24226466863826,1.3116701907049433,0.7288439165971375,10,food,7.482517751273491,10.888226018948039,-0.32891752131414975,-0.32891752131414975,20.625339995427566,855.6927740827606,-0.634658520225809
82,82,-14.721759051465428,8.643254986099134,4.302818523668357,0.750885376093977,6,container,5.999626778096041,17.605405237362625,2.067843969536284,2.067843969536284,27.037793283843783,849.9810090850709,-0.5071007493138247
83,83,-10.641831690830273,7.146840309869319,0.7389668981328127,0.8086267859720019,22,sports equipment,4.430304670177617,12.840248448813929,-1.9296113317424535,-1.9296113317424535,22.77988245817331,850.2497205616572,-0.3065161907234142
84,84,-14.71561709510297,8.617100080804311,2.926560857228412,0.7100569791650336,22,sports equipment,7.138938089157688,17.302270334940033,2.2874105239924774,2.2874105239924774,26.920382923249136,849.3835246712255,-0.3408844375380262
85,85,-11.203917934621314,11.770216818185064,3.108578909887582,0.7619022498570481,12,furniture,3.0883767613312587,16.544758803675972,3.0276620387753646,3.0276620387753646,26.398759614720046,848.2672395218824,-0.15374582793223723
86,86,-13.102699167532451,4.550143874402917,3.2873009813963856,0.759348673586241,18,musical instrument,6.603280978461809,14.25450393717409,0.0465375713213696,0.0465375713213696,24.32516009033886,845.479053441072,-0.08447971237933771
87,87,-7.87161043306625,10.65047073037669,0.298519030213156,0.7979304912634764,1,animal,4.164908775831381,13.247033298062151,-0.9011709908263725,-0.9011709908263725,24.016747429138785,845.7085285627213,0.5497425477002729
88,88,-12.713921262415182,6.137608199869071,3.386995461931433,0.7302228322506259,22,sports equipment,7.809899411682451,14.518462953809436,-0.02855206126937304,-0.02855206126937304,24.165059299667547,845.7092236640586,-0.491552451619242
89,89,-8.823616655782242,7.88987190507877,1.7127782554978996,0.7516862233904059,99,other,6.107954330970123,11.959928884372829,-2.381913611910818,-2.381913611910818,21.659233095738347,827.6869812556237,-0.603498906099194
90,90,-5.21940990576782,10.129092839475158,3.7076778823687175,0.822043802735997,4,clothing,5.696515440535246,11.982805881534604,-0.7199090476310701,-0.7199090476310701,22.947290404308692,840.0361233058787,0.6631536532094593
91,91,-9.681611411020054,13.047461552909212,5.33677151141456,0.7868906994268036,6,container,4.5900666844971685,17.1011982812224,2.2854421312554685,2.2854421312554685,27.312067204309027,841.8255484504135,0.2389319162289567
92,92,-10.470860057842192,4.15997714738617,5.284757553508907,0.7830712451861361,99,other,3.1713809567707507,12.444797411651972,-1.4813521251010258,-1.4813521251010258,22.42800927641693,825.0362836805273,-0.28838756516785935
93,93,-10.36767811368734,3.9226051416471903,3.557439546180412,0.807895001392697,27,weapon,4.824405582262671,11.641776354622037,-0.6479473123281068,-0.6479473123281068,21.58583616256053,841.3255246532707,-0.37921799816302837
94,94,-12.829675194463062,4.692982002228859,1.7514570669427845,0.7707799598043501,22,sports equipment,5.2286868301781135,13.772880872424935,-0.3916093883616725,-0.3916093883616725,23.948876069508845,840.2804982770534,-0.010135494428631375
95,95,-11.701166223334887,6.7866425618336645,2.641470031722803,0.7968352583564395,22,sports equipment,4.814832644462832,13.782350023733075,-1.1242868567302615,-1.1242868567302615,23.361223955466098,839.3443259068371,-0.6066473730654138
96,96,-8.025938626489726,4.366080471449153,10.644810944820314,0.8029628746754534,10,food,5.065638214909362,14.028198372218572,0.994007678767101,0.994007678767101,25.528480439645957,842.1557294551245,1.3305823196382747
97,97,-12.088835312420905,7.7766198871624095,6.579656987620948,0.8152164886468304,99,other,7.905834219446987,15.808467419550627,1.5158767461129585,1.5158767461129585,25.470339531621768,820.5698797235566,-0.3932585186268085
98,98,-13.1028316983998,8.358006868313696,3.04890017311941,0.8031261076239846,27,weapon,6.1130550040552,15.837811388983551,2.911625358523871,2.911625358523871,25.40386261646411,836.8264427935258,-0.487190973670792
99,99,-12.411853026707748,9.876123790731471,0.9992437980265636,0.7530306342716097,22,sports equipment,3.59593591882071,15.893092992062337,1.224935070507378,1.224935070507378,25.837963035140334,835.748602999039,-0.10481451353327031
100,100,-11.356825661270689,5.551928216284636,4.237086292882118,0.8005449834718129,99,other,3.849785677179667,13.332452747810638,-1.2625654752268858,-1.2625654752268858,23.001909331457455,817.9313687370374,-0.5450178357167452
101,101,-8.785667409494776,9.53659035815457,8.09725556365713,0.7610230138772341,6,container,6.809469732515377,15.28725139299677,0.22921536370874662,0.22921536370874662,25.698346704154535,832.7611621484376,0.32242185160171033
102,102,-8.10320521036419,3.356913457281025,5.24137864998759,0.8158888345123164,10,food,3.714175066200222,10.21777142010397,-2.588127720546858,-2.588127720546858,20.807931263276224,836.8238812740983,0.1752402774582258
103,103,-9.932618193504553,11.443417302586967,4.6000144743747855,0.8293577110830803,12,furniture,5.337465869565655,15.835682394628341,2.7291297061819826,2.7291297061819826,25.851468051906615,832.08386122069,-0.03759355518826624
104,104,-9.611497350036462,13.17495989184029,2.624428410099545,0.8598406892366053,4,clothing,5.929153768861891,16.518113510358738,2.328512880934344,2.328512880934344,26.866814381619072,827.5236295308634,0.3392394758911266
105,105,-5.828050295858577,8.062649499372428,0.1389008376667876,0.8131854241409895,1,animal,5.951276346120743,9.949461324287473,-4.071868361699135,-4.071868361699135,20.774345596623135,829.5980268001132,0.39269762509235306
106,106,-9.91306005567481,14.222619847266165,3.3798912957849803,0.8892157258547346,3,body part,5.513658869051156,17.66282367455974,0.7297890311334925,0.7297890311334925,27.92546950075742,826.7161777930298,0.3268521907854982
107,107,-7.159966874200344,8.573626092817582,-0.0176140770742239,0.7771789288680178,1,animal,6.7442551311402665,11.170161157064829,-2.67686543090392,-2.67686543090392,21.866439491936568,827.8010169789775,0.34264975854710045
108,108,-10.172183251840332,10.553757434051953,3.64491054101166,0.783240404047152,12,furniture,3.8801591103930817,15.10431994291056,1.4698735850277345,1.4698735850277345,24.9428065245881,827.6330262895965,-0.2619594213353551
109,109,-10.995814276881216,11.76175625445631,8.018204890319764,0.8001298888728533,6,container,6.996809071737167,17.987174638170796,2.711270128280052,2.711270128280052,28.154448538099548,825.6611282029921,0.2523538530251592
110,110,-12.263075275590916,7.442990390466496,2.5141037963029444,0.739768260551316,12,furniture,6.460926054259285,14.563716526559102,0.5521558080271873,0.5521558080271873,24.160152039547974,825.8586087639809,-0.5388009932913036
111,111,-10.58932109173905,13.5583913266482,1.4323955817324436,0.7645790069216878,1,animal,5.724765725782713,17.26312409887171,2.9836093292718147,2.9836093292718147,27.77494429508131,824.33088758119,0.5503039164831129
112,112,-12.485905500130428,8.75395441328988,2.4913567382494133,0.8081771574266886,99,other,5.595763968304245,15.451097450516757,0.759497686626478,0.759497686626478,25.05575169329038,807.443835234731,-0.47347491271947817
113,113,-7.567355645678187,7.50718155875841,8.487249735591226,0.7918609982130597,8,drink,5.127334420902398,13.62556620836849,-1.9277262856584265,-1.9277262856584265,24.305697027967977,820.9982630026417,0.4845197009454303
114,114,-9.113255842048977,6.170734594194659,4.741425695561268,0.7826807489965385,10,food,6.026079593173142,11.98376047412327,-0.6795263378703282,-0.6795263378703282,21.858886569524373,826.1676718888674,-0.42614334140973753
115,115,-9.641652146944624,12.852168917695376,0.9231761638671728,0.8350173384992922,1,animal,4.598164007786996,16.093227030064217,1.8125708016394668,1.8125708016394668,26.735768455271256,820.8010338989595,0.6057364836562762
116,116,-14.159207065119144,6.75362058663318,3.2931268744611986,0.7657189580620827,18,musical instrument,7.918138066522723,16.029323764663747,2.749539825099216,2.749539825099216,25.73379172097314,818.6949558743694,-0.33644947638822487
117,117,-8.990815120973409,4.383989910100765,5.760323037954165,0.8196554270962855,10,food,6.347356326247126,11.542765941184761,-1.5032664393816475,-1.5032664393816475,21.9807552411268,823.5720352455086,0.10833968410347694
118,118,-13.558114702648943,10.086611989367396,3.7289064580493902,0.8158603591530422,4,clothing,6.64751421106948,17.30511366871417,5.116948010486848,5.116948010486848,26.823871461820556,815.1928095746493,-0.4400562501513505
119,119,-10.524848682481355,8.493361498495235,2.6784913607864382,0.8059146087973517,5,clothing accessory,4.380049412909187,13.787093432013084,-0.6022045355598458,-0.6022045355598458,23.381120604660897,817.601260727592,-0.5911888703704129
120,120,-12.1834876173025,6.429426788924565,-0.3768733776097723,0.8130257191994997,12,furniture,7.1897913130062365,13.781035262194752,0.9569915906461972,0.9569915906461972,24.161337687101053,817.0764424544261,0.1946965087010355
121,121,-8.687916153495918,5.809067270695553,5.955617492334888,0.7951923076923076,10,food,7.470485682283934,12.028903913517926,-1.0709701059338101,-1.0709701059338101,22.33399868613848,820.0638346382476,0.006730539380853884
122,122,-10.787045645996963,12.507590370804254,5.284572733542568,0.8101352374493253,99,other,7.109653142969572,17.341478588308405,3.33598597369431,3.33598597369431,27.28568302129435,798.903807738895,-0.012269347861877833
123,123,-11.433881179938298,5.380533033601167,1.3121063799714263,0.7057918170604446,26,vehicle,5.408808755718448,12.704542404785084,0.6751450937593049,0.6751450937593049,22.800532758474617,809.3178944670431,-0.1588932014283415
124,124,-5.134609962180591,10.928189900201442,2.488654100945668,0.8874203371154591,4,clothing,6.297873977149119,12.328136647228675,-0.7661059232977294,-0.7661059232977294,23.406925533115594,810.053499198461,0.7996817588455194
125,125,-10.395426251091957,4.082293179836661,3.3216333212588967,0.8054367870569964,6,container,3.268496003138158,11.651748901728448,-3.2821473476621534,-3.2821473476621534,21.41818427821133,811.6020145251067,-0.5562006468954905
126,126,-11.495625955005597,5.202277094709348,3.506418780999962,0.7863576778050464,19,office supply,3.809212922925119,13.09610918308507,0.1745556707838496,0.1745556707838496,22.826296466157597,807.6560976135769,-0.4994970134617738
127,127,-14.499203593211936,9.82543869576497,4.335520714869779,0.7521085066852226,99,other,5.537006597624703,18.043361390569952,3.188546625517791,3.188546625517791,27.55765831511324,794.6578970605566,-0.3970072269852558
128,128,-9.812619860725633,10.314691805361871,-0.0142711948059047,0.7413489424889212,1,animal,7.884344597462948,14.23659296453009,0.933874824760025,0.933874824760025,24.77703552834097,809.4402360303399,0.3841540386026985
129,129,-12.16592550868947,9.571838354915888,4.205761258789541,0.7515266947711645,6,container,7.994709604712614,16.041142750488664,0.24148067761301562,0.24148067761301562,25.53560433942156,808.1135908554165,-0.5456952335789182
130,130,-14.318109166304104,9.87074866170344,3.930201840902741,0.7401486350826966,6,container,7.323437405090424,17.829369471491614,2.1660261283084026,2.1660261283084026,27.254190110142204,807.28477931833,-0.5002549511165668
131,131,-16.716747835929514,10.276756666461957,1.1747379801594675,0.7606118866584358,13,home decor,5.523274113754331,19.65811270477798,4.818622342757312,4.818622342757312,29.581438393547803,807.2143540459756,0.11593876967749495
132,132,-11.453268057887382,8.732598305894927,9.5281653513016,0.8029860128223416,7,dessert,6.36612276206858,17.269092545344897,3.0094253426135644,3.0094253426135644,27.524341267858,806.9860422403092,0.2941165418326932
133,133,-7.561989523990952,4.152735655033325,8.592094980181047,0.8313133606027372,10,food,5.632436535528919,12.175918656511561,-1.1487143930841732,-1.1487143930841732,23.423230079037868,809.7492246592967,0.9584083150245455
134,134,-9.056395177108085,10.144207999439608,0.6861475576468973,0.8067885690137169,1,animal,5.785522585957065,13.61594829641718,-0.2326047498046755,-0.2326047498046755,24.043910514596586,804.2831678517983,0.23173213932819436
135,135,-8.389668013524277,6.3321879674446135,4.18950256961045,0.8017524031928307,10,food,5.92245725322192,11.315258088659547,-1.0854525687069128,-1.0854525687069128,21.133014836482314,807.99079753856,-0.5265341234115333
136,136,-7.449496778323184,6.122127926044316,2.2478949136962405,0.783035743674383,99,other,6.745473158171836,9.900933498217256,-4.7498052837272375,-4.7498052837272375,19.474035750208937,787.0572028055183,-0.8622074008420206
137,137,-8.048779695711708,10.761772316841864,2.791860894861354,0.7325663386544959,4,clothing,3.915855198798373,13.725636059793404,-0.3006569204217939,-0.3006569204217939,24.02273198466802,798.837818580203,0.10792479603129834
138,138,-7.681872299364433,9.458495169235702,10.327435806315693,0.7414925334347757,9,electronic device,3.5896825553508025,15.972796349536583,3.948644806071375,3.948644806071375,26.93239681075242,798.0875826067615,0.9150452098119537
139,139,-11.538467744682466,8.312364943586068,1.5429209445757237,0.8223372833128931,99,other,4.794744310853125,14.304273972895189,-0.17265154932644577,-0.17265154932644577,24.020113613335027,784.5378863472909,-0.4360932771797934
140,140,-8.531069218217702,2.6116598621338403,2.3546171983637176,0.755334955776844,99,other,4.063518497891027,9.227357768740342,-4.7960015855807505,-4.7960015855807505,19.336843143474063,783.7829934405204,-0.3691722072997017
141,141,-11.499687442566907,12.510095382640015,1.3837402893011024,0.7399041521850453,99,other,5.846242592589341,17.04875464506769,3.2700583383884485,3.2700583383884485,26.913841687008397,782.9335821231336,-0.1102249722509967
142,142,-11.579178373976648,13.698095904935128,3.636014671369773,0.8303674909035093,99,other,4.631208604726608,18.30125148528333,4.363898014240068,4.363898014240068,28.11309973598815,782.1383102293478,-0.08285939789505292
143,143,-11.187208846107648,3.9807071556767126,2.8560504760907794,0.8183656373579353,99,other,6.225851921361378,12.212972428842347,-2.0409874556192733,-2.0409874556192733,22.19281412563052,781.2563331869314,-0.3066768172235186
144,144,-5.571966261757521,11.047941189337111,2.0047122090482685,0.7780958963330706,4,clothing,6.316246002758347,12.53485873818779,-0.9112498212713973,-0.9112498212713973,23.527156357335404,792.9590604102865,0.7264940809541578
145,145,-14.467483833200136,10.50714049311084,4.123644973847729,0.8450875387971435,9,electronic device,7.333595828623787,18.34972854502803,5.036059482242521,5.036059482242521,27.866918442849087,792.2273490480208,-0.37439801225252367
146,146,-9.719270500182814,10.711659468626898,1.7722290732078088,0.8152041865580113,1,animal,4.096536146460315,14.572050765608497,1.071893777699092,1.071893777699092,24.748184829153857,794.087371518712,0.041433906763000294
147,147,-12.258052001792812,8.609651279113733,2.2834529292213874,0.7949677850982446,27,weapon,6.65320826465184,15.152560552809918,2.573258446084221,2.573258446084221,24.80222465670241,794.2679459775742,-0.44767737731096346
148,148,-11.200464534409388,8.04354260739562,6.327722011332737,0.7999178376791617,23,tool,5.314140867591323,15.171982379249458,2.353909917985561,2.353909917985561,24.971132440300433,785.3544829603004,-0.2969415295750899
149,149,-8.288999941860434,3.6121074030902727,5.180247100553088,0.8147679402536182,10,food,4.276527785116562,10.420642972024831,-2.4479512722927304,-2.4479512722927304,20.91870612240904,796.1780800217463,0.09619937228909237
150,150,-7.946396582375438,11.903314653876356,1.676492520307032,0.812255576401918,4,clothing,4.783866940869861,14.409883606893606,0.36827363931256585,0.36827363931256585,24.949757343167008,787.8862185590581,0.39473732086878854
151,151,-6.377611712839881,8.868107161515875,0.7451446988798569,0.8168758454140356,1,animal,6.998768764420992,10.948629887348934,-3.2146633892205436,-3.2146633892205436,21.616833095931224,789.9017094843265,0.30031799952145377
152,152,-11.014197590709704,3.106700311153866,1.337826977692727,0.7480672321634292,99,other,5.354437257750041,11.521888578386855,-2.1549156264571643,-2.1549156264571643,21.966091493148912,773.8536454084135,0.11320973738343909
153,153,-10.405772142948964,4.813585208895438,1.955777290004328,0.755169724296064,99,other,4.314001874239965,11.630810860054696,-2.9197071626763567,-2.9197071626763567,21.44221105146894,772.993714628069,-0.5125832984899183
154,154,-10.033323667191269,6.0952768998063815,0.1102796810062635,0.7342169340085573,26,vehicle,7.782015203144105,11.740193605898353,-0.2246126857442654,-0.2246126857442654,22.02288504816032,782.9536143199197,-0.03425272702091675
155,155,-8.99112792763591,7.625515077583938,0.3523115096233355,0.7768454820287822,22,sports equipment,4.486621590615776,11.794616780946614,-2.4353243749431783,-2.4353243749431783,21.89898039000329,786.9643269923619,-0.20907815977503574
156,156,-9.41929713562624,7.219352095805758,4.964810859264306,0.8057252929808244,10,food,4.741233921584149,12.864351910636634,0.4053065701372347,0.4053065701372347,22.737755965448738,790.2671641656701,-0.3711949683044864
157,157,-9.299074848697083,12.201394125152744,3.8880738715826406,0.7637236070162899,4,clothing,5.900168879478757,15.82605225790267,2.149218556806698,2.149218556806698,26.10450019925134,782.0399991145119,0.22444898196029328
158,158,-8.545595570402092,3.5203256851868017,9.082858337614324,0.8389753467070092,10,food,4.328678187089471,12.958325978452303,-0.01675462157180263,-0.01675462157180263,24.284439384086607,788.6630700633345,1.0875620785079576
159,159,-10.826981202224507,2.898761430048334,2.904032886145619,0.7898394830102148,99,other,4.31799768908138,11.578417283267777,-2.261276464852557,-2.261276464852557,21.83079627223642,768.1477428658725,-0.074976286701677
160,160,-9.79057200701942,4.833107617810385,2.416533062640052,0.7936801089368485,27,weapon,4.555797146286346,11.182748388155819,-1.8180335878337353,-1.8180335878337353,20.860469415614116,783.4093531035611,-0.6750974982984914
161,161,-13.148582698663818,12.302871949353042,3.6073866538462935,0.7775878329344312,3,body part,3.3184012405519616,18.364616077014183,3.5810798854467514,3.5810798854467514,28.044844755258243,779.6162581738023,-0.21040114552348044
162,162,-11.616404867548892,3.623357334937025,3.903234973311772,0.758592312812467,18,musical instrument,7.742058562036571,12.779077575487978,-1.0403307911450987,-1.0403307911450987,22.957738103048037,779.4938293514717,-0.07142632072720545
163,163,-11.702846640324394,14.625201232973492,3.819474859929852,0.8359625807796541,4,clothing,5.6665123438692095,19.116524757328605,5.078521660774975,5.078521660774975,29.29335301557534,777.1456681379259,0.3345874764422092
164,164,-12.35959496006894,7.021661101417062,-0.282078063286551,0.7880499107954181,13,home decor,4.913798175380044,14.217696024106807,0.14761288399541428,0.14761288399541428,24.521278898267358,779.375577996525,0.14607823738582226
165,165,-12.34061030595486,5.297312720324272,4.400407258384019,0.7579507690703644,99,other,6.591107403694917,14.132082961120325,-0.32838548034340675,-0.32838548034340675,23.90400879157003,763.2648181816953,-0.3910884303071569
166,166,-10.633115571330992,5.790239765029141,3.1200570027342387,0.7564864027322036,99,other,6.939475492602286,12.502990801808872,-2.3249502023079316,-2.3249502023079316,22.095123351776977,762.4418439444279,-0.6757218475266029
167,167,-11.77146607752083,3.9529410846768376,2.2808065602175747,0.7810911041256298,12,furniture,5.026537618279826,12.625182588710599,-0.5305645890203294,-0.5305645890203294,22.781958837749876,777.2313691577918,-0.10321450269800891
168,168,-13.394732480859256,6.157792601722685,2.5525459707052227,0.8494199470443613,24,toy,6.086036570025996,14.961709758319069,-0.14511283645234485,-0.14511283645234485,24.730935029361433,771.3898662783623,-0.34039840259359266
169,169,-10.805651800157454,12.110481943730282,2.269877038904056,0.805784743088177,4,clothing,4.871964770805263,16.38835640042671,2.6739789653294324,2.6739789653294324,26.455491316392404,772.1246384752899,0.049323008889565756
170,170,-8.796458795094656,6.644247250201732,6.307283539600409,0.7810316650496368,6,container,4.147168392910469,12.700611579940773,-2.82027657636835,-2.82027657636835,22.70996491709788,773.4786528879097,-0.24578318597845694
171,171,-10.593842115424836,5.450799106941335,4.789445602837198,0.7876851569052365,16,kitchen tool,5.484016634358198,12.84054090968593,-0.25165607992045125,-0.25165607992045125,22.57672619834758,770.3754587684437,-0.5099460901177366
172,172,-9.007728063901578,5.196730382903779,-1.0105700604740364,0.7394831901089925,99,other,6.377924651205993,10.448273703962862,-3.0321558926007057,-3.0321558926007057,21.00262514634282,757.6532350732194,0.15426583852623565
173,173,-9.68867609096846,7.895921753136704,0.3357559720494407,0.6915540939637447,99,other,7.421729672644025,12.503149875136591,-1.4451567612208756,-1.4451567612208756,22.503299026770872,756.8357803103714,-0.26769500870512886
174,174,-9.69473054241112,11.746744445203184,2.8935422749447293,0.85021565208208,4,clothing,4.782297675514594,15.503109115521415,1.5381862630340422,1.5381862630340422,25.63020268483608,768.025027721641,0.052311621675880104
175,175,-13.655069053912332,7.896520443893616,1.400967610571437,0.82885189374931,27,weapon,4.451411833950333,15.835992429709428,3.1463188513451392,3.1463188513451392,25.69728070209888,771.103059910239,-0.19207098778641551
176,176,-11.755558156784362,8.28465205322583,3.9473909900287656,0.7645208721605491,99,other,7.177455269437241,14.913433637117864,0.1034361788627649,0.1034361788627649,24.420652285226428,754.4626957495096,-0.6055118326647211
177,177,-9.3912126953525,7.364302536310117,8.495049352888724,0.7545982490623057,6,container,7.826809122611493,14.649016732998454,-0.6539159150567997,-0.6539159150567997,24.94696814630816,767.7453687004787,0.16820439714569346
178,178,-10.755935424381084,13.074555385017932,3.319357129442306,0.8143809247398319,4,clothing,6.981250153361665,17.252602039174754,3.2683299736699247,3.2683299736699247,27.382958284464657,764.8025580594524,0.1681628189875859
179,179,-8.86100788942005,3.6095161911791975,1.2367320071633034,0.8316375781421159,22,sports equipment,6.062167899758887,9.647568295083031,-4.721660039681133,-4.721660039681133,19.699058785132358,767.1569307878169,-0.40012446656315603
180,180,-7.262587597228681,10.321184459396452,2.914095764556162,0.8371528810988743,4,clothing,5.999606339472523,12.952373580827217,-0.9517099234321869,-0.9517099234321869,23.365646529862893,763.1398639973677,0.174338555685992
181,181,-12.37280296197871,5.675311208706561,2.984355914790743,0.781539603686923,6,container,7.193075003516127,13.935630257644107,-1.2498846841401843,-1.2498846841401843,23.551362718639655,764.5187800356122,-0.5599245027399284
182,182,-5.99528695541786,12.223558576780157,2.845077890137821,0.8617610124086375,4,clothing,7.536155949914939,13.908749697896297,0.633928236618555,0.633928236618555,24.926399281206518,761.5828567641195,0.8402627226235815
183,183,-11.151077572273916,11.397169736574009,1.9251011599427867,0.8304005095056534,22,sports equipment,5.976934101571381,16.060760365037574,2.0010853864931804,2.0010853864931804,25.970700452443303,763.8948038703104,-0.12895424459563287
184,184,-8.645771230567071,12.588708037543324,1.457762611195372,0.8683954613091207,99,other,7.548796406161616,15.341121277677466,2.072600867546054,2.072600867546054,25.456309436585677,748.2222688135195,0.02998149283200746
185,185,-7.45049210558093,11.108082484636924,2.632426354382808,0.876400958480324,4,clothing,6.399726513040537,13.631911003673348,-0.511937174743867,-0.511937174743867,24.12079172357871,759.1043213276821,0.29367792020584105
186,186,-9.409305066929036,11.009447183021134,2.6410068974151018,0.8617534698327383,17,medical equipment,6.737000594244585,14.72134051472428,-2.129107728306341,-2.129107728306341,24.651432961393613,758.4993094603736,-0.1950001764806295
187,187,-11.654442912787708,11.687220153646171,3.5530234975766777,0.8214069348376154,4,clothing,7.501840681040985,16.883161152507927,3.6777370489778534,3.6777370489778534,26.744383064414077,757.4873275740382,-0.12474686243484001
188,188,-8.61939004470289,8.83098326982548,2.1919557428950927,0.8307190225033616,5,clothing accessory,6.879354793412087,12.533348324907898,-1.8803753428447187,-1.8803753428447187,22.36967283674806,760.0945457711274,-0.4295762289172451
189,189,-11.067942891624892,3.778965544307583,4.500087411746738,0.8081004349838873,99,other,5.988587626330292,12.531190172952261,-1.4793164534811183,-1.4793164534811183,22.568758093248974,744.2989777999181,-0.2284717082116643
190,190,-11.023844663948978,13.050983587678834,2.575767778181176,0.8573075732231777,99,other,7.408787356364795,17.276802465382737,3.4601666543962146,3.4601666543962146,27.097607306947456,743.5650925896146,-0.13983116763368741
191,191,-9.400986470761332,1.6754539998713238,1.5725149159758338,0.6892734649063574,20,part of car,7.381616615451185,9.677731960024978,-1.1188198765743955,-1.1188198765743955,20.513996389596553,754.8901660039237,0.38659065396530323
192,192,-12.125866724825848,7.671235612406029,-0.9969808932154028,0.6750614672304355,99,other,6.231562954998952,14.38327050954413,0.765560089851899,0.765560089851899,24.8010851512506,741.9380687367842,0.2709655418787058
193,193,-9.934569450748487,8.110960790470022,2.6209726816396697,0.8588819342830896,27,weapon,6.236256144025125,13.090181546265454,0.867049400874162,0.867049400874162,22.710266804824933,756.5921299582827,-0.6099805107178753
194,194,-8.595086958581609,4.518467539951631,9.26315486167851,0.793818392775389,10,food,5.96766542610886,13.420063588769407,0.10822597633617548,0.10822597633617548,24.60781290175105,759.5297474055303,0.978913084492266
195,195,-12.354628495316703,6.874245331172228,8.085331212323604,0.7806736542799262,6,container,6.002980661164003,16.286947993513362,1.0322035245657162,1.0322035245657162,26.28164933973633,753.2504650384544,-0.029636693329091912
196,196,-9.583064110287474,5.573387177394745,9.943537518048084,0.8378911971820013,10,food,7.970333669402593,14.892001233677691,1.5198563563958878,1.5198563563958878,25.946854274576015,757.9321282279744,0.940743278974832
197,197,-8.606362688483982,5.860265503702365,10.133247851125066,0.774916219687623,10,food,4.7958781516394495,14.52910535827805,1.3702098417481317,1.3702098417481317,25.698058666503726,757.1506987329358,1.031489402105347
198,198,-12.468326602860811,12.860641524923263,8.202877304044174,0.7722594478692041,99,other,6.972468551135529,19.70133154823273,5.769259047903386,5.769259047903386,29.692952021114795,737.403601459896,0.1870149000945176
199,199,-11.060694438092568,2.6955649649294258,0.5594494467101712,0.8462606463913085,99,other,7.232568323396944,11.398158430923443,-1.9696424371457084,-1.9696424371457084,22.116601043339088,736.5977906607135,0.37948678816986714
200,200,-13.576544957974958,10.956230871420248,3.963236283593988,0.7988687465508009,6,container,6.491448541647391,17.890467007414124,2.183765998088326,2.183765998088326,27.390961619582075,749.3347263091154,-0.4206490490193211
201,201,-9.099686444806116,5.922958746710078,5.2386639481065576,0.8510118784195034,10,food,5.409664886542559,12.055261659134942,-0.8468824611279366,-0.8468824611279366,22.102153516219833,754.010528031458,-0.24977612487841583
202,202,-9.457896823271534,10.067578448743966,2.170336740000593,0.7918821106681215,5,clothing accessory,6.760664894155303,13.982786192539029,-0.4990514553732055,-0.4990514553732055,23.873472766324486,749.0511635888067,-0.2819356723411204
203,203,-12.50433219122877,7.928183671988534,3.2399118569725376,0.8096880418336446,23,tool,6.064600728789293,15.156234648696124,1.8020937722243104,1.8020937722243104,24.6966761040376,740.9654344830357,-0.556663579622338
204,204,-7.483290211553489,3.8558089680207575,9.085907636952555,0.8277516712234747,7,dessert,7.1467579296297705,12.386307471374765,-2.306120316124005,-2.306120316124005,23.374559155288516,748.1648890492912,0.7128881370760709
205,205,-10.567013220053392,9.663093505586923,3.176786911849539,0.8289519319538082,23,tool,8.347514608859536,14.667280578682535,2.1689751854276196,2.1689751854276196,24.36492607404603,739.4112120634952,-0.4309261520112564
206,206,-8.417289567564511,4.275707127801169,6.321118174716504,0.7978136372845227,10,food,3.819968013471684,11.36173270613648,-1.7934076680255941,-1.7934076680255941,22.002462716098773,750.1404325944874,0.2994300101917524
207,207,-11.575510011063251,11.865591856656032,4.549852758045919,0.7410484040303502,99,other,5.528857089876488,17.18970221513059,2.924117846277067,2.924117846277067,26.945272459890866,730.5051052677101,-0.21067109627534109
208,208,-4.579400465286545,3.6202275453198647,2.810833108733269,0.8354534678106565,99,other,6.363410038423946,6.479022987033651,-7.642744050140241,-7.642744050140241,16.25076479278336,729.8001094818983,-0.8837847107197412
209,209,-12.30236498927606,9.395667868585807,3.990843577165297,0.7259559254536417,6,container,6.916152463798745,15.986043646992291,0.19149801850201342,0.19149801850201342,25.452730492435812,742.2070011902781,-0.5770158768577396
210,210,-9.17029532134115,4.973681976285621,3.988714176662966,0.7741061646343145,5,clothing accessory,6.37023963179892,11.16878101965259,-2.5777787210006267,-2.5777787210006267,20.82847922986284,742.8144304439576,-0.6940191847820039
211,211,-8.628558171829589,4.6077979873940045,9.080084172946522,0.7468196220985871,10,food,7.517013574033357,13.346600578614517,-0.0023200379143979433,-0.0023200379143979433,24.484808485066498,746.2568539065244,0.9246439699653664
212,212,-10.720520624861114,12.9447041249509,1.466313053543049,0.7240232123171157,1,animal,7.239888150169976,16.87142558652303,2.758496947165849,2.758496947165849,27.282488658359487,740.9645928140451,0.4243390557889022
213,213,-11.451594819606122,5.645127182744825,0.1318361758093757,0.7308720228466775,26,vehicle,7.735852787854101,12.76807994958703,0.5848849538817191,0.5848849538817191,23.179376233110666,735.7135094492098,0.16050168362351513
214,214,-7.330926967961196,10.22637541357114,0.4642606452236559,0.7773634649839982,1,animal,7.453899248035638,12.591139037258566,-1.5185574674732791,-1.5185574674732791,23.35432617873574,739.3834401447136,0.5010055188496985
215,215,-10.228835997040926,2.623003894907891,-0.5593646443099988,0.7102144806413101,26,vehicle,7.6207659221472355,10.574598058194281,0.13763866022140192,0.13763866022140192,21.695256369781394,734.2221708706488,0.7287023046351031
216,216,-10.153179199406058,3.332906335937248,3.025404310203462,0.8360331934613559,27,weapon,8.162059196607224,11.10623175247033,-1.2162110993999846,-1.2162110993999846,21.20261516786795,738.6191524334895,-0.26135933426027336
217,217,-10.748170580570369,4.09631878081213,2.358820847459397,0.715567956024564,99,other,5.95595647018818,11.741679359166712,-2.5940738638309107,-2.5940738638309107,21.6961787668183,722.9485125139581,-0.3623491460610353
218,218,-6.470955043861459,8.654270840446857,1.0901437447703175,0.8420858323836576,4,clothing,8.289562691550678,10.86085062708012,-3.016808778920389,-3.016808778920389,21.22875669463257,733.0215334533846,-0.005628170998051019
219,219,-12.249606464197456,5.245138313188823,0.4564424124254551,0.7294280725576812,20,part of car,6.54546348854538,13.333141945094942,2.4231894901037876,2.4231894901037876,23.66916246867469,733.0648548007091,0.12159045746969
220,220,-6.946027794197431,3.19650534013841,8.973109859587868,0.8458441287709583,10,food,7.7530126348136195,11.789047843635618,-1.046198821462177,-1.046198821462177,23.33941991703091,739.3999987783013,1.236571915907767
221,221,-11.302403384366784,6.003166368027767,3.5322173796764083,0.7669761963327434,22,sports equipment,8.34583293784359,13.276252796721426,-1.0887653209931933,-1.0887653209931933,22.83168206406232,733.8258960036404,-0.6626618967986957
222,222,-10.14419028286323,5.30620550300429,1.1950260058383044,0.8206655553831421,12,furniture,7.396058724871053,11.51036491557412,-1.9604337216623193,-1.9604337216623193,21.381677804202692,733.5602061473669,-0.4604218934395661
223,223,-11.675427512769842,10.064465891887702,2.5770860111200324,0.6955369646399814,99,other,3.447797604012484,15.62851412014669,1.1439738971977889,1.1439738971977889,25.284215089734094,718.5142129770871,-0.41101054584324714
224,224,-10.38478629883502,8.78513229857273,9.738624542024448,0.7846575094328627,15,kitchen appliance,5.486191935051687,16.729110674103936,0.6750347110898076,0.6750347110898076,27.118237391012332,729.2773691858167,0.3932440324622668
225,225,-7.4150294354839374,4.324596963127636,9.605034549609028,0.8179938867438868,10,food,7.076569917902118,12.8818278641569,-0.24031746948491417,-0.24031746948491417,24.30726900967693,735.5682335088035,1.1819667864356234
226,226,-8.880998113323457,3.684472464307071,0.5436562026462193,0.7545929699129986,26,vehicle,7.722627489569975,9.630318109790949,-2.235826693926885,-2.235826693926885,20.012675478142928,725.822536968674,-0.0703677229907207
227,227,-11.166344274531156,6.324425824788812,-2.158793307199429,0.6898913755621073,21,plant,7.1356009754493686,13.01330069635753,-0.013779453313528478,-0.013779453313528478,23.966371112224188,727.9775743967066,0.7180569837018496
228,228,-9.787907417570034,6.776540444887016,8.671508804212847,0.8320938931717975,10,food,5.106274319004753,14.728193947584101,1.5769729840552102,1.5769729840552102,25.414487734700046,733.251044708952,0.561642216262527
229,229,-11.75408670650971,12.794951311632143,0.7622016297901801,0.7783495294286373,1,animal,5.756949234766141,17.39109785768685,3.6767354150068776,3.6767354150068776,27.80486760196319,728.0700095749534,0.4604892087932626
230,230,-8.279899229750296,3.7072328303937088,3.2403550812580875,0.7854904330193163,5,clothing accessory,6.093775498123491,9.633286436424674,-3.692215685851984,-3.692215685851984,19.404107750396694,727.5458184472534,-0.6817127508726522
231,231,-10.34678131831246,4.259279896416367,4.680452187385102,0.8066913100449686,99,other,6.742280545492463,12.12864302234155,-2.020629251769801,-2.020629251769801,22.01897935365467,712.6431603863267,-0.4016091970378355
232,232,-10.379216396530673,6.953113486294759,4.109441156451065,0.8478824550493427,10,food,7.339951597249638,13.15148002232597,0.9636038791486179,0.9636038791486179,22.7746158789909,730.2374150078871,-0.6029850525409586
233,233,-10.735153299819933,6.771647787054604,5.668506089777763,0.7050466809613153,6,container,7.243189048119079,13.900744275484096,-1.6864653488307262,-1.6864653488307262,23.564876381675788,723.7004466461709,-0.5137699430160723
234,234,-10.936136455392075,4.4786637467518045,3.781256931768846,0.7954536793483192,99,other,6.483634970697218,12.407877075127493,-1.9975052232473907,-1.9975052232473907,22.218253945083852,710.4681988980822,-0.46359856621251083
235,235,-12.531976650633624,8.840065060758729,-0.2473049956561785,0.7776301669243576,21,plant,5.448969471610009,15.338133811234991,2.1502568916725266,2.1502568916725266,25.625011674919623,721.9934097928875,0.20147893936905348
236,236,-12.515681658708283,8.325606619331868,2.731957993761118,0.784517944851706,6,container,5.733149420599558,15.278141491741225,-0.19260815272263443,-0.19260815272263443,24.74977460724347,721.4573702637465,-0.6176266112504436
237,237,-9.474117747062978,7.482815607896871,8.591240024285437,0.7893155489496954,7,dessert,6.728110206572873,14.817585554397272,0.33139377725033015,0.33139377725033015,25.18306342969269,722.9998174294814,0.24657909640526654
238,238,-7.310767957155581,5.567192685784111,10.032183965497122,0.7997533176663025,7,dessert,4.661020819102392,13.604619716904933,-1.03189635959421,-1.03189635959421,24.63980617258662,722.2841857705246,0.8382273267160798
239,239,-7.59003901275952,4.208429175264624,9.41039120193648,0.7858661353113948,10,food,2.706567345815368,12.80136832185972,-0.4219650251435958,-0.4219650251435958,24.181555306808857,725.0568946322861,1.13153465642446
240,240,-9.344360981990208,2.350609001187191,3.99101009238556,0.8074446467716229,99,other,5.412037798879196,10.429314761561598,-3.1590576032276303,-3.1590576032276303,20.784655573120304,706.1978686272149,-0.04596489399545689
241,241,-8.445522883683125,10.081130877768476,1.8799623724314969,0.8028208945998226,1,animal,5.705459525547557,13.284965753635596,-0.3470409640508052,-0.3470409640508052,23.5336064187224,719.086820921013,0.031110222812490207
242,242,-7.826630123310177,14.148899280859291,2.0907331800803077,0.8553948966539754,3,body part,4.980427268074144,16.303946000195644,-0.2513970645700212,-0.2513970645700212,27.011303982707986,716.3105039989922,0.6841138487498704
243,243,-6.609957500225077,4.057448440423868,9.423391611984954,0.7994551597217509,10,food,6.543368457211112,12.204701367682382,-0.5706679069973504,-0.5706679069973504,23.755609746419633,722.1118747558133,1.2638575810373567
244,244,-12.393413059131476,8.113706961482642,4.581378388437055,0.7549220662561038,9,electronic device,6.144768839606863,15.50541698404466,1.6563952681208214,1.6563952681208214,25.04557353471902,714.4058174976901,-0.5344768742119399
245,245,-8.681057772210004,9.8351608240749,0.571070005063579,0.8345152370752253,1,animal,6.565271786994543,13.130775812211125,-0.7738559641553806,-0.7738559641553806,23.598689786444574,716.1428883421365,0.24046064671894385
246,246,-13.490151548665596,7.8935192241281555,4.491248703426844,0.7822201479745439,99,other,8.17385212815412,16.26232300330057,1.4113167653898984,1.4113167653898984,25.809136227868226,701.8972365025361,-0.47910955488159956
247,247,-12.523999174216312,5.908547952479716,4.068140186526027,0.7611819826829752,9,electronic device,3.271414648879123,14.432992025209158,0.3638719501887877,0.3638719501887877,24.14165112057724,712.2181395107965,-0.43499017904076354
248,248,-11.546300952525543,4.958491315079079,2.7707418914644544,0.7715344000865839,9,electronic device,3.7397229137948274,12.867816925847327,-0.7013800811111288,-0.7013800811111288,22.679931027255506,711.4865859714444,-0.4322619308441986
249,249,-9.01644291958312,5.329365457666257,1.5543644966735055,0.7625694160353981,26,vehicle,3.5114221481395416,10.588410083293239,-1.3682082802361464,-1.3682082802361464,20.362057081706574,708.6911757985713,-0.6174201364194829
250,250,-8.761696945936007,4.499811426848926,8.453872236262896,0.7860639031130047,6,container,5.97929204943527,12.980122959228128,-1.6262971589162518,-1.6262971589162518,23.534261825428565,710.9987304019005,0.3169902825787787
251,251,-9.422140039563912,3.16771705242504,6.083777921381513,0.7637369918462257,16,kitchen tool,4.191013102167844,11.654334302999334,-2.684114242062801,-2.684114242062801,22.17633088506019,708.8272087745513,0.1995269420397463
252,252,-11.194824550671363,5.371289845529594,5.660614976275467,0.7382176127454897,13,home decor,3.575281337371306,13.646150125021991,-0.26683670034995544,-0.26683670034995544,23.534847826165233,711.2061971000547,-0.3055887406813227
253,253,-12.54342466301791,13.25346785586212,7.809384163098794,0.7832288631470274,13,home decor,5.016364955217404,19.848888973694084,6.222856680454946,6.222856680454946,29.909425018969536,710.5971912069642,0.26542652252634724
254,254,-9.762763515231384,3.811034581818968,5.030588416981058,0.7210403805427241,13,home decor,7.099011149914936,11.625074445319356,-1.9193568456675507,-1.9193568456675507,21.738373144015366,709.7694450459549,-0.21105395786443992
255,255,-7.935563691698002,3.3002433040855728,7.357953035875012,0.8256941965246498,10,food,6.66488889970366,11.313896316004472,-1.651989012260234,-1.651989012260234,22.430852607306313,713.3001781045632,0.772577783262868
256,256,-11.053189179204512,5.625553927074888,7.894696466904658,0.872834397986837,10,food,3.8911818037823545,14.70190737021113,1.5462289708321535,1.5462289708321535,25.264648099664395,712.520313678638,0.43639748735190764
257,257,-10.44580589761216,5.124128266572393,7.091836469735229,0.8274523477090124,10,food,3.318985169960273,13.625920000364813,0.5225572624448311,0.5225572624448311,24.14292080962282,711.7981887987307,0.32141245886850456
258,258,-11.91086100295336,6.523459307039903,2.6095757258936567,0.795322411328509,17,medical equipment,3.3756449109248714,13.828738793955655,-2.320217632828278,-2.320217632828278,23.391910849686287,703.7923768036491,-0.6193639022994013
259,259,-9.897535280356852,8.137597973149376,9.060456401747322,0.7975683345323912,6,container,6.678147947755982,15.693105989780271,0.38475145756207496,0.38475145756207496,26.008702436523322,704.3676144933496,0.2530417375469831
260,260,-11.32169306879633,4.747310779743772,1.1394036093894508,0.7954397227641846,27,weapon,3.861026924419016,12.329474204871511,-0.3291587745774365,-0.3291587745774365,22.480878294609703,705.7071898927849,-0.12761695885431834
261,261,-11.28861957408338,6.3458719830764485,2.868007460991308,0.7786572287896101,27,weapon,4.1870337194325975,13.263803749689412,0.26147569658661496,0.26147569658661496,22.850831488440495,704.969372945783,-0.6318645831288059
262,262,-10.192151451392377,7.616825894612829,1.1121024423753885,0.8096292948613414,26,vehicle,7.920655600882823,12.772343550002935,0.8636460973089228,0.8636460973089228,22.712657977874155,699.256488907843,-0.31020578825751954
263,263,-10.352936160987865,5.877988159490074,6.504666904270499,0.819222359550196,10,food,7.344313962061852,13.566308395879389,0.47915947935283754,0.47915947935283754,23.849393235855906,707.4521399956432,0.08366018804342801
264,264,-11.2157575179561,6.000987882890271,3.3952938272841324,0.7536085693557818,99,other,4.75833415529207,13.165602623722863,-1.6516216309868739,-1.6516216309868739,22.762827977292766,689.3346650478312,-0.6279866963961425
265,265,-9.683488780205504,8.45393621794572,6.226849206447856,0.8147471109161709,99,other,4.798823113262943,14.283299463824896,0.24409787807229932,0.24409787807229932,24.13952805055774,688.651755649584,-0.2970541442698824
266,266,-9.209027583439903,11.069139811615486,0.9273473104043208,0.8148443419367682,4,clothing,5.152386841906802,14.428860600746063,0.900114052523648,0.900114052523648,24.720482217831176,697.2666600369643,0.14770646508109664
267,267,-9.69494168045494,4.035360753066202,0.7632200353397165,0.756563173668437,26,vehicle,2.4458670242505884,10.52893800044209,-1.3261727524896685,-1.3261727524896685,20.850657028600267,695.7048762573897,-0.07317542931109244
268,268,-7.316478125743338,3.820038508914888,1.337892701145983,0.7641120346062206,20,part of car,3.879936674451478,8.361429498228942,-3.228438395066295,-3.228438395066295,18.110114381998144,697.0477714159402,-0.7856994647130584
269,269,-9.364914390388304,6.740287707841256,1.6212758688133464,0.8032849589047504,20,part of car,3.7431452101807774,11.651679508404543,0.5437930177575758,0.5437930177575758,21.347238487942903,696.2869272050818,-0.627081509643574
270,270,-11.714157083828846,11.053723774113289,8.251067100594456,0.8455446403016336,7,dessert,8.01873541569474,18.09658514078076,4.817694548691723,4.817694548691723,28.184467263349955,699.0741997517752,0.1800031825720616
271,271,-11.622712273911729,6.133376188869687,3.569852563970159,0.8234258597976246,99,other,2.525078911812856,13.617987788392833,-1.1855394913399593,-1.1855394913399593,23.22135408336033,684.5851901875545,-0.5927325324892614
272,272,-9.910721223503655,3.4159112802174705,3.864713460913636,0.8179271270734686,99,other,4.194211941796757,11.172593932444238,-2.8920891917987106,-2.8920891917987106,21.186688596938218,683.9372506819337,-0.3393773507042823
273,273,-5.15763173494029,7.274497508755675,0.8029665818713242,0.8225730792024576,4,clothing,5.872863825219274,8.953448187696058,-4.8874596966606525,-4.8874596966606525,19.42530399054365,692.2877222450791,-0.0244292152804384
274,274,-9.646070906935153,11.109649608506247,-0.1942856495962103,0.8114230150109484,1,animal,5.438607510418294,14.714236143240422,1.0752539831911463,1.0752539831911463,25.405244261043755,695.4032208864232,0.5654582932154106
275,275,-12.936730183606684,6.89817511446718,1.806921644291981,0.7708322535534675,99,other,3.552737138394442,14.771891333945879,0.23297342205767535,0.23297342205767535,24.578974424547752,681.9070779754132,-0.3147563373441784
276,276,-11.096801496597994,5.5307337107177705,0.969513816293593,0.7572996363392706,26,vehicle,5.584714864411557,12.436558039656857,0.14811009686052756,0.14811009686052756,22.572422990929393,689.3066159450219,-0.13626472299401016
277,277,-9.975006098727384,4.687213640913939,6.1466981814294535,0.854378794588727,10,food,6.608590044498106,12.619533149796245,-0.367370601702401,-0.367370601702401,23.033020098835166,697.5007644607238,0.15313262796954774
278,278,-15.474330527578458,8.39421103217857,0.2500975474724886,0.7086570146624034,26,vehicle,5.066104691286643,17.606255505153467,5.391556207448804,5.391556207448804,27.931372420909426,687.9789954254862,0.3856828388981164
279,279,-10.84951307922984,4.014015728842599,4.0792957436663535,0.7757643730729007,9,electronic device,3.168322939373631,12.266413905134199,-1.6593758574251574,-1.6593758574251574,22.285192437989178,689.4433654592428,-0.2643007578752794
280,280,-12.229134606202935,5.069333278741606,5.076485938365083,0.7360727784909429,99,other,5.020783468139625,14.17817275215695,-0.09615794714256509,-0.09615794714256509,24.02316716424589,678.5607986527405,-0.3150537426886615
281,281,-9.161910353320534,4.50038608845454,7.578659819177707,0.8324921152569899,10,food,7.339741145579336,12.713385108705543,-0.41540628485509146,-0.41540628485509146,23.527805474909687,694.6990757801331,0.5601058828130299
282,282,-6.401017084028267,3.715100805502568,9.59652261596667,0.7749576248051859,10,food,8.073245749904101,12.118920745009737,-0.4428327608360121,-0.4428327608360121,23.77030109530306,694.0539843028001,1.3588091453168651
283,283,-12.907253077310155,4.505543079898509,3.850743579042173,0.8191027956413665,99,other,8.607675290506549,14.203004138494375,-0.016128235147636616,-0.016128235147636616,24.168288631578548,676.5872671458188,-0.1931656391849259
284,284,-6.733891160808915,10.00013710331839,0.4880165300507644,0.8403844016488433,1,animal,6.633430150510336,12.065910342132845,-1.7863272940747414,-1.7863272940747414,22.9042258810177,688.4746895713195,0.5423328523329829
285,285,-14.634529743537342,5.626075095442333,0.9846030217403128,0.7466059299936215,27,weapon,5.711934950189123,15.709602951839864,3.2098194958795823,3.2098194958795823,26.04608373835653,687.9653439435333,0.2749877384109176
286,286,-12.04561633807926,13.208758047364826,1.9756430206316768,0.796544143900837,1,animal,3.881122650959109,17.98530865631718,4.405854810988725,4.405854810988725,28.185505011054456,687.1601402139571,0.28515622267363483
287,287,-8.332765243961418,11.754709415574158,2.651399251988249,0.8555502371178031,1,animal,4.836601979549916,14.650532005664608,1.4257470346106267,1.4257470346106267,25.08170685731426,686.4291468570317,0.30152535077512965
288,288,-8.483374783929134,5.7300167456491495,5.29554717702179,0.8415133092463806,10,food,4.644086254228748,11.52577804463056,-1.4599315364516663,-1.4599315364516663,21.68121985537048,689.8068629813355,-0.1753010602514884
289,289,-9.262521482565283,6.887185939325252,8.55834533086639,0.8255039438520855,10,food,7.136615905061629,14.369165222106167,1.3106689651873253,1.3106689651873253,25.08680604596938,689.0998358646405,0.5698839790344827
290,290,-9.441333217020915,3.054887865400188,5.380113184238967,0.7994120979087916,9,electronic device,4.383176773933341,11.28790196007273,-2.009961552226379,-2.009961552226379,21.73872940670969,681.8821362801962,0.10477607324489924
291,291,-10.06592528848699,4.667406786897963,5.530302562466244,0.8369833080198936,10,food,2.8216918346808284,12.397249068249124,-0.41373057570801564,-0.41373057570801564,22.656148677425232,687.7235702791414,-0.01575979179365561
292,292,-12.723258027696632,4.070212759593176,2.777268961209778,0.7876587623538843,18,musical instrument,6.250240589208681,13.644088449969868,-0.2472330820251578,-0.2472330820251578,23.85383757448936,681.1118839339316,0.015330003709806306
293,293,-11.365289216544634,5.49782520008141,4.617966692590698,0.803484467588576,9,electronic device,3.409382456628226,13.443269590402217,-0.8127346417956005,-0.8127346417956005,23.213547349998862,679.7979072258903,-0.43706504792792344
294,294,-11.633302408503114,5.267455664629006,1.8942039384709677,0.7316954697945907,99,other,5.5455040327408,12.909989258982188,-1.5460096957032157,-1.5460096957032157,22.798225718113876,669.3402840408459,-0.35342557493026305
295,295,-9.519477284260274,3.184745502272458,3.096118712949905,0.6760376279853916,13,home decor,4.176431542056611,10.504713359462531,-3.2281210804144536,-3.2281210804144536,20.547622008417687,680.8997250440549,-0.353544783958327
296,296,-8.867289307727397,3.919826389820941,5.837054702897804,0.7264727816913462,9,electronic device,3.642883622838152,11.316583680505996,-2.0998902797051144,-2.0998902797051144,21.615872968001124,677.7785623665533,-0.04491627534845577
297,297,-9.949538886049888,7.271889231751781,9.601796458872968,0.7933877944548677,10,food,5.6674513015638,15.6226819810656,2.515837794217415,2.515837794217415,26.41830170744057,683.5696861644761,0.728532883953001
298,298,-10.595885203823858,5.162654284217069,2.9993294981446392,0.7941334770179519,23,tool,7.347336327783365,12.16230898922564,-1.5649984276652233,-1.5649984276652233,21.848540503043278,672.0709005224184,-0.6035474430773284
299,299,-10.641445856596947,2.8707911543242712,1.7944756240302175,0.8123836482103641,9,electronic device,6.052619529873052,11.167002934353938,-1.4958281534139104,-1.4958281534139104,21.6208679451793,675.7642572557309,0.10003318725104293
300,300,-11.216090624552068,7.055816642433715,3.44242347113001,0.7678123335667296,12,furniture,7.146517405690041,13.69070913957331,-0.271928235836981,-0.271928235836981,23.190845566616098,677.2825613790205,-0.691282421839432
301,301,-8.062273025523876,4.081651432836568,4.656648537083184,0.7059924601464237,99,other,7.388859324809236,10.165849711420373,-3.776643820167937,-3.776643820167937,20.023337616668208,664.8494696398327,-0.5607730791863901
302,302,-11.63551088692723,4.56025977427376,2.8959755365618247,0.8321431082473403,99,other,8.398624556758309,12.82839651386821,-1.5856070914132303,-1.5856070914132303,22.71992119563179,664.2041474062839,-0.355388248943882
303,303,-11.11471194336176,5.88736733732009,2.98457838905166,0.7950149274844397,99,other,6.35357467014506,12.926934049063846,-1.8761430292683983,-1.8761430292683983,22.550485635790928,663.5467636295929,-0.6170199662967022
304,304,-7.844804110522077,8.596764611349434,9.471018057572682,0.764668550676253,8,drink,5.94464331756302,15.004849094952,-0.3840611550653783,-0.3840611550653783,25.807479842403307,673.2747254839179,0.6957833034629637
305,305,-9.721359598475082,6.144649709173843,3.503273755782555,0.7397963941557398,13,home decor,7.575276635846437,12.022249352732151,-2.5158863035098697,-2.5158863035098697,21.531145858362333,674.0871020499152,-0.7898959815046211
306,306,-9.955119682065623,10.891770733047917,1.393141450623151,0.8399150767639384,4,clothing,6.130048529941784,14.821468236547076,1.3348812475098875,1.3348812475098875,24.93550593452962,669.3956243474973,-0.004611211110390201
307,307,-9.37180222936166,6.748045071112976,5.106757791213924,0.7790643257539548,99,other,6.458279508538917,12.627183551614525,-1.6931162386463647,-1.6931162386463647,22.287180412037255,660.9910047098715,-0.5998651194564033
308,308,-11.497934087914947,7.151248968072812,5.735123782256255,0.7788679742980023,99,other,5.7213490459685605,14.704913970887429,0.2647742263952999,0.2647742263952999,24.33101713572351,660.3663052221484,-0.500046587643336
309,309,-10.779462744709631,9.07747542728664,0.2238764079790366,0.7575891694954596,26,vehicle,6.047681040369227,14.094236334176651,2.826260910468541,2.826260910468541,24.358862250082623,666.6214093910493,0.09917603754383109
310,310,-9.683585916846871,5.2446806767668805,3.797824888918537,0.7457653671389232,99,other,5.271728001064004,11.649119515958967,-3.011656149738247,-3.011656149738247,21.25446450386151,659.0988775380644,-0.7174602494530973
311,311,-10.399458497033246,3.9477288793869367,2.616041497811929,0.8197012746916471,99,other,8.559333468765086,11.427028198746019,-2.9374565604523326,-2.9374565604523326,21.346252758850685,658.4875527528561,-0.4178733518131885
312,312,-10.425590396424026,5.566541349123814,8.967182092123963,0.8030823092183812,7,dessert,6.531303789919373,14.835419521497284,0.48851235536628224,0.48851235536628224,25.2952674350721,670.1894003377917,0.34209683866117047
313,313,-7.821003050658413,5.047459417115482,9.969802986999772,0.8439307664355803,10,food,7.963907622714692,13.6397179914185,0.5401941548704805,0.5401941548704805,24.983344360518156,672.7610347337654,1.1489259876691271
314,314,-8.318966988067412,4.943925743054525,10.452633524270531,0.8085201120374421,7,dessert,3.953662787417128,14.244478266826652,-0.6396545282746153,-0.6396545282746153,25.2130018334413,668.8783655946662,0.812742499604127
315,315,-4.794753400672398,7.448465978790607,-0.3774479519333911,0.8235210997918796,1,animal,7.846313661658568,8.866328020487364,-4.418238168464963,-4.418238168464963,19.991010977713263,667.6316033128634,0.6227913255060109
316,316,-9.791967920776958,7.226455495567663,5.506784421621725,0.8169013326799845,10,food,5.317878134594556,13.357730700128702,0.7072767372020792,0.7072767372020792,23.321638947820247,670.7319076728243,-0.24893941043427503
317,317,-12.684190505414213,4.896356246998555,2.471861149882085,0.7950737247822407,99,other,3.056571313186524,13.819301386808894,-0.5055371022911253,-0.5055371022911253,23.798497266366134,654.7299383930593,-0.20394742229312612
318,318,-9.926673138604905,5.385221023684961,2.5770474268993917,0.7675769462780241,99,other,5.028620059370255,11.583635807255312,-3.232147817193596,-3.232147817193596,21.2010992240749,654.0700508302796,-0.7095560210251755
319,319,-7.526511580204508,13.329594250929448,2.1110327569904968,0.8746419666280295,3,body part,7.819740008938768,15.45260232978416,-1.2012703940943297,-1.2012703940943297,26.117419221678478,662.6399423235462,0.5867845828240981
320,320,-12.413010264674137,6.682759938991308,1.9936934972314373,0.6970687385217046,6,container,4.135942829537075,14.237869152158813,-0.9152689522174065,-0.9152689522174065,23.875501059264543,661.932023812419,-0.5185744891174657
321,321,-7.3799650408649375,9.582374825053288,1.0892996956267091,0.8175600605514105,1,animal,2.442122280536878,12.143820038155049,-2.06092643389783,-2.06092643389783,22.656538645767895,663.6786833313733,0.22174979528379524
322,322,-10.80898088521926,6.356228216621192,2.241224101558927,0.8304843815641426,99,other,4.021355094337631,12.73808425126068,-2.0538067630935437,-2.0538067630935437,22.367576961599624,651.5783758754615,-0.623232261085036
323,323,-7.390642116232713,6.885411094558959,7.797514585108819,0.7952430562399367,10,food,5.732801769671857,12.760552908721985,0.20072894169230082,0.20072894169230082,23.61732820370069,666.1232085126882,0.6054962927757366
324,324,-9.478268058624185,10.966296958621433,3.292903508730277,0.8078881957641357,1,animal,2.856894245934756,14.864065658278468,2.0462683086294895,2.0462683086294895,24.939517785211905,661.741334734158,-0.040455427415707845
325,325,-7.028917963999425,2.696612559178169,5.826033416431011,0.8510214821417318,10,food,7.435366938493924,9.519457569017368,-3.2953044120410233,-3.2953044120410233,20.527665416392757,664.8773616405186,0.5483483319995841
326,326,-5.742147001314198,10.023751968603303,0.6981856466674912,0.8414892821302352,1,animal,4.956265134744407,11.573042768001539,-1.5896714064518775,-1.5896714064518775,22.580654528850392,660.4853010891371,0.679910608542766
327,327,-8.267339448163558,4.935239749339646,9.653234625871036,0.8022253183884397,10,food,7.895919436180359,13.634164135609447,0.3566865339848029,0.3566865339848029,24.87424368143304,663.5024563984765,1.0450217463064853
328,328,-12.881384966220468,2.8766984861360427,3.3590731517458634,0.7547590695527452,18,musical instrument,7.077276721200296,13.619428962584589,0.40527655940491414,0.40527655940491414,24.152683545339084,657.1535436998242,0.33724850198396084
329,329,-15.191655874687084,7.496412855019981,1.800451277965827,0.7868221638074163,99,other,6.98442576906036,17.035968968983017,2.6316672459890214,2.6316672459890214,26.95491987170549,647.3516993695965,-0.05718393295378732
330,330,-7.448316413971064,13.16631408360544,4.332562289758338,0.8723126805443879,3,body part,8.238652460232837,15.735321412205527,-0.239539075716646,-0.239539075716646,26.414111869769975,655.4918578759166,0.6189525195677348
331,331,-8.633417483519372,5.566106628538723,7.9846620139756865,0.7076806118223261,99,other,3.0109260544894827,13.010467628891243,-0.20081224003838472,-0.20081224003838472,23.185879680949128,646.0428101184524,-0.05978370200863736
332,332,-5.731069915981644,9.366942079592665,0.1517778227093797,0.8171262001749807,1,animal,6.460671195857175,10.982158385844743,-2.3988955000716246,-2.3988955000716246,22.01895930080207,656.6215450694393,0.6710734305818775
333,333,-10.403198775654452,6.527175851432968,4.870958559681673,0.8116035711087135,99,other,3.284854180253986,13.211994802127503,-1.3338106774616172,-1.3338106774616172,22.80283878657659,644.8186148344146,-0.6313824994151851
334,334,-6.779158397010315,8.550587641058955,0.4202671776322119,0.8110505949442086,1,animal,4.462165958808512,10.919989106211624,-3.2544747330993395,-3.2544747330993395,21.547826399333573,655.3096520008463,0.2581089081587855
335,335,-8.377743310868858,4.343999568550949,9.76847766908902,0.8214570098636211,10,food,5.647684620913964,13.582344098345823,0.31355690615616894,0.31355690615616894,24.90773784514157,658.2993348660201,1.1270010716171086
336,336,-8.275816884128309,0.8840974799494398,2.6700234964535885,0.7722275114577039,23,tool,3.680915571315595,8.740697851160993,-3.8864203611594874,-3.8864203611594874,19.747743305092847,647.4455889978052,0.4970688995418193
337,337,-9.568349389741025,4.1347753539630006,4.4471019271067815,0.8345685292813022,10,food,6.626545255271411,11.332536910240979,-1.0646623345227653,-1.0646623345227653,21.43096859103522,657.0008639199341,-0.2447472128230075
338,338,-9.90953166389677,5.3713821535102335,9.013544071329664,0.8064310314918045,7,dessert,5.448434904397303,14.43241285311029,-0.11592672823377015,-0.11592672823377015,24.9625534099909,653.267732780643,0.38645400988304957
339,339,-12.099392089048964,3.6970245344821073,5.804736604202094,0.8171752145436356,23,tool,7.314605693746429,13.919707122539142,0.7539705454194809,0.7539705454194809,24.30326060479317,645.4795056839458,0.2068717860304865
340,340,-10.638537117590138,8.543795332564182,3.3981766845261085,0.7614445125052046,99,other,7.91255244035725,14.061383838952176,-0.6297149635758785,-0.6297149635758785,23.619344260683032,640.5915115238454,-0.6096036771631468
341,341,-11.212884034509395,8.267182145008048,1.1136379633863966,0.7868938587086856,13,home decor,6.985810747176827,13.97552355024995,-0.5487141968868947,-0.5487141968868947,23.815987257639318,650.5798052121892,-0.33262592568417304
342,342,-13.501438222346865,8.367868791134791,3.453667615536075,0.7764477047451872,99,other,3.9756984865051774,16.255395478920196,1.3784450243890305,1.3784450243890305,25.814735331356204,639.4269174400434,-0.46702874746554457
343,343,-11.868466008209497,11.52182862204892,5.837616055610923,0.839607838113615,99,other,6.022656278559062,17.541116879965667,3.2549468361756873,3.2549468361756873,27.332584193612497,638.8531595656816,-0.15215875586936178
344,344,-10.396681327549022,10.688283497084216,6.808356119536095,0.854164678770482,99,other,4.171100074107927,16.391586249996486,2.4570983587855473,2.4570983587855473,26.37734104840246,638.2242948013986,-0.03184925187789034
345,345,-10.745968311859787,9.098074039412976,6.370373128959188,0.8204688298742032,99,other,3.705186525294433,15.454204605488446,1.2647479458571276,1.2647479458571276,25.240659114909825,637.601227371896,-0.29147468528359965
346,346,-13.610189786451055,6.805573747815937,4.999404235093428,0.7694713448725002,99,other,6.267741750803869,16.017089085287882,1.374662504057234,1.374662504057234,25.66817795322981,637.0284238051912,-0.39061592687721003
347,347,-9.955694135408256,5.608547000277095,2.6352160877941704,0.7561731576740959,10,food,8.17386378410153,11.726722005807453,0.0068737874438156155,0.0068737874438156155,21.28966134144232,650.5752032839683,-0.7548717977344452
348,348,-14.960603247632216,8.4413420014009,8.21085839745457,0.8418518296318921,10,food,6.487206063392537,19.03927782088199,6.140322628795129,6.140322628795129,29.119470881601956,649.991723241005,0.23298105654882661
349,349,-10.150446281666948,6.604394965945035,4.713078266063797,0.7947111210088585,1,animal,4.180596569758235,12.994718131812226,1.9660723217281486,1.9660723217281486,22.52249204691353,645.8123098278421,-0.7084353969876283
350,350,-11.249503796231004,3.055798165563288,3.4482632836528366,0.7866056304710399,18,musical instrument,4.172529110011607,12.156469790340614,-1.6539847021807326,-1.6539847021807326,22.480293238421986,643.1376159474808,0.03366870986178938
351,351,-10.16856811754466,3.481491109624402,3.870515028726527,0.8100305336703086,99,other,4.285775468086321,11.423722882455502,-2.6520252331748573,-2.6520252331748573,21.43660322227034,634.0472078463736,-0.3244302855519656
352,352,-14.497279830343086,11.5431917085567,5.746691207127918,0.7990741027610002,99,other,6.160445467889792,19.40208383472883,4.7517147885336755,4.7517147885336755,28.988309971284796,633.5407851812893,-0.23763750645364823
353,353,-11.77087224209633,8.341302251927175,2.602438639055656,0.7635555018018375,22,sports equipment,6.028265669157377,14.65958537844127,-0.20402644271893422,-0.20402644271893422,24.23916307233244,641.896968539564,-0.5494891776738839
354,354,-9.931771731733196,4.913226862726271,7.080162158904127,0.792525620589213,16,kitchen tool,7.101801997542536,13.149470868907525,-1.3279107547715654,-1.3279107547715654,23.429508824609858,639.7245241347324,0.0537877475381805
355,355,-10.28822584569592,5.963580027045368,3.616139566383407,0.7412917064393317,19,office supply,5.404490925025426,12.429333978720804,-0.3964778050471516,-0.3964778050471516,21.98578910074921,638.8682640551344,-0.716139456284246
356,356,-10.838834040341318,4.902970989456745,0.4753746565754023,0.8147516468169754,23,tool,6.308226156390921,11.9056889318355,-1.008668787876232,-1.008668787876232,22.170078415826303,634.9232489002011,-0.0419042426504177
357,357,-10.830937324214071,8.541177602732393,5.524419653307872,0.822088417664141,99,other,6.563316094075636,14.858671901227417,0.43421336681606704,0.43421336681606704,24.5181212595132,630.4847559913081,-0.4568053110031336
358,358,-9.375721367750224,11.485549488388768,0.9589302141207549,0.8479060701920745,4,clothing,4.54691801559902,14.85737343447587,1.3021084841762445,1.3021084841762445,25.168838011894856,635.8525661155617,0.1951263453733496
359,359,-13.65876746527864,5.986505380757055,4.400866653454198,0.6987360291281166,99,other,6.3221014079425695,15.548884289423231,0.9970426085486466,0.9970426085486466,25.29630633615666,629.352213584733,-0.3244140420945847
360,360,-10.782787161366056,8.239795360283827,3.167328558632308,0.7609964711895196,6,container,3.803719788144672,13.935375730313243,-1.7764111619349308,-1.7764111619349308,23.39996717420041,636.339626912788,-0.7110818999407549
361,361,-5.842061467660453,4.984123566469256,1.854421568295256,0.7505609378913191,4,clothing,7.613501006731096,7.900003118399122,-4.577104215467287,-4.577104215467287,17.537030622522487,634.0238849621671,-0.9270519137748927
362,362,-10.63728919057097,10.078621202502555,1.7260725969736888,0.7751490987771477,99,other,2.7431331119224165,14.754994180866204,0.6069163563110536,0.6069163563110536,24.519752110637146,627.5826853300117,-0.3581689135366197
363,363,-12.131566255877784,3.8634435730883223,3.190464392142889,0.843673017738979,99,other,6.678957121740211,13.12555366834945,-0.966659582900153,-0.966659582900153,23.204950574209754,627.0200536522824,-0.14839249243656383
364,364,-10.593317848179186,10.905770320808411,0.6639501158178164,0.7364997682391777,99,other,6.961496123965991,15.218246912147004,1.4965028903190714,1.4965028903190714,25.179876525750025,626.4359097402958,-0.13148462554089235
365,365,-11.2201211684362,5.7390281928950095,5.495111929338576,0.7488879853209123,10,food,6.140509880815215,13.748593337108819,1.1069744246464062,1.1069744246464062,23.74834496943821,639.3237980366706,-0.1879420821889468
366,366,-10.13062764942442,5.767537603727867,-0.7899426852400899,0.7189443158268726,21,plant,8.25112540061111,11.684096714237771,-1.2384383619975345,-1.2384383619975345,22.23399738841197,633.4490375782258,0.2293463924991812
367,367,-7.737764074714737,5.903877194144751,4.100686314151659,0.8066408354518112,99,other,5.739824657120333,10.561457619408376,-3.8184378029710118,-3.8184378029710118,20.219136524007922,624.6711512247235,-0.7351227545712362
368,368,-10.62507766567208,3.889418086108957,7.047366027936604,0.8174198762221571,13,home decor,4.510176939133924,13.329861829059972,0.2621398974407718,0.2621398974407718,23.758049747998776,633.8826805737903,0.21354676114086502
369,369,-5.206614841212343,8.758115816664816,1.835746401498407,0.7697615683931623,4,clothing,3.5018797782454847,10.352941399112689,-3.562224871341261,-3.562224871341261,21.064390668437298,629.158237455707,0.3052285602106366
370,370,-11.674763580546845,6.965311452783249,3.662190726238841,0.7237649216596586,12,furniture,4.445993446762219,14.079322043737982,0.1741318358998356,0.1741318358998356,23.59486051299698,632.4099791336129,-0.6508712174479285
371,371,-10.231763195946034,11.213789137489618,1.4382857697721232,0.8585535977836323,1,animal,6.021178845982822,15.248170738600908,1.6125732381685118,1.6125732381685118,25.487774596330603,632.4628107953555,0.14841536479922723
372,372,-10.283740140496167,13.170824113517412,1.6725089979584686,0.7955357971083262,1,animal,4.171753822219503,16.793546541892688,2.6210977971891083,2.6210977971891083,27.259100923285963,631.9243356350596,0.47381846369154346
373,373,-9.353968994928143,12.408297864283137,2.2459343066600064,0.8288376907172994,1,animal,3.804743994062852,15.70053542898085,1.9857941355409743,1.9857941355409743,26.10724853743386,631.30533070176,0.34463652041002035
374,374,-7.843852963662649,8.453055777087272,8.97470319665212,0.7476930810098706,8,drink,7.739594075048916,14.612511035209028,-0.7587166100361138,-0.7587166100361138,25.3398525176937,629.0120728861029,0.5952451441377065
375,375,-10.66973933855225,8.211213589372253,7.212130167230597,0.8117311013492016,10,food,7.5804969658635715,15.273578091332057,2.4572126360909827,2.4572126360909827,25.498966628186952,633.2213415353522,0.13583513271867176
376,376,-13.685853290460576,15.48163461193119,2.242866198872732,0.7824772181774303,99,other,6.097006932097752,20.78494742190613,6.985484532530194,6.985484532530194,30.615775339040187,619.7395510769428,0.09595838458086803
377,377,-9.648345862457688,10.595071264641634,11.340218676922335,0.8040064780098216,8,drink,4.427946402112797,18.274207852184933,2.6836612705821636,2.6836612705821636,29.042048326500275,627.2433342781982,0.8713924341877615
378,378,-8.813842176662163,4.517097500798023,6.84003646893731,0.8453316838987571,10,food,5.48867284400195,12.036365009554045,-1.1286004752700016,-1.1286004752700016,22.71880379891348,631.4489675852021,0.3845547145467343
379,379,-10.100131957606486,8.97725165906901,10.441404899965416,0.8321684644694914,99,other,7.850292932749322,17.07707964484393,3.938591979813925,3.938591979813925,27.3646839412814,617.8170469917051,0.3141151360558858
380,380,-8.315727203841234,7.876004248914103,9.332075142370762,0.7534022509915873,6,container,4.779442987010673,14.773976726679667,-0.14050656975123843,-0.14050656975123843,25.376070957969223,624.2218318605068,0.4803890086787348
381,381,-10.010085406594946,6.763381437494191,5.020997622961319,0.7506114359116121,12,furniture,5.247249343850596,13.082643289723576,-0.29545806548200204,-0.29545806548200204,22.754400152559278,625.8266529262602,-0.5587940305287695
382,382,-8.586337610253652,6.789746251420587,10.271789263718542,0.7451633780466534,9,electronic device,7.131575688327657,15.011179247286996,2.6456265215651733,2.6456265215651733,25.77702118449971,623.3983743898789,0.659401869831381
383,383,-13.13224008879046,7.7273758013434835,1.248841017730604,0.833953792934735,6,container,4.749430275365218,15.288154578378338,0.32475926392281806,0.32475926392281806,25.03799630476518,622.4583544230237,-0.33877360872342166
384,384,-7.6368507389209,0.4922983464676319,4.226197085280763,0.7494122070341583,23,tool,4.239961604159146,8.742115800773123,-3.2378061889952328,-3.2378061889952328,19.956484742775455,618.4056319702188,0.7044836396819711
385,385,-12.110195756436791,2.0537838956712613,4.324014537363831,0.8173749947034122,99,other,6.057885605128655,13.02198031286609,-0.3118896806617286,-0.3118896806617286,23.63869681627757,614.5333826582256,0.3822616474919691
386,386,-6.557836248843183,4.334170181349604,9.181376956623556,0.7858503541815481,10,food,6.6434602994844765,12.086684005431751,-0.7316501962611923,-0.7316501962611923,23.572658507991573,626.7126166367315,1.1913287039724239
387,387,-11.387816621134384,10.822424330244289,4.243711305295308,0.795378561455561,99,other,4.281458255795681,16.27317797552584,1.8630330178029375,1.8630330178029375,25.957913811423595,613.3857912969046,-0.3404883724081351
388,388,-13.99274294252691,8.056287065028055,2.993286845775833,0.7481209976831654,99,other,3.271219374733437,16.42133924108718,1.611687278542604,1.611687278542604,26.05034267167552,612.8361023729364,-0.3866858675825249
389,389,-11.36942531964258,9.885992241616073,5.157015338831016,0.7976111142793981,99,other,7.016096301988275,15.924555940595686,1.4532628556643274,1.4532628556643274,25.599998401714693,612.2581615552215,-0.37221729916164037
390,390,-11.447993217910753,4.370911998896617,5.080350620429888,0.7636276183017309,99,other,7.814013005258209,13.265420568000525,-0.8085067335933118,-0.8085067335933118,23.22405562054222,611.6967750104586,-0.2601532190842839
391,391,-10.178474979461356,6.095457549019603,1.9432534608515324,0.8020425622890024,99,other,3.872276824402897,12.022154118648304,-2.7239772720547037,-2.7239772720547037,21.667226096737906,611.1184436962278,-0.6537266378294504
392,392,-14.289432025680377,5.821299862492076,3.7365198910713096,0.7022710712335902,99,other,4.4312059531121095,15.875672603135962,1.3940294124858994,1.3940294124858994,25.71519895819274,610.6245818343062,-0.21127928973027466
393,393,-11.974901571292447,6.874590092631832,0.4189319741441222,0.6960579435808095,99,other,3.65214502318274,13.814259320818266,-0.3322482200500474,-0.3322482200500474,23.869515411867415,610.0238160966858,-0.12821169268204713
394,394,-9.92484145912934,4.313588881461436,4.101616434703797,0.7935265369681138,9,electronic device,7.536530344960324,11.572933267091477,-2.5555594257216683,-2.5555594257216683,21.460906949568088,616.4728244485154,-0.4397345167545481
395,395,-9.811577556721208,4.670392059730196,3.4717383513636166,0.8187803239231819,9,electronic device,3.776345110600487,11.407566932675659,-2.733320481814424,-2.733320481814424,21.133198162371187,615.8952301225055,-0.6127191109349965
396,396,-7.560541653762439,3.9465085671477063,2.178089860330788,0.7978230052074352,99,other,4.462764219507099,8.802317615748873,-5.983832357045522,-5.983832357045522,18.419360266330376,608.3858901326759,-0.8889683672314739
397,397,-12.888964455372085,15.14669468762406,6.370761889528732,0.8584613430268919,99,other,7.000505815861738,20.883830389682245,6.906731944632462,6.906731944632462,30.844834467567264,608.0118570995369,0.23249815331032053
398,398,-11.58392498528891,3.938688362943386,0.5908653164769145,0.8051929563039054,6,container,7.06097826940389,12.249477781007714,-1.9511728740774785,-1.9511728740774785,22.626286141976028,613.6847562287769,0.09263914689696051
399,399,-9.179902201774514,7.033842885445978,9.83573283966403,0.7652923962742285,6,container,8.193157667536543,15.181804591830609,0.25869386027550334,0.25869386027550334,25.704064321103356,613.077684064345,0.42680024659968296
400,400,-8.97899757278496,3.298921937463132,9.75041244759012,0.8195325940277728,7,dessert,5.359751741052869,13.65927619823518,-0.19974486822514947,-0.19974486822514947,24.7146794632982,615.8680070829857,0.8619615509615848
401,401,-10.759392436307534,3.65044597173502,5.957707021351985,0.8073834839913203,99,other,5.777570596336421,12.829051186400923,-0.7713108197276455,-0.7713108197276455,23.032541554643682,605.6368899022002,-0.043380431049701684
402,402,-9.342043563779328,3.9125200562056,6.874007398682504,0.7448465311615103,99,other,7.0041452091747685,12.240652305122616,-1.062442711845648,-1.062442711845648,22.470724861836523,605.0823951229843,-0.054664620374936135
403,403,-12.863111846362893,10.430934923076885,4.579131895749513,0.7644638872165564,99,other,5.743174417429845,17.1823310019385,2.516599118411161,2.516599118411161,26.75542259424866,604.5808852764688,-0.3936241227469388
404,404,-14.550507637434832,9.568129799527751,1.6264405966068405,0.7825232557921594,6,container,5.2132771721656805,17.490331311383187,2.4071737288486332,2.4071737288486332,27.18022282179956,610.2813299645961,-0.25700286158599894
405,405,-9.728307461080616,3.368044600744577,3.677574495233769,0.7902783683153568,9,electronic device,6.845074130932626,10.931982649909182,-2.8506022316125588,-2.8506022316125588,21.028521702231156,610.2503648130628,-0.27241748879304595
406,406,-7.742015445083264,7.925902936038756,0.1006383111991298,0.7109396866377976,1,animal,7.172650986207231,11.080111397142927,-2.114099994745107,-2.114099994745107,21.550709496764373,612.1883131955401,0.11117437592625734
407,407,-10.858254072273468,7.020146039043952,6.072577185695973,0.7513022639260811,99,other,6.279198330178025,14.28496851882366,0.04968852687061798,0.04968852687061798,23.96523996899847,602.345352686373,-0.47290386888483127
408,408,-6.104028300108968,3.609200509395906,9.54788660209839,0.7724683089012357,10,food,4.577703730725124,11.893175705928371,-0.5084431040328923,-0.5084431040328923,23.59619185943478,613.9815975168764,1.3959171388968947
409,409,-14.02952995667907,8.622063713518054,6.52977038242469,0.8216532463048144,99,other,5.889261603887878,17.714558835390477,3.1642648169149297,3.1642648169149297,27.31437712611943,601.3268872917847,-0.33264593123988817
410,410,-9.5814891719422,2.15040979553966,2.432629417513225,0.7996000476488282,19,office supply,4.047624361868135,10.11666362610467,-1.7399017186480314,-1.7399017186480314,20.643649107611107,606.9073980648149,0.10555912924411004
411,411,-12.638317041873494,4.693481157848884,7.264511383835136,0.7892602832910921,16,kitchen tool,8.329743053410262,15.314338009716996,1.189241730203733,1.189241730203733,25.618480334145627,606.4525341339051,0.2172120226089156
412,412,-6.149962026387624,1.769898649398958,5.959177544641377,0.8312369600748368,10,food,4.5266142067571495,8.74450519833524,-3.6813063763781244,-3.6813063763781244,20.13842758563604,611.7687830570092,0.8841908545297557
413,413,-6.580859410911819,2.9818243716672845,8.835932311213831,0.8001930759197402,10,food,4.0372338362346,11.413706101788685,-1.2832536206630252,-1.2832536206630252,23.026588948018524,611.1619072213164,1.274927591491533
414,414,-10.194390748569193,8.812995541016852,4.661622791387999,0.8014486975178978,99,other,6.914670533017101,14.259215272576682,-0.20909792003234529,-0.20909792003234529,23.933485461620624,598.5851168962629,-0.4805624787682241
415,415,-5.892956288054181,2.459255860224776,6.131058227315725,0.7615444064462954,10,food,6.63775688723305,8.85238658135212,-4.14536613080373,-4.14536613080373,20.139074290625622,610.0685815554964,0.7838988770012065
416,416,-10.238314674629208,5.550347076661628,5.152491260784432,0.7567532584494495,13,home decor,3.5227123295787672,12.734897182175992,-1.2904803349995078,-1.2904803349995078,22.514869941158942,606.0494543456476,-0.4729573160975207
417,417,-9.510868680081282,9.897014815461686,1.9784270511684552,0.7759747182123814,5,clothing accessory,6.170214006243976,13.868009911447796,-0.5468346063475238,-0.5468346063475238,23.758564418739482,605.4120601359264,-0.28945416012179237
418,418,-6.3682082449968105,9.551379000043138,2.1037311515954618,0.851196399639917,4,clothing,4.75864935802231,11.670844091680069,-2.5141162041635994,-2.5141162041635994,22.172857102421,600.8026563157646,0.18060585726664158
419,419,-6.998071624200429,10.878602327187735,0.4042297924678953,0.8165460975542583,4,clothing,5.636199429104524,12.941421744756342,-0.28668831466284317,-0.28668831466284317,23.6986672008823,600.2625453862048,0.5176062579654293
420,420,-13.059792024452062,9.56092854388896,1.531117541348442,0.7861604610245403,12,furniture,5.848158690899362,16.257731799630513,2.4238392071703103,2.4238392071703103,26.052768859999013,603.5868264602658,-0.23118118574162594
421,421,-11.501952084964747,11.01464340250039,6.59622892075048,0.8194773348684952,10,food,3.704396464006257,17.237386896627207,5.240687078993734,5.240687078993734,27.280410121316272,606.6260050088285,0.07985062872095838
422,422,-10.36559211605064,8.465700320155653,2.4628362323373056,0.7857332601410429,12,furniture,5.545818272523163,13.60805438460356,-0.5783832538528593,-0.5783832538528593,23.25100686740018,602.4462947578157,-0.5537856083172557
423,423,-5.4157335516319165,9.01596765453501,-0.0473093424032627,0.8062897158468404,1,animal,5.00890761026893,10.517608132259529,-2.722394815439838,-2.722394815439838,21.623923142034926,602.9069923677729,0.7106914192594189
424,424,-10.41499279277258,6.054072003099535,8.08577085668631,0.7788555279871887,12,furniture,6.047016441722016,14.50874057384224,2.218654388184323,2.218654388184323,24.748661815205384,601.3501219184883,0.1011467606551939
425,425,-6.6642881319440175,7.214056589505262,0.8823622143698419,0.8080721100526712,4,clothing,3.390146624905995,9.860725726816552,-3.5321566114482685,-3.5321566114482685,19.976644522059534,596.9401059545092,-0.32197842651828523
426,426,-9.723287810939418,12.54220116506961,3.503142710209002,0.8226635077766337,1,animal,5.529159706169194,16.251804354210243,3.2495710675016696,3.2495710675016696,26.520921899931952,601.3046232578322,0.24251783918602499
427,427,-5.0096779633885,7.586760803864757,-0.3843465376362909,0.7802145706414001,1,animal,4.604404677577787,9.099644776193847,-4.278303257067606,-4.278303257067606,20.1950828940091,600.7537156781999,0.608561573137365
428,428,-8.144172242467901,10.645461952999923,3.08517861636017,0.7791464069657993,1,animal,4.213912081118801,13.753971382935172,0.871709724554453,0.871709724554453,24.043829945149355,600.1925688354081,0.10251095154061218
429,429,-7.653717714621854,2.726032073633905,8.365460914615129,0.8378458494425597,10,food,4.436160276424542,11.661542866857307,-0.9985040248667403,-0.9985040248667403,23.10715736944243,602.2706576166029,1.1236087692965064
430,430,-7.905579281025231,3.710438596348566,4.93047677294944,0.7783509954137176,10,food,3.788591996085983,10.028715748012925,-2.9576615422612775,-2.9576615422612775,20.460588676501516,601.6955414480736,0.004786695345835312
431,431,-13.42126678383179,6.816264571198276,2.3372881281549915,0.7252877803744301,99,other,5.02015366970566,15.233344366270119,0.6148732536892219,0.6148732536892219,25.00371072464697,589.7331273071851,-0.32177628493338517
432,432,-12.30317735752317,4.367874229555278,3.764073925361536,0.7393284744413671,23,tool,3.689539243960137,13.587301089306534,-0.303556063256746,-0.303556063256746,23.637520603307255,591.7404081192234,-0.14785415429598103
433,433,-13.042123158432176,4.025278084926096,1.492212592735353,0.7474236903693273,6,container,7.258920132467724,13.73049666117789,-0.557575512215216,-0.557575512215216,24.03972850636136,594.1219551315365,0.12037352007618907
434,434,-9.727914953586431,13.170297070166905,4.479169525921175,0.7963402506878043,1,animal,6.814753282460508,16.97504091018924,4.498650405775077,4.498650405775077,27.331791486780475,597.0519246996193,0.3766947190264318
435,435,-11.346750018705174,6.912210627097326,4.175040289738677,0.849686746220852,24,toy,5.220110336088154,13.926893162557265,-1.1246306540842497,-1.1246306540842497,23.43076941295522,592.1497071688223,-0.6723429886135754
436,436,-10.725625043044271,13.661003904353082,7.483102357368305,0.7999244559404799,99,other,5.347410252484997,18.91187143382642,5.301767791021533,5.301767791021533,29.137436630530168,587.280433207399,0.3701539614677287
437,437,-8.917213985704608,7.437602421127015,9.794374322362335,0.8045566647068275,10,food,5.36785976658745,15.190931617519412,2.356924141338496,2.356924141338496,26.146266768538847,597.8384509787084,0.8604630375849709
438,438,-11.607486900850423,8.283244613399111,4.960228519458876,0.8555920319675284,99,other,5.512607176414983,15.09800518095264,0.4349457230013414,0.4349457230013414,24.654418159245196,586.1543641171646,-0.5444394108804751
439,439,-7.032256347567988,5.544685820632456,11.423553956307403,0.8156504006241925,7,dessert,6.836433082235863,14.515293837194596,0.6212683646906392,0.6212683646906392,25.815679985952205,594.4355910043083,1.1620334029539805
440,440,-6.965234417342996,3.652130469547601,10.16490326447119,0.7782317562697346,7,dessert,5.599360895202503,12.852151797702767,-1.0866113955240309,-1.0866113955240309,24.138367286217996,593.9374791964652,1.0408313277985997
441,441,-10.882733462506904,9.323361372849618,3.092596101810549,0.7829375762742492,12,furniture,4.39024839038131,14.660255985270027,0.516107325388564,0.516107325388564,24.303830123893622,592.1866880017553,-0.4854495760756983
442,442,-7.737831661736112,4.2036314239859145,9.044136376307952,0.8344890765876228,10,food,6.155739491473286,12.623032867236956,-0.683375398361143,-0.683375398361143,23.92363993381893,595.1991857273415,1.0404779696369246
443,443,-13.840375756312785,6.165943910432303,2.3991398017857914,0.8114257864172036,99,other,2.43453028321581,15.340493380952278,0.8666242579109174,0.8666242579109174,25.221773317305395,583.6935652556962,-0.20396713798246324
444,444,-11.118757946043866,5.196296623425485,2.208080958418339,0.8054995309568481,27,weapon,5.959533336821347,12.470120223168113,-0.563549551626938,-0.563549551626938,22.26418514594238,590.6043878560083,-0.47590485900956736
445,445,-7.799070610464085,3.6279969159691055,8.78927198135348,0.8180871356226613,10,food,3.7523146596452746,12.297933402466095,-0.8085395168159764,-0.8085395168159764,23.637672598606045,593.6109993582169,1.0586883409351486
446,446,-9.305780231378971,10.881185796909334,-0.0537851057389234,0.775565404398157,1,animal,4.554287084270956,14.317843514272127,0.5430561142460668,0.5430561142460668,24.993425020641567,590.6942150130367,0.5245218558423446
447,447,-10.825516835331008,2.426127005388967,2.1700682195519554,0.7991368726124825,23,tool,5.373514732136529,11.304295779738874,-1.8941919882690286,-1.8941919882690286,21.93928698339383,583.9853489592605,0.2899948536301302
448,448,-9.404004596122446,6.290530023965663,2.2084285817803657,0.7926023777489953,4,clothing,6.028919957289755,11.527498741146319,-0.32110620455691574,-0.32110620455691574,21.030498900756573,584.6604668591691,-0.8276319760510695
449,449,-12.820264159966,7.684612972042344,0.9603258353444124,0.8510406087638751,99,other,3.431999510354294,14.977806093397662,0.6378614940106182,0.6378614940106182,24.87084285206367,580.7055662394283,-0.21555103620706362
450,450,-8.832915644974142,6.135638738708401,1.59807993065571,0.7832904809436293,26,vehicle,5.561532721605324,10.872916857399984,-0.9353497351423705,-0.9353497351423705,20.618714040678768,583.2195170515461,-0.62696053367997
451,451,-11.482381354594107,7.708064446294133,7.28848074029846,0.7607678856154467,10,food,5.677763914985355,15.632699401647038,2.5943877666779542,2.5943877666779542,25.816996316566705,590.3775035561086,0.11785474305087362
452,452,-11.560642822072095,5.314734682297757,2.9872175344275504,0.8131501730350135,17,medical equipment,6.976304643069232,13.069748880553792,-2.7712221412145723,-2.7712221412145723,22.721416861741698,584.4232734181658,-0.5797127311728616
453,453,-10.782402159716089,8.133023518012784,5.775130623750466,0.8015676199123599,13,home decor,4.53093439781316,14.688716812566701,0.514294511941543,0.514294511941543,24.413015566118887,586.2930212838082,-0.4028933661643457
454,454,-6.995947931828988,7.555200940958915,2.80182842940272,0.7989905547131568,99,other,6.958606001807046,10.671203834195001,-3.482328824384055,-3.482328824384055,20.476191267147968,578.2698107270277,-0.5807515145726043
455,455,-7.475734169318312,10.157908273413494,3.834860575535372,0.6875635712525958,99,other,6.050523211771916,13.182407120673794,-0.4283960594799474,-0.4283960594799474,23.30110004869502,577.8070168322691,-0.10543766946340227
456,456,-14.47096812858704,6.993029834895282,2.5029709047028184,0.7498329809305421,13,home decor,4.762993757906826,16.265799955738615,1.5862770827845232,1.5862770827845232,26.05129447343589,584.8104656968293,-0.24020450266815274
457,457,-12.131940483052292,7.89010298723232,5.980660302478019,0.8129841195389977,10,food,3.6640721191926713,15.659054974266228,3.0477043690771204,3.0477043690771204,25.481102421105337,587.2496971869905,-0.24269861359644906
458,458,-13.463803072694049,7.514674343967227,4.214122785918918,0.8202327571730056,5,clothing accessory,2.7746510566676297,15.98446603834379,1.6835233885588003,1.6835233885588003,25.514131622283482,583.6827736525113,-0.5141386652797841
459,459,-6.899839572633534,8.983984948526151,3.0692074794673907,0.8626840993109967,4,clothing,4.789277382047217,11.736260317300513,-1.7376953073539916,-1.7376953073539916,22.01183861681381,579.0470342329991,-0.041618996341995285
460,460,-8.975347986977901,9.935878585222458,10.090738822157675,0.734692367253343,6,container,6.171536316434016,16.766083762305094,1.91652456667099,1.91652456667099,27.41099814952807,579.8910478637423,0.6514111038441648
461,461,-9.338131075277786,6.135694758323756,9.674159818701645,0.7910751661663948,7,dessert,4.983859647578518,14.779607922545567,-0.33267020847319273,-0.33267020847319273,25.387898988848022,583.0101018051893,0.4869482389933353
462,462,-9.769538137673017,5.0986993304573,0.2193179036633233,0.7520901314586997,99,other,6.101138291415129,11.022191734347599,-3.014343583379084,-3.014343583379084,21.178364165489217,574.4199250677269,-0.20697870928231055
463,463,-10.601672131999951,7.158262246158634,5.971861764348219,0.8190761764368037,9,electronic device,3.757102743515104,14.117340518372737,0.1582460867862565,0.1582460867862565,23.940305071176546,579.4644135570871,-0.34099845704908915
464,464,-6.741104999641825,3.619256499999664,8.983634825688647,0.7205892683308572,10,food,4.107095723911526,11.80030545834775,-1.1895639565838394,-1.1895639565838394,23.3146806398236,583.7154742884413,1.201299507166894
465,465,-11.114687546407472,8.589903863103553,3.115611270323078,0.7100570106454963,13,home decor,5.6362843215773175,14.388528806635891,-0.06988942421129352,-0.06988942421129352,23.92838007197013,580.1990164757705,-0.6066594370720217
466,466,-8.792788745862836,10.38078423665603,3.341315108264385,0.7644859882664762,99,other,5.021313878298448,14.008504629334793,0.05188800340647148,0.05188800340647148,23.86502655283306,572.5595577826443,-0.314445214036116
467,467,-11.270008919396137,4.750801217142014,7.086670011347429,0.7985004346896831,16,kitchen tool,5.273964456282755,14.135207996269369,-0.26846101965539404,-0.26846101965539404,24.411314104399075,577.1168664677267,0.11329295883879809
468,468,-9.79825214397108,1.6688800992325956,4.524955235276643,0.7848154994075246,18,musical instrument,3.182638914942162,10.920903156044648,-0.9763654031812656,-0.9763654031812656,21.706634018960457,577.0859497617807,0.4160613015796173
469,469,-10.527334820786775,3.219917587567504,2.8122157583885974,0.800143668915446,27,weapon,3.8577761097029386,11.362271127349734,-0.9526759275804437,-0.9526759275804437,21.55038796504871,577.8317027776973,-0.15314851200385604
470,470,-9.822563389552354,8.095711033286118,-1.111481756763046,0.7103318361606418,21,plant,4.404283197422827,12.77727202386573,-0.004421561954391251,-0.004421561954391251,23.394194479743334,576.4363330152003,0.3667194114145218
471,471,-5.652040522557021,9.80830648055704,0.3584044613272231,0.8273198620328589,1,animal,6.532746872772828,11.325938894549234,-1.8213133389947345,-1.8213133389947345,22.3944756671081,578.1447029228972,0.7249332640029422
472,472,-8.20442126060096,8.079302148205736,0.0806598654137317,0.7075659485443946,21,plant,6.291581956824925,11.5149536446002,-0.7699863242982055,-0.7699863242982055,21.80095206307328,575.4649026484234,-0.045441056189766016
473,473,-13.828290406815796,6.611044922239492,3.2514671657719214,0.7969166341371317,22,sports equipment,7.175371349780408,15.668425870814056,0.9023403973704376,0.9023403973704376,25.354241916867515,575.1286576146277,-0.3783269508477183
474,474,-12.052169438800115,3.6914728345139993,3.354131005833114,0.7695936017341666,22,sports equipment,6.048951890519097,13.043464059589132,-0.4701333687059801,-0.4701333687059801,23.17297512902306,574.6429198737712,-0.10356120114121481
475,475,-10.368016211029516,2.866462877230942,3.0944819448861565,0.7511784574341842,20,part of car,7.59860671821649,11.193220630629074,-0.4230781377981181,-0.4230781377981181,21.505671868008466,573.4104316579202,-0.03969334778626887
476,476,-7.396262989578912,8.298999990241823,0.0969034017164486,0.7658427952561969,1,animal,5.104261677340301,11.116991378889919,-2.5559245501767194,-2.5559245501767194,21.69832139447116,575.653844110204,0.22427970109260897
477,477,-10.251353850846996,7.219897613183207,5.1664009057565226,0.7351030937703412,9,electronic device,6.41192572424019,13.561300661777466,-0.3441680335119486,-0.3441680335119486,23.26998314886355,572.5993565329953,-0.49106443730101645
478,478,-12.099059012321776,16.04776274368086,8.143989898164936,0.8875516332191559,99,other,5.4076932218244895,21.68507527131342,8.110322685242853,8.110322685242853,31.92286509775543,567.2168304225087,0.5608479723654582
479,479,-13.638578156775266,16.290521851848986,6.80106144100416,0.7946752749361939,99,other,4.542624724390874,22.30798854823873,8.373006477720846,8.373006477720846,32.28842939950715,566.7970909089748,0.343586547030835
480,480,-11.615640861595674,4.054394631789575,3.076548128701494,0.7668299086431949,12,furniture,7.622375461776376,12.68173398412346,-0.5747317701937753,-0.5747317701937753,22.694483823455048,572.3269508811777,-0.24360155044945841
481,481,-8.088880054689573,5.573212314598705,9.174240173894932,0.7550978493051665,7,dessert,3.8061814584517215,13.44088385527742,-1.7358641232702148,-1.7358641232702148,24.17428633613387,573.1134633138697,0.5259061394785185
482,482,-9.320826604406928,4.316098452447775,4.0651366873804005,0.740384112132142,99,other,5.878162996669805,11.04680273779378,-3.2893090098033575,-3.2893090098033575,20.798982334033504,565.1945628369713,-0.6093877044046039
483,483,-10.074509026584067,3.000036838837956,5.528940808362087,0.7935889289146671,99,other,4.295961063818557,11.877084643273378,-1.6071414550510887,-1.6071414550510887,22.195098479233344,564.770721835594,0.009879281894093594
484,484,-7.235303705930164,6.449579973178775,2.477164042048292,0.8138944817347922,99,other,5.6466453600245625,10.00415130026993,-4.505385138708011,-4.505385138708011,19.630220490428965,564.2903150104695,-0.8025978866735919
485,485,-8.53195528001507,14.522446002627197,4.757397210977814,0.8759429905665015,4,clothing,4.702230097041664,17.502243485405497,4.164678686108804,4.164678686108804,28.24897407015426,566.3314333197533,0.8006028200535376
486,486,-11.370134044172657,7.153646410741106,3.4815112052030197,0.8124649853833065,99,other,5.423573262449961,13.877158405967606,-0.999971893936948,-0.999971893936948,23.40194048530153,563.3812636782188,-0.6546378372155104
487,487,-7.043506141213206,3.399283826990588,9.076076985305663,0.8639796273300767,10,food,3.941393257942912,11.980871535115593,-0.9620377439836716,-0.9620377439836716,23.502015590183614,572.2553187588916,1.219688700745479
488,488,-7.937414755908943,6.482114324282099,-0.3809644497949054,0.740760780547366,26,vehicle,4.954933063837576,10.255022819691419,-0.7463010117438174,-0.7463010117438174,20.732818346859375,564.5180412549948,0.06527327323527743
489,489,-9.511948137756974,5.895338274837771,9.293573590163088,0.7707292861749127,99,other,7.073768515128921,14.546569383394917,1.4640582897813061,1.4640582897813061,24.795032546200233,562.0356602182774,0.11212315306542209
490,490,-9.05222451611932,10.461482568522523,5.875004905289159,0.8169233127117415,99,other,7.494942710239398,15.030005617394291,1.2196034680657775,1.2196034680657775,25.118782932501105,561.6130244104672,-0.01645118225679454
491,491,-9.275263376378035,5.2457417965307895,7.161097016019822,0.7866055642983428,9,electronic device,8.070284323293317,12.838599151383212,-0.5349396869215362,-0.5349396869215362,23.133664792939825,565.9456759634618,0.04880930102794423
492,492,-10.715279265152564,12.59868589415791,7.6137305021156285,0.7984648165106347,99,other,8.258484992738177,18.20749812985595,4.512371074488264,4.512371074488264,28.371405021494464,560.7707667227907,0.26316575098206485
493,493,-9.121922593425936,4.393192466790806,3.74223810212069,0.8382478589192996,99,other,5.305401777809737,10.794163138645159,-3.667147569343264,-3.667147569343264,20.489853692007962,560.2773274388568,-0.6821353548555322
494,494,-10.512741989178764,6.203732385519302,3.527284120384782,0.784004402920965,99,other,6.235027626337553,12.70613131161889,-2.138263580234554,-2.138263580234554,22.247991634062654,559.8132502897975,-0.7129209786617992
495,495,-7.445654994887518,11.012884676287456,0.7172367338230475,0.8059431643013756,1,animal,3.496638217306523,13.312994994682665,-0.5893865533719698,-0.5893865533719698,24.107221434237672,566.6914959446897,0.5784998175539897
496,496,-8.452914173687766,3.983314842570268,5.81851900158096,0.7961179198811272,99,other,7.70826107464817,11.007893464897396,-2.522883850231345,-2.522883850231345,21.066236754607083,558.9626758290387,-0.3057280150620372
497,497,-14.055272885340212,8.102922830101976,0.782507356128599,0.7698467996776572,6,container,7.765042571129676,16.242548200155138,1.454440468214493,1.454440468214493,26.140648011193626,561.7782007856194,-0.12909557478474198
498,498,-7.40907170700174,6.124029230853764,4.713004385471848,0.7704501305535816,13,home decor,7.898923441987732,10.705628795980266,-3.0496116038796437,-3.0496116038796437,20.62590787197241,564.2107860455086,-0.4632444550021191
499,499,-9.549467609389596,11.248884845824456,1.088490634311045,0.8244231435373927,24,toy,5.944036056409199,14.795761344330442,0.08100122258944964,0.08100122258944964,24.912086607771766,560.766284306486,-0.003978011293046535
500,500,-14.279342069562068,8.194267162125126,1.6405541536103303,0.8062239465058588,24,toy,5.45705918098576,16.5450005196366,0.926358253807539,0.926358253807539,26.334030834747267,560.3172698022387,-0.21870076824822604
501,501,-13.92005441232279,5.825521417526926,0.587499883938052,0.7225071748938411,99,other,7.86887706801576,15.101316854556734,1.1731633378609203,1.1731633378609203,25.374012903959876,556.7801511927709,0.1720567828036259
502,502,-8.741676273312743,11.776187224681316,1.991145887494479,0.8176752773786518,1,animal,8.112809122906636,14.800680780404411,1.0271237125261052,1.0271237125261052,25.2509374738306,563.4775408914951,0.33027000873107326
503,503,-11.243634216047631,3.053568784104955,3.1174297297709743,0.8428340149621162,99,other,6.737710222212187,12.060761204152795,-1.802322998882648,-1.802322998882648,22.290708672266636,555.9165052956671,-0.06636659093087971
504,504,-8.616157716993987,10.311453255787336,0.3046935108909779,0.782437103730187,1,animal,5.937819329314404,13.440873490438833,-0.604142967410926,-0.604142967410926,24.052906413365093,562.5338293312635,0.40453591451970894
505,505,-7.7645892025188,4.255939553964744,9.716896815135938,0.8412805436433486,7,dessert,5.381492876990977,13.146100208307866,-1.6821929268430154,-1.6821929268430154,24.141143940788467,561.7937135963875,0.7685766056380636
506,506,-11.202956791776971,5.50512310402863,0.9049957937940328,0.716676126751656,99,other,4.931906677017473,12.515256236119038,-1.7289054929675238,-1.7289054929675238,22.536595502752302,554.5683944143526,-0.24572578950780866
507,507,-13.319459048027005,6.831008858052614,4.5714484153133785,0.7382119597329703,99,other,6.577609989777018,15.651479545548813,0.9278298190360168,0.9278298190360168,25.27862842152833,554.1522850157512,-0.4380847007564803
508,508,-8.68375601885444,5.3780841199509695,4.587955370273664,0.7882867725897872,99,other,8.527483023766083,11.197354235527358,-3.123524569762793,-3.123524569762793,20.852718999677002,553.7043054571711,-0.6965138030990587
509,509,-10.821605305413373,6.195209750139744,4.068171812481733,0.7617261787207231,99,other,7.536587986520928,13.116317590324211,-1.6436741759139828,-1.6436741759139828,22.684147076424495,553.2624030808439,-0.6605542994923255
510,510,-13.490751525849332,8.162385174701015,3.7139057358471126,0.8024929483988718,13,home decor,6.129363237221807,16.19932110574832,1.47705451113357,1.47705451113357,25.70599551841367,558.6789952875064,-0.5233028504522359
511,511,-8.471537547412792,6.379388244677769,0.967812726762972,0.7848173878280587,99,other,6.226492677522395,10.648953200556477,-3.706688662869009,-3.706688662869009,20.412065240209074,552.4036978829213,-0.6240588461828089
512,512,-11.807970647328077,4.917327875817852,2.8333181640995977,0.8432928493308529,99,other,5.426749535175516,13.10099141536523,-1.389989138948689,-1.389989138948689,22.93677690346088,551.9937711861681,-0.39358461264750844
513,513,-7.037541586247178,5.902830394001155,8.805948416170484,0.814944149575236,10,food,5.9980366833350685,12.724587448980722,0.006783787850345391,0.006783787850345391,23.89941825643134,560.0111738567778,0.921237250054709
514,514,-12.679631483508976,13.215676236232907,0.7420411130084464,0.8001677565320858,1,animal,7.038496396805084,18.329696613744538,4.868615700193537,4.868615700193537,28.698662801132695,558.1264598694657,0.47608912347335064
515,515,-8.366377300216216,6.459672010267123,3.881176387589429,0.7397494398174004,99,other,8.143634446840618,11.259980540009089,-3.281649391166809,-3.281649391166809,20.872251796125063,550.69049274477,-0.735576998735894
516,516,-12.143931269428684,5.531610252468284,3.2289996149032025,0.7859478216395369,6,container,6.038032198052073,13.729538126785805,-1.476616799333943,-1.476616799333943,23.338822097993205,553.0187197265375,-0.5796360403282144
517,517,-14.88394056887612,9.29076224314942,3.8611862429164105,0.8100129784759982,24,toy,7.343934648550963,17.965486609581557,2.2991964992088647,2.2991964992088647,27.45967970089342,552.7314538290645,-0.4221226874844106
518,518,-6.356671496387826,9.735479708801613,2.225736833369865,0.7935971780604252,4,clothing,5.802254077262439,11.838105512492136,-2.28313431553725,-2.28313431553725,22.377177816425505,551.0064457402339,0.22842925003974202
519,519,-11.418180880789915,5.215189336027778,2.534370082989543,0.7556807554088144,6,container,5.832929528318045,12.806095663964355,-2.3161478117967214,-2.3161478117967214,22.4502482742843,551.670616515161,-0.6041954903623612
520,520,-11.810678010711404,4.780341680655732,3.961308119760815,0.7932118371402381,9,electronic device,5.216100756736704,13.343003547784859,-0.631116212378803,-0.631116212378803,23.222522339863286,552.817600941327,-0.3342766311303329
521,521,-7.536538774491492,7.299831175805386,9.12293757024433,0.7457865034694303,8,drink,7.80769613813594,13.903774372638873,-1.3592425957893468,-1.3592425957893468,24.691674491768936,553.1181190811958,0.6101930716588271
522,522,-11.722149829632292,5.060956412008915,4.866638473495277,0.7437413406639399,18,musical instrument,5.622592902076236,13.6640494167837,0.3938050625424907,0.3938050625424907,23.536276313091353,551.8101705904048,-0.32090763757537033
523,523,-13.053017017470776,2.686018526961762,4.29195681484209,0.8028189936769438,99,other,5.579672956821378,14.00060149015152,0.4826669310520515,0.4826669310520515,24.48202587162265,547.4028528801045,0.30994863784721716
524,524,-8.932458198712048,6.3435313640850985,5.3200128010942525,0.7761312874117753,9,electronic device,5.727121095698892,12.17915168813806,-1.6326584569092368,-1.6326584569092368,22.053583549420726,551.0550438003493,-0.4142631846457441
525,525,-8.88365790767733,11.462582099011502,1.0587341601992162,0.7647920765255614,1,animal,7.56617117384063,14.540670005855633,0.25366427279676884,0.25366427279676884,25.093179126989835,553.2421090759906,0.41578945727569305
526,526,-7.898606852424357,10.829536245589615,0.6986365465164389,0.7829263496452201,1,animal,6.19099213535093,13.42218084097486,-0.7853632008119398,-0.7853632008119398,24.114785698234346,552.8064729810508,0.48390488441989277
527,527,-9.26838243481199,5.15974394592472,2.4644075447492293,0.7524937807548651,99,other,6.578120340543005,10.890324838683885,-3.94348995119757,-3.94348995119757,20.4874364177238,545.6629443316681,-0.774525848236209
528,528,-10.24717143759641,9.290388297792813,4.590371106381598,0.782720704208636,99,other,8.025647472211526,14.573515158998543,0.15180964641833938,0.15180964641833938,24.271659882219122,545.2351087134741,-0.436461192605325
529,529,-10.181126991574272,9.626589970961277,1.2866279693009428,0.7605720264725894,6,container,7.904987205059713,14.070607407605468,-0.8198702907932329,-0.8198702907932329,23.90934462540073,547.2457754791536,-0.32823329884294594
530,530,-9.015264107540128,4.007239184125949,2.4288665926770285,0.8334134799985123,22,sports equipment,4.951995273125127,10.160331969602087,-4.111874396956647,-4.111874396956647,19.879733411498982,548.9051940182438,-0.699214636510014
531,531,-9.576674986566074,4.306716804801365,5.464010772530305,0.7204301606005271,99,other,6.387992818009113,11.837057369017268,-2.0115203996238193,-2.0115203996238193,21.78141367485074,544.034782213613,-0.36635420127610274
532,532,-8.410748720897725,5.922514697296885,10.165554858123988,0.8041092316766257,10,food,6.662659882707001,14.462205224629766,1.3840254333644175,1.3840254333644175,25.660248400354646,551.5797939260451,1.0562739151656544
533,533,-12.548808686347485,8.154952755872031,2.305929335233309,0.8039110860103892,6,container,7.8288264950971875,15.142429263369351,-0.20391334854966203,-0.20391334854966203,24.668428984402492,545.5114122523379,-0.5719937587476842
534,534,-11.01383952025763,8.350793612233657,1.926617722546469,0.8010114208284941,23,tool,6.350004838571803,13.955367095886135,1.206732034021197,1.206732034021197,23.646569989228535,543.674876153039,-0.4831839072483852
535,535,-14.753040026594752,13.106610710693058,5.587768135448803,0.7985797480917023,6,container,7.519762692868923,20.509963117555767,4.7974334501911144,4.7974334501911144,30.115011083334224,544.7751384904836,-0.14751816662887407
536,536,-10.629794627716244,7.646647372756505,4.121120390204901,0.8611556271807708,27,weapon,6.4502175145927225,13.727613891032616,1.406104701152067,1.406104701152067,23.289677745584758,546.7608922436089,-0.6269799910700407
537,537,-10.283158094439036,12.026655524294156,0.2668530032068448,0.7808778269304587,1,animal,7.6237087620915105,15.825769934527127,1.884025528255691,1.884025528255691,26.42926112523675,548.124399078248,0.549474062415868
538,538,-9.983157705780537,13.094358102461015,3.046669239337901,0.8889417528698659,3,body part,5.835713938594795,16.745382806848564,0.30677583955999665,0.30677583955999665,26.8541780380654,545.1649798388195,0.11395973898276424
539,539,-12.309318119629925,13.837053668430537,4.188853693664942,0.8301815570754697,99,other,6.405248502299124,18.987623918231765,4.918420141128312,4.918420141128312,28.776089816039974,540.8877655558409,-0.06207029044050927
540,540,-11.73120730983658,7.920266704405297,3.884663288160709,0.779563935342578,5,clothing accessory,6.059827332382264,14.677958253028857,-0.04018766584791322,-0.04018766584791322,24.16094822046101,545.5773530670725,-0.6448945187945263
541,541,-10.221140199105667,13.043755225877735,1.3229456711666543,0.7858384368821708,1,animal,8.076738736636425,16.62412231100473,2.337685733810744,2.337685733810744,27.140951326207777,546.4811803909848,0.5141898103966085
542,542,-13.95724007314272,8.431678285731758,3.2221062589316065,0.7605559525687168,99,other,7.805834524038714,16.621664113958857,1.7765958199119538,1.7765958199119538,26.216504002462536,539.6234552606279,-0.4079575134390865
543,543,-10.369718956904382,6.500277085541414,6.237558910677945,0.8174086712430445,10,food,7.325672919119687,13.736513917227134,0.7184975568161676,0.7184975568161676,23.87938319639105,546.8813497111562,-0.04560180575969497
544,544,-9.86916006273082,7.435329699772346,10.457573919202474,0.8041024851339422,7,dessert,5.966681949087717,16.187813328664916,1.244020532134062,1.244020532134062,26.784354618713152,544.6191146143277,0.5658234445663766
545,545,-11.125432576488544,11.265157051698912,2.1985670364409478,0.8346746311082671,1,animal,6.159948285035129,15.984764947510456,2.9646176398523494,2.9646176398523494,26.0074444956801,544.7743229420794,-0.021105464766772997
546,546,-10.882091893232031,8.962728209540098,8.595613112425166,0.838140771121486,10,food,5.804861199509896,16.511662112256527,3.754943823040179,3.754943823040179,26.958412989834766,545.6189327811546,0.43687430283730677
547,547,-8.374393792582037,4.540257223630294,9.51452381043495,0.8385834957410397,10,food,4.294521399813682,13.463675961240941,0.1341219640120208,0.1341219640120208,24.719094852542458,545.2543700714585,1.0493893346552525
548,548,-11.57795812223046,4.911019780387733,7.896409357439833,0.7375879222931374,16,kitchen tool,6.657838704213661,14.849933006708993,0.2792521747263983,0.2792521747263983,25.21718374895676,540.7020245048565,0.2504336818804731
549,549,-9.01661065490194,7.3660263883757215,10.866427559340991,0.8108843616465569,8,drink,7.0459406642368165,15.925980671806183,1.1610676093994883,1.1610676093994883,26.69999717553161,541.2811054446377,0.7264484319438438
550,550,-10.81218547483404,8.392623731792211,6.233131822373231,0.8455095479944722,10,food,5.452323425813213,15.039661570684888,2.4701744131691754,2.4701744131691754,25.02916617082185,543.9550741334549,-0.11510248888118824
551,551,-11.056350149242949,10.446959628048871,9.130985781882345,0.8269864892733038,99,other,6.963534945967692,17.74138510493713,4.170936365665778,4.170936365665778,27.847937664997524,536.0927992399199,0.1758147411997868
552,552,-8.167360294510905,11.90130057382051,2.481296966265914,0.8526934882771121,3,body part,8.147264829010174,14.645940193909508,-2.1416740218894397,-2.1416740218894397,24.93700833789239,539.416173541769,0.16112313731420969
553,553,-13.326705429156316,7.479607639461245,2.7156206679852963,0.8316364805854537,9,electronic device,3.3428352580679457,15.521604416044767,2.225629556278779,2.225629556278779,25.14002244695475,538.9455877487038,-0.4551736526760344
554,554,-6.692578833166783,9.009899645664568,-0.2247605740932416,0.8207385448942529,1,animal,3.2770384024476646,11.225837179416299,-2.5881665497472426,-2.5881665497472426,22.12200590807456,541.1113264345879,0.5461231797044093
555,555,-8.715538337995769,7.446780923371069,2.4531805492715484,0.8041238335622909,99,other,5.755956967954225,11.723192800985641,-2.856818580814334,-2.856818580814334,21.323504793640492,534.5490673779931,-0.7177262624975818
556,556,-8.962900751095908,5.254795223602311,9.561618310477751,0.7871505835947149,10,food,8.13122491513175,14.11987986603472,0.7424344781526067,0.7424344781526067,25.21589302500249,541.5247463810175,0.9322135686946567
557,557,-7.446081112264087,-0.218852092610995,1.6230639680630607,0.7037007701111949,20,part of car,7.123030240103713,7.624064323789563,-2.3428908273571647,-2.3428908273571647,19.100707964674175,537.4890979000852,0.894806196963831
558,558,-9.86834793284303,8.378742987397212,3.752334915910312,0.7870745580756925,19,office supply,4.811342946650514,13.478413938355837,1.5713484623333436,1.5713484623333436,23.12184361445221,536.9297336793395,-0.5616514188394035
559,559,-11.045385428037914,7.898154770290405,4.848990686251035,0.853934515776621,19,office supply,6.408831976182341,14.418533167584096,1.6219235942766836,1.6219235942766836,24.03370548213762,536.5380222941051,-0.5294074588463182
560,560,-10.342015251131132,10.203446468446495,10.893067999957536,0.7976876670240515,8,drink,5.179402123173957,18.1583735433761,2.8242471281235986,2.8242471281235986,28.748491439085832,536.8711997664182,0.6862153449793951
561,561,-11.027225501250747,8.96913918499628,3.5017787940466976,0.8050185885835348,22,sports equipment,4.255357442637889,14.639249116594254,0.3431016121823731,0.3431016121823731,24.2051563332267,536.0951825356291,-0.5644683939505875
562,562,-14.64116832262691,9.10992020805654,4.118995957841713,0.7699574805739164,20,part of car,5.284903769712635,17.729088632791225,5.885342417624724,5.885342417624724,27.27119744179056,535.3647500900644,-0.38942034865312536
563,563,-10.986371366926663,8.145273559701858,4.957171357683302,0.7723499430980699,99,other,4.353011652978955,14.547143535548136,-0.04899192998929536,-0.04899192998929536,24.132270750576765,531.5563432702342,-0.5511758451808717
564,564,-11.93128307443418,14.155234447774651,3.689507446159402,0.8402219146377473,3,body part,5.535688251936105,18.876934159683117,2.914981436654532,2.914981436654532,28.82282715129479,534.7217606446369,0.08823337001058462
565,565,-12.090961533388654,12.775020831788424,3.817900191575618,0.8404914921763446,4,clothing,3.5068933466512053,17.99913525498782,4.593798371324432,4.593798371324432,27.927735997186883,531.4424430423678,0.014450420136018494
566,566,-14.324444992342926,6.755536953634341,6.712836228049138,0.7905584779541779,17,medical equipment,6.05413517261485,17.201429420114668,1.1818626262149188,1.1818626262149188,27.00282701561894,533.3402503014073,-0.16408904189652418
567,567,-11.277094272973065,8.86810721954444,5.936099578949638,0.8666035104176956,99,other,4.82562160999148,15.525896402786675,1.1378592222377932,1.1378592222377932,25.199011896533865,530.0950630884051,-0.4001999792669899
568,568,-11.629596907985407,12.611335590460202,4.300207787302087,0.7656638466940509,99,other,4.756304237812573,17.685731441798087,3.5339097426364248,3.5339097426364248,27.469489350790308,529.793710528178,-0.15056149831328014
569,569,-8.57620411439943,13.389416361932332,2.8322069121983504,0.8797946633312489,3,body part,5.297030766820304,16.150824855669974,-0.7370829535007886,-0.7370829535007886,26.567260790677004,532.7619225858696,0.383337698370287
570,570,-11.344791953793468,11.737798060508478,3.0425086408686446,0.7494073758027556,22,sports equipment,6.095437153941566,16.605332475259086,2.601897027483723,2.601897027483723,26.428684472523017,532.6233199526336,-0.1804964263933826
571,571,-12.321787430402368,6.599683568438713,5.706251828369187,0.744014754119284,9,electronic device,4.983156676169127,15.097800456103148,0.8957711074391632,0.8957711074391632,24.868668412516516,531.8632362357985,-0.32999760781614285
572,572,-5.853190332753749,2.5146128557273864,8.944200350138729,0.7336425778498951,10,food,4.548017651020092,10.98097603990889,-1.2049982965786086,-1.2049982965786086,22.785522925968603,535.2811630080461,1.4387433118762836
573,573,-9.993959259224832,9.766818800476967,6.717440312569594,0.8142765975644668,99,other,3.8611961385468314,15.504643675664758,1.5855165277269059,1.5855165277269059,25.470877196742045,527.9280975990915,-0.10844967002747197
574,574,-10.853602659061693,11.699932334768748,1.4758416857651817,0.7620610723736565,99,other,4.712505014828401,16.027077587645245,2.190534549060107,2.190534549060107,25.86343606694544,527.6037395585415,-0.20470350599649834
575,575,-11.91935827038756,2.8757867386939595,0.4427723658438442,0.7527912049574438,99,other,3.1429178711450048,12.26936421793156,-1.0513941722816256,-1.0513941722816256,23.024969001080926,527.277284055541,0.47271535963768585
576,576,-16.031841261580205,9.27006889560221,1.875476176431062,0.734653035698332,99,other,5.363175545660519,18.613745524586864,4.103353591438751,4.103353591438751,28.408429302043103,526.9528570868116,-0.07991333434982195
577,577,-10.71990819220425,6.974000734381388,-1.157532641053302,0.7679033026594003,21,plant,5.204443246485146,12.84106692247742,-0.36758741329949984,-0.36758741329949984,23.459072210387923,529.915923753292,0.37190776065551745
578,578,-5.818844658570595,10.316017250375246,1.206029940319668,0.804157111196031,1,animal,4.377892583775533,11.905195222572482,-1.0598788177698388,-1.0598788177698388,22.84098235533071,531.8100516486313,0.6294616334844108
579,579,-12.341880744895164,5.445466046946097,3.379965735395631,0.7685726961468073,99,other,5.155011295039416,13.90680729578523,-0.6867240265680756,-0.6867240265680756,23.65358380143514,525.8045039153299,-0.43073535821825715
580,580,-8.802439974606086,6.47039814826856,1.24002328570035,0.7367720241436545,26,vehicle,8.36338428144176,10.994846949946119,-0.8774769672447569,-0.8774769672447569,20.847034019127772,525.8050220598841,-0.5127238433456078
581,581,-10.14661232808064,7.163937965448977,5.850535879388305,0.7939499682474801,10,food,4.819664953745125,13.7296947884929,0.9441096374878306,0.9441096374878306,23.741129785017417,531.6575170788105,-0.17747493305551387
582,582,-12.25477583712426,10.154342131196362,1.0585543514786713,0.8164591336847434,13,home decor,5.951419960961187,15.95025806219412,1.6861869833971639,1.6861869833971639,25.887339553652097,528.7111735377182,-0.10892421019410747
583,583,-9.26768219267814,0.0228920096901905,2.8130926059724337,0.7473909719577243,23,tool,7.1747696659287445,9.685243790342499,-2.385859841506239,-2.385859841506239,21.03420412898359,524.8994609671548,0.899769986463717
584,584,-10.668446091000094,2.65437904373876,3.908563227008628,0.7759086742320315,19,office supply,5.700005992983619,11.66783341516062,-0.8972909986424256,-0.8972909986424256,22.105738389082823,527.1551309282908,0.11630406852530939
585,585,-11.229677909897491,5.425479934829006,3.342093629196908,0.8616973748858695,6,container,6.934817094042734,12.911664815568534,-2.4044761229358613,-2.4044761229358613,22.4604751998056,524.4553389481097,-0.6927438194724864
586,586,-16.00335782247364,11.001604952995336,5.291413915873098,0.7753495098680863,99,other,6.407453600394088,20.1281353921568,5.2863570778151505,5.2863570778151505,29.62850388347577,523.4525758489468,-0.2767701434555967
587,587,-10.180540911761412,5.784539962780378,3.3456561531908484,0.7960759074045339,20,part of car,4.455546362423158,12.17775557861279,0.4832527521439012,0.4832527521439012,21.751881244085084,525.8774651589639,-0.7146592270081911
588,588,-9.305234464405569,12.471832042338646,3.9097107621449303,0.8322343983929352,3,body part,4.146539377265346,16.044308061536903,-0.14683749261265433,-0.14683749261265433,26.223934861899224,525.5910052620957,0.13967368126975188
589,589,-10.854916804794112,13.230527077667473,3.6515362938676894,0.8244014115965336,99,other,3.953868429825936,17.498850902197173,3.6321788787377542,3.6321788787377542,27.34743771849863,522.3673215554034,-0.09775927790043681
590,590,-10.376782435035762,8.96127205512076,5.314078408711235,0.7108142563966967,99,other,7.2387303326211585,14.704470064707735,0.34044374801294097,0.34044374801294097,24.425154534622763,521.9443107067468,-0.40549385012228356
591,591,-11.84701554832948,7.937334299622218,3.830102101086616,0.7970837529933441,99,other,5.3538015177757785,14.765592954265937,-0.08388427378437768,-0.08388427378437768,24.274249290578975,521.6063946165237,-0.6135884235125495
592,592,-15.017329904704066,9.773186337051971,3.243744288065801,0.7797996773577742,99,other,7.656219116828307,18.208713454053196,3.4062830732525704,3.4062830732525704,27.7953104798464,521.3340965586931,-0.3140659027410564
593,593,-13.38126334112057,8.953292522377984,6.240968405860174,0.7352588738274665,99,other,5.467146921270958,17.26758067126462,2.7022772941574438,2.7022772941574438,26.846457682324452,520.9464884283396,-0.38235246619425567
594,594,-11.076834990572804,6.081558580136955,3.812479806359746,0.8158309048724609,99,other,5.33782378288357,13.19911475993433,-1.60010763641829,-1.60010763641829,22.781812224966714,520.5812433142335,-0.640357913242191
595,595,-10.953669020242716,9.506224397267824,5.390443386664959,0.7293436019197792,13,home decor,6.8575384260361885,15.472816395248637,1.3243578078164404,1.3243578078164404,25.218114058694862,523.8746759856148,-0.3314337705475232
596,596,-9.700619359869991,5.408367839752428,1.6410004741127129,0.7836841380167049,26,vehicle,7.003216859131752,11.226991636729359,-0.7019967132595042,-0.7019967132595042,21.035795098375985,520.0279727498628,-0.5411677922700378
597,597,-10.865560130738878,3.7621639901600976,1.041350525492413,0.8008774895615511,99,other,6.612346132813424,11.545505002402576,-2.3229748356936746,-2.3229748356936746,21.855008875746673,519.5973547238048,-0.019969470359722408
598,598,-10.610388112343326,9.009466620093876,4.055849632632739,0.7867177797623062,99,other,6.063025510467476,14.49830131138367,-0.08839489163358749,-0.08839489163358749,24.102539094818635,519.2117583056107,-0.5352085154370734
599,599,-14.3513886027023,15.004202525887624,5.5170665022616046,0.7673022513032443,17,medical equipment,4.735587862138685,21.483167156031794,4.0146027773113815,4.0146027773113815,31.3035398001294,521.2956145566176,0.1304370043143237
600,600,-9.88943672973414,13.365375870460316,2.767608063094345,0.7933594071716086,1,animal,5.310620801796143,16.855084852382156,3.370529720751847,3.370529720751847,27.249106586566384,523.8185083239053,0.40624611108550823
601,601,-10.07414496839082,12.68674038875944,4.580526133362901,0.750053016467217,6,container,3.523891754220476,16.835171463170624,1.9137644148713981,1.9137644148713981,26.87826844344809,518.6257968068996,0.054039832106074215
602,602,-10.863991111015409,5.228692171351631,3.936837191191569,0.803292300857568,99,other,4.551107547851386,12.683225605220652,-1.9176019326563,-1.9176019326563,22.360410992154264,517.8837884276652,-0.5790700096533783
603,603,-12.374354631679145,7.222566811552016,1.257236506673193,0.7778058731854968,99,other,5.7656215607793,14.383002730014466,-0.06464831705989837,-0.06464831705989837,24.212291315650795,517.541728416601,-0.3175777471284107
604,604,-8.401331059510735,13.651237710019233,3.094153216531702,0.8477985176035748,4,clothing,7.360204897627055,16.325208688231964,2.2887862758463946,2.2887862758463946,26.973991732333342,517.1086204425819,0.6269072694635902
605,605,-13.6611782194225,6.635606168830072,0.2478015090811275,0.7819154728149779,22,sports equipment,7.851368719089768,15.189485348705606,1.0406422900494512,1.0406422900494512,25.445422723830443,519.7604551577589,0.16097218714002892
606,606,-13.261228446083518,6.647423516084709,2.2172866486041443,0.6973376217278657,99,other,5.658753198416381,14.998825933501891,0.41545165390615324,0.41545165390615324,24.793401142186383,516.5580115837017,-0.3126598555292759
607,607,-9.860972859944328,10.206804891641893,3.515499441579574,0.7731890791215134,27,weapon,8.174853643174169,14.621093945541482,3.2405134929878336,3.2405134929878336,24.457417547609626,519.1971544277272,-0.2952203835541951
608,608,-9.132161728892232,12.351259846620884,1.1757113228779297,0.8099609201181731,1,animal,5.964125846807604,15.405592969961807,1.1663335288577734,1.1663335288577734,26.012985998092905,521.0186216717663,0.5263354342827462
609,609,-9.489071691432343,6.395173940231154,11.214321866859043,0.8344992219156325,7,dessert,4.9708208268168255,16.02191456176406,0.8076628221120394,0.8076628221120394,26.83579980074327,519.7430973479433,0.7724909874345549
610,610,-10.706698955267422,6.038918624296102,4.114422722465488,0.7067501858001756,99,other,4.691104572017986,12.962654628151409,-1.7718415863320764,-1.7718415863320764,22.543413324108673,515.2117234078848,-0.6575140611546395
611,611,-12.587583333364984,8.119570618330851,5.516081166136825,0.7949615168701953,99,other,4.608456141029755,15.962513355730637,1.3211981144829963,1.3211981144829963,25.529780682396087,514.8922489070875,-0.477949686241935
612,612,-9.72623145039826,7.616175500891385,6.83926965137396,0.7648809344157862,6,container,5.405730937507096,14.120244928870719,-1.423866265545879,-1.423866265545879,24.10445995879793,514.6725652665057,-0.17956106674707328
613,613,-12.116823356708844,9.221712433552891,4.375862338965531,0.7926541857703605,99,other,4.813214450286183,15.843154978551647,1.11132107450738,1.11132107450738,25.39081193685643,514.2362765193905,-0.5052413564324141
614,614,-9.83505023227394,12.14299317836744,3.214913628226897,0.8600506519855643,4,clothing,4.252028933164062,15.9535628007724,1.9812994878353258,1.9812994878353258,26.109109616980145,513.6344335183318,0.10975379082596604
615,615,-9.74422507132427,10.642473815558414,2.097816841905771,0.8329379252407807,22,sports equipment,6.161978828079255,14.58125531830694,0.7484594816445345,0.7484594816445345,24.491978409127857,516.3142970885968,-0.22338470747638084
616,616,-10.358203186821624,7.752126849338894,3.27623826024106,0.8298872198262442,99,other,3.9918551930632113,13.346219730155426,-1.426686143464039,-1.426686143464039,22.876543627908045,513.2443591759561,-0.6832645482157353
617,617,-14.312582014339888,16.44585390427766,9.707752079463736,0.7738843243326998,99,other,7.39648964550423,23.865384241498873,10.076702096631,10.076702096631,33.97719609025986,513.1825311548735,0.575183659113101
618,618,-5.87989256388901,3.462008719584395,4.202305260435499,0.7537450107572061,10,food,5.922752022773545,8.01361406852361,-5.176544095052497,-5.176544095052497,18.46938725564753,518.5719278294356,-0.10099480429800778
619,619,-9.818569888702504,9.291765575980785,0.0052280322650979,0.6642099424561091,21,plant,6.612786999721766,13.518182182181093,1.0515916136521852,1.0515916136521852,23.81627634937772,515.0391264306809,0.09557235541536002
620,620,-11.437407779194375,5.261935158993008,3.506250217758048,0.7716947083526181,18,musical instrument,7.848114522094454,13.068896239336784,-0.4209037344989248,-0.4209037344989248,22.77967602414379,514.1461932260596,-0.5206557992326104
621,621,-11.760076476088592,13.71027582799803,1.3819497195575856,0.76666837466694,1,animal,6.319265519807783,18.11576239164735,4.112262326913566,4.112262326913566,28.50665882600315,516.7043476829823,0.48425164528844533
622,622,-13.896813026946186,13.449575015977404,3.8257985328245367,0.769851645183248,99,other,5.318121650134897,19.714188160562614,5.394927992527414,5.394927992527414,29.398273379878827,511.4612974054967,-0.11969296688859998
623,623,-11.34459658350668,7.795223862337617,3.824645326922498,0.798069199883355,23,tool,4.768937015296642,14.28612258743496,0.9777686884340113,0.9777686884340113,23.801203071777774,511.19490609370797,-0.638020564694525
624,624,-11.025040822241012,6.849857632450598,3.829407037275359,0.796721822044239,99,other,6.345854258460876,13.532791026763714,-1.2996356653134207,-1.2996356653134207,23.063122230955123,510.69391494512354,-0.6712504561964181
625,625,-10.913714248708835,4.477437546791951,3.0151448044454896,0.7625245292864783,19,office supply,6.554801464860037,12.175701371159988,-0.5188522342126376,-0.5188522342126376,22.016030369772906,513.0261259729492,-0.4485880922757488
626,626,-10.72487408675948,8.0947465135326,11.598249778119872,0.7924019286912979,10,food,7.81164295266464,17.750133611070392,4.663929862988169,4.663929862988169,28.71353155289861,515.7904885612504,1.0332231326009342
627,627,-8.980705959846885,4.988859913443072,9.580759793999992,0.70936981289998,9,electronic device,7.157546722404137,14.047517965943854,1.5093389277642402,1.5093389277642402,24.77307057253502,512.1312336860597,0.5570961701987116
628,628,-9.138070235201768,14.638427538624171,2.437877575870043,0.850340631818451,3,body part,4.253756629284231,17.42788385036924,0.5334408115035316,0.5334408115035316,27.912006408411013,511.88686041669774,0.5332093831041504
629,629,-13.215404322184616,10.900254795996604,0.7484519971009272,0.80228106904563,22,sports equipment,7.756378604915012,17.147088569446044,2.657052057460774,2.657052057460774,27.186433343279052,511.7168424697691,0.07036103396198712
630,630,-11.927307401366251,8.51001763017565,1.196623491009093,0.808904458025928,22,sports equipment,5.249428092525532,14.700781261273882,-0.18698807744810964,-0.18698807744810964,24.543783299681966,511.34743386423247,-0.2834136743722908
631,631,-11.292737695723302,15.951741871505176,5.784427018585716,0.8197003927347316,6,container,4.537116203332926,20.382433351611528,5.666249623229493,5.666249623229493,30.62507250434196,508.4740514053649,0.4818658492165966
632,632,-8.244349501527934,11.931311270386992,0.8313244785208989,0.8565091855528313,99,other,4.227388129074127,14.526410008078237,1.345739241836096,1.345739241836096,24.709466395224474,508.2750985989648,0.045419021911339286
633,633,-9.481489838711974,8.42736613103145,3.064190497828929,0.8157273433807527,12,furniture,6.914310233235061,13.050226544969995,-0.9281884129385674,-0.9281884129385674,22.726322357531284,510.2542813967198,-0.5565412586373419
634,634,-9.68313914348648,3.115167601154571,8.556444750612243,0.7944118193771148,23,tool,5.41671455238217,13.292110427832107,1.5145693530162632,1.5145693530162632,24.187623406429587,507.8420702416442,0.6784423314399923
635,635,-10.420634124906307,1.919793726450553,1.032058948292834,0.7828844799851534,26,vehicle,6.453218646503572,10.646143395146998,0.5388387580224787,0.5388387580224787,21.614973247415627,507.16407627652,0.5814781415599022
636,636,-9.606257560684965,10.655050580759092,2.62112920643157,0.789064985108101,99,other,6.349608571668076,14.583573139582779,0.5596538607185053,0.5596538607185053,24.343279127569843,507.02921993608084,-0.3742526470489018
637,637,-10.994815021758132,4.9997884833906525,5.198863813744011,0.7804675885163691,19,office supply,6.23464043323389,13.149601788464205,0.01998961691220913,0.01998961691220913,23.073648547345257,509.2237343935037,-0.30219502396219866
638,638,-6.286450494682688,8.364489004991798,0.0219190913005845,0.8286589878381215,1,animal,6.544043492288457,10.463489694327047,-3.556141106260508,-3.556141106260508,21.276755921149405,511.2248511439419,0.4141598471956165
639,639,-10.87203215879259,5.362809469051574,1.9662549658075368,0.7575586676196434,13,home decor,6.423583992872814,12.281163106714784,-2.343421763357785,-2.343421763357785,22.03175182587234,508.9156254449654,-0.531541387512334
640,640,-9.08146139473893,6.509709792712325,5.565262362313335,0.7320711030755961,9,electronic device,6.296694702528099,12.482844540041732,-1.2740682491006154,-1.2740682491006154,22.386445766942714,508.0087832164122,-0.3655496821669644
641,641,-8.658960196121884,3.642326685651512,9.285069857769164,0.8272889249883458,10,food,4.857554096935703,13.208204178717322,0.20651168397168718,0.20651168397168718,24.53460360734515,511.08395336684106,1.103928999401493
642,642,-11.866800443816576,4.805915548649578,3.3056433603951656,0.8360521613146851,18,musical instrument,6.686724443635484,13.222898890192035,-0.6792250920604879,-0.6792250920604879,23.08668761292804,507.11790731133334,-0.35773602913775093
643,643,-9.8219472546505,6.146675250338853,4.121410457820508,0.8144565303407888,22,sports equipment,8.383880308041125,12.29789773368184,-1.557947770534497,-1.557947770534497,21.844642578121345,507.2172296644231,-0.734308306227959
644,644,-9.422034154443184,10.837631357279518,0.4732898243517016,0.8016633421475649,1,animal,6.727493475307438,14.36847188470705,0.4161235563538561,0.4161235563538561,24.893910834391708,509.3772289768937,0.37763748516556106
645,645,-8.812816132562475,4.183735521301826,5.824602799693677,0.773721767877961,10,food,7.290714641410595,11.362014296450939,-1.6792768326360097,-1.6792768326360097,21.867349885388666,509.83910796124144,0.1640537108964608
646,646,-7.755085182144504,3.988344934901409,8.454003594565808,0.807044073355049,7,dessert,7.116490538243619,12.14571604636806,-2.607201547868211,-2.607201547868211,22.97033059843886,507.65519728471355,0.5337677572465118
647,647,-9.278099004096095,5.228280342984168,9.145478036752836,0.8600748064444707,7,dessert,6.822769971258,14.037727914280577,-0.7676587582865153,-0.7676587582865153,24.6550508135884,507.31017348696815,0.44823642467647673
648,648,-9.007618228648267,6.723512879164459,0.6924043223880484,0.8086147895244608,99,other,5.9500669510305535,11.261537876108598,-2.950629199153166,-2.950629199153166,21.116074959470915,503.48500697665526,-0.4932109492101162
649,649,-10.366762985309744,9.022986143116317,5.938595779368565,0.7738879915548723,16,kitchen tool,5.138903643909218,14.971672370286207,2.492253200504919,2.492253200504919,24.827036321931427,505.2100616189625,-0.2536185786429357
650,650,-5.981361030541364,11.28098931306375,1.4521131013316346,0.8033125911816543,4,clothing,6.43960910774886,12.850915614001844,-0.646496357712433,-0.646496357712433,23.79772766071388,502.2918553712072,0.7013483314610021
651,651,-11.783923712275527,9.018501382964564,5.183557121730937,0.7469533515265224,99,other,7.11377357521313,15.718253391694342,1.1130676927789196,1.1130676927789196,25.30960987144882,502.6536349812058,-0.46957986976794786
652,652,-9.533201236559394,5.424926893526006,4.866873362043672,0.7916561045158382,99,other,6.366767180716656,11.999925580561305,-2.309766068105045,-2.309766068105045,21.68718536304714,502.3623464479433,-0.6129693497850432
653,653,-13.79004325881576,8.746011980214874,2.239787182101303,0.8370549515045664,99,other,6.340569818596091,16.48255639332617,1.832239167352249,1.832239167352249,26.150457090631214,502.1233319435661,-0.34384897438444284
654,654,-10.819890618299953,5.060306656003824,2.7932201124827385,0.6790460555704461,99,other,7.35065720126126,12.266980681551185,-2.3878181327549335,-2.3878181327549335,21.968913993851203,501.8074022117006,-0.5811095035649494
655,655,-7.23047788905884,2.712090722952178,-0.107613643623423,0.7812158923842434,99,other,4.7184087830127925,7.72313584562553,-5.8503796970119915,-5.8503796970119915,18.27491069869374,501.58967795549574,-0.023686848487876944
656,656,-10.02485004061685,4.9452237994957695,0.3755449376908733,0.7518792995622265,26,vehicle,5.116225507362705,11.184538021938154,-1.0461775224282555,-1.0461775224282555,21.50288808858418,500.7972647513239,-0.03435328732666676
657,657,-13.128505364071556,10.78674427085187,1.0957478500673952,0.7783303713736467,99,other,5.9500602874210085,17.02680734636234,2.8878925748488307,2.8878925748488307,26.88874648976897,501.01602880738744,-0.11478528799188581
658,658,-9.154812582702034,6.482069777702989,6.509453953524604,0.8030209584554004,10,food,6.276685800162573,12.969225605272934,-0.039928256361712045,-0.039928256361712045,23.30276183856863,505.9359671187746,0.09568635105675938
659,659,-7.191007415592914,12.629130198453124,3.017037389989778,0.8444900514774311,4,clothing,6.49102702501637,14.842777093023706,1.0641027434540007,1.0641027434540007,25.629314251209497,499.67957455124986,0.6692595793849883
660,660,-13.673760859074635,14.342497318736516,4.800469216520293,0.8492385885758801,99,other,4.382441973913997,20.38929792974453,6.175238082805745,6.175238082805745,30.13469160504418,500.2943296764277,-0.014937858664200832
661,661,-10.977565032879284,3.305388997124278,3.902239487052941,0.750683809163673,20,part of car,5.900805175759574,12.110326316318623,0.5455339934131729,0.5455339934131729,22.35641375686809,501.88899605788055,-0.04703685841495897
662,662,-11.86368755145631,4.719840452054465,0.9572422727499876,0.7718650547316175,99,other,4.883672211361498,12.803916938974913,-1.1972601711953637,-1.1972601711953637,23.008219521647394,499.597718230066,-0.04418572973725787
663,663,-11.558352871512644,4.978203072913537,5.898249567574462,0.7018113094332609,99,other,7.468307935863192,13.898466638408811,-0.11131694513436585,-0.11131694513436585,23.811487616503992,499.3161175479914,-0.2650276483218903
664,664,-8.351577806307484,10.926423651246685,4.474347288731553,0.8235122761518783,17,medical equipment,5.993573148626337,14.462204856850494,-2.324750392427436,-2.324750392427436,24.67414214508832,500.5492796143114,0.07016800401018486
665,665,-12.866998943534082,4.087373415581792,3.844833896252472,0.8055438971597509,23,tool,7.201462554726636,14.037415393906526,0.2077818932736868,0.2077818932736868,24.220120394977677,498.9142551905038,0.013598414208239262
666,666,-6.930623215063568,8.481819873263007,0.1182897732447171,0.7967075137775393,1,animal,5.438673296768781,10.953939883992044,-3.0520903553786383,-3.0520903553786383,21.633306041480203,502.9856911798872,0.31182267297062793
667,667,-8.738595754676627,1.0330862843001452,3.3664492841114875,0.7887047262567832,99,other,6.380819740126825,9.42142790753908,-3.6711476821152935,-3.6711476821152935,20.218632626045,498.3226373482939,0.33103650963171205
668,668,-11.444399314422888,5.491739176507918,3.347629357418793,0.8188918172677914,20,part of car,3.8729616339213218,13.12783672831922,1.0630115749510978,1.0630115749510978,22.82350104789673,499.8837336054169,-0.5319781525199758
669,669,-7.018083621782043,11.52172227184512,4.974337463170029,0.7649146479285853,99,other,6.601302320466116,14.37872091075399,1.2108893837454744,1.2108893837454744,24.85217180099949,497.73427577044083,0.3263090012366341
670,670,-7.065508937929288,4.31860733173051,2.138381511396064,0.7939517630066412,99,other,7.73115244605467,8.552453526673833,-6.313183180104531,-6.313183180104531,18.090718555765214,497.4449219601096,-0.9838259784967462
671,671,-11.196921335653284,4.527938359193411,0.9505519332193458,0.7410465686701246,9,electronic device,7.615512188834678,12.115148457992987,-0.47168046688792487,-0.47168046688792487,22.31470551896936,499.00540563370436,-0.09325690932455899
672,672,-12.49095212656082,10.8328272772073,3.5935075522963,0.7877529313504924,99,other,8.206646023424508,16.920027434205046,2.3497035989224457,2.3497035989224457,26.527058134924697,496.913116020917,-0.37656554608073733
673,673,-9.03391380794871,5.295094065520907,6.116412625571171,0.8341602213374313,10,food,6.68613533045685,12.126834840897583,-1.0416312191763168,-1.0416312191763168,22.502185538082987,501.7238454559525,0.08328880341659683
674,674,-12.612679984863478,11.30895014297808,8.60941322749213,0.8552100826632877,10,food,6.377605201219724,19.002474729851798,6.600343305894377,6.600343305894377,29.22897618615542,501.4818923302061,0.37692099122379474
675,675,-7.836697390968127,8.727358156012542,-0.7130838623631631,0.8277390846830834,1,animal,8.235780422206545,11.75113164659847,-1.259280222842552,-1.259280222842552,22.57174714239526,500.51191755428624,0.5043752435244286
676,676,-8.965854749378884,13.897129061061351,1.8775891503447248,0.8535576872921665,99,other,5.695610910817769,16.644581356833463,3.447025042809969,3.447025042809969,26.84224705171962,495.9276635281617,0.19634313085412458
677,677,-6.252004564327247,7.294730484580539,8.797466628293614,0.7572302811419375,6,container,6.814840860685415,13.026744527738968,-1.344961696727232,-1.344961696727232,23.96364551407005,494.4655622017508,0.7027527311989239
678,678,-13.674627289316271,12.435850924614616,5.965171551447597,0.7608900714428164,5,clothing accessory,7.631785952376857,19.42238634563609,4.675435978050054,4.675435978050054,29.155320978401697,497.96426868766895,-0.08962244326590607
679,679,-14.125262695300954,5.735585989199229,2.8046063371380368,0.765314137712039,13,home decor,4.328239980857853,15.50115510396158,1.1985737260828806,1.1985737260828806,25.40742385175962,497.16899734878723,-0.16863895014771657
680,680,-12.271183752624168,10.881545339436013,1.4512168838421873,0.8019675676084274,4,clothing,7.202079523447514,16.464993474302307,3.804215700508525,3.804215700508525,26.411693966051367,493.82973265656506,-0.06617944063282977
681,681,-12.38416231953785,9.16521408482255,5.320818100006081,0.8125601113219408,19,office supply,4.663628576333658,16.29968499176113,3.557013173726247,3.557013173726247,25.914660794944623,496.64530320082486,-0.40854254754353647
682,682,-8.894729426025924,3.484110247497543,-0.4467870761772229,0.7798769237049159,26,vehicle,4.402210400877739,9.56320314906924,-1.6826553705278293,-1.6826553705278293,20.36888258540762,493.7049500837989,0.3486351653722295
683,683,-13.677788170963886,7.000087798025691,0.3637677773630871,0.7899622022536016,22,sports equipment,5.15736335136606,15.36930204744755,1.081429260903235,1.081429260903235,25.557122420894995,495.7218652639158,0.10442727926721318
684,684,-7.089312950292297,9.718960750570051,0.8301101973948937,0.8132787507386353,1,animal,4.00874505405278,12.058426063053265,-2.1652224755374263,-2.1652224755374263,22.705290578084423,498.1646087723145,0.3504001781087993
685,685,-8.637587394775569,5.64909117781714,5.718293785353361,0.7539217637384582,6,container,5.583244889343006,11.799111447617067,-3.639707771159369,-3.639707771159369,21.719702760731387,492.26355616817756,-0.3925612016898512
686,686,-13.706364881514988,15.451717379934989,4.817327102582715,0.811686659448342,22,sports equipment,3.9653292610703703,21.20911711193774,7.46588890140589,7.46588890140589,31.105281829269405,495.1104556084654,0.1885926019618971
687,687,-8.01991581781904,1.7512129732590571,1.5005375467132889,0.840740819110524,99,other,6.335020602711895,8.344903206850947,-5.160367754525517,-5.160367754525517,18.884863795673898,493.10510364329645,0.004512691763689958
688,688,-9.14026603382702,11.226161790682175,3.239506543162939,0.75688932376994,1,animal,7.311917447439853,14.834607320819106,1.9012984878595596,1.9012984878595596,25.014640973661844,497.1396168289357,0.062230308798913114
689,689,-9.052720181133726,4.794400028177019,0.0791546467436336,0.7732968454434185,26,vehicle,4.725466966669453,10.2442315361471,-1.8330118123756236,-1.8330118123756236,20.612591314283886,491.8744724406357,-0.04485694825768505
690,690,-10.820930743781371,4.076554148892707,1.9187289997950885,0.7760507980055628,22,sports equipment,7.818870162970393,11.721448582202706,-2.468998765313522,-2.468998765313522,21.762302246059207,493.8644751671664,-0.2772968404002327
691,691,-11.467704194777449,10.896560577968067,1.6315264984656752,0.7556833044531569,26,vehicle,6.781254389798879,15.902991877110411,4.974464993658266,4.974464993658266,25.89778615899023,491.3907439271849,-0.05425323252602965
692,692,-12.65578391616033,4.607805646952121,4.153106601131812,0.7223080586252307,18,musical instrument,5.045393380718414,14.094290824762735,0.06560356560014569,0.06560356560014569,24.089186860136945,493.0789336257224,-0.17055033624924576
693,693,-8.851989610992607,10.001850412314448,0.3911851728108479,0.7105738138893627,1,animal,4.726898847570127,13.362176378975947,-0.49986097189612266,-0.49986097189612266,23.877578515345355,495.8505952724451,0.30284057966245115
694,694,-7.143250838287464,9.061671996039545,-0.8600457940872449,0.7975147743644271,1,animal,6.261846008437134,11.570635707273349,-1.6031213238027284,-1.6031213238027284,22.568148837217613,495.6072553712712,0.6696570713767755
695,695,-4.840224264521328,9.172681326817631,-0.2374306115880786,0.8619434268022201,1,animal,7.029303823098772,10.374113309075094,-2.2584063756332853,-2.2584063756332853,21.670079510600015,495.41443053935814,0.8911080095176551
696,696,-9.445269891889598,4.87238974391761,3.871708541724247,0.7816792007609799,13,home decor,5.407841901540144,11.311208254617638,-2.8907297609741818,-2.8907297609741818,20.974968074839925,492.62605538637445,-0.6807916778600962
697,697,-10.797930919039596,4.222460372227857,0.3522284003116178,0.7634550970313169,99,other,4.621772156295112,11.599506393522613,-2.2181812990713645,-2.2181812990713645,21.96674914622313,490.6163923164167,0.0412446655662535
698,698,-6.611951639130085,1.679404278303146,3.429092913619348,0.8182594135869802,10,food,5.949402500941547,7.635245995933095,-4.293193754698898,-4.293193754698898,18.37845393655519,495.35096868427047,0.16209009260003882
699,699,-12.862431038980588,4.896596799235132,4.321059115902746,0.7968117421837161,99,other,5.157024685989848,14.425336887918329,0.11482880520543759,0.11482880520543759,24.304893654975874,490.1666405188986,-0.264585153292618
700,700,-5.44416454893058,5.505008006420262,2.27560216605341,0.7057518818863119,99,other,5.096157458158953,8.069845475889279,-6.199748137204065,-6.199748137204065,17.832422711622222,489.9448585174394,-0.7905719865460092
701,701,-5.086835194141752,0.251484765451149,4.378327896068387,0.7595822448839137,10,food,6.465522976315995,6.716315362243185,-4.76889327139348,-4.76889327139348,18.40790785459259,494.7063905703896,1.051336913697451
702,702,-8.931567494693095,4.953682852817809,3.3389580924498348,0.7858128472442069,10,food,5.226628030264003,10.745255365122587,-1.4047767999894916,-1.4047767999894916,20.399479729957008,494.2617289378568,-0.726749000471802
703,703,-8.302042634581259,5.537475327382163,7.0315326428180045,0.8049596330793156,10,food,4.141504980226896,12.207784246733159,-0.9546792537880542,-0.9546792537880542,22.843128801370135,494.0179455829394,0.34849215544964096
704,704,-10.409509562676414,6.041198690443491,-1.2178029236905437,0.7097087350839696,21,plant,7.011023299506503,12.096983711397527,-1.0192582233786744,-1.0192582233786744,22.78105439268282,490.7387886456898,0.3900877197115271
705,705,-9.223872232687429,5.028191319555928,-1.4286864343976295,0.7720608757222485,21,plant,6.828906015691167,10.602059792268273,-2.369809692085667,-2.369809692085667,21.447679381214257,490.50748591503134,0.4554308803870839
706,706,-12.311381646538347,12.494257025962185,1.0408905348512532,0.7626091965373095,1,animal,5.041533006301858,17.571568791177114,4.28015575103144,4.28015575103144,27.837142133261466,492.73951333105214,0.3239070036472711
707,707,-7.519649150424351,2.63565321382811,1.08645783744974,0.7289902263510963,99,other,7.422437895833907,8.041901630932578,-5.975866807122049,-5.975866807122049,18.22151457641325,488.3568027108898,-0.37533460141085584
708,708,-9.08864033905012,3.905904489982785,7.026225905411618,0.8629256503373961,16,kitchen tool,6.124200643702669,12.133726697571282,-2.1765462192175846,-2.1765462192175846,22.64062828284699,489.6161028093348,0.21528321656588645
709,709,-3.1777700762095566,-0.3947732143142559,-2.6013530950311985,0.755371877287646,99,other,7.420359063142048,4.125664367471171,-7.1638729178312985,-7.1638729178312985,16.59635994624244,488.1238178854224,1.6637187971600351
710,710,-12.4137613124754,6.940739428287437,-0.2642645743980932,0.7858260597656144,99,other,5.228422351739686,14.22480824123041,0.35105581066585856,0.35105581066585856,24.48755633455882,487.64235551506283,0.10570116289735765
711,711,-8.709829473241443,6.953300885015247,10.571671094692343,0.8341426692107743,10,food,5.82698932171338,15.361306988171702,2.498493594474745,2.498493594474745,26.498853688411437,492.1035413119123,1.0536390844574441
712,712,-9.42701788845686,3.6053939323256015,4.737916240026643,0.8178260845943774,10,food,4.291238233288956,11.14968080144199,-1.2438353066321497,-1.2438353066321497,21.475195359227712,491.9085182623269,-0.029432030703951284
713,713,-9.5777173007476,7.526840307124591,2.4675289967373444,0.8540952874723438,27,weapon,4.68765519295728,12.428784858212605,0.09229586902602094,0.09229586902602094,22.02434545086295,488.1688922271604,-0.6770693242825523
714,714,-12.3225111596486,7.398284003688903,7.880885093150034,0.7713702055325934,99,other,3.288808517863399,16.391681955502243,2.491635073074331,2.491635073074331,26.21202239794092,486.76320513015,-0.19725744872260265
715,715,-5.949494423076843,0.4507956875707663,1.0773597673681057,0.7666659524536724,20,part of car,7.702894542796036,6.063035931816529,-4.223553381687369,-4.223553381687369,17.2438359312024,488.16185035813396,0.4985026587485777
716,716,-10.959485428703582,5.763981629924792,6.133484073244635,0.7432696030257007,16,kitchen tool,6.193519871703704,13.818590086142008,0.0880742283184226,0.0880742283184226,23.756040729314268,487.75833186171315,-0.24573843439359067
717,717,-6.587532559244026,3.918758670892879,8.721920761499527,0.7981495162780056,10,food,5.887601010973444,11.61138047390037,-1.4409284828088076,-1.4409284828088076,23.062109207385006,490.78521609451786,1.125494802143109
718,718,-7.707220159072863,8.986574759564164,-0.3262687559671095,0.7759985570416356,1,animal,6.819460611792948,11.843404062632295,-1.6715028248608093,-1.6715028248608093,22.598341287861043,489.8720254956539,0.4446351592393576
719,719,-9.178449014627637,5.624905680359318,7.5778894146623665,0.8051237193689056,10,food,7.197053849596285,13.164645768417376,-0.05921926573760672,-0.05921926573760672,23.80849006813975,490.2657890961706,0.4185706713855204
720,720,-11.756630656403129,5.132183787815792,0.7462850654335225,0.7275102342229001,99,other,4.568403950860666,12.849693234544015,-1.1962310805699907,-1.1962310805699907,23.018993477717625,485.48121452529995,-0.07624213824052006
721,721,-13.863878059920884,7.44925569340441,2.6974779944092435,0.7013443742011655,99,other,7.379428932527363,15.967933891909617,1.2343804813715522,1.2343804813715522,25.66351804736804,485.30242679963254,-0.3492840191398763
722,722,-7.386145192062166,9.967011704390169,-0.1377753538226173,0.8264693166599095,1,animal,4.069247773699686,12.406266366711405,-1.4990103911191355,-1.4990103911191355,23.27782493716401,488.9975477827995,0.5974794772317829
723,723,-13.40710223414997,4.991590702326668,3.407505989364892,0.7721659192151283,18,musical instrument,5.642865283567852,14.706374982437405,0.6099975845340815,0.6099975845340815,24.686554586136538,485.711688424793,-0.14587612546195672
724,724,-11.252610647838624,6.506854692675645,8.872633276557528,0.8494017562454662,10,food,4.8692254709459855,15.737980354661847,2.502836699934903,2.502836699934903,26.348680646306875,489.13200327657364,0.5510334697445423
725,725,-8.660157239245365,3.561741313089812,4.996079605847346,0.8177841805890588,10,food,7.915213470831127,10.61344129007121,-2.073971101245288,-2.073971101245288,21.05193548747751,488.9628104939767,0.0490379445155007
726,726,-8.05190592369727,4.352468067121036,6.588586196893912,0.8690017735656727,10,food,7.890045310826701,11.277705234367517,-1.9203065623670525,-1.9203065623670525,22.001534563779433,488.73079825516015,0.37712174629525563
727,727,-8.527480770594565,5.538716477288966,2.75885759507487,0.8816901506487516,27,weapon,4.837428428469476,10.535967147754148,-2.111844080509208,-2.111844080509208,20.05405460258769,484.9922987225304,-0.8763546422452286
728,728,-11.24045343096878,8.723215829368533,2.892739896970469,0.7912191105936356,17,medical equipment,5.445306433138769,14.519305487902933,-2.278309872016635,-2.278309872016635,24.0482372297766,484.6599846761007,-0.6091628343682167
729,729,-14.094377870609351,10.356489815660748,3.645140895239977,0.7778564066238015,99,other,5.854212285580803,17.866040999828652,3.0985286535080334,3.0985286535080334,27.41284310811098,483.69786919888946,-0.37591348728605567
730,730,-7.097457204939862,3.996854418473377,9.25471121574159,0.8180241008807747,10,food,4.316075669176199,12.328764078576413,-0.7748551757664934,-0.7748551757664934,23.78389147539775,487.8777792390407,1.176060648089976
731,731,-11.780067040514274,4.872791024214174,3.9949065037672655,0.7220534157183335,24,toy,4.876497335863339,13.359391820682367,-1.205803312553627,-1.205803312553627,23.146498888898087,483.74411407751654,-0.42563368858779427
732,732,-7.682212926522127,9.613016203227897,2.290173409582491,0.7899436982476137,99,other,3.4518165779106798,12.51684346062954,-1.2382494060172888,-1.2382494060172888,22.37661700801159,483.04432450356273,-0.40718936301253095
733,733,-10.214480799679745,13.494306153887258,2.532463368076709,0.831551859673035,3,body part,3.652694473332164,17.112722965458072,0.8096621450626351,0.8096621450626351,27.2492755412988,483.92818365280306,0.16535723940619462
734,734,-10.515659120729028,10.292388118510946,4.74583706759514,0.8089424216474402,99,other,5.390574925353424,15.46076677909595,1.146503612696474,1.146503612696474,25.222631572751226,482.6508605121968,-0.3156420927263994
735,735,-12.383036566032205,12.095197011129416,4.786493089916196,0.8163056014018788,9,electronic device,5.989146060802876,17.959507271457646,5.207758931753563,5.207758931753563,27.72459236167513,483.7443339372201,-0.15161548855645535
736,736,-9.528924453932056,13.663845045405662,5.051057547608793,0.8828794574682267,99,other,7.214298933957427,17.407304358310537,3.9107062961452357,3.9107062961452357,27.600191734372697,482.3485709837354,0.2406498090395992
737,737,-9.814793213832242,7.411542497524568,2.348993078555036,0.7824030508914231,99,other,6.361683672107708,12.521137987659094,-2.1820469842025147,-2.1820469842025147,22.090312109263742,482.04109407029995,-0.6975124147380214
738,738,-11.252565941907916,17.186937940130065,5.811793291771613,0.7962061741592371,99,other,6.148689488693813,21.349192427376494,7.980144128675281,7.980144128675281,31.603017012434808,482.12432940695203,0.5552670089460428
739,739,-8.152669555006417,5.832069940781911,9.26348263080224,0.8037951676954797,10,food,7.131840715860867,13.64885237367872,0.5064606757545072,0.5064606757545072,24.723203468485547,485.90860742836753,0.8802385560466526
740,740,-6.331133143592727,2.861092521692597,9.182942240584282,0.8074349053291199,10,food,5.483984312190715,11.515013047907965,-0.9218233689190818,-0.9218233689190818,23.233439429722473,485.79489636132445,1.3869907300482822
741,741,-8.667093450447966,1.8881272175272537,2.252429013469702,0.7935994525579041,23,tool,6.372075381663578,9.151883397917903,-4.16151123859165,-4.16151123859165,19.749101386451613,481.57465252391705,0.11370325749739152
742,742,-11.183314449176851,7.907879728792067,1.1097477727815284,0.781166011008609,12,furniture,3.973272208897957,13.741638330031897,0.05185915078060077,0.05185915078060077,23.578617499131894,481.62964584431637,-0.35116213451806644
743,743,-8.446438702918396,10.76909656517492,1.586735219615693,0.8369478352784429,1,animal,3.632631053039767,13.778007702472404,-0.24230609094552946,-0.24230609094552946,24.19538671941886,484.58146313448026,0.23157826230098166
744,744,-10.347477624495474,12.748214290401627,4.059822217255353,0.8240967350700525,3,body part,4.277384221441563,16.91358676387581,0.9161284379816124,0.9161284379816124,26.946949158983582,481.665671488538,0.049351659320901575
745,745,-8.86481272929376,3.434257809525937,2.7544082165344403,0.8251430325208023,20,part of car,5.602586714792489,9.8977672255439,-2.0481476917775083,-2.0481476917775083,19.830514008824828,481.6837129790093,-0.5027666348573518
746,746,-8.024436434379115,8.96241677020799,2.255567899909899,0.8608448951089711,99,other,7.731635631830849,12.239447740948135,-1.777283312096575,-1.777283312096575,22.00383938519512,480.3581100212042,-0.520423052503368
747,747,-9.009972504511724,9.907812649118696,5.338397500861574,0.7764967900856403,5,clothing accessory,8.506205983245097,14.416755664826216,0.6096628505473127,0.6096628505473127,24.49068789339397,481.69955183025303,-0.07076193592477154
748,748,-11.66426521868238,4.428362302517757,4.267455851755673,0.7892414143734009,99,other,4.497772161256762,13.186229757622442,-1.0720358058789827,-1.0720358058789827,23.080426187412982,480.0144617350228,-0.3296881621025065
749,749,-11.482498823981262,6.541183358309223,1.4633915032033378,0.714093660247234,99,other,6.034927065798834,13.295727646932315,-1.2358185776416022,-1.2358185776416022,23.0804328465699,479.8059593929842,-0.43213266158271324
750,750,-11.395726408481352,9.952557227700018,1.5029381370682786,0.8269917582417583,99,other,7.764487762545302,15.204433524188179,0.9907326445665312,0.9907326445665312,24.986239355779528,479.638731679335,-0.312197367378527
751,751,-11.34576232512416,8.06523356648752,4.569425665554123,0.8385592683800093,99,other,5.564398347123406,14.651073890101998,-0.06399182276685877,-0.06399182276685877,24.194656730342338,479.4401417674879,-0.586031787690878
752,752,-8.523575470631462,2.213028696500071,4.239914554754202,0.7804778554956078,99,other,7.205914189594985,9.77372550498016,-3.700211261323062,-3.700211261323062,20.157119106754784,479.33698851477163,-0.06010251450063109
753,753,-11.93800305906419,4.988640788079774,4.629282896592386,0.7207412574473334,18,musical instrument,5.988825104168919,13.741641608170472,0.23391585872802168,0.23391585872802168,23.618899402883002,479.5263985160668,-0.31088329794110336
754,754,-10.243520836390848,10.908268345307992,1.3558724664874646,0.8213911964405695,99,other,5.275626903079726,15.025259650475284,1.175677942433822,1.175677942433822,24.865033569274058,478.9278801341228,-0.26576000500612196
755,755,-13.500786727881648,5.8171197580826695,3.3515802835686053,0.8067049437155344,18,musical instrument,6.187957883290528,15.07790485939034,1.3665008065230566,1.3665008065230566,24.88402097946814,479.1631166802789,-0.2960298241891053
756,756,-7.02650178892522,3.8421319468886352,9.510579526187794,0.7452082081712521,10,food,4.419786518155167,12.433214717482121,-0.5082302837510717,-0.5082302837510717,23.962039075679474,482.5672699759102,1.256479524615262
757,757,-9.286358392365493,9.0658741798096,2.950437117031864,0.7896889466303498,4,clothing,5.650953911939789,13.30907983360062,0.2790082404289933,0.2790082404289933,23.128855889417927,476.79608117774166,-0.3962025261608346
758,758,-13.152849106829226,8.930961087604555,4.446276402009738,0.7507347496676765,6,container,5.331672934468772,16.50844872840552,0.7693382746398711,0.7693382746398711,25.92096367932534,475.75984743147916,-0.5975684209629506
759,759,-11.437708823216305,4.882729323069318,1.0131615905012603,0.7894001831501831,23,tool,6.147494809169836,12.477528808843045,-0.7321975214996037,-0.7321975214996037,22.662080783836682,478.31352978092485,-0.08494102766462319
760,760,-10.174740658738486,11.680772859378497,0.9387410260632684,0.7490875613600828,1,animal,5.4210300041939234,15.51924730065842,1.56064507276648,1.56064507276648,25.944197566176964,481.38513557847784,0.35120688990086535
761,761,-8.838503130701326,3.04621696438104,0.5510155322965645,0.7456540621390058,99,other,5.820266301131861,9.364944927885697,-4.3896044325040044,-4.3896044325040044,19.7653476462305,477.7354390057029,-0.0694004495931857
762,762,-9.579329063813422,12.375853409229052,2.9549731345978434,0.860218906926224,4,clothing,6.1452648327704855,15.926617944364141,1.8451194884492352,1.8451194884492352,26.160674412494263,475.985893894391,0.18652940798912354
763,763,-12.1754285884826,12.10545561637221,1.4628056854649547,0.8229635524870921,4,clothing,7.588091527901028,17.231451403367778,4.1295608903835195,4.1295608903835195,27.29027325475651,475.81394405008706,0.09526727707681815
764,764,-14.46408728930851,9.642602360036944,4.8975518381271215,0.7254619751771549,99,other,4.621095488550911,18.06033264903137,3.213419151689912,3.213419151689912,27.570851105271668,477.23953254919314,-0.3996935108789472
765,765,-8.881408238470314,3.995596530360035,2.666440759562455,0.7401249038817042,20,part of car,5.640777848299193,10.097232801914073,-1.8802646652466315,-1.8802646652466315,19.855487884587173,477.96314113910773,-0.6644217392163903
766,766,-11.6020529309415,6.657589434521608,4.681393242759145,0.7531521745558134,99,other,7.114438921373768,14.172034856871225,-0.5174281954028537,-0.5174281954028537,23.75523252881215,476.8423388550342,-0.5772454867518064
767,767,-8.232008931829103,5.429750199504105,2.0285289174802625,0.8270263045078701,20,part of car,4.751512420047364,10.067923711062905,-1.4090507255004852,-1.4090507255004852,19.632215374635113,477.59490469404017,-0.8602713432546665
768,768,-7.780720232577136,11.818800819695316,1.6593175401116027,0.8905258867149114,4,clothing,5.500623002245779,14.246999503481002,0.220727432528939,0.220727432528939,24.812756434170872,474.96586877770847,0.41013811772623043
769,769,-11.947736494094924,6.7787107373301225,4.631018295571199,0.8238400049968136,99,other,6.164186105463257,14.496401520606332,-0.2368193695635803,-0.2368193695635803,24.076366280462565,476.3532204017212,-0.5596037999472898
770,770,-14.417898828127084,14.201990149568989,6.469094403859142,0.8515097031346887,17,medical equipment,4.802101564097181,21.24668240532165,3.7370011508637972,3.7370011508637972,31.04327588317138,476.8130716275575,0.09143887487940106
771,771,-7.726543814434052,4.633111531965096,0.8103568535335754,0.8143180124325825,26,vehicle,4.412656308841349,9.04554476049209,-3.299203732089108,-3.299203732089108,18.99970604861803,474.7363221660977,-0.5361968601010645
772,772,-11.067770838880907,6.980841637119899,5.296426999971491,0.7494545989800896,99,other,7.455181725716571,14.116651170534618,-0.40204050798664426,-0.40204050798664426,23.717598203304775,475.85751462724477,-0.5630603400251317
773,773,-10.682614371336523,5.936611797018642,-1.820622714081113,0.7763171685473569,21,plant,5.977786120076208,12.356224200871988,-0.7688587686046553,-0.7688587686046553,23.244356171642156,476.6848720337818,0.6108324167060033
774,774,-6.256846345667207,8.479121775172649,-1.2902107212521112,0.8268678420821897,1,animal,4.911864343866506,10.61641540147756,-2.061018855169195,-2.061018855169195,21.816595405297406,478.986323238079,0.8109151497057994
775,775,-9.460759535483469,4.236420035200032,0.4974594340488049,0.7315700816682397,26,vehicle,4.331112744122635,10.37789437176009,-1.7195719796442397,-1.7195719796442397,20.723317666161268,474.07802652143204,-0.059191567523971145
776,776,-11.42860048410328,10.421769533647776,2.565737737892923,0.776772253895765,22,sports equipment,5.347771912143815,15.678303459793174,1.2668069592429916,1.2668069592429916,25.422503746887944,475.4964854539988,-0.31930703810834515
777,777,-11.09173967411437,9.584349604112628,4.680207862449797,0.7566377673079393,12,furniture,7.566659041379007,15.3880080571825,1.6895228271066252,1.6895228271066252,25.076881361420085,475.17495931804945,-0.3933159657101015
778,778,-8.838393380088124,3.157391841489251,3.1278106539341985,0.8409340962340113,19,office supply,8.250791332448095,9.892902519925723,-2.8507191073179605,-2.8507191073179605,19.91692219005881,476.32696723405735,-0.4118068158689603
779,779,-11.378642415378009,3.662681251748287,2.9446772369326046,0.82071327196469,99,other,7.109705774359895,12.310965079905673,-1.7936978510984147,-1.7936978510984147,22.386580484865114,474.82153163408793,-0.2045967973570768
780,780,-6.762311409155971,13.297043632551036,3.948421333455292,0.8788328300818224,3,body part,7.487160095240362,15.431469663867142,-0.4158356490672297,-0.4158356490672297,26.264089539525646,475.28617272445086,0.7532275750299711
781,781,-5.676676990457626,9.874374656126635,0.825556087031816,0.8218433199644205,1,animal,6.809379876998127,11.41969699056776,-1.7307571466477008,-1.7307571466477008,22.39413570018911,477.8982285628843,0.6368689982024875
782,782,-13.753624752680748,9.93530430801042,1.1048483029533749,0.8349635103420175,24,toy,4.393225325166244,17.00273964109496,1.3375663619249778,1.3375663619249778,26.883778312628948,474.68312821074005,-0.09723463571957325
783,783,-12.171849798662366,4.124935676920536,1.7777208971027765,0.7694392301200375,22,sports equipment,4.883118430460312,12.974178719592423,-0.981150315445884,-0.981150315445884,23.21098880533288,474.3789372534408,-0.0007210390975771475
784,784,-12.482510062772064,8.92747267226617,1.0715324443967984,0.7536032965750554,23,tool,6.827936947565898,15.38379041591051,2.7814258526203623,2.7814258526203623,25.266093115994618,474.4590709803136,-0.20015799593676675
785,785,-8.746031450931815,5.498350826423029,0.0729932228837659,0.8120821157381838,99,other,3.694935646253673,10.331033634719338,-3.6856459200521456,-3.6856459200521456,20.437213388986933,473.8976578003615,-0.30145082782470567
786,786,-13.665613329090773,11.294901823588065,2.916412106906319,0.8192689168410876,99,other,6.623400489114196,17.967449859176625,3.4159639937977175,3.4159639937977175,27.611617834070998,473.81489624530764,-0.2720214590816781
787,787,-11.745156846167465,6.939916223043449,0.7938534458728645,0.7410347007267859,22,sports equipment,4.725785664632397,13.665333871422987,-1.0207808249883819,-1.0207808249883819,23.6229253684914,473.70614480780154,-0.2354603758066105
788,788,-10.997762819354575,9.20057849478932,9.225752903654993,0.8253372266016683,10,food,5.57641272073855,17.050394373997808,4.28864558734282,4.28864558734282,27.58509313570575,477.01833271561594,0.5594922721817817
789,789,-9.200535980447004,5.123364612520294,3.2130272637543595,0.8132277339136278,99,other,6.673552545254452,11.01009861345274,-3.785406206482886,-3.785406206482886,20.584709400523806,473.3316022618892,-0.7893186054860877
790,790,-13.20433320471288,9.63688496811775,8.159868310855819,0.7217839017531607,6,container,7.465294922484168,18.270397316980436,2.636408069999085,2.636408069999085,28.088938490922928,470.40523858888713,-0.07815209296959225
791,791,-9.297033921787364,13.57223244069779,2.5562988865802008,0.8236967205307654,4,clothing,6.655787463707162,16.648573427315796,2.43488185165047,2.43488185165047,27.11393001335814,471.42600815124797,0.4642909314876782
792,792,-4.296012687271628,8.000361073051346,0.489790719607111,0.8527153986115984,4,clothing,7.263760147224922,9.0940308586131,-3.981255330953779,-3.981255330953779,20.096975692146557,471.28272100836693,0.5157070054969566
793,793,-12.42918641873621,6.055830805854386,3.927933273018033,0.8023897744152079,99,other,3.92499821266759,14.373114539935795,-0.32318134853458247,-0.32318134853458247,24.02977216663443,472.78263024173145,-0.49084505999734773
794,794,-12.901691874559608,6.270089342164747,3.96495727295604,0.7520253089382415,23,tool,5.498716463475047,14.882491718834329,1.1237429956374854,1.1237429956374854,24.571203373811237,473.11577860201885,-0.4260100912537865
795,795,-14.226837763085523,10.934346696338253,7.706436605978719,0.7359827166245653,99,other,5.780233599445887,19.52823636621721,5.1660602517084335,5.1660602517084335,29.202557812067088,472.57441828368883,-0.141423657901246
796,796,-11.699950264708782,11.80362684090877,0.8372546560616275,0.8246516195970627,99,other,6.880946949186497,16.640776368762904,2.8580347833866107,2.8580347833866107,26.580163731385927,472.4108895699142,-0.06218007120801161
797,797,-11.693407646929106,3.650699134513627,3.0811130956222312,0.7321185479296655,18,musical instrument,6.806293786245893,12.631573317525154,-1.6268598151124927,-1.6268598151124927,22.814967081335773,472.21223792251647,-0.07618571292362475
798,798,-9.429312388615658,10.194792216334442,0.5073442558096609,0.774335911874436,1,animal,7.471777962120396,13.896154815280273,0.25289687046763376,0.25289687046763376,24.327860786418142,475.3384615310242,0.2535085674699076
799,799,-12.49364661951716,8.541246987071581,2.5803616313842097,0.7952204950908993,99,other,5.401780488732009,15.352601476500707,0.6185721227438741,0.6185721227438741,24.947617375274234,471.9750797556783,-0.4894519597358169
800,800,-13.215760193806664,7.734618214708356,4.099980621909569,0.7909693974927429,23,tool,7.3703367960064465,15.852144256457454,2.3059959808189205,2.3059959808189205,25.405591801066087,472.3505689775043,-0.4988722656409976
801,801,-8.612397006863974,8.390543402605438,11.043521132926568,0.7896379766886829,8,drink,4.976909830605673,16.325867811796126,1.320928544096823,1.320928544096823,27.199891243481808,472.8092592331749,0.8521900749087834
802,802,-9.053793450608836,9.921370992916232,5.375116071502468,0.832388368941829,6,container,5.07190904088187,14.467088546334788,-0.7933705991403741,-0.7933705991403741,24.476700308591024,468.660519068161,-0.13184323240197315
803,803,-11.54789046526508,8.868881549547654,2.4134796037889004,0.802793782317494,26,vehicle,4.301425821018304,14.759258719040464,3.271708715747021,3.271708715747021,24.484451945920824,469.97206484832617,-0.3974591723064336
804,804,-11.851674323494697,13.41359373822348,5.54160295815415,0.8122485104546932,6,container,7.855618164620471,18.737557060356465,3.540322756171868,3.540322756171868,28.652550147552226,468.4799587539739,0.04836385999685078
805,805,-8.11691540875273,4.4282696749516735,9.67617355657258,0.8591645820304358,10,food,6.386993341863808,13.38365505995498,0.09784808458919514,0.09784808458919514,24.71300100905482,474.6563849264222,1.1181666517315705
806,806,-10.459459729581566,6.2280353555030645,8.417822951820952,0.7440899236323081,9,electronic device,5.301061264865028,14.800285992923861,1.44853147362927,1.44853147362927,25.11484251499521,471.987096801528,0.19454443084953255
807,807,-11.143935790728875,9.043787995199892,7.319223753882616,0.7862474717348183,13,home decor,6.680224400200653,16.110507210184576,2.285438950790361,2.285438950790361,26.057950825429888,470.9526820925071,-0.08824926125970123
808,808,-8.06702250953624,5.481380050823875,1.0825498915696428,0.6754398028319231,26,vehicle,6.610282993169743,9.812965591434212,-2.2995601957294394,-2.2995601957294394,19.670235466368705,469.3521262737257,-0.5837009477249673
809,809,-7.536732715090567,-0.2952438682068107,1.9765172144115748,0.7457278062434247,20,part of car,6.505060313681909,7.797187265886041,-2.139797239069466,-2.139797239069466,19.278388905004068,471.41773760625495,0.9105055126593129
810,810,-10.284376829459111,9.021029093202316,2.9097721497477225,0.8534991177521666,24,toy,7.780588109304157,13.98621273376626,-1.296405160555235,-1.296405160555235,23.623096008076757,470.82821561465414,-0.5355184569429667
811,811,-11.305781903707905,12.06046730840685,1.2072175150247113,0.7679296448546308,1,animal,6.616833701269158,16.575070144042886,3.0229219906968368,3.0229219906968368,26.852462494691554,473.69071780770435,0.2715963963224617
812,812,-7.454484646197846,3.6762298350471454,9.632288096110228,0.7941612038946481,10,food,5.76067960603129,12.72261691268573,-0.2558320250390089,-0.2558320250390089,24.235786834063298,473.78539935935913,1.2594495502262575
813,813,-7.265989925251883,2.7262087379916573,-0.4193011837852324,0.7744849194985589,26,vehicle,5.730625312085388,7.771913352559178,-3.3135281421524674,-3.3135281421524674,18.635642133679973,468.8048820039332,0.29140615335339604
814,814,-11.7383980083451,8.168383248750017,3.0189268441080293,0.8167903703550985,99,other,4.147560442843998,14.615963601174442,-0.19488666466086713,-0.19488666466086713,24.15606106374829,470.1601121486219,-0.591776686079406
815,815,-4.519253622092268,6.630420089437695,-0.4564738824933596,0.7962871605020997,1,animal,7.180687952964374,8.03706988078439,-5.275345660928121,-5.275345660928121,19.137326236879836,473.2378101051462,0.5449978621876177
816,816,-7.124725934032659,11.75530510969749,4.277619752023915,0.7165210631742817,7,dessert,5.336980242605216,14.396074068997512,2.5337226190468876,2.5337226190468876,24.964293916459933,470.9582033639887,0.42219472000242675
817,817,-8.738661051406943,6.894513296709455,10.566565348591867,0.8472377161106004,7,dessert,6.748444736298772,15.347664768164002,0.45402167020649387,0.45402167020649387,26.15058831042774,470.7688841248043,0.7181379821596146
818,818,-8.930741163981619,9.697542764260074,8.254667147450453,0.8126606066914156,7,dessert,7.390901908148228,15.554420693741264,2.0767269522493557,2.0767269522493557,26.022113524803306,470.65335261115416,0.3962130372308579
819,819,-10.297168199281996,13.669802972900946,6.899474334708573,0.8151904590814365,17,medical equipment,5.568463862097782,18.45258606097092,1.7442940125269573,1.7442940125269573,28.79655014275473,469.75510487826074,0.45899556151843157
820,820,-10.36255977251724,6.363914571888553,8.844879937226958,0.8630705168814926,7,dessert,4.475072899034866,15.03708598170696,0.640122854024451,0.640122854024451,25.39266396495471,470.401264693542,0.2508051423419104
821,821,-11.455154041493476,11.844320579143488,9.142611230196744,0.7154995430768262,9,electronic device,6.69857291467445,18.843986420139075,6.0867505446631185,6.0867505446631185,29.145516743387073,470.2740684142684,0.4417503516720771
822,822,-9.57031651009192,6.413920548123987,6.601153882692727,0.789984377888002,16,kitchen tool,5.361376608818,13.277973018649133,-0.2678802342859363,-0.2678802342859363,23.31085910734217,469.95144429730334,-0.18509437065855394
823,823,-8.287582680539163,11.987904046260066,3.113171061866089,0.8043075391507448,22,sports equipment,6.132021574490916,14.902540191844865,1.966183667350041,1.966183667350041,25.151007888647065,468.84897272785133,0.13503616895466664
824,824,-8.843150504994359,10.027883102087168,3.018963384041416,0.8226143944131751,99,other,8.419505426505728,13.706709680929634,-0.33449189384221256,-0.33449189384221256,23.50062794323451,469.12258341496954,-0.39647087261421277
825,825,-8.383577620842464,9.652090439183132,-0.2563778806950525,0.7933837005274517,1,animal,5.8649662758949646,12.787218352267654,-0.7734134190233739,-0.7734134190233739,23.501838205950516,472.02092250342724,0.46505690463963845
826,826,-12.31744763524054,5.60395188751976,4.955805659642574,0.7265252905851319,99,other,5.313221348401147,14.411238764959606,-0.009892470534683895,-0.009892470534683895,24.152651558595878,468.9546955415692,-0.4036364106451842
827,827,-13.946948142099032,10.93955937341592,6.311293921836448,0.7604146370259754,9,electronic device,7.095478128052484,18.81551893333536,5.224859254958869,5.224859254958869,28.477566699134584,469.6558187132528,-0.19956422933167062
828,828,-14.100079903219376,16.056318327390787,8.193292688256781,0.8536416344557746,17,medical equipment,3.284296308861776,22.885533784098595,5.558627268463582,5.558627268463582,32.967122625844645,468.89763114775684,0.4819024295480645
829,829,-8.912277663015917,8.641507898629202,4.60527252382744,0.7828623731358995,19,office supply,5.484851330298895,13.240577288150366,1.5858724660877144,1.5858724660877144,23.13128840340905,469.64109484023555,-0.3296759442821582
830,830,-12.588482383727946,5.775691697424116,5.304782391153233,0.6818172469017002,6,container,8.101151149406117,14.831359328349244,-0.3880500119487529,-0.3880500119487529,24.53886248766716,465.23770818945326,-0.41050920910351607
831,831,-9.413630406774594,13.819904517319957,3.5874070635237443,0.8049111408515581,5,clothing accessory,6.405868773651266,17.101920586373094,3.4012198419541946,3.4012198419541946,27.409234172493203,469.00252848662916,0.33542306317087167
832,832,-9.564531218311382,7.725655666090839,6.462050936487344,0.7826940428164595,9,electronic device,7.111040154568004,13.889712567321594,0.5029057267856558,0.5029057267856558,23.908377775643828,469.0677999917628,-0.15994678586046618
833,833,-11.092024461093011,7.577953618471551,4.685536089829053,0.8043799426500864,99,other,4.807128186002304,14.227179486401452,-0.4621221158440605,-0.4621221158440605,23.77741364229847,468.28489507842187,-0.6066601731808525
834,834,-9.11404982225286,5.574913944260644,-2.346846697421058,0.762256317791027,21,plant,6.300328295853455,10.93861321510251,-1.6285807568329638,-1.6285807568329638,22.050255855047133,468.5360391993487,0.7431128084896699
835,835,-12.935115871131648,4.903740107146815,1.1425349786882342,0.752965779493715,23,tool,5.454987441189567,13.88053586197479,0.6898679117471467,0.6898679117471467,24.195848603716637,468.6839550527111,0.13611018118887586
836,836,-6.3970308832067175,8.942990126458245,1.2684485578835067,0.7410177775063997,4,clothing,6.505839615512686,11.068334936503634,-2.9688633245378213,-2.9688633245378213,21.492924380435607,466.0248562838108,0.06440784675696776
837,837,-9.95103019109396,6.380501488898124,1.3291689155297706,0.7702674869209876,9,electronic device,5.284515974158745,11.89539789666177,-0.8480115929334957,-0.8480115929334957,21.60962249113081,468.58444700316227,-0.5927314111774642
838,838,-10.069163077890368,4.931028722083752,4.998644855488931,0.796965937357465,10,food,3.333103256232968,12.275566778706045,-0.3701929174705505,-0.3701929174705505,22.33621901320688,470.89113381141766,-0.22183802355172588
839,839,-7.30228474222889,5.656316900438135,9.893465773881765,0.8242629504152925,10,food,5.538595590789209,13.535063662714736,0.8125815475446778,0.8125815475446778,24.883594583401887,470.81068418571573,1.1470955156615545
840,840,-8.162969971439734,7.183617575481383,8.348839611994826,0.7675402052999836,6,container,6.125785166204811,13.709178060416525,-1.3936401165763392,-1.3936401165763392,24.17746690111872,464.1872593679368,0.2780585582098709
841,841,-10.564004902727127,6.594774711600352,1.395892341775132,0.8279244782314087,22,sports equipment,6.60609145959217,12.531471123193509,-2.471062266155208,-2.471062266155208,22.285182335014763,466.85494369324994,-0.5123103361497243
842,842,-6.279707456298641,10.177190764518771,1.2396026861979534,0.8161903973596945,4,clothing,6.326624004603589,12.022751449386622,-1.806555273987101,-1.806555273987101,22.723703960840854,465.5001491829895,0.4021923367221447
843,843,-8.234383324017369,3.5621253167035016,0.0947563184306179,0.7537355584082159,26,vehicle,5.327843450194678,8.972334381789272,-2.8998655544832364,-2.8998655544832364,19.488453316335953,465.60316139031715,0.02104933640571005
844,844,-6.746059215393912,2.042575718401108,5.338921102299532,0.8164957150416814,10,food,4.753407900774229,8.84225701049128,-3.6362399704895516,-3.6362399704895516,19.946986514681388,470.4555097519173,0.6012887839395411
845,845,-10.328957656445109,12.181813206229537,3.099110791477072,0.8050888394393784,1,animal,7.785093670938558,16.269247891588414,3.105918834354103,3.105918834354103,26.399815603666,470.1267791028936,0.10509058343502886
846,846,-7.8957301172184655,8.308435868411394,0.9494039446026186,0.8167088060990502,4,clothing,6.988346144659888,11.501044670528097,-1.7746591419584519,-1.7746591419584519,21.612136118803363,465.10289025895435,-0.22124313765262826
847,847,-10.430240282935166,6.010043824315092,1.7289024558780293,0.7205138575455321,26,vehicle,3.54080429494622,12.161399706937212,0.13622468334187587,0.13622468334187587,21.961939874432684,465.20237271215,-0.48929730621139456
848,848,-9.96036340751351,7.611548469269061,0.8370447466328765,0.7612848761162684,26,vehicle,7.633493974943922,12.56364410581707,0.7592951546214195,0.7592951546214195,22.58908396894562,465.1077838378189,-0.23851119430680257
849,849,-7.814185132283621,6.210510080073216,2.558995568873112,0.7901132299384382,99,other,6.6302043589893085,10.304386592990658,-4.391404929566601,-4.391404929566601,19.857793340034274,467.0937567396485,-0.8559387039605078
850,850,-9.814254733265948,7.366144353202388,2.9490317154386254,0.7387823524589504,99,other,8.405480923555118,12.620478067819434,-2.1437832384963755,-2.1437832384963755,22.151897424482595,467.010962310912,-0.7288741542585555
851,851,-12.022504157571769,6.166868642912742,0.8566971479215558,0.8444734104760697,99,other,4.798765376340579,13.53901049120754,-0.7156650967291966,-0.7156650967291966,23.55605783682892,466.97138205253214,-0.18413406147261213
852,852,-11.442105042454846,6.204712418569783,4.34295348348859,0.8002677895489192,9,electronic device,6.528312588944816,13.721569478724742,-0.48195868930929464,-0.48195868930929464,23.35787853304722,467.2845618662764,-0.5531237791229131
853,853,-13.72499137689906,10.971563881872257,7.0870327192057285,0.714413403842907,6,container,5.083597463953241,18.946678734623912,3.2090055337514123,3.2090055337514123,28.618316393994824,463.08530814961665,-0.18153355392759707
854,854,-8.759069845392503,6.714346437507035,8.776332889478669,0.7826586248081515,8,drink,6.899822985303288,14.10063018543046,-0.3278071478302458,-0.3278071478302458,24.598598468175577,467.1438530207492,0.3329298803304219
855,855,-10.059399470210058,7.786568798212443,8.794266432398544,0.8593323895474088,16,kitchen tool,4.893358464790994,15.464840556390156,2.235332855149526,2.235332855149526,25.779051445026727,466.86926687653767,0.2369661699696728
856,856,-10.060350312247747,6.215966496859013,9.8978648432407,0.7008760387891356,9,electronic device,5.655509189968457,15.4213039769754,2.583202535019968,2.583202535019968,25.9768344087935,466.96743763806796,0.47548391896610553
857,857,-13.63327044935971,5.848989825859971,3.646969954580013,0.7810085630442104,9,electronic device,5.65077743850159,15.276685994613082,1.5144147549004074,1.5144147549004074,25.07392131852817,466.93680441956866,-0.29211807127560974
858,858,-13.501098299004406,8.04510769848439,4.489221300066088,0.7454790655276627,22,sports equipment,7.226208692316045,16.344923402713135,1.9473336216982453,1.9473336216982453,25.84145816145792,465.3787307049504,-0.524072276521732
859,859,-7.703854838443011,10.63411496785499,0.5441803528504708,0.8320317416311089,4,clothing,7.362410685197389,13.142675251933595,-0.3110074265261922,-0.3110074265261922,23.67537670842861,464.1343963496021,0.3060139167724891
860,860,-9.214070120373933,5.764761381938065,2.614060388973092,0.7816653954358824,10,food,3.287374149545814,11.17876888083166,-0.6004772249586523,-0.6004772249586523,20.692599017984378,469.0646336519963,-0.8392444895800821
861,861,-10.24446219245103,5.195506520820906,3.6773329508966137,0.7743403871133595,24,toy,6.079231182217367,12.060890151734288,-2.728304232851535,-2.728304232851535,21.665546455416546,466.0541753708439,-0.6916494569479141
862,862,-6.591313172030322,9.751676459116329,0.1100448154093513,0.8125395345483712,1,animal,6.816195811723858,11.770841641805504,-1.9936026396571513,-1.9936026396571513,22.69440069417438,468.8134110464047,0.6085872357591633
863,863,-11.227641137543284,8.163292593221202,0.0932108923252098,0.7822064920748844,26,vehicle,6.803110572590183,13.88192925160053,2.200758976058456,2.200758976058456,24.157023142619792,463.9508885357094,0.09598100197938209
864,864,-13.90880892894891,10.583448226712644,5.923368967520215,0.8044071772603629,18,musical instrument,5.088751769253877,18.454014254760327,6.606940309773197,6.606940309773197,28.04764898720869,465.04974725555445,-0.2912418764838769
865,865,-9.7335346492946,4.545156377196202,9.069487578282432,0.7780538059501475,10,food,5.157581184232936,14.059009502621628,0.9208578228873243,0.9208578228873243,25.099137216653343,468.74470485784536,0.8724108148531293
866,866,-9.035938314046826,2.408663016046734,4.76150530579951,0.7800773366081454,6,container,7.844576089547997,10.493892105281414,-3.8645680165117433,-3.8645680165117433,20.91999131540836,462.0903388620869,0.028949375992979753
867,867,-8.541057450863182,6.553602110294994,9.294951976644642,0.8127896205316852,10,food,4.916592914026484,14.223062091094821,1.1866104375409385,1.1866104375409385,25.190292142156988,468.5973940892632,0.8100707472347217
868,868,-7.700794691009292,5.544206056242145,9.007403338068896,0.7673225825664852,6,container,8.094301793164396,13.083339579855124,-1.4943267110357326,-1.4943267110357326,23.74720145244292,461.8996060334596,0.43335578893662685
869,869,-9.939516856898315,2.360408138016283,4.123666286596126,0.7528491226259134,99,other,5.045179535541649,11.0168119512765,-2.536446991224654,-2.536446991224654,21.412584113616397,466.12658908370435,0.03227480627091239
870,870,-10.923963937472092,3.923400936270928,3.828239865473932,0.8036200008921448,18,musical instrument,6.704338175875366,12.222171798887718,-1.6381372284666718,-1.6381372284666718,22.242229959845613,464.60731234573586,-0.26586832809809025
871,871,-14.905177048137633,7.947734647751962,4.904000916557597,0.753546737223344,99,other,7.020320903843716,17.58920162648105,2.790164737931903,2.790164737931903,27.18790971442089,466.05804174568317,-0.34182349034645654
872,872,-9.498247293562631,11.07240312549174,1.8974194647855485,0.8640272833950627,4,clothing,5.805655570480951,14.711050718708577,0.9307402076915636,0.9307402076915636,24.84108457553443,463.2981690272229,0.0042790344165482
873,873,-6.41890170630015,10.0327704209976,1.1240746883581378,0.8046676365996008,4,clothing,5.385938366278758,11.96337432920139,-1.8434548469110972,-1.8434548469110972,22.61035188604873,463.2625027293344,0.3443961707959673
874,874,-11.795510182757656,9.622549481242215,1.2855989885332777,0.820577641571686,24,toy,6.23877068766122,15.276789052343826,-0.17363579364458914,-0.17363579364458914,25.132432171836005,465.28838595344104,-0.2337036434238975
875,875,-7.161310512912272,10.664750445826831,0.9185285447096544,0.8423860734817686,1,animal,4.161665452001137,12.878857287102681,-0.9887914465364886,-0.9887914465364886,23.634349098320456,468.040376843578,0.5118262808096503
876,876,-10.277146400073498,6.89591248002775,6.743740470359985,0.8073218330166715,10,food,3.842612558709352,14.094374146882764,1.0279639660426518,1.0279639660426518,24.330415514159693,468.06115341470274,0.07060035784394714
877,877,-7.133973846140101,13.173191172326325,1.9147476336350893,0.8727571819515186,3,body part,8.073302612756587,15.102741704756074,-1.2930092317311797,-1.2930092317311797,25.848156350965272,464.9324628343788,0.644867075766264
878,878,-11.079923540915347,12.261715479421753,1.5043386115372082,0.8566659598691853,22,sports equipment,6.82762389477556,16.59449929431385,2.8709186948922643,2.8709186948922643,26.613974573340325,464.0296260097924,0.014929686602425107
879,879,-9.885204439083587,2.580879787676037,6.993562216036341,0.8023917148820873,16,kitchen tool,6.554655458760479,12.380957949629087,-1.3133142628068306,-1.3133142628068306,23.186607462207625,465.4412862438534,0.529941697561739
880,880,-6.7976680404193175,5.998472736957699,1.528800774673148,0.7767517028896781,99,other,7.077224094821128,9.19386740019695,-5.237109497423287,-5.237109497423287,18.856592923491018,465.72715575484006,-0.8180873295737392
881,881,-12.491582860690418,2.9249219615751345,4.609028978621839,0.7747644086058721,99,other,6.379889059275248,13.632239690255412,0.022632176293011952,0.022632176293011952,24.008637425405414,465.761030734655,0.18121608805747869
882,882,-11.062284681850818,8.321198906672235,4.353715574739906,0.7713710813398846,99,other,6.323286957708143,14.511076215513695,-0.19626302799391127,-0.19626302799391127,24.069538349693097,465.65256288917993,-0.5801620364366329
883,883,-13.196146169408708,10.215444199687443,3.4616625164501715,0.7919102070016705,99,other,4.100814368624391,17.043376464161206,2.3260832810205443,2.3260832810205443,26.597937376783065,465.68225562468183,-0.42109721410768586
884,884,-5.561461000403308,8.28589682736585,-1.1070406260631591,0.8072622848943806,1,animal,5.894705465044485,10.040491703124541,-2.670761851415893,-2.670761851415893,21.29946812424124,467.61620039419864,0.8326480289205485
885,885,-6.876885919711202,8.768588717231383,3.9286082429473783,0.8050503888544609,4,clothing,6.629427357211424,11.815822898606504,-0.9730397611424593,-0.9730397611424593,22.12521586185137,462.6336720823833,-0.0026840870456439347
886,886,-12.9807426804758,6.246370224329245,2.813788997858289,0.75815256559159,23,tool,6.615549093021746,14.677677951249011,1.049641212572375,1.049641212572375,24.427254042811406,465.7065023186909,-0.37832643346998296
887,887,-10.112546046532774,4.160512952436879,8.043577464392387,0.7753377240713076,16,kitchen tool,4.412009599817664,13.574704195536702,-0.6447693860754562,-0.6447693860754562,24.154170351794168,465.0281473479529,0.3805818155517464
888,888,-10.130917613456855,11.352720198587292,0.4560126533088172,0.7984412170225597,1,animal,4.532424047369441,15.222604742225949,1.3894915812054478,1.3894915812054478,25.72476155328526,467.43203872870436,0.4093230198315858
889,889,-9.178416653046089,12.2209072744353,1.423105442623256,0.8119793478967902,1,animal,7.546163643447699,15.34989042202202,1.187216876530659,1.187216876530659,25.888923619160213,467.42087179487163,0.4543908688662732
890,890,-7.193828295373981,4.512434569767931,9.174316226886544,0.8033331643087741,10,food,4.379991716487965,12.501252318094927,-0.6209834732020774,-0.6209834732020774,23.86133449866313,467.4791430473861,1.0921159030492475
891,891,-13.39879775105716,8.98002328553989,5.684049775874553,0.7351849213950529,9,electronic device,5.755635346739158,17.101959573019478,3.1193847123860152,3.1193847123860152,26.696365837187173,464.98295422601433,-0.37748174979804716
892,892,-13.764281037294086,6.99327170011818,0.9295709939395908,0.6716846502639876,99,other,4.9494914434491495,15.466912548342066,1.2341330685592027,1.2341330685592027,25.502337283552347,465.51069002027174,-0.041686640527974106
893,893,-10.641038682107244,8.62969350280325,5.114125908254816,0.7265416431114106,13,home decor,7.123539725947135,14.62387082792755,0.35302230567500104,0.35302230567500104,24.31429048140564,463.4061064636628,-0.4409456260303024
894,894,-10.876689190293524,4.352927925525216,2.038151119360449,0.7428476516840775,27,weapon,7.591982403541476,11.891358595737305,-1.00354492854796,-1.00354492854796,21.873715860617718,463.3154527251893,-0.3248586897559811
895,895,-12.986306536087488,8.868019336425245,5.470012910966872,0.7130253184493649,99,other,6.300145955703473,16.649533496365144,1.952792065701182,1.952792065701182,26.199137111266218,465.46484428465163,-0.4514002544624738
896,896,-11.004750453463249,7.836350814421258,3.729168193308832,0.8167227851093342,5,clothing accessory,6.28371885826365,14.01497848887634,-0.710208516624558,-0.710208516624558,23.51620652905334,464.1846036097353,-0.6693224724809603
897,897,-8.341185869256783,3.22300689622194,3.521584875992958,0.7901874643485834,9,electronic device,6.83085072997816,9.610656335412559,-4.340676405810051,-4.340676405810051,19.644151789190484,464.79278718881466,-0.42049496997863045
898,898,-7.542092281815393,4.170366232394951,9.48749409206525,0.7804802604802605,10,food,5.814347447254564,12.817474581472451,-0.3802141946413471,-0.3802141946413471,24.222140865593104,467.2094650589995,1.1570504730517115
899,899,-11.205435429696442,5.857222100646572,5.422065053265031,0.8286877079560008,99,other,7.1935987803751855,13.757457008736637,-0.5674794063881272,-0.5674794063881272,23.467965894308154,465.4093807694457,-0.4766144078443979
900,900,-12.319818713414389,5.428181908680954,3.618601214492748,0.75173707228005,99,other,8.047135975983213,13.940493775855106,-0.6525817387158348,-0.6525817387158348,23.681425024758948,465.4239948112275,-0.4344127233833923
901,901,-9.51517135565207,7.470829391489871,10.191465113317486,0.8617754653921423,8,drink,4.684559573037986,15.81827231021574,0.9670728937351818,0.9670728937351818,26.410179217211024,464.63035922540246,0.5374072694993792
902,902,-9.99880623572467,10.376803783801057,4.400108848193157,0.7939450282481003,99,other,6.833122865558745,15.067021629473498,0.8399137616348753,0.8399137616348753,24.86852872411841,465.4093065886833,-0.3013392392875538
903,903,-8.003332237002708,8.730921371127685,1.7050588087069196,0.7930013779901457,99,other,5.680242472600126,11.966183202082858,-1.9916051764840894,-1.9916051764840894,21.73694902961837,465.39248243271226,-0.5316347936553285
904,904,-7.598749743975086,4.448961143519964,-2.319335690554216,0.7865708309305871,21,plant,7.118642690030564,9.105688934594157,-2.9813238609838955,-2.9813238609838955,20.36337189986519,464.1616611872484,0.7711953920761445
905,905,-13.27488273971175,9.452695627193393,-0.0648783810887455,0.7546162144600532,99,other,5.100433723833434,16.296630804488107,2.385589107128574,2.385589107128574,26.41689235986363,465.42807131384006,0.09654665259372308
906,906,-12.48900063648977,9.180946526086156,-1.2439291482201706,0.7732232979751414,99,other,6.283012991785059,15.550314329263157,2.0418289795148965,2.0418289795148965,25.977540110129603,465.4088184001265,0.3554817221740514
907,907,-11.688753338940645,8.845644347627152,3.82509831694276,0.7710782411009299,99,other,4.897734766804739,15.149381362867018,0.38267035288054885,0.38267035288054885,24.68363536421973,465.39358875882016,-0.5632920764454958
908,908,-13.690054406188722,6.243389282280293,3.05907699470636,0.7513346961838621,12,furniture,5.379557160023978,15.354330054875119,1.6756932598379564,1.6756932598379564,25.099890374001664,462.82243155130305,-0.3387962968161382
909,909,-11.686777521362153,12.651340686106767,3.289380752403854,0.8152934518395492,1,animal,7.06471347798698,17.534457953527994,4.556741716183588,4.556741716183588,27.54696899215616,466.87459173202757,0.06845643426558112
910,910,-10.3074624750322,5.15052528791879,4.637076769878123,0.826016779590234,10,food,4.520776554421668,12.420715534357559,-0.02806228381162512,-0.02806228381162512,22.333726610204838,466.9025709826672,-0.36013814198060246
911,911,-8.488183099205397,13.62316098277864,2.1960878799919827,0.8554621683905651,3,body part,6.354120076179119,16.200696573449736,-0.6114238227049889,-0.6114238227049889,26.690863155943905,463.7150622946232,0.4602778375252221
912,912,-7.031793742754378,11.507778583986676,1.7455634075764324,0.893170716990201,4,clothing,8.27747704212229,13.59860591342259,-0.3451120031190449,-0.3451120031190449,24.287643311181608,461.88521235326203,0.4916912507994944
913,913,-8.942198510597837,2.478082775862255,1.4821151730248818,0.8641975254144312,24,toy,4.398133914053889,9.396833181081483,-4.656789156130955,-4.656789156130955,19.78905532790223,464.0854910900288,-0.0755288543283541
914,914,-8.998074723310964,5.6787964503216815,6.119748855828953,0.7653446800568185,10,food,8.536057600241104,12.274583655215912,-0.8811505221902358,-0.8811505221902358,22.606217485407065,466.8425742715541,0.04908030328020274
915,915,-7.402820611138631,5.816556393579054,8.47440853363238,0.7930503537042464,8,drink,7.36465871791999,12.666873381986795,-1.9485143983169415,-1.9485143983169415,23.36055041819574,464.3635448130761,0.43636929319084317
916,916,-10.136403365971434,8.139888147019985,6.578744852219714,0.747248966138531,99,other,6.333872067034939,14.569980647697541,0.5460208935322655,0.5460208935322655,24.38819448069298,465.42125187502813,-0.3166195461117667
917,917,-6.336012387449255,8.540081703360688,-0.3968699480977378,0.8247440020892179,1,animal,7.24086440354217,10.641219583754932,-2.9912719204640403,-2.9912719204640403,21.59129622411575,466.72962494664085,0.5624080580394804
918,918,-7.320309252451302,10.510995297182042,1.0981519909730784,0.8696742758903321,4,clothing,6.62454955311119,12.85588921406004,-0.9786558462603914,-0.9786558462603914,23.36321380095166,461.78837412663853,0.26218094740007913
919,919,-11.584660913183113,4.469856689636297,5.822463470199479,0.7666840157774047,23,tool,7.550019228248949,13.714410966611958,0.5163675433922847,0.5163675433922847,23.88015969571179,465.31766312746373,-0.02414479000072589
920,920,-9.439199948368344,5.69304531152372,3.82116461328621,0.8165022426366727,10,food,5.64638420339095,11.666643029859529,-0.6077170889931445,-0.6077170889931445,21.334706012044265,466.78607937131005,-0.6536145303930496
921,921,-10.72103920359006,3.69815103856903,2.1833488960272165,0.8014329992301902,20,part of car,5.823279040336671,11.5491997606227,-0.15394435490778235,-0.15394435490778235,21.70372649954522,463.6342126362952,-0.17470882881829297
922,922,-10.25323770194231,5.845941388730478,7.243647318690468,0.7989401590369875,10,food,4.925023114577181,13.848261283301051,0.6392100442397783,0.6392100442397783,24.30949979998097,466.7721019356139,0.2799589273830705
923,923,-10.26294865709324,7.263096891346125,8.55060835893095,0.7833918817185977,99,other,7.748172619515457,15.205051624346215,1.729648601061239,1.729648601061239,25.2427781991552,465.5223240484612,-0.05623684635905235
924,924,-12.048237422791631,7.029618396964036,1.7707323124939989,0.762020842140144,4,clothing,8.118942253745224,14.060976236570571,2.5370123379287968,2.5370123379287968,23.734742697769256,461.70704871439733,-0.49382386892427377
925,925,-12.838271382077048,8.046796523384245,3.4017332120287573,0.7325105155533713,99,other,7.028208705092635,15.528809845394681,0.6451342339447166,0.6451342339447166,25.076593283916658,465.5948009479835,-0.5253445400526431
926,926,-10.324237666555629,6.93565591658077,5.337117733157137,0.8154707803881391,99,other,6.576983034656729,13.53432791409711,-0.8641958956342783,-0.8641958956342783,23.152449139169992,465.58595282409874,-0.5833615290147307
927,927,-12.103950379816956,10.16414872754817,7.132096537754172,0.7198429754527316,99,other,6.130239083243098,17.340194208157968,3.135211907575208,3.135211907575208,27.11800827783123,465.64494431316444,-0.17874236738883553
928,928,-11.81132902360153,11.733025296430313,7.577746695042475,0.8084400152692837,23,tool,6.253316844475816,18.291900417525586,6.08047440455444,6.08047440455444,28.341839211895582,465.43690469187237,0.1546293583164413
929,929,-11.944378380108692,15.203029121772904,2.606494103896297,0.7431581122129903,1,animal,6.761912448956871,19.508820591679267,5.663675641746924,5.663675641746924,29.876275712016376,466.8481674959735,0.5504605154783953
930,930,-9.19453739019765,4.540556720065728,6.154725484646748,0.7928540858075594,10,food,7.076147796477367,11.959800121207579,-1.1356163887528048,-1.1356163887528048,22.451077163161795,466.8037516815187,0.18846563794305027
931,931,-6.405224745771028,3.2430562888359407,0.5303225105971953,0.831296749824827,26,vehicle,4.622945964997429,7.198997159441166,-5.030130376929279,-5.030130376929279,17.336512069495214,461.8426296145115,-0.47167770796068
932,932,-5.06958924092692,11.526600623912966,1.806420306288496,0.8553577831117612,4,clothing,7.9895509668257105,12.721101026950622,-0.1681585645760677,-0.1681585645760677,23.91152977300553,461.8376603521936,0.9366108201600944
933,933,-4.983266544663867,7.329653208130019,-0.3553092418318523,0.8273298161004226,1,animal,5.546418097715312,8.870344202112339,-4.606009556215103,-4.606009556215103,19.927075078044858,466.7655806805184,0.5550977053612662
934,934,-11.159788571175406,9.648038856756497,6.4844774459371255,0.8388465345942882,99,other,8.01194043224513,16.114402951449602,1.9091479380724081,1.9091479380724081,25.90154938815915,465.80554242422835,-0.24829572957960622
935,935,-9.547757523617593,9.55107806423458,4.756057403507529,0.7904607886598812,99,other,7.779603303692195,14.317920517461959,0.08360344551994814,0.08360344551994814,24.140031844142122,465.8243709355445,-0.3289433683108669
936,936,-10.402144814188532,11.650079939082628,5.214841912046543,0.8329408260204302,99,other,7.420949939655904,16.465829936265045,2.4076895608740365,2.4076895608740365,26.389911242005372,465.8927297937391,-0.088744796177739
937,937,-8.552106902435487,11.314469424422304,-0.0546122707703235,0.781574421513446,1,animal,6.737751435846675,14.183043866779464,0.18552406325165904,0.18552406325165904,25.00804949925086,466.7772654140676,0.6652709580086835
938,938,-7.93793105303945,10.165414036994454,-0.5870442115829925,0.7770983637709936,1,animal,5.870861298663671,12.910887376655602,-0.6267041434969478,-0.6267041434969478,23.828903560007333,466.7740617586617,0.6764119476034942
939,939,-9.610510430080929,10.460569672690712,6.604716185921926,0.8209571084293074,1,animal,5.007874202293732,15.665494071381536,4.279816016251711,4.279816016251711,25.853167082918308,466.77641041406156,0.12334133884359844
940,940,-10.87552270197795,4.996198989515117,3.6895746638684352,0.7652541780140893,99,other,5.147467068327954,12.524055237195718,-2.0619979618192197,-2.0619979618192197,22.23233311660036,465.99890572297596,-0.5582209175037889
941,941,-11.942341335776815,5.614718960219902,2.044137367930843,0.8090967638533731,6,container,6.868800286853215,13.35376662823743,-1.6716348719648444,-1.6716348719648444,23.068804827838857,459.89430083734504,-0.49806456615396755
942,942,-12.766104095919545,9.279720888299668,3.14406874107568,0.7779370512105909,99,other,4.493241332823192,16.09260084017522,1.3341373187362464,1.3341373187362464,25.6484277332546,466.0810533229944,-0.4810183468874101
943,943,-11.70172791812792,8.64790689542098,1.7037350617345903,0.747629576777523,99,other,7.922383445413887,14.64989566865061,0.16038610872247716,0.16038610872247716,24.347221267467948,466.0947969183993,-0.4323648534908884
944,944,-6.380014365525743,11.642953877403825,1.4060769229302772,0.9011730683024008,4,clothing,5.1457646973728695,13.350655811939152,-0.21209758577546367,-0.21209758577546367,24.251884441516086,461.9481353909283,0.6879256674089476
945,945,-11.184570712665613,9.813404924979116,6.972318258541749,0.8096221415031682,10,food,7.464372283307966,16.432004142727582,4.088600436485699,4.088600436485699,26.53582040491608,466.96910792395255,0.08881330317891667
946,946,-12.154304503632478,4.566198283073589,3.049604730514336,0.7439397176962762,99,other,4.451416518045785,13.337067658962383,-1.0127920952167173,-1.0127920952167173,23.266697374532363,466.2385831700211,-0.2845477114390249
947,947,-9.94315042611902,7.290917793517721,2.145283859405384,0.7998311261569446,12,furniture,5.043171168494864,12.515029584690938,-1.5830717179481901,-1.5830717179481901,22.12143908020586,462.6890098983652,-0.6606701467663996
948,948,-10.484378074537643,7.697768608716549,1.8173344286081368,0.7967367503785431,6,container,5.044316210084274,13.133184289752126,-2.1673611385532823,-2.1673611385532823,22.711294199558594,459.98875166551727,-0.6491884202677198
949,949,-11.60400103285936,1.6407301589772076,1.3143794102441226,0.7840581852536282,99,other,8.284807733720303,11.79289738186728,-1.2888337004201027,-1.2888337004201027,22.704304036607542,466.42940679952056,0.5978542340749158
950,950,-13.894682884803933,10.200003669847218,5.168171970050099,0.7755076870575159,6,container,6.361883797999936,17.99478504584513,2.174636604961286,2.174636604961286,27.46473356417746,460.1022651442222,-0.44448176120196337
951,951,-7.071841049771869,4.087174501367519,6.3622444135338325,0.7817945607271173,10,food,7.104319242984317,10.35345764541536,-2.8790808699586954,-2.8790808699586954,21.178155593098268,467.174917809961,0.4185104615714863
952,952,-7.79223750167136,2.135015100158732,7.323515013657273,0.8682468209297478,10,food,6.13401545518353,10.904637862653798,-1.4777668852865489,-1.4777668852865489,22.28332580784071,467.24334938562845,1.0079716317848941
953,953,-11.344579128053342,6.049613794760737,0.6570592670195453,0.8008751057035233,27,weapon,6.725627423684426,12.873578738594766,0.4792226003602771,0.4792226003602771,22.940954872491652,462.8709440048062,-0.1766290972115243
954,954,-9.566014544392402,6.006371806350067,0.7485057705531105,0.801437328787482,27,weapon,8.016292959688556,11.320132394464089,-0.9524267861681608,-0.9524267861681608,21.234185266158445,462.89133663780245,-0.4299243138567057
955,955,-8.04015998142476,7.07150351559306,3.1158276495208264,0.8648679252270619,1,animal,5.991664308955002,11.151623937322656,-0.6787676220443473,-0.6787676220443473,20.817318565017796,467.09800939619606,-0.6891269103912983
956,956,-12.026359091034651,7.426147277231879,4.048627371216439,0.842098549100109,23,tool,3.938434345489774,14.70280109232976,1.24615065724106,1.24615065724106,24.24086052885761,466.2376755453401,-0.5882262901354878
957,957,-10.700147648412228,6.185709880133643,5.106979727965303,0.702941824435727,23,tool,5.495378213751827,13.373010444954168,0.069942782838325,0.069942782838325,23.105020014287437,466.276325585552,-0.47985476165070295
958,958,-11.28958126207067,5.176663372608306,5.122629526022812,0.7550673933659725,23,tool,7.8521620434399555,13.434798919488236,0.0005019573322400106,0.0005019573322400106,23.329406482535145,466.33673274470715,-0.3132803740406551
959,959,-10.98563532518784,4.756380328059545,3.299079185060969,0.7628354200000542,99,other,4.07906115579289,12.41737737175082,-2.138020984659587,-2.138020984659587,22.174604652611826,466.82738850251866,-0.5161367642387056
960,960,-15.292743821593076,7.47505640715637,2.225578315319141,0.7916580207937272,6,container,8.411858988870303,17.166760926880222,2.1336002881006912,2.1336002881006912,26.91582403510681,460.38675963792906,-0.21865461815860243
961,961,-9.881728021207593,8.468935768171086,3.9043145486808206,0.7671543128459046,99,other,4.854153625114289,13.58731370895541,-0.9725279386823971,-0.9725279386823971,23.208371655736183,466.9224773819527,-0.5770149093791126
962,962,-13.049461043218372,4.065611394667795,3.7886106435411326,0.7915065351582522,23,tool,5.849833745026967,14.183483357034676,0.3765316187405965,0.3765316187405965,24.388242816968376,466.5714208080865,0.0450530688423072
963,963,-6.109579882275823,9.688159511509484,0.5669653210680095,0.860795011709646,99,other,7.704920566849623,11.467730845012666,-1.5391349399173215,-1.5391349399173215,21.830196738266338,467.09093990175967,0.027987397908290745
964,964,-5.58370785252494,9.651598556728654,0.6699414918205725,0.8185877941413886,1,animal,7.690840180966827,11.170495498636491,-2.033815264174489,-2.033815264174489,22.165564102224014,467.48221900252815,0.641461543796428
965,965,-12.437925289744303,3.9703314728090975,3.291861669833445,0.7562815947891478,18,musical instrument,5.730402124466328,13.464838312083737,-0.8552739994360614,-0.8552739994360614,23.61990963397295,463.31690828195366,-0.05088343173219201
966,966,-10.118328552813798,7.335637795504243,5.187140542898083,0.7628390163033094,10,food,5.241552236878373,13.531392447981633,0.9934135719620798,0.9934135719620798,23.380392465055987,467.63571698469025,-0.3526716487744359
967,967,-7.106439788088659,2.000300924988747,2.024284600099745,0.7828048721710468,99,other,4.085011234706323,7.655091011506094,-6.24728457297519,-6.24728457297519,17.846304901239208,467.38393110631625,-0.3886268333980354
968,968,-10.038434242309355,11.96610598667701,3.172136465248817,0.8416285806827757,99,other,5.447003519651868,15.938014439562966,2.023406844169294,2.023406844169294,25.75656885464545,467.40229811439144,-0.2282392242338247
969,969,-10.564511531183824,7.089267609160669,3.59113044945423,0.7115078665489898,99,other,3.743586303454829,13.219789598620999,-1.614692100759985,-1.614692100759985,22.72812752999547,467.4023304378095,-0.7133869187881388
970,970,-13.74065325281118,10.87143611047907,1.800474871354668,0.7407831647864872,99,other,7.143508411911371,17.613500068998164,3.242962058030894,3.242962058030894,27.35958026523254,467.5509529457235,-0.19288765711380051
971,971,-10.010005156313058,7.9193955778192,9.311445400583438,0.7842111434778315,10,food,7.125550127854766,15.799368499894,2.862652949518097,2.862652949518097,26.497814170073404,467.86434091611335,0.6427294790050198
972,972,-9.9988076206826,6.660986830560861,2.622513612399006,0.7848414168091475,24,toy,7.291871132416924,12.297254857875547,-3.2196174253934053,-3.2196174253934053,21.788852337800442,465.1983936712433,-0.7894970429798889
973,973,-8.697092640062465,7.851829963371058,9.772411582913474,0.7934387497583237,8,drink,6.587314426774221,15.257479552972754,-0.051997719456956304,-0.051997719456956304,25.927295529751635,465.3164510944879,0.5792265520877571
974,974,-10.763103251562669,8.475640224705426,1.1035562488284163,0.7961078344920823,21,plant,4.4319886505922295,13.74404253546866,1.2669415587478348,1.2669415587478348,23.631392592362754,464.9951396006062,-0.300636524214692
975,975,-10.493689852723334,4.932516419567659,4.231359823653518,0.8557308994952665,23,tool,7.441629571335309,12.343081094754355,-1.254938625398335,-1.254938625398335,22.139041412887998,467.25583046438305,-0.4821850598052819
976,976,-9.97977283037637,10.847726628367832,9.580357900052562,0.7967666625458741,10,food,6.796272624945831,17.57988328296916,5.39767986094553,5.39767986094553,28.31530292116923,468.1479836080826,0.7942883784271402
977,977,-8.721367883394386,9.40601146032169,8.407944926404689,0.8200895705431702,10,food,6.109779394294462,15.337172074233907,3.1400506636052476,3.1400506636052476,26.076631178172697,468.1893547995238,0.6539982870911523
978,978,-11.3442332859885,13.780107216653423,4.480077487790905,0.8229557425275379,99,other,6.833139546343741,18.40255629107011,4.507787533321398,4.507787533321398,28.295225435501635,468.1445849129134,0.004480961062753863
979,979,-7.072158972844868,4.729797985429273,9.610358913946609,0.8034477463593318,10,food,5.337684370611791,12.83531923931127,-0.06961416329367509,-0.06961416329367509,24.266844245602577,468.3435251022585,1.185057587200788
980,980,-9.641150200127065,11.25425174932426,1.885085200479371,0.8223018380848933,99,other,6.696363640086092,14.938658100098703,1.1586081995778876,1.1586081995778876,24.764899961026135,468.2086465519266,-0.284865300911477
981,981,-13.115324615901429,6.983085045251901,2.375645534492107,0.7137632278234955,99,other,8.303484434332994,15.047222608682407,0.36615519116558204,0.36615519116558204,24.772156821448,468.2778243050597,-0.3791862860661084
982,982,-8.36061442357525,3.6978231040783607,1.7526287687077666,0.7695886337112737,99,other,3.274558110515829,9.308355217204182,-5.217970536130682,-5.217970536130682,19.12461107414273,468.36482864123695,-0.6571891387326936
983,983,-13.79935487859915,10.134174790269793,6.730705078444863,0.8288955901081902,23,tool,4.689662285690547,18.396360634600025,5.388738074513466,5.388738074513466,28.074119225802256,467.8297611184373,-0.21082831329953322
984,984,-13.199811518962262,8.085007389563573,6.968946125121368,0.8151151638743811,6,container,2.613022129962558,16.975528820047714,1.3867964844620921,1.3867964844620921,26.653991228559093,461.41598005675536,-0.3015620496411877
985,985,-8.986013013401385,8.77508551503992,3.071103410550404,0.7971430641612194,12,furniture,4.506366663555089,12.92989682215511,-0.8467311711178773,-0.8467311711178773,22.706597221952816,464.1790736437364,-0.4636804841259661
986,986,-8.350904303618547,7.369435597172415,9.98715578449936,0.7825384001457607,6,container,5.563991014546493,14.959594391992242,0.23802022437204684,0.23802022437204684,25.648842183788968,461.50649917622644,0.5794879838765965
987,987,-7.215757770032419,6.586616004158905,8.16709992221643,0.7986619293941305,10,food,4.932305147802365,12.733899313309065,0.13232556891123437,0.13232556891123437,23.70815837542774,468.7910644275981,0.7212647692418948
988,988,-10.753988265434316,7.573387675901472,8.78106657787028,0.791839538830874,99,other,3.960101920838393,15.814916842891895,2.300817299057872,2.300817299057872,25.832859899258512,468.79837691024113,-0.0367725220452364
989,989,-8.076956864261852,4.45709071257339,8.337829871472643,0.8181336999685939,10,food,5.370214235862956,12.434721419190545,-0.9359254228917493,-0.9359254228917493,23.518382680446553,468.93417965097746,0.8114133913798867
990,990,-8.11994350978584,4.377288542548451,8.546789673009625,0.8112023005048874,10,food,4.387472485574637,12.575442389892416,-0.7787251154717616,-0.7787251154717616,23.70714630348805,469.00032684724926,0.8685121340861244
991,991,-11.540129453467422,4.579677220246904,3.0628447271241424,0.7656136278523039,99,other,5.530944670215706,12.787847710498701,-1.6484540654403297,-1.6484540654403297,22.65117804416626,469.0841027640455,-0.38619211306115275
992,992,-6.326154397392633,9.587080229280811,-0.2827956875423179,0.8303868541846225,1,animal,7.003695315028732,11.48966101254557,-2.0161779236880015,-2.0161779236880015,22.53793285950033,469.0152414968288,0.7152046663405258
993,993,-12.91769098187619,7.282547071984302,3.008599262122756,0.7812754211983995,99,other,6.9564821323634085,15.13122274236151,0.29532406210017115,0.29532406210017115,24.751727145461622,469.25563944024026,-0.4782102717267449
994,994,-10.319521068992788,7.175141249158595,5.270470367634097,0.7568612540995143,10,food,6.842125523829161,13.629124144084694,1.0271668630291408,1.0271668630291408,23.477888775739036,469.22202586731123,-0.3466175162414551
995,995,-9.653282128565664,4.32448529817643,4.5684293697511285,0.8293585774530897,99,other,6.752493248016588,11.522047381183347,-2.6560297775993256,-2.6560297775993256,21.347269577400162,469.42601162366344,-0.5057607614165249
996,996,-10.013631937720298,4.904512487242012,2.128529035666111,0.8280118464864487,9,electronic device,6.441670262381462,11.351550694831014,-2.0393743159875477,-2.0393743159875477,21.059407306797862,466.9125818027116,-0.6340986505839048
997,997,-13.851774982486123,4.334200600927828,4.573564160146712,0.733162725329705,99,other,5.632764271353655,15.217570572909793,1.189147353114798,1.189147353114798,25.29803553736939,469.6634049705995,-0.012692800458903974
998,998,-13.895517281168647,7.826216583109961,4.962207404914049,0.7530886543980255,9,electronic device,3.66228803706996,16.70205283330123,2.564077477318346,2.564077477318346,26.28583807900311,467.0942653916429,-0.41383874460799674
999,999,-12.916738976751798,8.141138798341176,5.504470963140789,0.8026879044300648,99,other,3.287436727845481,16.230202935005316,1.5609466107856065,1.5609466107856065,25.794106343036578,469.7977790443443,-0.4640864566549219
1000,1000,-9.570060781712014,5.816168604398209,7.89846183048515,0.7736059136867418,9,electronic device,5.265261538980382,13.703998682431365,0.42871954318100336,0.42871954318100336,24.03792057618108,467.2150148543502,0.14335829267066913
1001,1001,-6.91433893266517,9.8093123218904,9.755073750612269,0.7434205662245275,8,drink,8.052145934612629,15.465838321411635,1.9414252649686539,1.9414252649686539,26.510382102042357,467.1142326758783,0.9673632730771615
1002,1002,-8.709448217356275,8.65785703441574,10.350047389162524,0.7930380134580276,7,dessert,5.070519807970918,16.060400295045653,1.901824083494347,1.901824083494347,26.821523787710124,466.39202847273,0.7222059883784873
1003,1003,-7.633142687825175,3.677335703209566,0.5276475259545468,0.7291710334967548,26,vehicle,5.681297655667199,8.489174110503606,-3.7243031974426284,-3.7243031974426284,18.717031460606226,465.02683701564655,-0.2983060008492977
1004,1004,-9.267035979973889,5.412959647543698,1.5631504153711917,0.7605786951682553,10,food,6.326950475029123,10.845345878354554,-0.483471541331415,-0.483471541331415,20.486922352321507,469.9869692162528,-0.7329555718390672
1005,1005,-12.55300645459872,8.32522667000197,4.605278613966412,0.7505048959608325,13,home decor,7.060562838944989,15.751062226667939,1.1295353445346095,1.1295353445346095,25.25919939640021,465.7087285711706,-0.5506877690113505
1006,1006,-10.637014811538611,5.849522800178361,3.51792277799611,0.7809239397550204,27,weapon,4.659925991486471,12.63878086536206,-0.12093285548202104,-0.12093285548202104,22.213894509092484,465.6320328413339,-0.6840019916573112
1007,1007,-11.458328066464023,7.865681831578668,1.6318736620280714,0.7108601350433368,99,other,3.426055997905865,13.993757336868637,-0.5477799693916161,-0.5477799693916161,23.69059544649393,470.55506595732396,-0.4750780891085
1008,1008,-8.839629518531591,12.391851599310986,2.862966819509462,0.8145273087346259,4,clothing,3.7147153003031046,15.488499446164997,1.3018366527113336,1.3018366527113336,25.862890140567725,465.3770254071664,0.2986685422922264
1009,1009,-10.389918704076113,5.893833191516888,9.584775967095243,0.8092256504709487,9,electronic device,8.250035559249046,15.31520847739734,2.3419805291738065,2.3419805291738065,25.841197219383428,467.97152928187285,0.4391144590662961
1010,1010,-10.63330499169323,11.112984139181618,1.1164657311103603,0.7685048871999598,4,clothing,7.453406936992534,15.42115713079969,2.20008604132169,2.20008604132169,25.55420136083982,465.51930836056283,0.052988266910535486
1011,1011,-11.506782705345575,7.517596463160893,5.765807137668077,0.755186078023571,9,electronic device,7.566067408651172,14.905194958797194,0.7896348177450889,0.7896348177450889,24.618772967090678,468.1475153421033,-0.39968267217215114
1012,1012,-12.403614503943723,4.769776718492979,6.99725374084538,0.7911341629168829,6,container,6.936016473544969,15.01872107139937,0.22075420052220096,0.22075420052220096,25.164283782923345,463.4674999585977,0.03960799782056412
1013,1013,-9.050788903479672,9.870971131316638,4.348824902039031,0.7996396657982024,99,other,3.49157345907385,14.080665072333481,-0.03512509320448842,-0.03512509320448842,23.96216890023993,471.2009272578149,-0.2848194282687331
1014,1014,-5.418205234839789,7.952379027851403,-0.6904609468072488,0.7920199245944837,1,animal,3.4432220068521557,9.647487573898298,-3.515177403712425,-3.515177403712425,20.788541379260963,470.86942391902795,0.689433653942757
1015,1015,-12.294144453885416,8.03102359896537,3.148908805299121,0.8682627064847862,99,other,6.151001377172454,15.018620261669529,0.16296648906051914,0.16296648906051914,24.564215373081872,471.43346166390654,-0.5603660898957159
1016,1016,-5.523778322601272,8.530045808416306,-0.5259437141649673,0.7768909289090202,1,animal,7.219823667514094,10.175972938318477,-3.058487383763058,-3.058487383763058,21.3181126398161,471.06248901721557,0.7245301967762927
1017,1017,-5.967628227430658,9.590699821025504,-0.069199256917529,0.8195261841282382,1,animal,5.173064557198576,11.295968230081197,-2.0857163240864978,-2.0857163240864978,22.364141085987523,471.1592635227393,0.7226405868791197
1018,1018,-8.21904085829753,10.64216706239121,-0.0936449699858249,0.8144801595138568,1,animal,8.183613631477865,13.446825714443248,-0.5008822157778603,-0.5008822157778603,24.25552207066978,471.23304116506745,0.6015824028699654
1019,1019,-11.162144270947277,6.029783649281402,2.229645838299496,0.8050165061063284,23,tool,3.302235601726088,12.881113156355266,-0.5498794993810314,-0.5498794993810314,22.562609307839846,471.0333892183815,-0.5620242025812807
1020,1020,-11.238257883374112,14.11564011305579,1.482467727581274,0.8297823873984269,1,animal,5.287293767951296,18.103796469742196,3.8526692605123607,3.8526692605123607,28.59044982548634,471.5208419516313,0.5792385004275822
1021,1021,-13.865901578855045,16.404719119024517,3.974696359398839,0.8279697281263438,99,other,5.377626707401138,21.844364195782894,7.93725891699297,7.93725891699297,31.647833504493217,472.3820419254771,0.13677848464870834
1022,1022,-9.247716193405273,4.770399704039924,-3.0315206110880486,0.718366416713657,21,plant,5.775345897621728,10.83822334820269,-0.9117945603025497,-0.9117945603025497,22.20804184198401,468.6818043820398,0.9948280779372531
1023,1023,-8.80521744837421,12.515202511023098,0.9742458695566876,0.7492460211101326,1,animal,4.256144266193548,15.333339597733454,1.2301323767366057,1.2301323767366057,26.04420615413237,471.7742973283452,0.6251591007358783
1024,1024,-7.702613330656515,0.9631404381598344,3.5492960250259142,0.7828310966703957,99,other,7.613930900553088,8.53553711833596,-4.505446020597066,-4.505446020597066,19.330742492227213,472.61029096555404,0.27202571177052803
1025,1025,-8.911052090049836,5.140279830982362,0.9327950900761506,0.7540429218478,26,vehicle,7.409605153543043,10.329541750361232,-1.9945926311713542,-1.9945926311713542,20.29689794359279,467.11054127530383,-0.4403703989969472
1026,1026,-5.012676889917012,7.65002706231374,0.8691143169914154,0.8100026601744492,1,animal,4.053531554836934,9.187230450622218,-4.458771344065671,-4.458771344065671,19.914774626346833,472.0792600059195,0.2463042023302222
1027,1027,-10.589344538017215,6.631516226814914,4.938388598771058,0.8111503345266818,9,electronic device,5.6285107784614326,13.43498817133147,-0.7727770052719123,-0.7727770052719123,23.10958632900616,469.7148932294671,-0.533277600120865
1028,1028,-11.571161376762166,8.876711948235975,4.390856706720411,0.7781958883165708,99,other,6.221367858777228,15.23047646129232,0.52464203429669,0.52464203429669,24.78831947991811,472.97941791252373,-0.5344841885523088
1029,1029,-15.334068782307815,9.425975846126637,5.384662259369209,0.8233737219833648,99,other,7.794729467394705,18.787689419398674,3.9504493243671597,3.9504493243671597,28.32213730509512,473.20150610883235,-0.32895507628049003
1030,1030,-9.779753190060706,7.26057134160954,11.183320295947954,0.7870781579623043,7,dessert,7.892209374729891,16.535601637281474,1.3150817037017788,1.3150817037017788,27.257300720534637,468.98264480645656,0.713363135334788
1031,1031,-8.868120838973091,13.62181371861088,4.467299500403856,0.8349041171219277,3,body part,7.223787389527309,16.85687221952735,0.6651172594801515,0.6651172594801515,27.2944609191415,469.4476051435454,0.44992810243022063
1032,1032,-13.665681531411792,12.383957293473376,5.548323349504248,0.8197861189940439,22,sports equipment,7.8865964354986815,19.258690037362243,5.365034574978896,5.365034574978896,28.944891267524334,468.20503356748776,-0.14689051282783439
1033,1033,-4.615984189930538,3.019529121408017,-0.7050015239959617,0.7709444609253838,99,other,7.173511456794435,5.560745750846408,-7.753237061469864,-7.753237061469864,16.187977950979228,473.74757780121575,-0.08738999760601374
1034,1034,-9.0802496673278,12.434305903111904,1.865820207911265,0.842297544431691,4,clothing,6.591405466368553,15.509486850357757,1.4363989019620895,1.4363989019620895,25.892427161797265,468.06130218454956,0.3085688025770068
1035,1035,-9.654923921712392,6.50162879875182,9.961442043542654,0.7828881439513372,7,dessert,7.475066021711516,15.320543742232926,0.2178937306125306,0.2178937306125306,25.913726797032744,469.5340501379663,0.5066521225564742
1036,1036,-9.053768156272202,9.218689842950765,10.026555531473145,0.7949379021922299,6,container,6.781541383173594,16.35502296157871,1.4081139123234685,1.4081139123234685,26.951798104743613,465.8622037690531,0.5768180644563436
1037,1037,-10.29801836365862,7.959211414108772,4.993107634359959,0.8263016280538746,10,food,4.592768664154067,13.940206325626363,1.6386567532737537,1.6386567532737537,23.733222574478678,473.2613374729814,-0.38234622227865245
1038,1038,-8.993918133410252,4.9258381842066905,-0.9501606800659556,0.7551666490690881,99,other,8.110125127068043,10.298410096972145,-3.1931286595494797,-3.1931286595494797,20.863362864027795,474.30441187990175,0.15522269897740415
1039,1039,-8.498407651585957,12.972304024784115,1.931320991099109,0.8812077193156096,99,other,7.283897213160706,15.627975079792806,2.3819851300524526,2.3819851300524526,25.787531986111574,474.50608099122434,0.09281070097564736
1040,1040,-12.866751278849351,10.26993022801764,4.339999851399797,0.8291089998467355,10,food,7.411973698853289,17.0252857265384,5.2826354071272945,5.2826354071272945,26.6098012602173,473.66237446097756,-0.3923068214800942
1041,1041,-13.870452145292132,6.415355177072337,3.2030439965706528,0.7045220682415805,9,electronic device,6.22855401266334,15.61427922149451,2.0329568998853382,2.0329568998853382,25.34890080673956,471.3528016020709,-0.3330060163091595
1042,1042,-9.036373005477769,8.266162716949138,5.925723532438791,0.828849638502582,1,animal,7.657121156057147,13.605134418303487,2.403759744959796,2.403759744959796,23.584556233162033,473.8130193420085,-0.2175041905267321
1043,1043,-10.67516226570787,15.10678836500425,3.764767843010017,0.9100840481856232,3,body part,6.828663733971899,18.877171954929672,2.0127312201222374,2.0127312201222374,29.11836145184144,470.93867620513777,0.38354517861075976
1044,1044,-8.341923942117784,4.028474665040599,7.884703914891098,0.7919231151097065,10,food,5.349200973205237,12.164902753760545,-1.0077377353701742,-1.0077377353701742,23.202712340093086,474.1714248530493,0.7481975510122396
1045,1045,-5.481577035762325,2.0926963855423018,8.214200646573758,0.7818441531997972,10,food,7.323729639415552,10.094560774161074,-2.015939822324544,-2.015939822324544,21.918189884030905,474.40409687400705,1.4007803297805559
1046,1046,-10.659334608806784,2.6117861956030093,2.7585586574608847,0.8032491140065642,99,other,7.210102338763662,11.316027894128792,-2.398795633914382,-2.398795633914382,21.663899113311345,475.4886915906855,0.003629888737087583
1047,1047,-8.702888563599016,5.705469506603806,4.413192978054719,0.8398510478692173,23,tool,5.620261415069989,11.303491668628766,-1.7526580102256695,-1.7526580102256695,21.011503999645363,474.5330983122196,-0.6370357675347051
1048,1048,-10.114958830014013,6.405295565809366,5.441309051210557,0.828927276877392,23,tool,7.658419446707336,13.150971356102996,0.1380500647541112,0.1380500647541112,22.92726774207705,474.663283021434,-0.44985725841877056
1049,1049,-9.32888326895572,9.362623481234316,5.144299947320741,0.8483479049222676,99,other,6.260592249709956,14.182757258204989,0.037870739039828294,0.037870739039828294,24.0531704153174,475.86608013725123,-0.2893399620294197
1050,1050,-7.653095627852028,7.447598204075866,7.165683766014874,0.7548974387253247,99,other,7.800696855202382,12.860156123971862,-0.4790019461267079,-0.4790019461267079,23.08683206593194,476.0142939198704,-0.01819310077765124
1051,1051,-12.950233959378323,8.261372110898073,6.320059931642353,0.7697599937124653,99,other,6.631457660040529,16.610297598083882,2.116092663237257,2.116092663237257,26.215187157145035,476.1946841417437,-0.3986393343885588
1052,1052,-6.738550049388374,13.332807331658907,3.4162859225536333,0.8735675559236252,3,body part,7.497168219971537,15.324582135115062,-0.6948031210955534,-0.6948031210955534,26.15399100378929,472.0637144871826,0.7431378269837552
1053,1053,-8.448764060000807,13.749083044816084,2.649078962577531,0.8761149022038057,3,body part,5.731963300346856,16.35348641925572,-0.5556751801026962,-0.5556751801026962,26.85373399148008,472.190322523493,0.4801916094187142
1054,1054,-10.351838327541316,9.710892191028824,3.0933057083565405,0.7319436220173601,99,other,6.004466759172692,14.52688969155783,0.12644550623130968,0.12644550623130968,24.188179270320305,476.62751624405627,-0.47631691646834895
1055,1055,-8.879382845026669,3.107906061016316,4.419384460514039,0.775964512868191,23,tool,5.893500465208929,10.393915470239731,-2.7461327157074855,-2.7461327157074855,20.664155177451903,475.7280927107882,-0.13334411779729294
1056,1056,-11.839992842444794,8.708288211772519,1.362266302878269,0.8347180827033788,99,other,7.690339926171458,14.76060579950558,0.36845630124113526,0.36845630124113526,24.51346178340424,476.939560328536,-0.36970972399853963
1057,1057,-7.680718728419935,5.061813351653981,1.4748112089206604,0.7599754672925406,99,other,6.585434013851177,9.316139903095126,-5.39672438490668,-5.39672438490668,18.932473437633355,477.09448580529386,-0.8566104780986237
1058,1058,-5.725573643264378,9.653783496025188,2.852647016480613,0.8313305543408239,4,clothing,8.100842886670652,11.580817084006108,-1.939268637879561,-1.939268637879561,22.30402510905223,471.1931617100104,0.3960071884209526
1059,1059,-11.57897335131124,5.8389691873371445,2.46417834279551,0.7808060952903348,6,container,8.129316261791834,13.199937876601952,-2.022016196166465,-2.022016196166465,22.78000837047536,468.78823058313435,-0.6429319127730757
1060,1060,-10.808538936016342,7.4275540995348015,5.334346609911305,0.8008894577319509,24,toy,4.889169265761178,14.15797752461734,-0.4177194767204604,-0.4177194767204604,23.78603464048246,473.9831969438632,-0.5332907016753303
1061,1061,-7.192349008692611,3.888695341160951,9.123663373468014,0.8339457903357202,10,food,7.964896665225517,12.251247653670633,-0.9041085381561373,-0.9041085381561373,23.68375887096576,476.4742792074054,1.148455903282116
1062,1062,-12.833624673735242,10.995449040839311,3.844861226211885,0.8208109979451443,99,other,7.845491346626367,17.331612150196175,2.733911710937786,2.733911710937786,26.931297361807676,477.93869391009065,-0.35742352332095706
1063,1063,-9.55478541699653,16.078460156275753,5.113663677002933,0.8532418757123152,3,body part,6.74571107053812,19.389697304581514,3.1214536781329905,3.1214536781329905,29.979082268316983,473.68135723823536,0.7647241862562524
1064,1064,-9.97741421538364,4.998303918187046,4.423227759516923,0.7368384051999808,19,office supply,5.674756710981255,12.00403183503212,-1.1414526298862455,-1.1414526298862455,21.78562792059936,475.7056171153768,-0.5183687889219399
1065,1065,-9.824827657998114,6.581991025140024,4.170329493279001,0.7626552093050959,19,office supply,5.288944382249034,12.53959698103975,-0.21881427504430562,-0.21881427504430562,22.130105028898374,475.844775095495,-0.6749905609754627
1066,1066,-7.816874340993862,2.4638630492914717,6.10901661205104,0.7788538110751668,10,food,7.266393503007355,10.222241904536777,-2.310002964839292,-2.310002964839292,21.28500385724118,477.2327433587399,0.6481300847713385
1067,1067,-9.315977663905556,2.6522106339394007,5.610423116870357,0.8220176220176221,16,kitchen tool,7.518652462704324,11.193681638830084,-2.6133784247136873,-2.6133784247136873,21.78616548245795,475.00671390265995,0.24036892661974818
1068,1068,-11.918587059196629,4.632850442478812,1.7790035397415993,0.781360277549948,22,sports equipment,6.041148864416811,12.910494735076522,-1.4188816470731638,-1.4188816470731638,22.98524508070886,472.8776218382444,-0.1668791585432281
1069,1069,-5.635786190823296,2.9202967256830785,8.109828585785024,0.7509391810318481,10,food,5.958151800469585,10.298521187312565,-2.327160678991543,-2.327160678991543,21.94259127614357,477.7121063607429,1.2343471699655346
1070,1070,-9.108473692916473,12.849883334159967,2.726613208743575,0.8193536931468687,1,animal,6.654927513043632,15.984937106731714,2.648934804324597,2.648934804324597,26.435210516209594,477.7693836020531,0.4064994758387215
1071,1071,-9.965242715386122,4.064932035995689,3.5202724189224326,0.7291432039154784,20,part of car,5.829360281184809,11.323517683884555,-0.5268492880301778,-0.5268492880301778,21.216056489475413,474.81379863095316,-0.4512205198448598
1072,1072,-10.232435493112996,9.12080387843291,9.71467201579374,0.7823526910114998,99,other,7.041960291920402,16.80079319210856,3.4972374702440767,3.4972374702440767,26.999640373183325,479.54277501992516,0.2075776211510032
1073,1073,-11.8889754037565,9.168284174425573,4.5535350629108216,0.6719191208520477,6,container,5.709352269869755,15.688844840309553,-0.11204697529391794,-0.11204697529391794,25.192556706558545,470.8506135279731,-0.5591170689880123
1074,1074,-8.875154635753757,3.3961403278767763,4.659322829067571,0.7591551267161024,10,food,4.125320488866877,10.583545160325183,-1.8713291553844407,-1.8713291553844407,20.965688803184907,478.41523034499176,-0.009236573824406236
1075,1075,-8.394963864105396,3.665757408336562,5.899271795778683,0.8145459274075271,10,food,6.208656068644573,10.89562312935243,-2.043432708533512,-2.043432708533512,21.56000368233621,478.568739112363,0.2930840969136099
1076,1076,-6.671316597898326,3.6096669644388095,9.872073200222848,0.8071705227394544,10,food,5.7683422936485504,12.44965822880744,-0.11683627626918636,-0.11683627626918636,24.11355950183394,478.7516599885186,1.392614660715651
1077,1077,-10.053458718980153,4.8111157950483925,5.711879891871895,0.7959273232829075,10,food,8.112938138894707,12.523755000269395,-0.35952113019853016,-0.35952113019853016,22.80212078100296,478.85057631197253,0.011847662094172762
1078,1078,-9.708376010967262,5.649411429431186,5.1327755792032255,0.8123692038111469,10,food,7.021648390704956,12.349647744602974,-0.4505045988070684,-0.4505045988070684,22.345237739417747,478.995574618074,-0.28213278673259623
1079,1079,-12.365337848645463,9.428994923837251,5.671503688750586,0.8044173049488359,99,other,7.984805251302094,16.552144256150143,1.9798443761315703,1.9798443761315703,26.15483489298295,480.8177378919712,-0.4045807117537983
1080,1080,-5.792485796130359,9.616616367359413,0.0617043289528829,0.8372790585708908,1,animal,4.857359542101477,11.226576035441457,-2.070479553573488,-2.070479553573488,22.30429229882116,479.3279883836981,0.727718263464908
1081,1081,-10.12095563571252,10.149705968514674,0.8703046840204106,0.6593486463304482,21,plant,6.828242962924334,14.359933999513762,2.3902645434887937,2.3902645434887937,24.44499964109416,476.5573135416249,-0.06328527807295714
1082,1082,-13.04769998268045,4.166197587174121,3.216441801973672,0.7368016217610959,18,musical instrument,5.989359524262008,14.069299024432544,-0.16662687712819846,-0.16662687712819846,24.245858844881056,475.21746532544756,0.009505102882826577
1083,1083,-10.436562330329943,8.444924044386308,3.0672598379589227,0.8130722734437905,99,other,6.734709244855013,13.771225737161954,-0.9066797192472542,-0.9066797192472542,23.333882587152182,481.5188911361715,-0.6235803576615631
1084,1084,-9.21787136588198,11.158835213390365,0.2174672804918525,0.7913472421261808,1,animal,6.072977028947131,14.47536002507821,0.42065086432243604,0.42065086432243604,25.127529287262508,479.9690663108829,0.511246578087853
1085,1085,-6.394182275245168,8.665597972934576,-0.5593890775805124,0.8379294660860388,1,animal,6.063824239143582,10.78383379590504,-2.696395596626367,-2.696395596626367,21.783567116728413,480.13237685952635,0.6212426683184162
1086,1086,-8.783918584722217,7.18808577238116,2.2270847038512027,0.774644110106241,12,furniture,5.434112812614692,11.566577240146058,-2.585576029224118,-2.585576029224118,21.194338303640393,475.7200774671557,-0.7003561775029752
1087,1087,-5.412739366417851,10.333467253464642,2.095759755167768,0.7466878480597994,4,clothing,7.947606020204716,11.852025222660323,-1.7350722057197991,-1.7350722057197991,22.779114574704472,475.8438023134682,0.617342100336451
1088,1088,-10.456306259699186,5.910340897072723,4.8222011024234055,0.8247239501848124,99,other,7.654930496447991,12.9429553653116,-1.5364926948982287,-1.5364926948982287,22.577111000774778,482.4731019495453,-0.605384866630466
1089,1089,-9.172763444708156,4.265748695829689,8.090641788657937,0.7358932744619524,15,kitchen appliance,7.267728033848434,12.953558804472422,-2.0949401461331014,-2.0949401461331014,23.53224608823361,477.75773937001145,0.33982916541431507
1090,1090,-8.05065520244024,11.026981747759564,0.624024024730727,0.8169146194717515,4,clothing,6.316046900545815,13.667361912140974,0.16213374307410788,0.16213374307410788,24.17789638216579,476.3382117756105,0.3176131115991865
1091,1091,-8.850196217482136,12.17513529664737,0.6000844436673601,0.8252828097179831,1,animal,6.662970464800851,15.063863844284286,0.8828422650337444,0.8828422650337444,25.797492153321688,481.19549598437146,0.6305787560119356
1092,1092,-8.722970858660332,7.565839036632995,7.078626748146505,0.7765371356540256,1,animal,7.335462658547514,13.543969047840157,2.7234629889014172,2.7234629889014172,23.723724832915753,481.2941692763363,-0.021106514377727592
1093,1093,-13.3202833538042,15.391762443965886,6.435311468952063,0.8237424255075091,99,other,8.125508378104042,21.348291113331246,7.324823639557959,7.324823639557959,31.28241248846566,483.68065434361415,0.23550579500609814
1094,1094,-11.218054678094468,4.500083330212025,1.4424817536393748,0.78854988079956,22,sports equipment,5.848692646483852,12.172766914270225,-2.187766039242213,-2.187766039242213,22.26922442863737,477.1721527867019,-0.19264842333403465
1095,1095,-10.305225675018862,3.8857508167964703,2.1068395460746445,0.7907130611032134,99,other,6.900227624842736,11.213184583168442,-3.0842367021392185,-3.0842367021392185,21.201287286538403,483.87904292759805,-0.36275710272283135
1096,1096,-9.97679174474094,5.164165579674444,4.684294063187962,0.8054977985930472,99,other,6.198955294320776,12.17158948217706,-2.1874639360058943,-2.1874639360058943,21.871666896044946,484.0564926140657,-0.5891042974111969
1097,1097,-11.7028946415141,4.067898256236379,4.044323698541743,0.806776444899836,23,tool,6.990797412135221,13.033115260445475,-0.745214192613016,-0.745214192613016,23.122371314629735,482.85329265197794,-0.14448221279329587
1098,1098,-13.117149748533109,7.965451764676139,0.5127798108050249,0.744775285749291,99,other,6.730329699859819,15.354835800984446,1.1776141439129368,1.1776141439129368,25.36606793090333,484.49257820846464,-0.0730919387606157
1099,1099,-5.541980601235157,10.983728393732273,2.6451513260463773,0.8178504165847464,4,clothing,4.769468302442794,12.583825489469895,-0.7542362182664952,-0.7542362182664952,23.55870374246284,478.0337877677556,0.7122259673978633
1100,1100,-11.468815375842308,6.166882688923359,3.8554649481123184,0.7808822399964891,99,other,5.596159893664808,13.580455743097218,-1.2114868793302094,-1.2114868793302094,23.17477147261346,484.8714667878864,-0.6041984706610499
1101,1101,-10.704472295428364,2.5108057950534755,0.6709257723137001,0.8059252806813784,99,other,8.104483461508181,11.015444351274361,-2.3449136937753288,-2.3449136937753288,21.73461591062897,485.13353763295345,0.35558619146234705
1102,1102,-11.579755749759435,8.196624053428048,-1.8402550814395309,0.718945794814343,21,plant,7.390636952047538,14.306010200684396,1.1974841391889441,1.1974841391889441,25.076800527867647,480.2511262841907,0.6189691444079557
1103,1103,-8.469629503590019,3.86242486049308,9.037005185153994,0.8016121567087502,6,container,6.82654814135286,12.97383568754968,-1.2792699954953903,-1.2792699954953903,23.74749541891855,475.99120268371354,0.5361065307225026
1104,1104,-7.909192818106788,3.89918267150653,10.104412919330448,0.8411493385046988,10,food,6.34648555186535,13.411119154794683,0.39923061012266103,0.39923061012266103,24.907600704245553,483.5175753269534,1.287069702402654
1105,1105,-7.001457050188874,9.903279287607113,-0.0669848848281755,0.8169805125879551,1,animal,6.467431487496167,12.128471810116185,-1.7199559593541132,-1.7199559593541132,23.04006539662517,483.69755128991596,0.6196370398046369
1106,1106,-5.323842912145833,8.73808513481204,-0.5122577159422158,0.8605984621395917,1,animal,6.051807611208774,10.244991124640904,-2.7694166159810187,-2.7694166159810187,21.44890833924743,483.9075007744426,0.7907493714879976
1107,1107,-5.541423136155404,12.114713932747476,1.6804876741718884,0.8938838529178709,4,clothing,4.248377996308768,13.427498012260804,0.4164424879842059,0.4164424879842059,24.582316159120865,479.5873253384067,0.9464603602875172
1108,1108,-5.916336007013011,9.781158631675307,2.3953209839838387,0.8077469903454895,4,clothing,5.418987694089905,11.679540168268113,-2.1912705518976807,-2.1912705518976807,22.360974960626304,479.7199788463665,0.3605872744167158
1109,1109,-6.234734264244893,9.022599802402745,2.3490088950010346,0.8024771201199314,4,clothing,6.076710302303402,11.215928910654764,-2.8020032837930806,-2.8020032837930806,21.650552874781837,479.8977398330158,0.08394076907944026
1110,1110,-7.062400176823396,13.27102806682706,2.761607638316741,0.847468342526109,4,clothing,7.545144004906446,15.28476885517462,1.620692198339377,1.620692198339377,26.185631692881604,480.17945585824776,0.8120296145652759
1111,1111,-9.448843001073344,5.042594966969851,4.149007403239119,0.7894457845677358,10,food,6.90243449570823,11.485759029858471,-0.9326772987781453,-0.9326772987781453,21.30799940090657,484.8215474203347,-0.511077921448372
1112,1112,-10.99332534176872,4.288948793732363,3.2985926206489147,0.7307764603817236,19,office supply,7.863465210851111,12.252713866822816,-0.5474979311357941,-0.5474979311357941,22.153298395522445,484.29333831327756,-0.3833764272462332
1113,1113,-8.056295012961414,6.128953404763103,4.092811225307252,0.760232786453365,6,container,7.097555988496204,10.918748229519043,-4.756639981537738,-4.756639981537738,20.551700437945804,477.8853403393155,-0.7368560330880314
1114,1114,-8.684232293506373,6.241802524191025,9.46964892889803,0.7657988257357231,99,other,6.415942282794015,14.284615504631407,1.338674753247691,1.338674753247691,24.615263863752215,487.8258135458393,0.17745032185214527
1115,1115,-10.98009358542504,11.38126814866036,8.893185903496201,0.7798382985069213,99,other,7.70072246248478,18.143441661673414,4.556375406201909,4.556375406201909,28.294467179029883,488.110381079299,0.24616202619651162
1116,1116,-10.878978248001802,4.620847986937837,5.228026180066806,0.8371024255689014,19,office supply,5.486723141883891,12.924266384532151,0.04544376029699748,0.04544376029699748,22.932359862396357,485.1075140383546,-0.2326497525644875
1117,1117,-9.437411198472098,9.323066664208955,5.431305531636197,0.73713541807345,19,office supply,5.704127534288549,14.3346915534417,2.725111555853733,2.725111555853733,24.309629592199983,485.300683711702,-0.1750373571303001
1118,1118,-12.701564767158418,10.188762796935732,1.4345863190332646,0.7794772626953925,99,other,6.607815278517291,16.346212796036244,2.0632598793147174,2.0632598793147174,26.129997017748376,488.7820520564875,-0.23673983471765325
1119,1119,-7.447383999712466,5.632152307168936,10.05314930254865,0.8297678608654219,7,dessert,7.064310354830937,13.72044018789689,-0.986238670367598,-0.986238670367598,24.729355701819692,482.7853256692013,0.8194100050280042
1120,1120,-13.69094243260212,6.009970904498048,3.968944694672857,0.7621634392266837,99,other,5.605201399882325,15.469782705491054,0.876984719805364,0.876984719805364,25.216107574908687,489.23120365000455,-0.330601797514408
1121,1121,-7.429291483454576,9.505841053865216,0.666807372487586,0.7914725797003902,1,animal,4.951639827386476,12.083046725039338,-2.1826736399076623,-2.1826736399076623,22.677115804895028,486.8306859995281,0.2991892042877389
1122,1122,-10.137284629047413,6.01027346278761,3.3931958349113778,0.7798157159567254,10,food,6.153647155708796,12.263837275578547,0.25951293180290946,0.25951293180290946,21.82506247478428,487.0154304153584,-0.7220199103785383
1123,1123,-8.082464782815428,4.299823564673806,9.696916859882936,0.8362706273369916,10,food,4.743467107643248,13.335850788017154,0.08330450053183824,0.08330450053183824,24.689761032670873,487.2571396695412,1.139654505981639
1124,1124,-7.845873437471456,4.268417982503519,9.678184190173152,0.7719544263708381,7,dessert,5.043463878547732,13.169828066041603,-1.6932083649422616,-1.6932083649422616,24.14747519195462,483.8233996541419,0.7527070040560986
1125,1125,-9.72389767778759,2.7303368584140526,2.0748812586782432,0.8209170765355436,5,clothing accessory,5.127086435495745,10.310870848095782,-2.2062222719206197,-2.2062222719206197,20.62409051870711,484.04029787566094,-0.09570848651044273
1126,1126,-8.657111103348008,3.547736312863844,8.956462081274429,0.844998750555735,10,food,6.257258674238806,12.951842286510086,-0.05188556544779033,-0.05188556544779033,24.241673926410403,487.8915796070547,1.0508630551339415
1127,1127,-13.78529693742269,6.326552082159223,3.33827808487124,0.7534269289647736,99,other,4.098712336133918,15.530736411166092,0.9029198732072565,0.9029198732072565,25.257859074380008,490.84721763694085,-0.34588133132594123
1128,1128,-10.135580204088912,5.065985383048671,5.07491094871109,0.8087395185483395,10,food,6.983051261852673,12.415672157081529,-0.2600923731157039,-0.2600923731157039,22.469333651704098,488.2779083890348,-0.21981228947384324
1129,1129,-10.258800548908797,7.473935808618469,3.545384798856353,0.8216193583695579,10,food,5.898679444924301,13.178484683210074,1.2686430182292945,1.2686430182292945,22.73524193764231,488.470807647397,-0.6676257713006599
1130,1130,-9.194080887679622,9.65834503175674,0.0641795661836663,0.8075595005264082,1,animal,8.553867910920841,13.334874245315227,6.0791960425632396e-05,6.0791960425632396e-05,23.85210616925885,488.70315124799396,0.30291333991941727
1131,1131,-10.03676327249356,6.335192433627959,6.292036916068498,0.8247722392375006,10,food,7.525372079531004,13.433577658700655,0.33968899756483495,0.33968899756483495,23.63681753021672,488.8987840414506,-0.004726659742633643
1132,1132,-10.173148782546454,7.139632996444545,9.829408435825638,0.828893311356035,10,food,5.669181392870319,15.845648793092263,2.6799826540109883,2.6799826540109883,26.665282528276336,489.1071615626185,0.7668959097451307
1133,1133,-10.369677273404177,7.3012315404669295,4.602418431599006,0.769681799474766,10,food,4.405427128542352,13.4914952537362,1.169625466163005,1.169625466163005,23.193775109857032,489.3198200788266,-0.5019593914796978
1134,1134,-10.000905715334522,11.263965208596826,4.2188321533439925,0.794519248402432,99,other,8.461276908539915,15.642684299236482,1.5680802661576543,1.5680802661576543,25.50059867242714,492.5240279865058,-0.2078852211403266
1135,1135,-8.404538797983987,3.474012012788071,6.101837504397255,0.7730348364530157,10,food,6.142615739888129,10.951595902053858,-1.920759249304112,-1.920759249304112,21.707966202192416,489.8036944530525,0.3886759687917021
1136,1136,-9.622023199180962,3.3461489850503803,2.776625780678465,0.7107637488940293,20,part of car,5.935242788276398,10.558868035999817,-1.3212832411864532,-1.3212832411864532,20.61245256353615,487.2640767903196,-0.3393837841329592
1137,1137,-10.753587208671131,5.736670491719981,4.712053458577908,0.7489723860150691,99,other,6.432003334079885,13.067229009302705,-1.4282921292955955,-1.4282921292955955,22.70829685218778,493.21171618239964,-0.5904750356521227
1138,1138,-10.307932451081538,2.5755427694092177,6.690409205960871,0.7998688085624688,16,kitchen tool,4.0904131080620045,12.555814084173193,-1.142377996500759,-1.142377996500759,23.313448824077327,488.59115801125097,0.4931797818544972
1139,1139,-11.830531961770388,2.494345875615279,3.241905594632661,0.8086712061673573,99,other,7.596360146228389,12.51771543574067,-1.032355399546958,-1.032355399546958,22.988411232008797,493.7777239306291,0.20378900178409154
1140,1140,-8.210542061317796,11.6533161805108,1.5580549404254145,0.7370041769888716,1,animal,5.221340116286937,14.340164369385992,0.47729918995445786,0.47729918995445786,24.925210066905567,490.96311791011595,0.43542250440151165
1141,1141,-11.616450109640011,5.4337863269166204,5.07915560250675,0.7257566112749041,19,office supply,6.267899932041222,13.793685824710419,0.5483598701422778,0.5483598701422778,23.6287673798124,490.59115815220036,-0.3497102348450696
1142,1142,-11.996826127468156,3.962003482294605,4.87182453612471,0.8093545626869507,19,office supply,8.459182887825282,13.540900377641211,0.8130315303441016,0.8130315303441016,23.716693956594632,490.8497143957351,-0.025266204602580444
1143,1143,-10.41832977352778,4.853623200619511,4.900723759616997,0.8016444429554186,19,office supply,4.787599074144397,12.494652728733278,-0.6466449610050198,-0.6466449610050198,22.390355364637934,491.0581674920758,-0.37268835782641574
1144,1144,-14.962456850478098,6.110868107511362,5.60432245507658,0.7977103327143861,99,other,7.308235274165882,17.106322053857575,2.754549867783446,2.754549867783446,26.93349313595792,495.05340137882047,-0.14443618464985875
1145,1145,-6.777394401398174,12.811567905017576,1.1432320372820577,0.7873366087984189,1,animal,5.984631256710828,14.538786969621912,1.7487119952066053,1.7487119952066053,25.612975308616353,492.16121559624656,0.9373474924421856
1146,1146,-10.541830948819054,7.5850725666941825,4.472162816536693,0.6723666537369143,19,office supply,4.471025956993536,13.735492923557906,0.9670279234374348,0.9670279234374348,23.335642563161407,491.7425357060424,-0.5883871513118066
1147,1147,-11.839065940390322,8.138928332807769,5.521152306495185,0.7791740285544553,17,medical equipment,6.4963012793336254,15.391190972079071,-1.8681712507564185,-1.8681712507564185,24.97649377642152,489.70566249206666,-0.4966816292912952
1148,1148,-11.838323324788046,9.074167236256525,2.699077784928673,0.7602974981626428,99,other,7.905721016245266,15.15821332027187,0.48578886059272364,0.48578886059272364,24.745056989013616,496.0181122161363,-0.5101340289211187
1149,1149,-13.807766429387732,9.12094682150469,8.81628332453559,0.7737146245682832,16,kitchen tool,6.282164990993251,18.750278300540707,5.046937887817794,5.046937887817794,28.689891709097548,491.1656604562797,0.07380285607364101
1150,1150,-7.516759534065913,4.7874165295667135,4.758901535983755,0.8256912356398878,10,food,5.454920097142009,10.102879527626168,-2.984170044960699,-2.984170044960699,20.31537572779004,493.13200044425315,-0.2098172270015155
1151,1151,-9.638107811173676,5.764741972305076,5.217996177813878,0.8047571674611836,10,food,7.699124059787838,12.383572033090577,-0.45706672912003654,-0.45706672912003654,22.391252282215408,493.32469644772334,-0.26785933669389195
1152,1152,-8.670772727887636,5.129324116854937,7.0892165050187606,0.8630245014230894,10,food,4.943110500022666,12.318654806814747,-0.9110218093372318,-0.9110218093372318,22.971799829996662,493.5720278861882,0.37342769281970334
1153,1153,-8.215739457110711,4.795882533292748,8.68790900390905,0.8292318115488849,10,food,6.755649310779504,12.883269265232029,-0.492427990777891,-0.492427990777891,23.967477893306373,493.81444612092236,0.8408270302772252
1154,1154,-10.776896966052425,11.153535168106322,6.250119851559314,0.7344095299770436,99,other,6.803677482694366,16.721448894218177,2.653475041680114,2.653475041680114,26.64348488787138,497.6242894109066,-0.07433976421807742
1155,1155,-12.883996134297831,10.15559331470678,3.455213855829744,0.7817490740036044,99,other,7.5894753849330225,16.76520011070063,2.0623251047933344,2.0623251047933344,26.325193965492975,497.89658647795295,-0.4335662959371014
1156,1156,-9.937409734023053,5.980138171803302,6.291999494540208,0.8308068747357429,10,food,6.553486336775553,13.19482559244378,0.07837540734514548,0.07837540734514548,23.44564764642983,494.4813192852509,0.02749064657240652
1157,1157,-9.682354794171056,6.029778798444228,8.544568737582226,0.8134062753570587,99,other,7.30586565002405,14.251872916555293,0.9686531615226635,0.9686531615226635,24.385196593049326,498.3763020656844,-0.021981508237974623
1158,1158,-10.44170618905433,11.018677029915736,1.7979500777782236,0.7951316298877275,99,other,7.804326281587948,15.286369618398963,1.3332469360813235,1.3332469360813235,25.078323527857037,498.6875171336073,-0.29677629665395244
1159,1159,-11.087079159556025,7.969345294612216,7.872336297445861,0.7910801905049957,6,container,5.888461524905533,15.760947544329401,0.23512955352217446,0.23512955352217446,25.75736480465016,488.1489167845889,-0.06177150934586706
1160,1160,-9.883210363472484,11.87206498276437,1.641854758988592,0.7423778037713615,1,animal,5.975932161312131,15.534460437789377,1.5688452429838264,1.5688452429838264,25.885119941925396,495.66585547778965,0.27789516912565304
1161,1161,-12.220746968664162,7.310085259768805,5.81326555089103,0.7763412174540841,99,other,6.874612645838364,15.381094217980067,0.8901297083172146,0.8901297083172146,25.003713872497777,499.47291813616465,-0.4600145551733945
1162,1162,-14.46740161645315,8.575047459613977,2.0589303510486574,0.8120393042063,99,other,6.822520933223025,16.943327378553857,2.3470548135829468,2.3470548135829468,26.6754896315102,499.799684966198,-0.24993452720088882
1163,1163,-12.599487012888655,10.053224645118297,2.1437537104569757,0.7738051009039457,99,other,7.622539604432247,16.26069121299159,1.7752543390297646,1.7752543390297646,25.946744353311352,500.04738015559434,-0.33997465290550366
1164,1164,-11.893556074149071,10.125641179019167,0.8693720900989623,0.7661410405312844,99,other,7.7598830631039135,15.644203182208418,1.597247680266804,1.597247680266804,25.54702919553567,500.3110786438397,-0.1628758333732172
1165,1165,-11.432936016860056,4.846063463198379,2.535724692606129,0.7583633429318234,18,musical instrument,8.190798444217721,12.673841437056668,-0.8216723511615704,-0.8216723511615704,22.528135924174684,492.62939120252116,-0.40256482709748553
1166,1166,-9.43440848130966,2.6381142198456926,0.4104495346075164,0.8066998361347483,23,tool,7.918405488340032,9.80490585623438,-2.8579895218777907,-2.8579895218777907,20.54201523665955,498.85534183150037,0.2956198739481053
1167,1167,-10.932559605441424,6.993285221119066,7.625589721988136,0.825537649101,10,food,8.1376120655805,15.052458813049215,1.886125566524914,1.886125566524914,25.415252742748695,497.1108246193342,0.2590104065131804
1168,1168,-8.585398715985505,4.840446451108474,9.305778449745278,0.8270549837717284,7,dessert,7.724567894379461,13.554943950981052,-1.412084799660665,-1.412084799660665,24.310825366553217,493.996729016526,0.5557254054097207
1169,1169,-9.33062645652734,5.550674797863,10.035615479458135,0.8329005990841379,10,food,6.498488636345373,14.784591940071229,1.4215864402099712,1.4215864402099712,25.884517834248012,497.6206242895208,0.9789038130427095
1170,1170,-8.195918723569491,10.85036935176414,2.5629571907141067,0.8539656497676993,1,animal,4.553981987769489,13.837353372465873,0.5591333659978446,0.5591333659978446,24.17024117892775,498.176286387056,0.1509062391603173
1171,1171,-9.591733587049688,11.567796614596917,0.4309676948680085,0.7627127739611694,1,animal,7.268397437273956,15.033329800002289,0.9417664132383088,0.9417664132383088,25.634655496792668,498.43778441227494,0.49631112701654345
1172,1172,-12.560148863503944,13.588079873064586,3.622418641294031,0.8148931777528018,6,container,7.200473020563472,18.855109941948278,3.772916835012282,3.772916835012282,28.636313218517547,491.60758487999647,-0.07786084136951033
1173,1173,-8.961584700978209,11.562196001518664,2.724305187685962,0.8320831099794516,1,animal,7.479760760568814,14.880061004108605,1.562658395595701,1.562658395595701,25.17109316968255,498.95906163605275,0.17615399083013017
1174,1174,-10.629866526871394,10.390682978652231,7.937651146996895,0.8157640476769803,99,other,8.39884579512846,16.85131036072196,3.104046461267753,3.104046461267753,26.898899214718547,503.09166038969005,0.059570323693687754
1175,1175,-11.947509092870105,10.505839511554589,7.883897752919302,0.8267429047916856,6,container,5.826280877369805,17.755885816969016,2.2005912656598454,2.2005912656598454,27.694905531774914,492.3053056469456,0.009215088474352484
1176,1176,-9.252461908453942,8.461979818958094,3.2349816632567925,0.7237279880413824,13,home decor,7.086446907518245,12.949064066003107,-1.0861147985612227,-1.0861147985612227,22.62827505047363,495.6653954284828,-0.5599363925245058
1177,1177,-9.902093737382822,5.613447455254875,4.282773878822989,0.849513384916775,23,tool,6.2697238720834605,12.161595488008638,-1.2555403042935076,-1.2555403042935076,21.836867140469508,501.8203495722029,-0.6145532217658598
1178,1178,-9.144422779633436,4.147296578820017,2.6463965980498223,0.8054118250885406,9,electronic device,6.718931935702662,10.383831269793475,-3.453323157937689,-3.453323157937689,20.11501792304944,498.32571297529057,-0.6730461399212224
1179,1179,-11.009983042411044,7.746317747261127,4.2048974830906864,0.7977901552092899,99,other,7.848866508715905,14.103415475657442,-0.6508103211980796,-0.6508103211980796,23.636181336424265,504.5071426883704,-0.6320932944477775
1180,1180,-11.03942749298296,5.742733122028692,-0.7309694729562646,0.7472184348928537,99,other,7.395665198260175,12.465242053569092,-1.1735363233803753,-1.1735363233803753,22.932120024634752,504.80495517090714,0.19659425494430494
1181,1181,-11.2881778307721,7.518801377408154,-2.3388488929079103,0.7260133391616809,21,plant,7.710886301959728,13.763195378832128,0.7424579477837838,0.7424579477837838,24.698451821514325,498.40450596304504,0.748502441759662
1182,1182,-10.710796687209829,7.421436971836328,3.5318280492467737,0.7953147364331575,10,food,7.106785987611071,13.500840780156267,1.5703014355747342,1.5703014355747342,23.027051746918943,500.90583236861033,-0.6774268499966496
1183,1183,-11.7286160326162,6.501440379527206,-0.3761262681232502,0.7624152205254618,13,home decor,7.458229619243865,13.415313340308565,-0.5504856636274589,-0.5504856636274589,23.76550313379065,497.5745603041414,0.14104786301303207
1184,1184,-11.35470420653276,5.467972769442737,2.7054892386919147,0.7660719632454185,22,sports equipment,8.280535523229013,12.889829550692196,-1.8295116076216544,-1.8295116076216544,22.566842192254455,497.7768474633255,-0.5659467694231708
1185,1185,-12.427525774180182,8.085174906082653,0.6295262926177373,0.7830486773602949,13,home decor,6.928114950762739,14.839466078095883,0.25314055019700277,0.25314055019700277,24.82858011709813,498.1372850706101,-0.12837661998299765
1186,1186,-13.163456123783975,14.1611290804412,7.579109711953349,0.8295554619596432,99,other,6.013859863933624,20.766729592825364,6.736836406851978,6.736836406851978,30.717058728518772,506.7485967230955,0.2142871957469481
1187,1187,-11.372325872742644,6.327239321011079,4.574045447365855,0.7867486802801906,99,other,6.713639907199089,13.79440629152878,-0.8700140284595754,-0.8700140284595754,23.391064964187567,506.8775137192883,-0.588086751685605
1188,1188,-8.927927900229317,4.106038868970136,5.369108328784291,0.8165357597401885,10,food,5.928896127737016,11.197980890830609,-1.723281718644639,-1.723281718644639,21.595027203415352,502.5437767947255,0.04520807370377966
1189,1189,-6.813341368961877,2.099468473781745,9.191375994227508,0.8039254640666709,10,food,5.515215994166952,11.632316241818414,-0.49819268742961853,-0.49819268742961853,23.405974177743623,502.89651489542524,1.4497713247820485
1190,1190,-8.674784265768112,8.346711901096285,7.752553548556361,0.7581539135518599,6,container,7.991398614661265,14.318574235612783,-0.9146265476192745,-0.9146265476192745,24.643639050197812,496.37783232704203,0.1740521895898084
1191,1191,-13.858298105061015,6.311490094554584,2.1486172500669345,0.7894980904280712,23,tool,5.878998559386396,15.37868296277947,1.8813728826225038,1.8813728826225038,25.31618207888358,505.90003580796724,-0.1452902697834375
1192,1192,-5.846271008275207,1.7115348372272547,9.175404461498108,0.8399780009059945,10,food,6.790111368663702,11.013459185620162,-0.7434111866505333,-0.7434111866505333,22.9654304983862,503.7399037150324,1.5882581896467656
1193,1193,-9.87598746469384,7.273480673488663,4.644363320315111,0.7602955554245968,13,home decor,7.191630116467037,13.115211022377466,-1.1987553323836728,-1.1987553323836728,22.742009056559663,500.36690291767513,-0.6016569645300542
1194,1194,-9.112917803667209,6.073798245143702,-0.0628754476489108,0.7044869694379353,21,plant,6.257969872682706,10.951723578552489,-2.0226436505401715,-2.0226436505401715,21.19257644137861,502.04407595706436,-0.12683325190665684
1195,1195,-10.96433799688911,17.02344465742634,4.10261277621997,0.8465381045500162,17,medical equipment,6.364813550548068,20.66024702916417,4.02382412931766,4.02382412931766,31.03542448982269,502.70276440282095,0.6322828411563783
1196,1196,-9.228518235911448,10.49183621090236,8.353047273630052,0.7848045528840135,99,other,7.235397005925584,16.279360388616333,2.917012471279591,2.917012471279591,26.585592979167266,509.6486850252508,0.28140625110106754
1197,1197,-9.403390933349394,5.952472438040598,9.50363430213611,0.7568846709065925,99,other,6.57932903898209,14.634710592279188,1.6024564871877907,1.6024564871877907,24.912699347720626,509.9312671382375,0.14732106837454495
1198,1198,-9.50060824197647,12.157912750799415,1.497977102785232,0.8121584644501163,1,animal,4.94502234224855,15.502268699259185,1.313614556502909,1.313614556502909,25.974774921365128,505.8132680481634,0.3976701895246073
1199,1199,-10.70285318355458,6.153453835574793,2.684626278355627,0.8538887396217905,99,other,7.643318183494349,12.634210645296054,-2.2130593368722664,-2.2130593368722664,22.226629389279434,510.55610765781825,-0.6669910076665353
1200,1200,-11.450507357812516,9.976059673079083,1.962597311366023,0.8023429739245441,99,other,6.803829997638792,15.312990353250225,0.9691582632471629,0.9691582632471629,25.031237605357394,510.89450265571105,-0.3687697780706962
1201,1201,-10.442399492913824,3.9148514279452673,3.1808871199760187,0.8332091059272599,23,tool,7.2722737378988915,11.596888019745698,-2.2886056277233315,-2.2886056277233315,21.582279823221956,508.8914700156647,-0.3407747889590915
1202,1202,-10.241169739429616,4.720838798722159,5.275682438778434,0.7963240186430668,99,other,8.056650946001428,12.449927782528079,-1.6172331711921473,-1.6172331711921473,22.303919221168478,511.5082611231356,-0.4172778265555124
1203,1203,-8.643334267332367,6.225646465527231,5.31759361000759,0.808905442914344,10,food,5.857095748833792,11.905574449465561,-0.9262520875072227,-0.9262520875072227,22.004147315707097,506.6355676578671,-0.20772822790633683
1204,1204,-12.7409168780683,10.794688134733706,5.824687277555176,0.801122867206914,23,tool,7.6390119192377135,17.685678858933276,4.9215387526240555,4.9215387526240555,27.397485601654093,509.83529974717635,-0.22251604855206963
1205,1205,-6.0679694210108535,7.684211616952857,1.8724696871642117,0.8081932034856457,6,container,8.046528543185808,9.968625973412026,-4.683405399107318,-4.683405399107318,19.932865776607393,500.75484655597404,-0.46671350410258583
1206,1206,-12.67756231180075,6.112222465023213,4.34872123630846,0.7848184817050033,99,other,7.893796002623581,14.730622051449334,0.08356103281058935,0.08356103281058935,24.40182926645753,512.7881975584302,-0.45328809535388714
1207,1207,-11.67275945237141,3.3367322174393204,4.411532579876286,0.8090530047021888,23,tool,7.486269612271729,12.91699325799675,-0.6531460495044392,-0.6531460495044392,23.262970850832506,510.7589389622309,0.10476630074699855
1208,1208,-11.119638414515208,3.881734019027314,1.9314885300464488,0.771753957743748,24,toy,6.2341942660964325,11.935026828865414,-2.6462939358001663,-2.6462939358001663,22.05404822249116,507.74517791075937,-0.1853842942580357
1209,1209,-9.202188813811672,7.339757899357792,-1.2597222110527893,0.7151463724806647,21,plant,6.065124424272164,11.838041435780056,-0.9713437426258409,-0.9713437426258409,22.52809244672264,506.4412932668388,0.37940383339566
1210,1210,-11.955052225649196,4.973817618260275,4.56185647421455,0.717137118091868,23,tool,4.470286564269075,13.728534878458419,0.030895573381702235,0.030895573381702235,23.634063150733827,511.66722404340624,-0.2834563032514019
1211,1211,-4.95122855737391,11.255034395924412,1.748431581007472,0.8128356485144034,1,animal,4.45179847841696,12.419640754637825,0.39441105371343,0.39441105371343,23.64864158272306,509.70166060099774,0.9557824428673207
1212,1212,-11.943513033797696,6.476082785903208,4.17761759842111,0.716518737672584,99,other,4.794195518589042,14.214064887884994,-0.5634496326084104,-0.5634496326084104,23.806025885059086,514.7090507642907,-0.565777321173428
1213,1213,-12.09422600623996,4.65521536927762,0.4980125047037571,0.7360733717258184,99,other,5.982530175117436,12.968783646865688,-0.863252767410863,-0.863252767410863,23.32490018222865,515.05608925972,0.11823821091491737
1214,1214,-7.725012840567089,3.4711781712475407,0.6408599761723913,0.8351519819736377,26,vehicle,5.499007005174105,8.493268086698519,-3.5839901885172,-3.5839901885172,18.734573577372622,507.43465230232755,-0.28459439266389097
1215,1215,-11.826967409830926,8.514826566430287,3.35424339797576,0.7593751970402439,23,tool,4.108600825410502,14.954276256056453,1.8069158466927,1.8069158466927,24.48866643270011,513.2324879618528,-0.5757118796235083
1216,1216,-7.599419100308118,8.903868130304462,0.9905366856788006,0.8360027065642495,4,clothing,5.7050649285630834,11.747816872494006,-1.8114786820164426,-1.8114786820164426,21.96108347196922,507.16708820595375,-0.10318697490319195
1217,1217,-8.244576747339426,2.480702800071684,3.813769188079708,0.7622818116892213,9,electronic device,5.409497365633428,9.416568777691776,-4.036799991399544,-4.036799991399544,19.77749384917916,509.86479783104727,-0.10555584642216331
1218,1218,-6.751462796093426,5.910106220756491,-0.282022382287969,0.7899021089569871,99,other,7.362988498863264,8.97725693359445,-4.606612028496706,-4.606612028496706,19.21512532172814,516.6956276336751,-0.2568844194553144
1219,1219,-9.145846384369094,6.07762701882746,6.3533645364290265,0.8366151238102458,10,food,5.447982265567088,12.686579412876144,-0.4307766107256512,-0.4307766107256512,23.0175287184623,511.307003031125,0.07490974310725562
1220,1220,-9.231367843604948,11.382468756193846,0.9043705008669944,0.8062470467996452,1,animal,6.185411997380414,14.683209228656757,0.46346535369637465,0.46346535369637465,25.202422043034666,512.3828448930572,0.3916662544003344
1221,1221,-7.420643465911097,12.262192323853032,0.9573464235587064,0.8251091201267711,1,animal,5.000264049858623,14.36467271503357,0.9718884716888319,0.9718884716888319,25.28051175541209,512.7397183717779,0.7677930805030471
1222,1222,-13.197173639398097,6.204598494024282,2.8809649206994905,0.7872129902617709,22,sports equipment,4.846787685922864,14.864803847167758,0.1424504439438259,0.1424504439438259,24.590506230985063,509.1863817005517,-0.3901576644262761
1223,1223,-8.055255853038167,4.329077054562358,7.977663512675241,0.795885346140593,10,food,6.135191615059608,12.135533367912341,-1.1642785154174362,-1.1642785154174362,23.169694048922345,512.5540678528537,0.7426585804710868
1224,1224,-11.164425536916266,9.170350127548163,-0.3573767616911188,0.6858006289849441,10,food,6.738789628936876,14.452246786606139,3.8098855843443715,3.8098855843443715,24.736773208422353,512.8249676312502,0.1421162865230876
1225,1225,-9.718112113962418,7.677912531377094,9.112232133070222,0.8476455985725472,7,dessert,7.299555842218067,15.376111938522625,0.8002480949919182,0.8002480949919182,25.788416464098898,510.26595025586704,0.3293496815634107
1226,1226,-7.989299191930013,9.558934715820978,0.693423933112344,0.7947790184070672,1,animal,6.549207933728367,12.477298234414132,-1.625100634392151,-1.625100634392151,22.972014104910595,514.2341029830807,0.22520802923344974
1227,1227,-11.299737464155124,6.18468347813286,4.213429921110368,0.7721203571360647,99,other,7.245343930268821,13.553131305481717,-1.17732917184615,-1.17732917184615,23.143978915954186,519.7192717887509,-0.6094250523918632
1228,1228,-7.594425387699248,10.69232545893693,-0.0013153552602461,0.8297486708725029,1,animal,8.029052776595416,13.114919840369637,-0.7908060150249163,-0.7908060150249163,24.004629662123943,514.8974671136461,0.6612360840398814
1229,1229,-11.873844044661396,5.368464313436377,2.8583939352295644,0.7201744430268628,13,home decor,5.76428659461274,13.340876934090128,-1.1149399099054094,-1.1149399099054094,23.063546523239904,511.32144554443175,-0.4912626921669023
1230,1230,-9.235828291785865,6.809527807264955,9.985426128783972,0.6949563137261933,6,container,6.908045360846741,15.211144867059433,0.35453079482998007,0.35453079482998007,25.75048408167426,508.4745154183196,0.4457679237480576
1231,1231,-9.896520847641838,4.976200503739363,6.059614130940065,0.855930325834507,10,food,6.139535053174361,12.626267055512248,-0.3838392087761626,-0.3838392087761626,22.971419766652144,514.9964528776278,0.08523175020426876
1232,1232,-7.70678501055926,6.800395558455124,3.907147287534459,0.7928198644088981,99,other,6.869778358268306,10.995713477393132,-3.358595935048104,-3.358595935048104,20.723964675104018,521.4536947394921,-0.636603949489956
1233,1233,-5.351746471448381,0.7907357023228679,-0.7501795782771926,0.8219680774123284,99,other,5.46577362681793,5.461613556930991,-7.110803017509415,-7.110803017509415,16.81995032990899,521.971309732871,0.6373349283261192
1234,1234,-6.516148086406358,2.856410650860869,9.184475634279526,0.779908099693805,10,food,5.893549624453221,11.61782511346263,-0.8704241410624327,-0.8704241410624327,23.31171339212723,516.0231889932561,1.3690690917493313
1235,1235,-9.977450492053013,6.549379828684038,0.8487005514926029,0.721732920481316,13,home decor,5.101334977174618,11.965123780715606,-2.6736910227441264,-2.6736910227441264,21.837600243031094,513.2544480535006,-0.429992337879451
1236,1236,-10.313831988701804,7.9225523363068575,5.521388489635714,0.7924112760614193,99,other,6.000145959837686,14.128966581677926,-0.24413477372999282,-0.24413477372999282,23.795338635953996,522.8498300104573,-0.4968427609092174
1237,1237,-12.899304235351066,7.020761832238605,2.5887289382433694,0.7251555347993089,99,other,5.663450616971276,14.912567316758807,0.15565159338050805,0.15565159338050805,24.589914852361588,523.2340761440088,-0.43543869716978634
1238,1238,-11.581496324826391,11.891187674701,0.7991035663698002,0.8113850380125827,1,animal,5.691609210641564,16.61836237258994,3.2528473933762676,3.2528473933762676,26.938701762729686,518.1435101658135,0.3173295048119158
1239,1239,-9.62025189924947,6.671774699396437,9.710399136541325,0.8369752314108985,10,food,5.251112232569749,15.210314777658677,2.0226771948818545,2.0226771948818545,26.106119897440177,517.509078869707,0.8021804085567865
1240,1240,-10.07122442236768,6.511170985940977,5.29589532211632,0.7265480142121794,9,electronic device,6.642188018008227,13.109973922043793,-0.9563404031651146,-0.9563404031651146,22.87134068708708,517.3379721321279,-0.46742526697426356
1241,1241,-11.328042702104584,7.159066061846182,3.554034941084786,0.7546082064456846,99,other,5.724255485611111,13.863907915917295,-1.0070527714342568,-1.0070527714342568,23.389160192675398,524.6320802328032,-0.6550203743532066
1242,1242,-11.649979064647622,5.28853767858923,5.16850869482979,0.7645126678922244,9,electronic device,5.478055984627663,13.798700124037662,-0.3326265612870145,-0.3326265612870145,23.68698527222418,518.0403692975815,-0.2961839468018006
1243,1243,-12.6112052466393,6.516535943849567,3.186065308086324,0.7213695994351726,99,other,6.722647205448071,14.548496507465545,-0.22439228084726892,-0.22439228084726892,24.197068814183876,525.3711200899997,-0.4876436830574882
1244,1244,-9.165619444965346,5.313224986489632,6.730439244623781,0.8040880346740114,10,food,8.249059926252745,12.551404383277456,-0.6600420481490268,-0.6600420481490268,23.059693125114382,519.1390975120412,0.2435499977275235
1245,1245,-10.036006682599304,7.14181042805316,3.5067397875993263,0.7772922484939607,22,sports equipment,6.000734796326157,12.807189787824607,-1.4436429294807525,-1.4436429294807525,22.302006390311675,516.7955007403008,-0.7534610859141004
1246,1246,-9.15475853706881,6.7372752475559565,10.37334716575073,0.788640981436232,7,dessert,5.964720872473852,15.388528618895087,0.18102737278309533,0.18102737278309533,26.096428039065625,517.1533506735767,0.6257436509433738
1247,1247,-8.922770618355411,9.250090647121535,0.3358094373737872,0.7640636679554877,99,other,7.716965670580305,12.85662399177876,-0.7744372451037016,-0.7744372451037016,22.880450128667835,526.8060474339761,-0.2212702160225959
1248,1248,-8.331912721885676,11.155176604217418,0.6467563405633188,0.802248352152075,1,animal,4.103464701855972,13.938329470939438,-0.30322576402902257,-0.30322576402902257,24.61908830353489,521.462605799922,0.5052755765838448
1249,1249,-6.486637416142849,10.568793487000576,1.6629812769957897,0.8528724013480112,1,animal,6.1904916264620935,12.511649270460259,-0.6258654743628789,-0.6258654743628789,23.253222770092876,521.8198883440401,0.47427631741401655
1250,1250,-12.45379564583308,3.480115821197373,3.741554009574594,0.6925981688016349,23,tool,7.390352701482396,13.461331974350939,-0.23006110037554706,-0.23006110037554706,23.784389037116043,525.0537386444015,0.11687665897083832
1251,1251,-11.708583018685388,4.522931971078338,2.223529698724525,0.7101076496453695,99,other,7.184150866733708,12.747231630497675,-1.5664007051465951,-1.5664007051465951,22.734309532858312,528.2968361202427,-0.2650583899732659
1252,1252,-13.2517868546455,10.486058152980512,3.65616405339082,0.7352156639976332,99,other,7.615246026761954,17.289731230240438,2.584664762931574,2.584664762931574,26.847960465884825,528.6995572803222,-0.40157474359930845
1253,1253,-13.721164093687852,9.41245919841668,3.996345007085615,0.8029696994211941,10,food,4.03554920633328,17.11243716316953,5.331427315714681,5.331427315714681,26.62182569333445,522.1416944336952,-0.4618251990602502
1254,1254,-8.382317995465696,5.79315778114845,8.83373823611242,0.7784589522333628,8,drink,6.463451665900716,13.48550567381674,-0.4904106672857971,-0.4904106672857971,24.071133040207553,521.3784512584984,0.38100265970243186
1255,1255,-8.6582208728042,1.2975947500806109,3.72440831067663,0.8066298149555073,19,office supply,4.940656539162736,9.514187200299155,-1.962534296232601,-1.962534296232601,20.357465548558036,523.9339334421321,0.38307965859270965
1256,1256,-12.269682308326171,9.61994837511895,1.6626801521693588,0.8263322791263726,22,sports equipment,8.073337207007556,15.67970076167348,0.8745227385793157,0.8745227385793157,25.472350289086382,520.6902905998625,-0.27076787450419104
1257,1257,-11.729822976866885,14.087725511970303,1.765576972375963,0.781972620378192,24,toy,5.607737198206765,18.416569148857164,3.5475622756381924,3.5475622756381924,28.499760550148043,524.265039384556,0.19590501461794219
1258,1258,-6.839461331168117,10.881265822458538,0.8962587277693147,0.8261954041136825,1,animal,8.112212472201696,12.883456714199449,-0.6622530371809496,-0.6622530371809496,23.737801092060256,524.9154054848334,0.6109748433317286
1259,1259,-9.639901815113353,12.219419533855373,3.790319417790402,0.7894967445192093,5,clothing accessory,8.124316688723454,16.019002529442055,1.9471566537822582,1.9471566537822582,26.110306589782915,521.9509449107007,0.04972240511552428
1260,1260,-8.274691215810856,3.6426424027373576,0.1310798418528736,0.7607480755587304,26,vehicle,7.88874824666934,9.041932333089964,-2.9026880469226146,-2.9026880469226146,19.52896027080797,523.2319328172968,-0.0035626880767196667
1261,1261,-6.535429706415066,3.1755296019554207,9.367490848013352,0.8161111546473484,10,food,8.138864289866023,11.855197783588496,-0.7182161468446289,-0.7182161468446289,23.525148753007695,524.9064568918618,1.3604078876963719
1262,1262,-8.023761619815215,3.4563182977575098,9.120250382946228,0.8010871553301119,10,food,7.59174638025258,12.629562690555199,-0.32628064024256176,-0.32628064024256176,24.02872090811094,525.217555089988,1.1394493470329046
1263,1263,-12.920266852103904,8.965235209727052,4.31726212314369,0.7846570773400042,23,tool,8.359082422521753,16.30789655765684,2.9924915421343314,2.9924915421343314,25.82470926492975,529.7386295846152,-0.5061771885803914
1264,1264,-8.348136638630937,5.288041175603647,1.5883319424508964,0.7676316549057737,99,other,4.104699265715278,10.008874220987177,-4.721022398312375,-4.721022398312375,19.633569562490116,533.1729730180211,-0.8036677920254576
1265,1265,-6.771659130984483,8.787805109761331,-0.1816446572453729,0.8172249848978456,1,animal,5.9538302395192,11.095669462222578,-2.750314161735634,-2.750314161735634,21.937082693329753,527.3430060517737,0.4829907458385527
1266,1266,-5.6121436390329,7.744888597762561,-0.7597233114240896,0.8188888306950053,1,animal,4.595347024903674,9.594614902475822,-3.546500979073535,-3.546500979073535,20.692957952014424,527.7165916207765,0.6433202802434899
1267,1267,-10.534999058983106,10.93027493696722,0.4274227496352247,0.7095712909048807,1,animal,6.62988644818612,15.186830004229797,1.8061476643663141,1.8061476643663141,25.59640167481307,528.056491341639,0.31443559805007126
1268,1268,-13.584634146006213,6.732071706240141,3.68415531500426,0.7936324099082074,12,furniture,6.85831582883587,15.60243810190802,1.8329573817937685,1.8329573817937685,25.234738551536186,524.6561935615522,-0.4360891865288643
1269,1269,-11.913450581078065,3.1314679417157696,2.856848617292575,0.7641595852697995,12,furniture,6.202953169223152,12.645077312531916,-0.25003645646891215,-0.25003645646891215,23.007097048896785,525.0432359260737,0.10330930849009334
1270,1270,-10.609335036711618,5.143738656473144,2.2938608784275494,0.7731748379194421,22,sports equipment,5.071432109459211,12.011570880483255,-2.7138096479655047,-2.7138096479655047,21.714304205724442,525.7547583167617,-0.5967463743906656
1271,1271,-11.70748570677574,4.388744956345239,4.379359983133656,0.7552557617464551,99,other,4.897701590110136,13.247833699442202,-0.9754836448918454,-0.9754836448918454,23.160125360392104,535.9150258321401,-0.3076284126394633
1272,1272,-10.91150382937016,4.6323662448875815,4.847561988437983,0.7904342965318576,99,other,6.339933033575925,12.806974274858304,-1.4081266056410904,-1.4081266056410904,22.656716435504247,536.2973368398377,-0.3985493970803766
1273,1273,-11.838564963262147,2.830862535923325,4.2027286677679365,0.7403355243149853,9,electronic device,5.404537338445193,12.877434967475114,-0.22788609648008062,-0.22788609648008062,23.34369306896767,529.2167439039473,0.22250103778265284
1274,1274,-8.074531901864798,4.9322894294353645,5.127929550693173,0.7975370022930999,10,food,5.126825642394704,10.76202610695702,-2.3492932504215283,-2.3492932504215283,21.00755569422264,529.3955960889264,-0.13436449786786397
1275,1275,-9.771907029335196,9.86262145284789,0.6214433046577409,0.7939746420079332,26,vehicle,4.17749776558897,13.89775739797792,3.269391334874502,3.269391334874502,24.10488349631051,528.8558078074166,0.02903182878641175
1276,1276,-5.592179467317558,7.505214637867917,1.4463419136633096,0.7445218737901667,99,other,8.240079814202723,9.47061892836863,-4.071376466649507,-4.071376466649507,19.413369820455983,537.9116333195819,-0.5202516313340269
1277,1277,-11.072740469538656,5.602209063966154,2.788445494639552,0.7769316945849977,99,other,7.809191729552866,12.71871676619616,-2.0274659278588203,-2.0274659278588203,22.377877457666962,538.2726510558009,-0.5948106733943561
1278,1278,-13.42208390624503,11.780817962666967,5.059571317864304,0.7117785106901672,99,other,5.769273780360048,18.561769047597096,4.0178110190781915,4.0178110190781915,28.18729891681842,538.7613313569437,-0.25241218591627756
1279,1279,-8.508790684906451,14.290799639990675,2.445383036125251,0.7645179099580872,4,clothing,5.242986984970425,16.81090037634146,2.8429283244128634,2.8429283244128634,27.532821436548385,529.4375665300838,0.7313019475712146
1280,1280,-6.981128683301061,3.5185508688142555,5.109706357547819,0.8184348006880624,10,food,7.4566205209695156,9.339456995436457,-3.7958583602222937,-3.7958583602222937,19.947137776041973,531.6060263998359,0.13623733816993777
1281,1281,-13.441161331435405,6.564735600399542,1.69599516362096,0.7911366846944768,23,tool,7.56325614358281,15.05446681340303,1.7328845394562542,1.7328845394562542,24.99643797282191,536.5550664027394,-0.161683139014567
1282,1282,-7.790443087120258,9.934389785966472,1.488396181682427,0.8160949920349484,1,animal,7.489884988699979,12.71213700000207,-1.2831924545872937,-1.2831924545872937,23.12475792541558,533.5157590730563,0.1582261200551045
1283,1283,-12.526902479493074,8.591240942103086,2.913813189830872,0.8039954335886622,99,other,5.336010497066091,15.466835938912343,0.6782055166094203,0.6782055166094203,25.031099549879936,540.7012400461999,-0.5128526949663161
1284,1284,-8.320288887816503,5.278953144219661,5.428401272628314,0.82084238071472,10,food,6.202955258347157,11.249981948974945,-1.8714372520629965,-1.8714372520629965,21.511961055070437,533.0134292318927,-0.08651260753507017
1285,1285,-6.150272237732373,8.783767836668085,0.7449773228880523,0.803736152059323,1,animal,4.6374793055063055,10.748740261924825,-3.3007882781050917,-3.3007882781050917,21.450084671583017,534.6517095763942,0.3205953146949163
1286,1286,-10.159817700673958,3.043827563275657,4.075899568891885,0.779475867951587,23,tool,5.839083972808022,11.362206618504064,-2.181923214600861,-2.181923214600861,21.679061770496396,538.5205023693628,-0.024414349173731864
1287,1287,-12.334650175131864,13.40593141623996,2.928135455284056,0.8041919968409655,24,toy,6.436595027401739,18.450923264820695,3.265865861961693,3.265865861961693,28.33668759461009,535.5571309500366,0.0006888003687883781
1288,1288,-8.923929226563125,11.250030852585944,0.7379013294019902,0.8522403455245203,1,animal,5.562751739861387,14.378602345039534,0.12927025011859072,0.12927025011859072,24.96415229866041,535.77972568731,0.4384004343219452
1289,1289,-6.366670877535933,3.071584824302468,9.525000282157952,0.8255144569744737,10,food,4.834942356757785,11.861482275451852,-0.540189388902288,-0.540189388902288,23.592650765497737,534.9387854307794,1.422029846452915
1290,1290,-13.184213600243298,11.730391832028772,6.703108062538321,0.8205272691472949,23,tool,5.530727788294837,18.877426691364317,6.258413437358865,6.258413437358865,28.677042775596757,540.1317391893177,-0.05801184051926356
1291,1291,-9.528291806919135,6.020308788967223,3.86298116281766,0.8045783081233444,27,weapon,5.724277918753957,11.914490594926935,-0.39636799379973553,-0.39636799379973553,21.491671328213297,532.9383139499128,-0.728546562808404
1292,1292,-9.18773090160589,4.7264036483791365,10.299245150992771,0.8413940364167253,10,food,6.252553278080539,14.588616838068766,1.3054866342263125,1.3054866342263125,25.855426901031887,535.9800844331414,1.1331760148671322
1293,1293,-12.650968786334287,10.98038355105814,3.598636662043344,0.6884963444414663,20,part of car,6.551321209099794,17.133768411722947,6.159737048800537,6.159737048800537,26.806973156002105,536.2896797229528,-0.2966362136130023
1294,1294,-8.59763976879494,8.029690262436665,2.212039388966946,0.7618304791269909,12,furniture,7.366644703617848,11.970315516433798,-1.8008056010809916,-1.8008056010809916,21.722600371754286,534.528828725643,-0.5498498310064939
1295,1295,-8.500438465792858,1.8499344404267613,4.379001890405894,0.7720378279187652,99,other,6.058069111215308,9.739372110192027,-3.5529021936348606,-3.5529021936348606,20.272892333914637,545.7145790746902,0.08781329660623172
1296,1296,-11.596165562306156,3.54562163359912,5.693164182664749,0.7330505849520613,9,electronic device,6.286863670834345,13.39606684545274,-0.07800659532292187,-0.07800659532292187,23.781715719000726,538.1191159465843,0.17526833595601587
1297,1297,-13.072071426050613,6.139760741074448,5.048765892537286,0.7597018405001211,18,musical instrument,4.579464066661101,15.299207507680121,2.0075439408530293,2.0075439408530293,25.04679584199809,535.8403737379101,-0.34031569013210117
1298,1298,-10.932793131364924,8.654225116081845,1.7226898808962043,0.798105234009782,99,other,5.035030154874875,14.049528050393153,-0.4058851308611544,-0.4058851308611544,23.75103659055987,546.8998276557911,-0.4668185373510312
1299,1299,-11.798590581969131,1.8196366164539164,4.64330829013532,0.7260128690616497,99,other,6.446692237253945,12.809298537160805,-0.4291175290974891,-0.4291175290974891,23.485805186512028,547.4113636042258,0.4283646693981531
1300,1300,-9.564249284494329,6.8802062452204,7.36947885364898,0.8193330865426502,9,electronic device,7.2192529015107105,13.89680973918473,0.6026304748497928,0.6026304748497928,24.082344927426174,539.6806393487626,0.0073799321655023675
1301,1301,-8.699850058223424,10.833831573964313,1.4783719730896103,0.7325105511194564,1,animal,5.615085220419508,13.97300544977397,-0.09327989229229772,-0.09327989229229772,24.37969500600148,540.7697674487412,0.2334378709356777
1302,1302,-11.685655812792652,6.321510774253534,4.984845579301083,0.798864391645433,9,electronic device,6.06912444294461,14.190304284740893,-0.0758405516054701,-0.0758405516054701,23.89448253011359,540.4977422517438,-0.455089185289534
1303,1303,-15.470145072545044,16.66479426936374,7.938176123945666,0.8173635895555024,99,other,5.05421552162956,24.084339243180185,9.965940677426072,9.965940677426072,33.98356239978014,549.3663355353256,0.37668580409992103
1304,1304,-9.165797227415208,4.514255867933544,2.678740986829609,0.8568289237390204,27,weapon,5.104450647816135,10.562480680682242,-2.2709503689302366,-2.2709503689302366,20.215997817853946,538.1338049466308,-0.7392186829467988
1305,1305,-11.740858578490528,7.198844562181344,4.492263398757155,0.77997013969769,99,other,6.624510219868311,14.486253954503756,-0.278217901287114,-0.278217901287114,24.034549799088136,549.890972451166,-0.5919257612802049
1306,1306,-5.9388966615086165,7.771440496216545,0.0653512304953845,0.8554656556180947,1,animal,4.640073489263805,9.78110687630188,-4.2561745685679035,-4.2561745685679035,20.55911539846725,542.7428387282426,0.3349874336374725
1307,1307,-11.874247700601751,8.127684306548765,4.018999955111538,0.7880571970660407,10,food,8.149460825910237,14.940193147391089,2.949867188216878,2.949867188216878,24.47247586616482,541.7091588376163,-0.5787256551807047
1308,1308,-9.08926734424541,8.493299381297799,2.5102423796461286,0.7900271002710028,99,other,4.492825360861614,12.69063560425919,-1.6949266244941938,-1.6949266244941938,22.35063602963793,551.1838706395101,-0.5957781011257417
1309,1309,-7.114265736730242,4.531903680724768,9.118007978163511,0.8286313620970458,10,food,5.410860369117947,12.421312226734905,-0.6811740971713682,-0.6811740971713682,23.78133924296329,542.5410190689643,1.0869161985057865
1310,1310,-12.483289307820735,8.169773748191833,1.9582927663087109,0.7717167461687761,26,vehicle,6.485472978197149,15.047013843217297,2.944930972726194,2.944930972726194,24.842410671285645,542.9724103720696,-0.30873710585343517
1311,1311,-9.906390008219567,4.2424043909976366,2.142621111292678,0.8277584363886868,27,weapon,4.773370994543284,10.98751032938152,-1.9636249783068571,-1.9636249783068571,20.84445652078712,540.9899796540494,-0.5084368689364993
1312,1312,-7.273742612405938,1.0280015849748096,2.649072510643463,0.7357918671333076,20,part of car,5.859207966655327,7.809078307770229,-2.7752974333239493,-2.7752974333239493,18.67734486018624,544.1014607339733,0.29833567330685185
1313,1313,-10.008741139782316,5.53908127971739,3.102735085262152,0.7720713959356601,99,other,7.645571695819619,11.852564517259689,-2.9776253775098454,-2.9776253775098454,21.429855245106413,553.3640372589132,-0.7324218175865518
1314,1314,-14.06095702043665,6.449471041178686,2.559114618319841,0.8151506328902813,99,other,5.152463868245755,15.679772213628215,1.1439926353224656,1.1439926353224656,25.510779220764917,553.8529962035634,-0.23240579649375803
1315,1315,-11.421846469649788,4.665827504429704,-0.390045370072979,0.7681021855765117,99,other,5.949700334517849,12.344256092128816,-1.2472361121318087,-1.2472361121318087,22.88506180473755,554.2611301974061,0.26273595156152396
1316,1316,-9.109206078526515,3.6051512920648414,0.360534334709898,0.7561816331195221,26,vehicle,7.836204810926564,9.80330231229487,-1.8783857661468666,-1.8783857661468666,20.2984631521899,545.5395970127736,0.05356813743551214
1317,1317,-5.11177861540636,11.705140996470144,3.977098758459245,0.8191010592968233,4,clothing,4.964168563978711,13.377515497831048,0.9387549474997243,0.9387549474997243,24.54909527028793,544.9277022701373,0.9600053639041981
1318,1318,-10.816660701232728,6.2627819543680046,1.2409312384738145,0.8137344781096785,24,toy,5.560247949604936,12.560354169854056,-2.932233547080507,-2.932233547080507,22.344405008802156,548.1147663700883,-0.480111942136066
1319,1319,-7.898760233236266,3.838309950101767,-1.3889748126823398,0.7544438607711784,99,other,5.569037170603639,8.891135333885702,-4.249310304167672,-4.249310304167672,19.746474442249617,556.0473291764959,0.355043949939855
1320,1320,-11.237455723293444,9.046737732707058,3.84604589364349,0.7500686046005871,26,vehicle,7.356623474080079,14.930369846503407,4.251568903100594,4.251568903100594,24.571995883570622,547.2362655128491,-0.4700145148781303
1321,1321,-10.535048702825785,4.158450307396588,1.735456035775797,0.7887351423754226,12,furniture,3.9735184493560247,11.458261987845654,-1.8067938519576892,-1.8067938519576892,21.478708537969094,545.5782034906408,-0.31464131300660725
1322,1322,-13.277331718875557,9.296124126172806,1.0847791788640833,0.7703711348209364,24,toy,5.291028025446082,16.24445158228397,0.5970398748426256,0.5970398748426256,26.11471211701972,549.8654004281526,-0.15681235903476676
1323,1323,-8.101468026294071,5.9474568437269335,8.910759200906803,0.8106287655997333,10,food,5.505385305163862,13.431591738346008,0.3215016747711559,0.3215016747711559,24.435789086834838,548.1264469332754,0.7961030134344185
1324,1324,-12.592411930794675,4.879115705124367,0.2103933810675274,0.750302413921946,99,other,5.800813543142916,13.506253132294255,-0.2419468377398779,-0.2419468377398779,23.932724745579492,558.2756940414166,0.22318210815148376
1325,1325,-15.20925576254627,9.835099335533938,3.0445660089037427,0.8005844956724667,99,other,5.076371097435833,18.366274036203944,3.5990079556774255,3.5990079556774255,27.97409229876442,558.7930885582365,-0.28270486333416045
1326,1326,-11.293428580944974,9.839397143261992,1.7954790056786971,0.7856556478022582,22,sports equipment,4.938031711316059,15.085722061458313,0.4838148001213938,0.4838148001213938,24.89703401450279,548.241195747726,-0.29033091561124635
1327,1327,-12.19671931636495,9.566294398648948,1.999588749035733,0.819986711400868,22,sports equipment,5.3245300908384365,15.629213216572433,0.8320901055118881,0.8320901055118881,25.358998098769888,548.6764450481568,-0.33688164292098577
1328,1328,-12.06229670633023,4.387788776119966,7.959514406163592,0.7665868176538909,16,kitchen tool,5.1909278671644845,15.103163965120528,0.5736086841008614,0.5736086841008614,25.57566757271602,551.6625354971068,0.371983211695202
1329,1329,-11.054638858343862,4.492126068633243,2.575988509450332,0.7056277471114994,20,part of car,7.015247412419693,12.2073729240046,0.22148422053971828,0.22148422053971828,22.121891933884072,551.2335710455748,-0.3723598599595448
1330,1330,-9.971460416837605,11.046428230293325,2.845006568741024,0.826774787754449,1,animal,6.7950398637337015,15.150830401920551,2.121267372694458,2.121267372694458,25.194301844981062,552.5716308848587,-0.05398138190872359
1331,1331,-10.759558431628797,6.600909505279961,-1.446732800486308,0.8057412406997675,99,other,2.945886980733037,12.705634172938108,-0.6948617049670105,-0.6948617049670105,23.30246194982793,561.413687093274,0.3420144824516669
1332,1332,-12.209258954938068,7.870885952283915,1.6799377052000957,0.7778407432282222,23,tool,4.588291087280171,14.623236324287063,1.6447821898393968,1.6447821898393968,24.36125482369167,557.6567135135566,-0.39338761355083207
1333,1333,-11.80654443390238,8.44818511992096,3.52314940405502,0.7862794140932857,99,other,5.178836364944849,14.93917350503228,0.1303328997656763,0.1303328997656763,24.457259025615766,562.3423623577299,-0.592988472399135
1334,1334,-10.331612697097794,10.109701890811904,-0.0489782900684243,0.7510337946681676,21,plant,5.548287762422147,14.455126845407348,2.015032916401946,2.015032916401946,24.781847534457512,552.6062057593341,0.18449589978354197
1335,1335,-11.837497564309254,2.778228425791385,3.885464752150878,0.7843519968138872,99,other,5.119190520515291,12.764863419210943,-0.8872733985083592,-0.8872733985083592,23.13390523603448,563.3116073130954,0.1180402172871311
1336,1336,-8.903997095749837,3.205111328277301,4.067433250993242,0.7520168764389463,9,electronic device,7.237511498090441,10.300384272397729,-3.4627485508856175,-3.4627485508856175,20.466616102654463,554.9287718325592,-0.2433711898700608
1337,1337,-11.178985948659422,5.8489134166792764,3.772539017684209,0.7828880656143173,19,office supply,4.567779922731769,13.168582521899818,0.18842958320875525,0.18842958320875525,22.786135475949944,556.4425796081863,-0.6074673247318607
1338,1338,-7.858924864012682,6.861615273287862,2.2533271403590858,0.8050328105121073,99,other,8.388435398221148,10.67342247727002,-3.8691672911338877,-3.8691672911338877,20.285234491670828,564.6458268306174,-0.7737841524711158
1339,1339,-14.874950062177168,8.39859192816266,3.4289077947824143,0.6991942653097154,99,other,4.579739981803498,17.422912913551027,2.5847565280976674,2.5847565280976674,27.044902177245884,565.1769298846663,-0.3292438156095976
1340,1340,-9.135844256667928,4.9737063919976485,0.6521597746774287,0.7947967229386889,13,home decor,4.523035364353473,10.42241420821481,-3.954156801685965,-3.954156801685965,20.39994184859756,553.7858046583025,-0.4242221499043204
1341,1341,-13.074121622301806,3.3281560311254483,3.836876962766691,0.7936604753332315,23,tool,4.098820378357837,14.026079409074585,0.4461174405965629,0.4461174405965629,24.45557267481192,561.732580743686,0.25965715219108176
1342,1342,-9.442184338531462,4.44359219001497,1.3225776890046157,0.7251829611283157,99,other,5.882252054314853,10.519009857273813,-3.896387673048288,-3.896387673048288,20.42607066226897,566.5116463698237,-0.488472577584254
1343,1343,-11.752911503596984,10.389604793396073,1.6983519791653854,0.7927116473181448,22,sports equipment,3.727209474790559,15.778441495264225,1.2319344777203014,1.2319344777203014,25.630475116594585,555.7395808024144,-0.20502932608145485
1344,1344,-10.26384980348356,3.0491364830111567,3.5285866896282228,0.8037270629747195,99,other,4.879536402943873,11.273631629014698,-2.6593726175162544,-2.6593726175162544,21.416217011952217,567.4736914355526,-0.20438435682864053
1345,1345,-8.627848606511854,5.379211337358401,6.432730964584693,0.8098432606420529,10,food,3.530269772622168,12.031446872740636,-1.1490900434071456,-1.1490900434071456,22.51466141102993,557.4080485268212,0.1850139570511793
1346,1346,-11.357568878262883,9.165539877817004,2.474319513900432,0.6846525223241796,99,other,5.164867584188627,14.802829092210983,0.20520654013921202,0.20520654013921202,24.428969902030357,568.3889540095183,-0.4937076203870241
1347,1347,-8.382815836867682,7.077326418369834,1.2113865380619575,0.6855126402623194,26,vehicle,4.262328532350006,11.037554436178013,-0.3203040194343423,-0.3203040194343423,20.951706618420403,559.2702344878985,-0.4480102923461793
1348,1348,-8.415657557038308,3.680673380539383,6.439170283355909,0.7193780832289725,10,food,4.1203244492209565,11.217555998950974,-1.753494371826143,-1.753494371826143,22.004403434811586,558.7465751999521,0.4362689519912166
1349,1349,-8.672300577866936,4.564537643411651,8.920557054769306,0.8592781790310674,10,food,6.070673193866758,13.252174892386066,-0.0703951575126851,-0.0703951575126851,24.364074546805718,559.1650599685639,0.8922589580645592
1350,1350,-11.253289618271374,8.164521007892926,10.587157175234273,0.8148595133471578,6,container,8.324717817539456,17.47523469296289,2.2862328868425124,2.2862328868425124,27.834234576221203,555.5904732237203,0.411133969203874
1351,1351,-6.731810703606189,2.99714487235898,-0.9705939251420376,0.7936224575276475,99,other,6.829096066037337,7.4325100270781475,-5.771631966131878,-5.771631966131878,18.25285957628157,570.8040586624653,0.22618463900324315
1352,1352,-8.936359202499732,11.959382806031568,2.410745689753704,0.7751206240363478,4,clothing,5.527596722120789,15.122732811167802,0.9767568255512877,0.9767568255512877,25.429407367411443,560.564336430927,0.20741351235954397
1353,1353,-8.543095746161946,6.456116452884589,2.1465244090037694,0.7738984158425772,6,container,5.513755372016465,10.921240388332563,-4.630246257431647,-4.630246257431647,20.399797579153372,556.9723371511816,-0.8910906679499568
1354,1354,-11.581510746367892,6.916129357421896,0.4177588929168742,0.8131095548022012,99,other,6.641361512480757,13.495879332205039,-0.6643534058792788,-0.6643534058792788,23.524360357542506,572.1731453610495,-0.1754760851331767
1355,1355,-12.611694140657049,8.899045472256468,1.0702836497040096,0.7810525655569617,99,other,6.667899523662728,15.47234133884059,1.1695455191140631,1.1695455191140631,25.29772153117878,572.6780379134775,-0.25138181388469505
1356,1356,-11.26973214609358,6.981838494325524,2.012471172855322,0.7735441451904866,23,tool,6.231363015664803,13.409063040612285,0.23620434308374527,0.23620434308374527,23.067078559342047,568.5551495780627,-0.5515286494341112
1357,1357,-6.979330332487783,3.713179215438268,9.014269340655067,0.7874460384858332,10,food,6.532040748460945,11.989820829429467,-1.0972366164147296,-1.0972366164147296,23.4605480158774,562.7439653758438,1.1698477634710862
1358,1358,-12.83337527821608,9.69665688335235,2.0454964111633216,0.8068716683045952,6,container,4.425637141297174,16.21433721473296,0.9574923854519497,0.9574923854519497,25.83226539299483,559.3410514732698,-0.41108272398397006
1359,1359,-9.001723652480317,7.9091383781459825,7.042592382119114,0.7974470456894256,1,animal,4.63045021130548,13.89905054530587,3.0039120546901152,3.0039120546901152,24.04335482145925,565.2928352480502,-0.03370677296729596
1360,1360,-11.34377179055994,7.238066318695663,3.1535230229203632,0.6988164105542155,99,other,4.062286023817309,13.820834632041178,-1.0614093282244639,-1.0614093282244639,23.356933552411977,575.0605921104165,-0.6469457095665732
1361,1361,-9.996114813748266,2.9943408719011093,3.592341409078206,0.724115518627714,99,other,4.731260823777794,11.03600042706383,-2.885320075933773,-2.885320075933773,21.176006278695176,575.5813513927703,-0.2222566311287011
1362,1362,-7.490947667745582,5.308591699325623,10.094700539212017,0.8039971462190243,10,food,4.757296211109471,13.645454252879206,0.7884598889164067,0.7884598889164067,25.03186641331685,564.9505636671273,1.1920809357994244
1363,1363,-8.72780747142243,5.58407937814818,9.390926447767727,0.7037836277449153,99,other,6.86093966012363,13.983778649101264,1.0729488288447797,1.0729488288447797,24.333551070132604,576.5146989133171,0.17721404439249966
1364,1364,-6.972273907131138,5.038653598806824,7.889797858824722,0.8526334468691534,10,food,3.8101053553010593,11.672597987506716,-1.4520294245442322,-1.4520294245442322,22.733484075694097,565.8670821296508,0.7395918065830109
1365,1365,-9.068674725674756,6.5151892070762765,7.922717431276885,0.8728133764160778,10,food,3.7244278795172634,13.691530344704127,0.604655092629045,0.604655092629045,24.337414713605938,566.2792524397498,0.4545183686308292
1366,1366,-9.581482914834591,1.4846497071408162,2.100700791343345,0.7818551268302222,23,tool,4.442901124411465,9.920783407318751,-2.9880607428056756,-2.9880607428056756,20.801087085625046,573.358087898891,0.44627146528625516
1367,1367,-12.36069684504632,3.536050078819382,1.812767334636856,0.7284178727776288,23,tool,4.863005886382244,12.983705251760108,-0.27114135259555994,-0.27114135259555994,23.471305054699965,573.7981313993826,0.25068175755800226
1368,1368,-10.464206037266438,2.720243702281827,2.936474698661357,0.848866776809018,18,musical instrument,4.500328808312863,11.203669820467114,-2.529492999655222,-2.529492999655222,21.576747163610168,566.9281993078923,0.02160521501744128
1369,1369,-11.130994711140726,4.737847292805316,2.0353195128035515,0.7235362330868015,99,other,4.705295836859099,12.267386263935133,-2.172365469628506,-2.172365469628506,22.17337571212534,579.4684626322485,-0.3770272664426422
1370,1370,-12.404720433975534,5.382660040230067,1.8538201069216924,0.7457053358850536,99,other,4.705048153397204,13.648691041363888,-0.7033894700181165,-0.7033894700181165,23.60710039944073,579.9729180120567,-0.23571356321562575
1371,1371,-11.911505412398633,3.5719336455506623,7.12299636197954,0.8024529942597233,99,other,4.010323682036309,14.331076314450096,0.9611589479343188,0.9611589479343188,24.69616585838503,580.4845822653185,0.21488148953893926
1372,1372,-9.456016221700972,3.911069126070637,4.578239627227016,0.8461591818074489,10,food,5.971220294632051,11.210396182931566,-1.2176381935469571,-1.2176381935469571,21.408041127379477,569.5009405483914,-0.15339430898949402
1373,1373,-7.9003911803956,5.838123066721,9.278783722379488,0.83348537435187,1,animal,4.996984831518069,13.512797234923157,3.4064874300491645,3.4064874300491645,24.171842772879735,571.8089213378147,0.45617717818929293
1374,1374,-10.758611014053152,7.386624158742416,5.0122192473309415,0.8144850146726319,17,medical equipment,4.956221437953184,13.979709195742865,-3.2077653549313574,-3.2077653549313574,23.564345875018805,571.8583921367508,-0.5881835868110237
1375,1375,-10.07986701500496,3.7363949276022153,4.097570370598312,0.7414924506387922,9,electronic device,4.176805410170916,11.50454036618594,-2.4352915166283537,-2.4352915166283537,21.56365655865072,572.9745220040157,-0.2729934281604045
1376,1376,-14.407728748173206,13.0812585960513,0.3777606472487063,0.8269704617088339,13,home decor,4.046670032155878,19.463932728107967,5.592799692903977,5.592799692903977,29.628205133034612,570.5952098882351,0.34438904406491133
1377,1377,-6.513449490932304,9.806484057870865,2.092178935425561,0.7649147787385915,4,clothing,4.875765481335675,11.95697982544255,-2.2262732386138815,-2.2262732386138815,22.467542357006813,572.5995529387716,0.2075696275735197
1378,1378,-10.516488528193657,4.794568279051919,-0.3477399573613158,0.796010656358598,26,vehicle,6.330198043847271,11.563102482641296,-0.09833844768360933,-0.09833844768360933,22.193662298412764,574.0737728922936,0.30221895694514345
1379,1379,-10.669513255676376,5.973340379159971,5.034103530744352,0.7824798422278368,19,office supply,3.899108268278341,13.223520966694522,0.30378287454187713,0.30378287454187713,22.96037997128818,575.9570088599603,-0.4846257135808294
1380,1380,-6.499180623369777,1.4509448977007702,9.09426330510015,0.7668558897446667,10,food,5.568807631694092,11.271655376821993,-0.5152188718308359,-0.5152188718308359,23.172591908921216,573.3281366453507,1.55383961073138
1381,1381,-10.469427248981184,5.325686962650243,6.819022575637782,0.8083642921314954,16,kitchen tool,7.789873621399271,13.582007120926944,-0.643482934470935,-0.643482934470935,23.726313065394766,576.2259737619316,-0.054108416874161236
1382,1382,-11.738422510295509,4.636784105708027,0.881910677457498,0.7497670033883632,24,toy,5.81383555831186,12.651802097573785,-1.8755567205454078,-1.8755567205454078,22.88128494257696,577.5273723751643,-0.028794809698339918
1383,1383,-13.328406153895251,5.480535916007529,1.6272227839923163,0.7835502005448339,22,sports equipment,6.312714484534157,14.502776924388824,0.10892545000868736,0.10892545000868736,24.590528436040874,574.5595966759137,-0.05140675939003003
1384,1384,-9.06547022452338,12.455903177708128,1.5772497628744342,0.8131667113374432,1,animal,4.474568906624192,15.486122535310345,1.462244964841826,1.462244964841826,26.04376463662637,577.1631878864948,0.48176698323758416
1385,1385,-12.27303757625046,3.434962381526406,3.0027942431544865,0.8639255561511661,99,other,5.33385264111268,13.093631703132598,-0.7894386667289339,-0.7894386667289339,23.33142856091725,587.5527815233911,0.007953123163627396
1386,1386,-7.425625645004474,3.9680018378501294,8.540321454508055,0.8188676838067083,10,food,4.213365912089045,11.99258293076436,-1.3152535479582887,-1.3152535479582887,23.27730971056635,576.075528176682,0.9840251117053569
1387,1387,-9.261804822497512,2.30537030237545,5.038370309065643,0.8087281589337745,23,tool,2.948352741783679,10.792633421569874,-1.866946251745489,-1.866946251745489,21.439746795887295,583.5789107219297,0.2691890212404431
1388,1388,-11.054156544247824,5.312708441024904,4.313447437111535,0.7298589102687764,9,electronic device,6.794988701010273,13.000964451793504,-1.2463034266961515,-1.2463034266961515,22.757951411798498,579.3450832467112,-0.4788203705034597
1389,1389,-9.961341721440784,7.519276325425947,3.2904381703949155,0.7663884147517009,99,other,6.408945134971436,12.907161915100462,-1.8558283041402213,-1.8558283041402213,22.441414719812133,589.5613465945798,-0.7075911829110204
1390,1390,-10.924576204626362,2.3764057533448084,3.934532200905801,0.8123826464570733,23,tool,4.6863537382078695,11.852181790505218,-1.383283757011828,-1.383283757011828,22.447148036824846,585.0793431767538,0.28522907052701285
1391,1391,-10.327907844900285,2.775960313138513,3.282195682395351,0.7980864528425504,23,tool,4.2912568374945534,11.186797781778644,-2.41890267648008,-2.41890267648008,21.563033108820804,585.568367263317,0.023677399790308584
1392,1392,-10.869302104067357,10.261010366422289,2.4486131916283758,0.7097574224168799,22,sports equipment,5.348258984191944,15.146807205861084,0.8316743151501313,0.8316743151501313,24.92439022890232,579.0256244420682,-0.3201287144901812
1393,1393,-10.094709207304366,9.067141977287822,2.1631140326419245,0.7562768362083724,1,animal,5.672134478671959,13.740279470758331,1.308641615066822,1.308641615066822,23.551665157103564,581.4708193049835,-0.37684306658699995
1394,1394,-9.50077638832212,8.663012136441795,8.861432501071995,0.7265287017632235,10,food,5.756639920919231,15.615297538890893,3.0159801726613225,3.0159801726613225,26.29121077887206,579.8568631884286,0.608351172187259
1395,1395,-8.515665994853123,11.646176907640529,1.1349082675221382,0.755854951771004,1,animal,8.069318242255534,14.47197362752045,0.2746051350113454,0.2746051350113454,25.088401016968863,582.5220173124586,0.4752867739225053
1396,1396,-9.36943569729524,11.233149471244312,1.8267568881384173,0.8230134346220861,1,animal,5.996895855940391,14.741336881620605,0.927546107082545,0.927546107082545,25.040588862636813,582.9991955105579,0.17544622296327717
1397,1397,-5.90606018561346,11.284946434604484,0.8198563176594001,0.82791797754449,1,animal,5.40785933093404,12.76337444916457,0.0105330205080989,0.0105330205080989,23.881325204206206,583.547388338801,0.8668533329194048
1398,1398,-10.8886191728756,6.823926476868778,1.1185242390311088,0.7915109639733701,26,vehicle,6.130092668339133,12.898802135350593,0.4896291630066685,0.4896291630066685,22.85215262779718,584.1591278059753,-0.2890314883442997
1399,1399,-9.587597142621672,7.294625146466766,2.404848061758718,0.8084851542493561,20,part of car,4.599621378579735,12.284822717354011,1.0620906662818612,1.0620906662818612,21.883205306139168,584.3122656082394,-0.6835120038423739
1400,1400,-8.12799944646639,7.112744638808539,0.4096032133786078,0.6957036188743507,10,food,6.091985841605991,10.808482136316258,0.01633417111244384,0.01633417111244384,20.849337644254977,582.784095955948,-0.3360489019682973
1401,1401,-8.3451079891981,3.926638224934321,4.526035659342615,0.802002022603068,10,food,8.341556262950471,10.273476232051848,-2.5119836933030797,-2.5119836933030797,20.499866528857524,583.3101569938439,-0.18494438878466468
1402,1402,-14.229939431093031,5.579683496581096,0.8628005151027444,0.8165328261482109,99,other,6.161398679705851,15.309097584882569,1.3853366162758576,1.3853366162758576,25.58740399226776,596.4783219290741,0.19103885831211187
1403,1403,-11.325805867834813,6.8290533800191255,6.0036160281099775,0.822505011610939,99,other,7.328557055082736,14.524229894765888,0.22634523242432536,0.22634523242432536,24.197209570689363,596.9509249010036,-0.4647979903843016
1404,1404,-7.119621573007535,3.3031979640337195,2.2726772901258308,0.8043349778168741,99,other,4.637509677181884,8.170996891290836,-6.45680280414561,-6.45680280414561,17.865595222292633,597.5377222823682,-0.8520412974758997
1405,1405,-10.152171686502417,9.780836107872856,2.114056951697423,0.8323400400792522,99,other,7.163752706752198,14.254844149141405,0.0402761206183726,0.0402761206183726,23.977241919066902,598.0329733092932,-0.4327162012960777
1406,1406,-11.065402607748592,7.106898243817121,4.607427653303472,0.7591489004905133,99,other,5.979630798729187,13.934831434214257,-0.7579091075358768,-0.7579091075358768,23.488758434748807,598.5567915359455,-0.621781371439031
1407,1407,-9.62402572002029,6.083851146754798,4.446237847896864,0.7951421767746738,9,electronic device,4.488727253830165,12.223098904760292,-1.9517144475099144,-1.9517144475099144,21.889480022768037,588.9922282824122,-0.6194857072005604
1408,1408,-8.82070660601959,4.4590131666337935,7.082147945694995,0.7558553518706668,6,container,4.3338014042574935,12.159131670246976,-2.6939016050577465,-2.6939016050577465,22.48136753086165,584.0938756094002,0.03225242753075719
1409,1409,-7.412517649998314,11.4325087731333,2.40112396586737,0.8066603770617213,1,animal,4.636485123260767,13.83521127626062,0.8004278567012015,0.8004278567012015,24.426914622783514,589.5430977318703,0.40958392473730143
1410,1410,-11.371830611122048,14.091802134330676,8.234456598959621,0.8377174793376246,99,other,3.63133831668322,19.892302388645934,6.2763990650308585,6.2763990650308585,30.116600217040894,600.8429806848029,0.4319821735886791
1411,1411,-6.3537897942931565,7.924837655128523,1.376273655680557,0.7883753023289629,4,clothing,6.087107400526791,10.250259791123694,-3.6636054055242866,-3.6636054055242866,20.468859440209012,590.0670730081991,-0.19422912929011105
1412,1412,-10.152131994609418,4.507302385657966,-0.0369372637726352,0.8251367330363958,23,tool,5.27337309592066,11.10778660189262,-1.5136785493450233,-1.5136785493450233,21.551926085630235,596.2916419761864,0.08649679632917895
1413,1413,-10.503025737307755,6.460293137094506,2.889113537942181,0.8011883558839257,99,other,7.20056648919459,12.664750849932275,-2.2186378910413076,-2.2186378910413076,22.21142525585768,602.336863247435,-0.7107699325268833
1414,1414,-6.879994552155699,10.226665181951049,0.960602842112668,0.792395697121307,1,animal,4.882742034488048,12.362918894892779,-1.4948981462209687,-1.4948981462209687,23.098052363162875,592.0786142552396,0.4582647508731803
1415,1415,-5.8550280567315625,6.695248286271604,1.7751561141625694,0.7506107310232709,99,other,7.82082774788951,9.069668262377922,-4.917777669179891,-4.917777669179891,18.85643574412,603.4599223148434,-0.7020381998415566
1416,1416,-10.0864113614043,3.1895633093228395,3.3182859766445025,0.8025139850877978,12,furniture,3.213445655618368,11.08693059771007,-1.8828393175630112,-1.8828393175630112,21.209476151321223,590.7046054689121,-0.23643932080481633
1417,1417,-8.684930485597315,2.935565226837191,2.254826760019629,0.8114457192969022,99,other,6.0859600540109575,9.440858247975866,-4.730307993552568,-4.730307993552568,19.466820350370135,604.5669427609541,-0.4389556679847253
1418,1418,-11.69914318716657,9.892306321412466,4.555568266562825,0.7735865887161619,99,other,4.729031844241292,15.983769201968515,1.394588477475672,1.394588477475672,25.592915477407484,605.0890563224701,-0.434702818647299
1419,1419,-7.369462145570512,2.221655382482392,1.7134121019316777,0.7851616560523329,99,other,5.004576451151941,7.885461684933587,-6.07853590425368,-6.07853590425368,18.065381971659498,605.691966899935,-0.3850949443270366
1420,1420,-11.25221794378009,5.789303781732579,1.3809471527264252,0.7663128956694427,99,other,6.156664802402426,12.729315062882725,-1.720693307295825,-1.720693307295825,22.604330847250505,606.1676030603205,-0.37827352769425104
1421,1421,-12.475672990860666,7.62723914699372,1.184283771050524,0.7279449044017838,26,vehicle,4.6479016223456,14.670368830765554,2.222584628272191,2.222584628272191,24.649533450406977,596.3154093602699,-0.14920828343957382
1422,1422,-5.204690624313517,10.04862393339246,1.8082286757506545,0.7606358997560076,4,clothing,5.254357468519939,11.460075845882162,-2.080697094915692,-2.080697094915692,22.411848514386715,596.0514912610488,0.6168015361091541
1423,1423,-8.486299088002195,9.66551162604463,1.9233866267194544,0.7680353494265936,4,clothing,7.178681580087454,13.005337493509119,-0.7502352718210936,-0.7502352718210936,23.082001379861943,596.5263747995949,-0.15886201729539806
1424,1424,-12.48955975872063,11.060661089240462,6.157380889951554,0.7683206445364252,99,other,8.226686013073715,17.783156809791457,3.3930724210937235,3.3930724210937235,27.502932239600494,608.4115024062282,-0.20827417327220488
1425,1425,-12.380565661235629,6.828979872033553,5.760274154903477,0.7386354922930961,23,tool,8.26764255008199,15.267420558969846,1.8713935544176508,1.8713935544176508,25.012802579980665,603.1784892226696,-0.34456765078351737
1426,1426,-8.584976212554025,5.686484362814008,2.306019814666465,0.8210555162446701,99,other,6.659026080846885,10.552518579196203,-4.297214814433239,-4.297214814433239,20.086088948520963,609.4689118204501,-0.8598065612895631
1427,1427,-13.433375835925542,8.756033828523174,4.902285153164616,0.8260464975403999,6,container,6.513758980944773,16.767710472166694,1.0668963345472413,1.0668963345472413,26.204494182530322,594.2501725485484,-0.5566148861910811
1428,1428,-11.15613313752496,5.038923248821822,4.07112090064359,0.7941107132728306,6,container,4.957636671153147,12.90054570463423,-2.300315346805803,-2.300315346805803,22.55372906743731,594.7746237476537,-0.5890864106820004
1429,1429,-8.289898326580742,5.16792443934321,9.339560405728353,0.8134888111460642,7,dessert,6.846659503852513,13.515074762947327,-1.6141835374582207,-1.6141835374582207,24.283229465214504,597.5394407338507,0.5654329126912145
1430,1430,-6.739009417949946,11.325276496877931,1.299580834237003,0.8394098586614762,4,clothing,8.040567058210879,13.242546809834954,-0.5062507415762028,-0.5062507415762028,24.01454731114612,600.4222140017849,0.5517401902305288
1431,1431,-7.081889464856523,13.01812125959994,2.2344780455107256,0.8260791022489832,3,body part,7.435639900574345,14.987245632802686,-1.5198661564230598,-1.5198661564230598,25.708371340114176,600.7509470520282,0.6131453934801172
1432,1432,-11.303353688866803,3.7045414986231946,1.843132476646548,0.7893212777642727,23,tool,3.652378971487509,12.03688371868356,-1.383619232603433,-1.383619232603433,22.342317654601786,606.9939640812917,0.0075832426031574585
1433,1433,-9.768386893372336,10.941384200008796,4.548314099143676,0.7819431046225754,99,other,7.273334628263672,15.35651105737497,1.2767038848427994,1.2767038848427994,25.245994208069252,613.3905130503763,-0.1947331069519045
1434,1434,-10.14737545194535,14.44389729431173,6.571232241254203,0.8431142545231122,99,other,4.059410309858987,18.835511428678213,5.3735354698258675,5.3735354698258675,29.123498595483174,614.049108414933,0.4276617876174882
1435,1435,-9.457619289414044,10.475841835947111,4.143343616275063,0.7445394932237037,99,other,5.083704545730792,14.709082946186811,0.6013428982393059,0.6013428982393059,24.566603495020928,614.5042062603801,-0.268360909468111
1436,1436,-10.838843976082076,11.221125814028795,5.831351211164196,0.7992778264948202,99,other,7.09626207752498,16.65529526066891,2.5225410872179452,2.5225410872179452,26.541306156263865,615.0839746916485,-0.11462217574221611
1437,1437,-10.294334315013607,6.430757733247597,5.767407178629659,0.744962357079487,9,electronic device,5.26706007430018,13.43841320904739,-0.5379528145099286,-0.5379528145099286,23.28511656970524,605.0304049808196,-0.3609519790229747
1438,1438,-8.643658209961746,8.296016808800458,8.481704328063612,0.8401247491328321,1,animal,6.77923108829571,14.679101827129337,4.04381670028485,4.04381670028485,25.115555318867454,604.6735153815586,0.30864260016007705
1439,1439,-12.500168132614982,5.228842589693475,2.4061152817911404,0.7894276688404241,99,other,8.415555235039793,13.761700073781013,-0.6771993591877674,-0.6771993591877674,23.665478080600113,616.7648578470079,-0.2830722243781487
1440,1440,-11.09328057018328,4.084773319893892,1.977098202312109,0.7746298939605804,99,other,6.439837040169093,11.985623228906732,-2.210874472664635,-2.210874472664635,22.043059767118915,617.3302582804372,-0.24371302111653037
1441,1441,-11.730861454673876,4.14678231045854,1.3410466947113415,0.8230403086862104,23,tool,4.906457037253749,12.514284647413186,-0.7560255560109574,-0.7560255560109574,22.842351387237827,611.918685120636,0.06093915714558662
1442,1442,-8.587291662421217,4.593437508207489,0.6752384108777677,0.7591159251851256,99,other,5.194743112263806,9.76202812681981,-4.548707728515289,-4.548707728515289,19.725547340071248,618.4526150663816,-0.4807296871550264
1443,1443,-9.198709663844143,6.934278723599211,8.879651340765717,0.7472218772689998,16,kitchen tool,5.236940354057492,14.544713432372008,1.3917446034474494,1.3917446034474494,24.992807839029435,608.8186038468549,0.3116349572910444
1444,1444,-8.41483666095358,12.549377587654696,6.52331672117787,0.7859769562914622,99,other,5.414592107583623,16.457521530074242,3.175479159886706,3.175479159886706,26.88916021190127,619.635452815107,0.4182778928833457
1445,1445,-9.070917136863924,1.1198848033725035,7.488352076438187,0.7899625234053003,99,other,5.916302524060051,11.815713964774723,-0.711375721561442,-0.711375721561442,22.858896956046003,620.2400238970882,0.7310989305499902
1446,1446,-10.107654356393796,4.137743449509409,4.714570067774813,0.8453780250466407,99,other,6.669045127578469,11.895913935727792,-2.1980930030029846,-2.1980930030029846,21.80675686198459,620.729356480058,-0.396079869723863
1447,1447,-8.7081421711393,10.874188898880362,6.215827941172862,0.8027955293808955,99,other,5.849987309842705,15.255039864765116,1.641960928373809,1.641960928373809,25.477066608261936,621.3001551133196,0.13128031280464114
1448,1448,-13.61433017212782,7.056505550629691,4.15693005081812,0.727307860921893,99,other,6.470764418755715,15.887867196989415,1.1003405976292768,1.1003405976292768,25.50461333452864,621.8796806774791,-0.43327472482790697
1449,1449,-12.13112868424654,6.936893221117503,-0.0974642321034944,0.7950129671007661,22,sports equipment,6.671179848201803,13.974772627541197,-0.2048481070905197,-0.2048481070905197,24.22739221043192,609.3751067718706,0.0794816242273626
1450,1450,-8.72095292782753,10.75741299545641,0.1891692042425322,0.8194693919160384,3,body part,6.462962717604055,13.849647624110577,-1.0315583691115897,-1.0315583691115897,24.191395590480383,611.2585262755472,0.16055759495986877
1451,1451,-11.101351331280725,1.9204757143975204,5.189006115656399,0.8068172735855663,16,kitchen tool,5.269603728486198,12.403790260176061,-0.24566746499501235,-0.24566746499501235,23.173251691725056,613.4197065732785,0.49522298862763137
1452,1452,-9.68779828639668,7.319000806095102,0.6994372987610689,0.7965630665940799,22,sports equipment,7.055208016924698,12.161842827977566,-2.5500188749257227,-2.5500188749257227,22.11505411284556,611.0566372413672,-0.33659767180857614
1453,1453,-10.073332739761163,10.292181755293711,1.6365099638877474,0.787118162754098,4,clothing,3.291901619318433,14.494109238992534,1.2166474668896612,1.2166474668896612,24.507285422244568,613.3480881220573,-0.1265398962092661
1454,1454,-13.584419573578442,9.602215499949924,1.653666414427483,0.7923160961310834,99,other,8.040348366579732,16.71746422962242,2.262948889876384,2.262948889876384,26.455483047781247,625.3298541620717,-0.25861337258439576
1455,1455,-11.008505603354113,7.346411458924411,2.535482478470108,0.7169442141648609,22,sports equipment,8.12498548804859,13.475371176391533,-1.4096567706252685,-1.4096567706252685,23.02394503266867,612.763150296605,-0.6567030554382924
1456,1456,-5.346407288472104,8.522533203186397,1.000905235482626,0.8139458530344281,3,body part,7.213664790149091,10.110363711759273,-5.917744823901639,-5.917744823901639,20.62696680731992,614.7090058086081,0.09477131265547101
1457,1457,-4.870063840292692,10.03667616415765,1.179428095632746,0.8302517942761847,4,clothing,5.203218022978644,11.21799629459132,-1.9171519914026014,-1.9171519914026014,22.30888203365049,615.7418953240444,0.7403355903916093
1458,1458,-10.58335356638437,12.419445326481426,1.4684280842671913,0.8530490122324408,3,body part,7.111927467164031,16.38310947186848,1.009225015037586,1.009225015037586,26.445616464059853,615.8542230016944,0.04435741931509085
1459,1459,-5.920027918982682,8.737862596298871,-0.8944904956400436,0.8303958603289248,1,animal,5.900220592613492,10.592312616238424,-2.4204188904922894,-2.4204188904922894,21.77389455487902,616.3299203453397,0.7907659511018466
1460,1460,-12.491459932078977,7.07757758818539,1.0441465268343535,0.7440971122373562,22,sports equipment,4.871208026707728,14.39510047623909,-0.31039458222082317,-0.31039458222082317,24.317296582237358,615.6352120021161,-0.2238916769704069
1461,1461,-10.851181745636843,3.1597465656750163,2.012081099532557,0.7569110532994211,23,tool,6.596998823388756,11.479573772019302,-1.9198429635464258,-1.9198429635464258,21.87942898029503,623.2159650644235,0.066138863849595
1462,1462,-11.999524960343262,11.433915436978454,1.5624187278833777,0.8190540583555257,99,other,6.36871500718571,16.64824836957678,2.5953827039689124,2.5953827039689124,26.46115517153352,629.9786316723292,-0.18817977167092437
1463,1463,-9.374839605364674,1.7361270108498787,7.003439318158085,0.7262828634779857,9,electronic device,7.104622636818418,11.830042979940487,-0.5748571956315871,-0.5748571956315871,22.88272702832803,619.8276595715854,0.7415221306528927
1464,1464,-15.49168596315354,9.95342660993223,1.029005916093071,0.7983802593381437,99,other,5.010992693916316,18.442393782685315,4.15637659310736,4.15637659310736,28.339948698104685,631.2096334556879,0.011930471642834561
1465,1465,-13.154858992082696,13.583704699996517,6.117990361637539,0.8650218514547784,24,toy,7.790448783029777,19.874535328992632,5.079649786914921,5.079649786914921,29.73922611508273,622.3391093648347,0.07123173313237885
1466,1466,-9.250431887741572,14.577268123997117,3.234474291401783,0.8412308634966634,17,medical equipment,6.934174899330098,17.564995303454754,1.1657358095705135,1.1657358095705135,27.96187355538149,621.1827085369194,0.4547888770471076
1467,1467,-12.000193899123769,7.627865493389385,2.297325026043513,0.7546835067292125,24,toy,6.910318720228014,14.403703963810615,-1.2462573337627916,-1.2462573337627916,23.98926720348562,623.397779668817,-0.5599708663219438
1468,1468,-9.140969653749012,13.974306962450656,4.010180786328078,0.8043098117472316,4,clothing,8.013198605435235,17.173238810154363,3.365407114406093,3.365407114406093,27.72101415658425,622.2088624379562,0.5804745038682135
1469,1469,-12.890048019419428,6.773154572719919,1.1779855031654518,0.7276751062373658,99,other,6.96942114210869,14.60878539285739,0.2520746347097891,0.2520746347097891,24.55031406676896,634.0877930079153,-0.19080742794499983
1470,1470,-9.514270128558575,3.2198794722508275,2.679351742097621,0.8019691270076381,9,electronic device,7.393349170649734,10.395570482320142,-3.0327579320140856,-3.0327579320140856,20.456258183286334,623.8597693548379,-0.34278961583143186
1471,1471,-7.04244197482193,9.385223789499854,-0.682267789379976,0.8408879061318086,1,animal,5.010514969040457,11.75346348461394,-1.6612381609386837,-1.6612381609386837,22.753367144400833,623.1599956909415,0.6838134728223757
1472,1472,-10.64485175242581,12.90263602759856,2.3693266690369077,0.8174688177828652,1,animal,5.051810801936989,16.89392181100696,3.187969730130064,3.187969730130064,27.1703781461976,623.7781779205598,0.29118006243832895
1473,1473,-11.606018022620804,8.951969285387,7.074172116089716,0.7915772467441274,9,electronic device,4.533188999660024,16.275174947015852,2.6188165190078223,2.6188165190078223,26.171824637424656,625.5615812846527,-0.12844600290615915
1474,1474,-7.452159554876228,7.95129446906596,8.761927342329795,0.7949248271548991,8,drink,8.048694239735525,13.983173335026583,-1.5793211301231445,-1.5793211301231445,24.744545362093138,625.0370590490713,0.5887746954735711
1475,1475,-8.231615651118052,3.367149157992888,8.508290115507648,0.8208636456458757,10,food,7.771011351172065,12.308053882297926,-0.6889439944098399,-0.6889439944098399,23.59766477005412,622.9448225750211,1.0092113354769836
1476,1476,-10.312698438763237,10.74581195895808,2.854141599781788,0.7961098435829873,1,animal,6.603391300562231,15.164773259688426,2.3359606445150902,2.3359606445150902,25.123577117253166,626.04349694292,-0.13775167555605705
1477,1477,-9.931129307076006,12.137431914877665,2.0321021242282478,0.8011491042921564,1,animal,5.999264630160261,15.813728903881204,1.9817770359469016,1.9817770359469016,26.13167322950447,626.6545531599639,0.2631522974614029
1478,1478,-12.812923629891358,14.702280398569448,4.432306334963388,0.8126027175953823,22,sports equipment,4.229488438685664,19.999334996707876,6.309643572404571,6.309643572404571,29.910588156393572,626.2503531860541,0.12582558251239817
1479,1479,-2.8665346749027494,5.671877991216179,-0.2696268246127529,0.7923102418316542,99,other,7.980585368667469,6.360811238687487,-6.153408257552716,-6.153408257552716,17.29289190999724,640.2031055677393,0.2689466442462596
1480,1480,-7.411231873218803,11.05692642579323,3.1839838628759622,0.8311880362185242,99,other,5.668491160234696,13.686479938357909,0.2875514730436741,0.2875514730436741,23.842541694495573,640.7045526612063,-0.03562926275727207
1481,1481,-12.971708190349268,11.57094749363423,2.1575620593760463,0.7415445665445666,22,sports equipment,6.562235628950541,17.515910290820557,2.9419334291422032,2.9419334291422032,27.33147983959834,627.9426345822004,-0.12967868940306104
1482,1482,-10.427446109967937,14.195709615047852,2.650973470162031,0.8249722954463304,99,other,5.401976793003996,17.81228408123311,4.291253644393738,4.291253644393738,27.776847843290003,641.9902833913833,0.038388642934886974
1483,1483,-8.288368931320091,6.374929370140834,0.1914652924653551,0.7636779214041732,26,vehicle,7.921263177641491,10.458175891338566,-1.0885319827033832,-1.0885319827033832,20.692899803255493,631.9149857943897,-0.16472443721026764
1484,1484,-8.853373055026815,7.497839825376368,0.8370650490100439,0.7777874564459931,26,vehicle,5.375375544506677,11.631874070619443,0.23068459090741555,0.23068459090741555,21.675823959392993,632.5110004899692,-0.2799651782729171
1485,1485,-9.886108141768032,14.287143522512542,3.162997385490767,0.7909845254895672,4,clothing,7.843294601975115,17.65961938106894,3.4190881768715116,3.4190881768715116,28.092366759612226,632.4319145623824,0.49674753099890623
1486,1486,-6.866163251614455,13.66109485539531,1.2710894061792812,0.8149991870957555,4,clothing,5.320258613245835,15.342274235732791,2.165035608772598,2.165035608772598,26.403912948011563,633.0517968099929,0.9765062447551074
1487,1487,-11.915717395624618,15.333378871559493,6.4883146387746224,0.8130962364194073,99,other,7.563247653618428,20.47425347901396,6.7406818786879334,6.7406818786879334,30.567027857203257,645.1108924119197,0.3379101539483145
1488,1488,-10.864888305319576,7.720473400957145,0.6858022971299332,0.7445050587751083,22,sports equipment,6.328445473645462,13.346229138326134,-1.3911789364765426,-1.3911789364765426,23.313686494981567,632.0625064821326,-0.24613048385060665
1489,1489,-8.84019769079182,12.334802777999013,3.0782957294609417,0.8203182675262266,4,clothing,7.669945886231537,15.484584572484684,1.3631173114818829,1.3631173114818829,25.854861366884684,634.8230014760153,0.2943027008080996
1490,1490,-7.472859467066785,6.516600001471378,9.033564882782862,0.7856353240570485,8,drink,5.45376881257848,13.413239678957288,-1.4957357903732245,-1.4957357903732245,24.193648308238387,634.6152375524966,0.5711332484492964
1491,1491,-8.735099147430052,5.387935910243571,8.990639384580087,0.8422389600451473,99,other,5.968538650104378,13.644171174237298,0.6674315990668092,0.6674315990668092,23.95242465184654,647.4187029351692,0.11383968051525528
1492,1492,-8.542639136895113,8.573814678529338,3.397203979215373,0.8034443250503932,12,furniture,4.474732509429488,12.570917883805222,-1.0038154333385307,-1.0038154333385307,22.39070146371552,633.8011080461212,-0.4436993739407846
1493,1493,-11.666436786056366,5.640381741670906,2.3914696762307472,0.8426706725487214,99,other,5.094057193696616,13.177206862121992,-1.4544489346921168,-1.4544489346921168,22.920957693932344,648.6637377602602,-0.480714428028719
1494,1494,-13.888461627373124,7.161741331342709,5.501968875879529,0.7062868777073462,23,tool,7.178042729936375,16.566579815496777,2.946939489834829,2.946939489834829,26.268477595757393,642.7319389365992,-0.30444456869442504
1495,1495,-11.44119530798688,8.948709205598261,3.4274642583965687,0.7947897123202002,4,clothing,5.739834303496169,14.924069745362557,2.63174330753656,2.63174330753656,24.468900647625485,638.4559366425768,-0.5672150923464763
1496,1496,-10.226747893136949,14.39398580668503,3.25934490462416,0.8744543292854738,99,other,6.646721555216159,17.9554038963241,4.459354098876364,4.459354098876364,27.952576717006092,650.6488886469817,0.08020816942595133
1497,1497,-9.54304565398328,6.703515069487352,6.521321494986937,0.8186552685571256,7,dessert,6.359885821103955,13.361679111617367,-0.16263214677879745,-0.16263214677879745,23.355812539045615,636.7036299168832,-0.21846013089234972
1498,1498,-6.79832493807592,3.7513642920695904,9.608431400994402,0.788913585546493,7,dessert,7.421729795422624,12.353619307842337,-1.834559822217372,-1.834559822217372,23.561686533807887,637.3869651615431,0.930600034153052
1499,1499,-8.138913386061095,4.465332767483253,10.629766084112278,0.7378406622840826,10,food,8.009233387261613,14.112867704088627,1.017168388878666,1.017168388878666,25.584580657128527,637.1654440757565,1.3074620954685834
1500,1500,-9.08191211427579,5.847709533655906,9.617758619346706,0.8076757184275425,10,food,6.947956678536134,14.462991229391566,1.1704270168436501,1.1704270168436501,25.47992852590178,637.7422361436305,0.8752186192444071
1501,1501,-13.927807104545831,9.477755349546,3.837173666882197,0.7753685410551353,26,vehicle,3.9516224025905182,17.27818158710862,6.0358539083511396,6.0358539083511396,26.863401209766426,643.0505498793368,-0.375327633237422
1502,1502,-8.996855011031816,10.19745737130546,2.4179196927572897,0.8348637518234797,4,clothing,4.001862356510269,13.812236334849757,0.06671183946873072,0.06671183946873072,23.84832170731258,642.8275989122188,-0.14751260041964542
1503,1503,-6.451041988282083,2.9565888014748407,8.601323715763987,0.8464959111203552,10,food,6.868528949159608,11.150790543228265,-1.5869428698801435,-1.5869428698801435,22.74830460061607,639.6645011376805,1.24263888627004
1504,1504,-8.40435650117722,5.570100552156636,9.157467380590466,0.8491560511618279,10,food,6.934822748262524,13.620515305471885,0.3705423108884034,0.3705423108884034,24.66750510831652,640.1903521828408,0.8510536336111443
1505,1505,-8.152430084140118,5.058360175013493,8.32860625655011,0.8419606972139806,10,food,6.51372353900782,12.704912676346934,-0.5980361324995229,-0.5980361324995229,23.684823500706408,640.8118354121641,0.7250510980476932
1506,1506,-10.32696965591989,3.907685609192036,3.724040834497584,0.7328712509051419,20,part of car,6.327272754437204,11.652673050917636,-0.13918269383608717,-0.13918269383608717,21.63613919056415,645.215700373057,-0.3391104101613749
1507,1507,-11.080045743431096,10.41807504115022,4.450854686806312,0.7709986488320371,99,other,4.249390368533531,15.846570880876039,1.4302757856555992,1.4302757856555992,25.54060101508214,657.4908782970123,-0.35864835032399256
1508,1508,-10.22411129754073,4.886822937017159,8.022353444140943,0.7722796096525316,16,kitchen tool,4.233715070166576,13.884222881565144,-0.40039274902082767,-0.40039274902082767,24.317774796923562,647.3846932325919,0.254586632749362
1509,1509,-15.201285891948736,5.986207393057477,3.554488411145622,0.731699298750826,99,other,7.84941587909867,16.71969376473218,2.3062941579690346,2.3062941579690346,26.6231013769396,658.8258132175655,-0.09308109692585731
1510,1510,-9.997396794096694,2.520696070882832,1.07887368666211,0.7520376054761598,27,weapon,5.227215995664853,10.366572228666085,-1.4566284758369434,-1.4566284758369434,21.019930664200665,644.5138524796796,0.24801493771037997
1511,1511,-9.290899077163182,7.55373001422338,1.1015680795057103,0.7054670191156295,26,vehicle,4.168283427676304,12.024686899191876,0.4501434435868674,0.4501434435868674,21.97908377476778,649.306167215081,-0.34423874338990856
1512,1512,-9.627041143322318,2.749469161583773,4.483540631083365,0.7524422482588514,20,part of car,8.599690935237508,10.970033657026594,0.07133875378377397,0.07133875378377397,21.39063786774065,649.0205378106671,0.05409644007920633
1513,1513,-10.903696980811198,13.47709100642008,1.7369763850774054,0.8217305034859592,1,animal,4.185471080138312,17.422390100299005,3.309056847120214,3.309056847120214,27.834116584240867,648.3860519116561,0.4604597590191908
1514,1514,-10.015561911497237,9.318433657886349,1.4204482663638098,0.8383174643635283,99,other,4.582908369531637,13.753630775794415,-0.37378364892163773,-0.37378364892163773,23.54076876293166,661.9612765870595,-0.4002315432902286
1515,1515,-10.501014268402034,5.729016326903153,3.028522796107493,0.803079428190173,10,food,3.1852964859014503,12.33956559468966,0.520797262033966,0.520797262033966,21.92348478376314,646.9535083585735,-0.6944524286796749
1516,1516,-10.036285409202478,7.880095789739943,2.22722542619604,0.869826206439933,99,other,4.472849427709063,12.953125783745861,-1.6789847139912126,-1.6789847139912126,22.559475936222086,663.2416445227,-0.6325358328958046
1517,1517,-10.10075039488746,6.112866009130684,2.228988994773012,0.817010472106291,99,other,5.654469135689968,12.015018989757097,-2.8046128406454187,-2.8046128406454187,21.619950798452102,663.890032100574,-0.6943259880532722
1518,1518,-11.427185933938093,4.795567052243274,4.879415704833576,0.7817107913241801,99,other,4.984204170750938,13.318661319439368,-0.935490651435888,-0.935490651435888,23.16252152827505,664.5594193675408,-0.37150175714578637
1519,1519,-9.626196082583624,2.78591165138599,8.368131969294263,0.7994339681428767,16,kitchen tool,7.0237569893510905,13.055672614047934,-0.23588822112469643,-0.23588822112469643,23.998463042224188,654.395856573071,0.7105038384550184
1520,1520,-10.489979944510628,9.808824986371452,5.650714858767057,0.7886656183473809,99,other,4.397053557250865,15.433188434817703,1.191833741970779,1.191833741970779,25.231878124080385,665.8556333519109,-0.28059199995541206
1521,1521,-7.222693521595599,4.389958963163023,9.732635899944707,0.8324618685598308,10,food,6.128231942059167,12.89043222572645,-0.10262483872548955,-0.10262483872548955,24.358310219435882,650.7578756905317,1.2249573678428405
1522,1522,-10.776162142467202,7.519621773243918,2.8350137562112163,0.7677921733956604,22,sports equipment,4.852777607868236,13.442755860733845,-1.2615504219648912,-1.2615504219648912,22.95983649445591,653.1111716866923,-0.6902952348471914
1523,1523,-13.377960346379812,8.225783683732692,-0.0999983205573339,0.7531264978466221,99,other,5.4990962365876985,15.70488267721182,1.749893896384883,1.749893896384883,25.875509510275656,667.8301718590661,0.10883001194278208
1524,1524,-7.130336678589151,4.360967906613245,6.833688961257384,0.8475660990550384,10,food,3.332425770130671,10.796251527810728,-2.458676332728629,-2.458676332728629,21.682694877987995,652.6500799836625,0.5087518401293671
1525,1525,-12.702335206753856,10.152665864012985,2.688041019821219,0.8012052519088168,99,other,4.125306852763275,16.48185391196253,1.8852160412868528,1.8852160412868528,26.111340596661496,669.1445243155484,-0.3823081951402223
1526,1526,-9.610264533851792,5.547792619446477,6.695910104665621,0.7832017476635481,10,food,6.09615506979368,12.960339482002682,-0.23996696689642505,-0.23996696689642505,23.39028676068697,653.8637805444662,0.19152553046870935
1527,1527,-10.713819356783825,10.989937324229258,4.64675754847816,0.8151893374775275,23,tool,3.485328278492779,16.03611559307995,3.769053665385613,3.769053665385613,25.889842167408784,663.4461580801059,-0.18675377062283616
1528,1528,-8.348327509433554,9.185548938836083,7.308253023772496,0.7794539412639542,1,animal,3.8376413888812575,14.404146756125389,3.428294484701798,3.428294484701798,24.81698333420564,657.7553119407822,0.26733096795848255
1529,1529,-6.626135210314678,8.159925379253192,-0.4262489903070047,0.8132512997368166,1,animal,5.892089340031646,10.520063603519231,-2.9907086722477203,-2.9907086722477203,21.379128576273697,658.4163737988182,0.46359940395699795
1530,1530,-10.28392819338151,12.466372056908,2.943443890200364,0.8565341092619655,24,toy,7.898189824397237,16.426608696947813,1.627762760226478,1.627762760226478,26.41201013290121,662.4290686139396,-0.029948746674005378
1531,1531,-12.17551269340872,6.913508750021111,1.8564617444096985,0.7729344880325794,13,home decor,5.242341358610716,14.123957051493466,-0.6124160322367693,-0.6124160322367693,23.84239896116834,658.273226273628,-0.4450952935512227
1532,1532,-12.343471391220708,4.584445060021559,2.577045680010124,0.8156806710282967,99,other,4.942339443277872,13.417137806965352,-0.8644506556717282,-0.8644506556717282,23.41544981109697,673.7455412621069,-0.21071251288560688
1533,1533,-14.66861813027992,7.026833245767401,1.7359170057827005,0.7761538876659978,99,other,3.9682405185477223,16.3572048702327,1.9879022501432502,1.9879022501432502,26.30016885877206,674.4360689904995,-0.07685267355720526
1534,1534,-10.637344295228782,7.598480164625323,0.2740761901420528,0.7268011257035648,99,other,6.484954744639,13.075362795174884,-0.9593877129241868,-0.9593877129241868,23.094658098175223,675.0328908773052,-0.2117241261922871
1535,1535,-12.51362730358489,5.328970773246981,2.3205529491204206,0.8207665848847839,99,other,8.154277789430287,13.79759992842296,-0.6529741910952005,-0.6529741910952005,23.698023552475888,675.7267799647223,-0.2841162739639529
1536,1536,-13.318408769821009,10.175214082549108,3.698888417879213,0.7973352175278842,23,tool,7.617057766797343,17.163821524173215,4.147224684047874,4.147224684047874,26.721722769418864,669.3154092921284,-0.41000564623984914
1537,1537,-10.612710907918482,2.485035634787345,3.993666360580596,0.8109806150964688,19,office supply,7.138303395191578,11.60837654113821,-0.7565909741708658,-0.7565909741708658,22.10970984243355,666.5782717591761,0.17590605202533638
1538,1538,-11.43297937328276,4.9995931400113145,3.457848983111277,0.7826371415161084,23,tool,3.703370311578741,12.948577856489143,-0.8353787027281818,-0.8353787027281818,22.745033895744413,670.5936049216407,-0.4427226277264147
1539,1539,-10.15634754714882,5.407578646084004,3.989341170198323,0.7925910876953135,19,office supply,4.183224011078456,12.178183168449179,-0.9075783030377274,-0.9075783030377274,21.834052462471522,667.839092454315,-0.6328880809376294
1540,1540,-9.120660442499656,4.8452042553417,2.7842461979992867,0.7859481356667098,10,food,3.5558478315453983,10.696470355889966,-1.1722611116603439,-1.1722611116603439,20.299712716590292,662.8394783881981,-0.7808705612046296
1541,1541,-12.3549914387026,11.80903395273349,1.806942016171892,0.8093589925845054,1,animal,4.027820359396453,17.18616117104207,4.310418938296348,4.310418938296348,27.220048344027884,666.2050942819634,0.0674179482517161
1542,1542,-7.632733153091125,1.8113995937535168,0.0716414741733884,0.7764565727914915,26,vehicle,3.339769665133853,7.845056811481261,-2.5794561472572965,-2.5794561472572965,18.85041817693386,669.6524849761621,0.43774588098034073
1543,1543,-12.842153043550208,10.190250495363186,1.3541862236163045,0.7554367246619758,13,home decor,5.130550993050317,16.449800007308532,1.9986451749990515,1.9986451749990515,26.306754888683315,666.2003822862664,-0.15690282574382053
1544,1544,-7.638090653980432,5.483601677994173,8.509620304174797,0.8062635954099371,10,food,7.169291399215085,12.681638455757508,-0.4639708977638968,-0.4639708977638968,23.719496385987807,665.4512803686357,0.781500392726489
1545,1545,-12.375362786375396,5.848489122377681,0.2320885058831643,0.724088526265874,26,vehicle,6.027674977991048,13.689714905122683,1.5223813226867904,1.5223813226867904,24.109213145295453,671.5785414186042,0.22801540738690207
1546,1546,-10.669485766973438,2.743727230248928,3.035082519026892,0.7788181139572309,20,part of car,3.443789411314921,11.427059619296683,-0.08914763212037613,-0.08914763212037613,21.823742417470303,671.1380316514118,0.05958690832358471
1547,1547,-11.79375667126796,6.472891474349831,0.9260000850100284,0.7500292221328807,99,other,5.463031659463606,13.485121305247011,-0.8475153437681762,-0.8475153437681762,23.428544991296572,683.7697033911993,-0.2612257566570868
1548,1548,-12.768246965670595,8.326669166708717,2.6463412402226107,0.8174812715051393,12,furniture,3.4728521628686675,15.471414671835184,1.3564393775439285,1.3564393775439285,25.056090989129117,669.5950819840097,-0.4921453245333609
1549,1549,-8.873840194182483,2.873077004170693,3.773692239301192,0.7419017116658811,9,electronic device,3.900814085464519,10.061827089586915,-3.5752130809112757,-3.5752130809112757,20.297900588619257,673.4883463950048,-0.18888185553589665
1550,1550,-12.397599577886782,11.53650466834524,6.885214968484704,0.7935165266198644,17,medical equipment,5.194346339206197,18.28107219007178,1.0441010489026965,1.0441010489026965,28.138272874943297,673.993236272151,-0.038805601167101855
1551,1551,-7.415793031597943,4.75618137992164,10.03603486881115,0.7893430937248295,10,food,4.836343442998592,13.354296817661465,0.39871881435803047,0.39871881435803047,24.80113669763138,670.0548677416615,1.2337712345258858
1552,1552,-10.988947953666536,4.408172289048218,-0.1530577156079128,0.7102639978954393,99,other,3.793277797277872,11.84113114202489,-1.8160067318288498,-1.8160067318288498,22.33320559196543,687.2004689185468,0.18162611026987463
1553,1553,-7.534582137011236,3.839180953177215,1.4674794592951208,0.7954759664563759,99,other,4.6887257610143305,8.582699711283192,-6.079592178790566,-6.079592178790566,18.31130190726813,687.9060098484387,-0.7915423200482934
1554,1554,-9.312415812834136,11.144115978014009,3.411202092372368,0.8582947393134874,4,clothing,6.729672209959403,14.918066527454421,1.277724807766976,1.277724807766976,25.024300243049172,676.8731291261197,-0.006198615774522409
1555,1555,-10.121587098473706,7.415094840408185,1.199024066313556,0.8576388851994025,24,toy,3.812277358921959,12.60427767053061,-3.031033288302389,-3.031033288302389,22.37529711275919,678.9978927587356,-0.4903166443738698
1556,1556,-8.008317641126842,11.887650226549884,1.945282569829907,0.8184916091542059,1,animal,3.418058299936482,14.464905932167653,0.9669289183511367,0.9669289183511367,25.061573783300698,676.1232090588322,0.4550723944595845
1557,1557,-6.271952536349293,3.05969615092551,7.604803534548555,0.7484570218203082,10,food,4.0902713904701,10.32144204814855,-2.7577227263348973,-2.7577227263348973,21.744595827466775,674.0924494436873,1.0149059311971946
1558,1558,-14.489453923234375,9.988938196696736,3.876520185642848,0.7097973774342181,99,other,5.449669037068374,18.020837107100643,3.1865160912571646,3.1865160912571646,27.55054323993797,691.3840512195625,-0.3830475677209293
1559,1559,-8.001461434278664,14.14184470325801,2.101304414921494,0.8547035584583723,4,clothing,7.606631961985374,16.38385293328416,2.578334597716225,2.578334597716225,27.207360569249932,680.4022715988469,0.8054059085081988
1560,1560,-5.357887537573681,10.93438929732649,2.9023788489159608,0.8818364900681974,3,body part,5.63213264101991,12.51765278130889,-3.266128373716878,-3.266128373716878,23.396413685716322,680.0566229041399,0.6118500778008702
1561,1561,-10.422957068813888,7.081278663590431,5.408847198705824,0.7846599237123016,12,furniture,6.757233602907677,13.712701031842936,0.37809755235178244,0.37809755235178244,23.410452217677275,678.3580387047235,-0.4922523760246804
1562,1562,-13.028316224523646,7.587612542964531,3.511405167156973,0.7871119318019271,22,sports equipment,4.358128237833726,15.480273059486885,0.7571603433314316,0.7571603433314316,25.01107526915824,679.5191682610384,-0.5454493511035139
1563,1563,-12.004712041457465,8.772638086824974,5.589998114452023,0.7646643970076494,99,other,4.594636515663471,15.884595340149625,1.3214436233936908,1.3214436233936908,25.47261592088374,694.7901587742759,-0.4622108418008395
1564,1564,-10.917187610530624,5.774754486071615,9.542401972075794,0.7188696253578644,15,kitchen appliance,8.546066755986336,15.607376784540174,-0.5745712956603093,-0.5745712956603093,26.073597940874958,683.1358522709169,0.39814934882820907
1565,1565,-8.107812500395175,10.308836688096134,1.9026247780910792,0.8033222677933399,4,clothing,4.181955406911291,13.252498573839096,-0.7566015523760967,-0.7566015523760967,23.49171776627004,684.4398712650726,0.01959932657804231
1566,1566,-7.518108762958928,5.055232366266403,8.26882739067042,0.7875753716300204,16,kitchen tool,3.2424440073017173,12.26584037338366,-0.6008559536459366,-0.6008559536459366,22.928453568206102,685.5838382602884,0.3794969944877735
1567,1567,-9.803775530260353,9.189498166037408,3.5392099800780867,0.7321298016589869,99,other,7.724951391810267,13.895571182014105,-0.5341093418797662,-0.5341093418797662,23.563122959006808,697.5748076258694,-0.5106831863621544
1568,1568,-10.536973403572391,4.289140082904483,0.1619359728001563,0.7756095800040035,99,other,5.009063481547354,11.37764274433226,-2.41227713642699,-2.41227713642699,21.762719293383032,698.3012131673657,0.04480043891742369
1569,1569,-9.551189912851513,6.222728095022111,8.417804527846387,0.8360983619818477,99,other,3.860175005791578,14.17063889755734,0.8558507614565087,0.8558507614565087,24.286384340920588,698.9747832551012,-0.04478755221471786
1570,1570,-9.569528963699025,6.723327997271772,4.457620423092039,0.8119613998625553,10,food,5.06144574754639,12.51596595482507,0.10696975752427562,0.10696975752427562,22.263453671732066,682.7285088113655,-0.5195316653256015
1571,1571,-15.463011055465495,8.599758984478623,3.2317767964287025,0.7418954323352013,99,other,6.307210527409129,17.986243264075572,3.194359872031761,3.194359872031761,27.63904875104382,700.4765716682095,-0.2621744984642582
1572,1572,-12.851242323571128,9.152043244583378,2.227636052799108,0.7662015420038527,17,medical equipment,6.194417534214013,15.933508314040585,-0.5431043894543777,-0.5431043894543777,25.547757263340873,689.0510179597718,-0.43283468147735604
1573,1573,-8.656600828487521,4.825761750364085,8.910013050079003,0.8497753634301005,10,food,5.738450074867961,13.327154494775922,-0.05139850213191721,-0.05139850213191721,24.398743182149904,684.8030951450872,0.8567732992263899
1574,1574,-11.16667485944908,9.977800879323055,1.1927989719365328,0.7697358061546926,26,vehicle,5.911426705638091,15.022446777789726,3.8028714799490544,3.8028714799490544,25.064840899586777,691.5203140029937,-0.06332082427555008
1575,1575,-8.171826775083833,5.173868672631217,9.81777260826803,0.7959823142910435,10,food,4.791500579045713,13.781738963979466,0.5782726606034387,0.5782726606034387,25.033744790719545,686.1698470187273,1.0664451972246454
1576,1576,-9.81512473851294,4.75647686847521,-1.3343037233484305,0.7891889308581208,99,other,5.957703815855267,10.988226074260119,-2.31376660726481,-2.31376660726481,21.72739057382851,703.9363934966515,0.37382750094877437
1577,1577,-9.65439416209531,6.867829936073657,0.7752903886911373,0.7637758530511721,26,vehicle,4.658093852835655,11.873309978886526,-0.1412135595994748,-0.1412135595994748,21.890018610721015,693.6140291383449,-0.29166884055137743
1578,1578,-10.477842364373156,6.295349841486534,0.7741608641245457,0.8502325231465157,26,vehicle,3.929171143468506,12.248099251839013,-0.0995512065090125,-0.0995512065090125,22.301382725789676,694.3230526919623,-0.23097445528988203
1579,1579,-9.655142477056,8.711733579846996,8.50707670856875,0.8462763862154108,10,food,7.489061699140716,15.539833729611065,2.9423495638366006,2.9423495638366006,26.136814384323248,688.8826576422674,0.5245621176028727
1580,1580,-6.9551696934026825,10.133113684559916,1.9943848686131704,0.8392468943431717,4,clothing,3.585984489772508,12.451182651153896,-1.7428138612124933,-1.7428138612124933,22.90752237452276,694.9824998665276,0.18515121517467392
1581,1581,-10.541718186010556,9.004590288692638,2.4148848379133434,0.8144550365632532,6,container,6.048996874667487,14.072744485737926,-1.3072267760735805,-1.3072267760735805,23.667664243605095,691.272514778042,-0.5719132272248046
1582,1582,-9.360898492689705,9.058942715386117,9.73577972508895,0.757706052546578,7,dessert,6.219667890562092,16.26272641860954,2.0713567166287348,2.0713567166287348,26.830971466649018,692.6674419362761,0.5423482303603464
1583,1583,-12.192394421051688,3.429962181353468,3.6379378008023,0.7904552786551815,99,other,7.248086930973653,13.177773473789632,-0.7260045652969751,-0.7260045652969751,23.36005820171947,708.9887181889477,-0.04214406764638312
1584,1584,-12.357655096608932,8.794410720792614,0.1481014629658599,0.741488048869307,21,plant,5.784869667321726,15.1682310588964,2.1369253243737845,2.1369253243737845,25.336590496026798,695.9372476573119,0.07202643048835355
1585,1585,-13.64219125757525,11.521721453537834,4.047797537894158,0.7793810119419877,99,other,5.187304352798168,18.30967264778261,3.6864178566535344,3.6864178566535344,27.901015145078095,710.4422090959487,-0.3028232078527111
1586,1586,-9.561487993144494,7.40000553911553,2.78846606923768,0.7499428543033195,20,part of car,4.407084669644934,12.407968312390095,1.2261876446025823,1.2261876446025823,21.98866577346101,698.6774894068536,-0.6932721035289156
1587,1587,-12.29617073451587,7.776719450593854,2.025440953381751,0.7951610762205276,22,sports equipment,4.701205991628579,14.689301930358887,-0.38885030144626853,-0.38885030144626853,24.36232235892075,696.8753287879763,-0.4541340359311832
1588,1588,-8.953563432535473,6.999595774539964,8.706024250599844,0.822439273867387,10,food,5.214282675212088,14.316266880699965,1.3432029766848181,1.3432029766848181,25.093688762190077,695.1277991851522,0.6262607667957809
1589,1589,-13.083466271565738,11.781671047674314,4.644083665672295,0.8444481670091427,4,clothing,6.055022379131287,18.208579720795623,5.541980754295615,5.541980754295615,27.910181468857168,701.4285899966605,-0.1990697868691882
1590,1590,-11.739809791564234,10.880586356187816,6.229340334251189,0.845684287508742,17,medical equipment,5.476697990091525,17.175999953321398,-0.08093862376102123,-0.08093862376102123,26.99809469450845,701.7864760338555,-0.14502840815724838
1591,1591,-7.928852802274842,11.8231151411056,1.707036377256287,0.7723613552746439,1,animal,6.970438300506703,14.337598529504806,0.7346332842394503,0.7346332842394503,24.966690197155827,700.2556191823496,0.4793033500478572
1592,1592,-4.863821309611456,8.759735279877809,1.3903133596663235,0.8163854038003964,4,clothing,4.054724595900172,10.115467915199627,-3.6128812442275873,-3.6128812442275873,20.962649893389536,703.6088316278026,0.42567867601773557
1593,1593,-5.764752619117255,9.662440046544251,1.0554535955521178,0.8167225753054336,4,clothing,5.545886510121849,11.300845220825087,-2.3981215021385864,-2.3981215021385864,22.074331604843803,704.3143260778725,0.42826797346387124
1594,1594,-11.653285372399395,9.562202662108724,3.881988734079197,0.8349707936174102,23,tool,5.573307699078224,15.566136844231284,2.7183196045105618,2.7183196045105618,25.165159937598855,709.0827342012697,-0.47170270824015503
1595,1595,-10.07150110755446,5.614046443201422,5.735394724070001,0.8203779621462549,10,food,7.014028279000586,12.878175517781361,-0.05519271526169689,-0.05519271526169689,23.02562598732136,700.0470290898484,-0.09625893609548442
1596,1596,-9.282447019334471,10.114837566948092,1.592848910297857,0.7717103695762233,6,container,8.461617560989243,13.820670364477003,-0.9388305083028996,-0.9388305083028996,23.691504472993987,702.1758987188076,-0.31222109285048916
1597,1597,-7.810916957796569,9.365466465383282,0.6900886083815163,0.841278403168647,4,clothing,4.668525339483198,12.214688212280768,-1.2190231618262466,-1.2190231618262466,22.522613748368013,707.1646878588194,0.021517441224812472
1598,1598,-14.881015146105106,9.676065196288173,0.3763031628604,0.7912969668246261,99,other,4.1711616086988,17.754223540662306,3.6580218280357464,3.6580218280357464,27.79126877225593,719.9291801683798,0.10713362956134986
1599,1599,-13.699118227869684,7.190583647137871,0.4984365660642177,0.7495750405800561,99,other,7.941112281369241,15.479624427550814,1.3638303765874653,1.3638303765874653,25.587714623578826,720.6250559372096,0.031796892580402414
1600,1600,-10.732960502728435,4.430247049509945,4.393320635482737,0.771423998272778,99,other,5.162672162161234,12.414700813107766,-1.8644017948315899,-1.8644017948315899,22.258877821263354,721.3484221246712,-0.42935928672908474
1601,1601,-9.913500876587936,5.805994215742994,6.921296437680464,0.760562368903931,99,other,6.04853958131714,13.412360450032617,-0.2837514698045993,-0.2837514698045993,23.328310327995034,722.065132257619,-0.29338208559870793
1602,1602,-10.628684992769168,2.334940432257368,2.3814376913889803,0.7598073814712619,27,weapon,7.840961664263424,11.139665029778715,-0.6273225608798647,-0.6273225608798647,21.71944638134951,706.9286293010889,0.22419019864398138
1603,1603,-9.1357614127093,10.844962762342554,2.628054926170647,0.8044236286554628,1,animal,6.734210423591488,14.42158197291527,1.1814062983576683,1.1814062983576683,24.573706569667902,708.8232997742264,0.007741029052990456
1604,1604,-10.57262631311609,10.078520464941516,6.780333841529592,0.7911893618815136,6,container,4.80161754811442,16.103724069966894,0.6062779903254523,0.6062779903254523,26.066573987824675,708.0779961263878,-0.07327948726464228
1605,1605,-9.096323284215211,9.67002491677717,9.143399068542948,0.7828818122068265,10,food,4.453383190057756,16.119994593940756,3.875249575983105,3.875249575983105,26.912347355311503,707.1551103662966,0.7572704449280323
1606,1606,-6.529564700953448,8.117921315221492,2.046419316940725,0.8066026114806603,4,clothing,6.5967166903672485,10.617141502533197,-3.3641517924896434,-3.3641517924896434,20.78604251972589,713.7465927494925,-0.22031710872766652
1607,1607,-8.645706349394144,1.913985329228839,4.381016300940863,0.8427329896940715,99,other,5.070506512149929,9.879518305543394,-3.443358863552099,-3.443358863552099,20.394390502086704,726.6009445128245,0.07818437015732727
1608,1608,-11.161606083611607,3.8480897352219983,4.8469486619721005,0.7855637587759122,12,furniture,8.304060680564607,12.762529385189664,-0.025645568959451026,-0.025645568959451026,22.894974597453377,711.6564825623368,-0.11870659390437055
1609,1609,-9.126371723560805,8.043602005212872,6.089505413073925,0.7355611119731789,99,other,8.019933444016807,13.604126955844368,-0.3671475935701842,-0.3671475935701842,23.49157712199249,728.008840397923,-0.3095406744285647
1610,1610,-10.40090077951544,5.654624474220206,4.240657543376437,0.7864178504422408,9,electronic device,3.33563876301428,12.57524120524018,-1.667614284914329,-1.667614284914329,22.248208885857995,716.4839047365385,-0.5902370461189754
1611,1611,-11.204959366101388,2.826467435074377,4.055900103799642,0.8452661838656221,19,office supply,4.362176707477974,12.247055083142277,-0.3442762353339326,-0.3442762353339326,22.66866567126957,718.2316869155622,0.1372854614674246
1612,1612,-12.85822292837754,7.866374949302214,3.454057507026972,0.7901512117346601,99,other,4.57045658898301,15.464289992777315,0.5773470701247874,0.5773470701247874,25.018115853728023,730.2834467954457,-0.5234542892073613
1613,1613,-7.436864653196379,3.8020227604418464,8.706917789991055,0.8296632870417271,10,food,6.522614597151119,12.0653533036767,-1.1681644965536222,-1.1681644965536222,23.40582807267212,712.9701231091523,1.0444562342641923
1614,1614,-9.755760084235458,12.549950469471291,2.6473202284410595,0.7680521856548813,1,animal,7.456292645914813,16.114726680873545,2.6047166592514728,2.6047166592514728,26.43416487598915,716.8894339195933,0.28401686241581103
1615,1615,-11.7704807880833,9.764688617943884,8.27423028362387,0.8114762780596807,10,food,5.922098527130286,17.388394076926115,4.738370641688743,4.738370641688743,27.659523498998148,714.3750441210858,0.3176748849261024
1616,1616,-7.304899586461631,10.55401840167623,2.066101787153324,0.8656836835196666,99,other,5.219241562767293,13.000678404840492,-0.4022541124727752,-0.4022541124727752,23.04560559349071,733.3201339548737,-0.19089855039424108
1617,1617,-9.922072531792407,5.662611219651521,2.039848827143752,0.759325837370653,20,part of car,3.2382934610968044,11.604898637587164,-0.10190062809108014,-0.10190062809108014,21.25374102708703,721.2520902890892,-0.6768086800627913
1618,1618,-9.542023341585992,3.292424649575518,7.046627505208567,0.8540308493265102,10,food,4.3337646515399335,12.31037077921158,-0.3136822735199587,-0.3136822735199587,23.23493710212457,716.5925524357017,0.6443158744078339
1619,1619,-11.748157501688294,4.651693882319831,5.01048279474662,0.7710394670175719,18,musical instrument,,13.59273329745488,0.3964519213994784,0.3964519213994784,23.58010190872999,720.8698918330117,-0.21035546756355572
1620,1620,-6.7490263356659534,2.0675301483288555,-0.1469460787043386,0.7256083707963947,27,weapon,,7.060143804754117,-4.331208737776906,-4.331208737776906,17.877407206661662,720.2422540221738,0.19913488385260436
1621,1621,-12.469054107538009,7.083302289811709,5.067111585732202,0.7191804361685249,6,container,,15.209408321424728,-0.32700367551177223,-0.32700367551177223,24.725248418312454,720.8354799973631,-0.5778429492783062
1622,1622,-10.17028076052009,7.80791521564108,5.856945762236708,0.7961648380416653,19,office supply,,14.096168430613586,1.9680755846755282,1.9680755846755282,23.92343356261868,726.349352938444,-0.33806040639661106
1623,1623,-13.030699026644465,4.824496803592647,3.968994809683397,0.8152644393933594,23,tool,,14.450875625032639,0.5197545109928754,0.5197545109928754,24.451293804755068,730.3963298921644,-0.14208019659870175
1624,1624,-11.173277804400426,4.845524356132563,3.8401274720904737,0.7616735158294851,9,electronic device,,12.7698011802097,-1.3148489195454225,-1.3148489195454225,22.5811657575982,726.9509721686376,-0.43931925280912054
1625,1625,-6.883231466050569,6.281425436467759,1.286598155331702,0.7745942014748178,13,home decor,,9.406939765005186,-4.517925474680009,-4.517925474680009,19.191589195510424,724.2791707325501,-0.6824511619886735
1626,1626,-9.240550390282454,12.143395649953955,1.0418638942587162,0.8542860287444692,1,animal,,15.294943929313039,1.0061369279946177,1.0061369279946177,25.88683233216544,725.778674144779,0.5037099960498992
1627,1627,-11.635318327290994,5.334460929640732,2.1351810526762254,0.8145796966564499,22,sports equipment,,12.97675244870475,-1.6250173040001386,-1.6250173040001386,22.78956203958302,726.0813575948763,-0.4245559017636218
1628,1628,-11.354126052185094,7.038743963951844,0.9289389666527216,0.7866981699735954,99,other,,13.391154640386414,-0.9700517476055239,-0.9700517476055239,23.25073651948064,742.4338614270325,-0.35111478318589917
1629,1629,-9.92287257794886,14.776857185101072,2.1391625851097795,0.8799270376427326,99,other,,17.92749076230737,4.638717253659024,4.638717253659024,28.044462236944394,743.3514376550961,0.19821047516926882
1630,1630,-9.045932276602077,2.987307323082275,0.0078600854780136,0.6988007853295175,26,vehicle,,9.526434672864552,-1.5675734884145882,-1.5675734884145882,20.310304293632957,732.5652999186241,0.324459116528768
1631,1631,-8.736154616865555,8.614793561048044,9.461058672797147,0.7696953556936541,8,drink,,15.493440444244987,0.01234883035423806,0.01234883035423806,26.12267264160098,730.8996469543923,0.5538280229064654
1632,1632,-11.405172120928972,7.9837061446891,8.53237624358907,0.8245809398248424,99,other,,16.328470818632255,2.6478896416213047,2.6478896416213047,26.259958218286727,745.5264941149258,-0.09017844075997061
1633,1633,-8.901504835186358,6.067069261485362,8.009433546035444,0.7642730002955145,6,container,,13.423752958203028,-1.7353315008717622,-1.7353315008717622,23.738711250297452,730.026671703704,0.10635949277299517
1634,1634,-9.554166507985142,9.073323281095838,9.103160795964213,0.7981165308064846,6,container,,16.014831547748496,0.8074995685138724,0.8074995685138724,26.407920894630518,730.7972203835739,0.3512392683581105
1635,1635,-10.361556629007268,10.67753314449977,1.4670288029232,0.8022717529938327,24,toy,,14.950710462604173,-0.12301908606175616,-0.12301908606175616,24.906545903949173,736.8000924141228,-0.15449609136460296
1636,1636,-14.169737256461069,8.03737333279405,3.044967827654131,0.8088696138448731,22,sports equipment,,16.572647738949215,1.6144164751211179,1.6144164751211179,26.17407998973702,732.9124004965716,-0.4045195972856028
1637,1637,-15.639179309243502,12.509750496887788,2.5185275843378188,0.7911644585949374,99,other,,20.18466665947508,5.719537184048445,5.719537184048445,29.88573454124633,749.562474234523,-0.07243268638950795
1638,1638,-12.18903069761246,4.207198001065329,4.355115576347723,0.6985935226676075,99,other,,13.610290814338008,-0.5212432910874334,-0.5212432910874334,23.596783268870233,750.230975743659,-0.21010171126850707
1639,1639,-13.971810212798363,5.194849433797811,2.2621358464108683,0.7484802543048432,99,other,,15.07697581910587,0.9053973134881979,0.9053973134881979,25.157238794552498,751.027053078752,-0.021942757156928394
1640,1640,-14.884138138962044,7.755923029029136,3.1001309987643952,0.7907978652794494,99,other,,17.06759275297571,2.338643061417123,2.338643061417123,26.762249411090544,751.8160489911347,-0.27944303067362597
1641,1641,-11.193471878918164,4.707208981501944,4.152089275820463,0.7561559520618756,9,electronic device,,12.833217618900086,-1.2773686065253251,-1.2773686065253251,22.704276112034382,739.9282655057578,-0.3755441756227462
1642,1642,-12.69976104171328,8.112233118364713,0.6935916279792194,0.7757536883687778,22,sports equipment,,15.08553366738196,0.38345995426580615,0.38345995426580615,25.07206753132098,737.4666914144841,-0.11512112880717851
1643,1643,-12.046053372286304,11.116022264822243,1.4049542651124105,0.8074191914471922,6,container,,16.45136010568888,1.5426455297929778,1.5426455297929778,26.29553836212284,737.8240164490709,-0.16957905063877377
1644,1644,-13.720908958021877,11.21455985028762,3.801173671499371,0.7232219000511685,6,container,,18.12397904851217,2.4745425057345507,2.4745425057345507,27.641363259998737,738.6289887642099,-0.3887317950780229
1645,1645,-9.045722884672108,7.411395897961781,7.201420889552265,0.8332462766189054,6,container,,13.733694131262904,-1.688318073922698,-1.688318073922698,23.8792863065665,739.3481485537898,-0.04306037679139152
1646,1646,-13.452609466722626,8.617520985534796,3.820084869235493,0.7638215335535246,99,other,,16.42642437685237,1.5408277230230034,1.5408277230230034,25.958643478298036,756.4969950898642,-0.48314294309138717
1647,1647,-9.977891241947749,7.24242707113804,8.086867125264888,0.7768600521793522,6,container,,14.744778174614249,-0.634005672601301,-0.634005672601301,24.910823096560723,740.9078609945071,0.04246062811578
1648,1648,-9.231893395457485,7.221521022291061,5.72482323351096,0.8563916426961999,99,other,,13.044225641847435,-1.0662398644048707,-1.0662398644048707,22.818399601616456,758.0385683957993,-0.45884929922158335
1649,1649,-11.364604372870993,6.848821286973765,5.672681376811293,0.7775548706492149,99,other,,14.43051972645494,0.01623591049186146,0.01623591049186146,24.072327173782632,758.8352235961561,-0.5020009317321481
1650,1650,-12.04681865857464,8.490293332810667,1.2704083994282784,0.7785381744284563,99,other,,14.79272990935376,0.40349639971789486,0.40349639971789486,24.566613963751074,759.6343864758024,-0.3466143081690447
1651,1651,-10.217179605029225,7.027246913216608,3.807275679486621,0.7936375687498924,99,other,,12.971827410212788,-1.8013698000846752,-1.8013698000846752,22.497724760764402,760.4107221314006,-0.7117850926728373
1652,1652,-10.131525087043023,6.238544592042993,0.9714098157191507,0.8365858366486058,12,furniture,,11.93779193345095,-1.6237633166766194,-1.6237633166766194,21.78016926596178,744.9131487904232,-0.4618504072187086
1653,1653,-10.354311448190344,12.661206929628106,3.832029230912736,0.8732568528087531,3,body part,,16.798880156354414,0.7636239113583798,0.7636239113583798,26.809493319329828,748.3991690589005,0.019220489740408908
1654,1654,-9.688922954831147,2.2675648181189363,2.858623467581193,0.8110450593781937,19,office supply,,10.353202710197007,-1.760859928674229,-1.760859928674229,20.826152995898624,750.9433357122762,0.06674639324817377
1655,1655,-9.885654660901494,10.493133183349258,3.3594697387859505,0.835006377994183,4,clothing,,14.802636555827725,1.4799062403383765,1.4799062403383765,24.733230295790527,751.0515696293486,-0.1892670809120034
1656,1656,-9.559071600829917,13.717598055388802,1.468371473440205,0.8465485079937493,1,animal,,16.784053773240025,2.804073454435681,2.804073454435681,27.43858898036982,748.7851994133657,0.6621883828210429
1657,1657,-10.72909634785757,4.626232103546037,3.7615930712797727,0.8567254400855172,99,other,,12.274571860207207,-2.2011877575774292,-2.2011877575774292,22.04002536787922,765.203889563595,-0.5171007783060766
1658,1658,-6.541490699234146,9.172542754365628,2.777316770173244,0.8198371450148877,4,clothing,,11.603453347633959,-2.1436082525892886,-2.1436082525892886,21.99974242152323,753.4448394644744,0.07054499277079174
1659,1659,-4.419673440612496,7.662618201058756,-0.3586986668583486,0.8280873170475225,1,animal,,8.853129150219056,-4.007931268602167,-4.007931268602167,20.093162133190393,751.1195528729036,0.7372919386778243
1660,1660,-11.530708128574634,2.721666405043335,0.6211984408844946,0.7534087276770205,99,other,,11.863835192283984,-1.485722977425393,-1.485722977425393,22.59772509413811,767.6448003486071,0.4249026800950908
1661,1661,-11.992126268579964,5.903367476811089,8.410342816024894,0.7653240138994462,16,kitchen tool,,15.792235633085587,1.1953751839951856,1.1953751839951856,26.05578408806448,755.9345855465998,0.20737322855149642
1662,1662,-8.184988520462035,7.030639718085787,1.333017695165596,0.7719869868363075,99,other,,10.872022263647425,-3.4649964004294134,-3.4649964004294134,20.597219711002364,769.184215752713,-0.6476178411357942
1663,1663,-8.12705630975074,3.914026989915624,8.740345845209074,0.8071278615746684,7,dessert,,12.560346214715214,-2.013973251786048,-2.013973251786048,23.41009056605503,753.363413907949,0.5855810583031236
1664,1664,-7.3809358926360575,10.010633536879649,0.1326678218280202,0.8029070863016485,1,animal,,12.438191155141947,-1.6248425902457697,-1.6248425902457697,23.248383972916752,755.0064850295532,0.5381682425659058
1665,1665,-7.424203881480023,4.051455990880102,9.245265768283822,0.8467469040199436,10,food,,12.53028483499166,-0.6800692512102273,-0.6800692512102273,23.92505831257498,752.2000404011982,1.128675586100048
1666,1666,-10.688822367416185,5.410858875559352,8.418775895444929,0.7895540496241945,9,electronic device,,14.642544346906398,1.374898977850009,1.374898977850009,25.04443543897323,759.5593308524087,0.2717275458501618
1667,1667,-10.132304612409754,4.270371055389757,8.074346155845612,0.7164735075426439,9,electronic device,,13.641654282153224,0.6046842488221422,0.6046842488221422,24.211400664076344,760.3748424215557,0.3751706103768342
1668,1668,-8.869204277882625,15.059324916780296,3.063184273674616,0.8485971270218473,3,body part,,17.743425525147583,0.9160003355480342,0.9160003355480342,28.316011447591137,760.3865966044657,0.6419794147139015
1669,1669,-6.50984469787899,11.085984580996747,3.8134194851355634,0.8530864861497083,4,clothing,,13.409671893458556,0.23093054274365699,0.23093054274365699,24.163957901404373,762.2452944845049,0.5447810224735363
1670,1670,-11.133231310369414,14.086414904158636,7.096387413199074,0.8402181663620321,99,other,,19.306336746791263,5.619298300046513,5.619298300046513,29.470968204549735,775.7616962653437,0.33460601614572383
1671,1671,-10.96130675099703,12.632636471491995,6.786124875937885,0.8163409984333126,99,other,,18.049521897882663,4.189284626668982,4.189284626668982,28.105957493037245,776.5299410689216,0.14552790273693006
1672,1672,-9.744363133728552,6.407685342570017,5.4917028985146485,0.7927523848484788,10,food,,12.890688308112525,0.03598276501590547,0.03598276501590547,22.896930095489072,757.6722910521044,-0.23666235832210702
1673,1673,-6.3909471501358,3.818747913101903,9.221355792282662,0.8173055389197881,10,food,,11.851600893867209,-0.8713241163522305,-0.8713241163522305,23.433426356998254,758.5487264824221,1.2720509037670915
1674,1674,-11.367208828043488,3.7142206176238273,7.466148120250229,0.7873136767519102,16,kitchen tool,,14.097951591995475,-0.28789260333736877,-0.28789260333736877,24.662462917109725,766.347697541447,0.399300541965669
1675,1675,-9.588693247347347,15.538668989290011,6.902185233945589,0.8829353569214602,3,body part,,19.520077693342927,4.142140651297854,4.142140651297854,30.145831923219298,766.0313323758086,0.8094840751790215
1676,1676,-10.186786715076703,1.414450534969517,3.1381724924442,0.8227212833414509,23,tool,,10.752647138573469,-2.1015563174728946,-2.1015563174728946,21.647354352212613,771.7614295542013,0.5142095455087343
1677,1677,-12.36448348564344,5.864839679618556,3.5719966355998567,0.7596588527170142,6,container,,14.143406813745914,-1.1595269011691336,-1.1595269011691336,23.708796466794638,764.9241638287767,-0.596895861792273
1678,1678,-8.577179885510022,14.45051173755711,7.149801588365944,0.8707863075449725,3,body part,,18.26211836065777,3.297079154133648,3.297079154133648,28.99580919256808,768.4230398716377,0.8364647732172621
1679,1679,-13.443172792512202,14.343927529032436,9.45420250249245,0.8097310622881944,99,other,,21.813965633181176,8.008405402499239,8.008405402499239,31.882050586213634,783.1520038138884,0.39943783113859155
1680,1680,-12.838031635922183,11.937535873669306,8.807455402921281,0.8841353108038504,99,other,,19.618641382484356,5.700294327605931,5.700294327605931,29.563320712382637,783.8958986873425,0.1347522360203648
1681,1681,-12.154847569843126,4.919878772067833,7.188225251745691,0.8322919155590739,99,other,,14.95379914429104,1.27730452979322,1.27730452979322,25.029210163772944,784.6694173048136,-0.03472174128680905
1682,1682,-9.55732697535506,10.507178639994274,3.4190647537337213,0.7755731262788726,4,clothing,,14.609356785184819,1.2345331160586213,1.2345331160586213,24.588365478117208,772.7234498784775,-0.15329063700222534
1683,1683,-13.295816949494558,10.082896119120202,5.265761860846086,0.7805978511246607,99,other,,17.497765299562605,2.795971604366791,2.795971604366791,27.060963690655928,786.3416735562545,-0.3832175670066924
1684,1684,-10.291980220068249,4.001361155814841,1.3271261689413334,0.7672659098127741,27,weapon,,11.121915833966236,-1.5541969461470373,-1.5541969461470373,21.278533403171657,770.1737849784067,-0.20011583224633256
1685,1685,-6.815278897896975,11.632506508492757,2.0272503491509117,0.8972289476771222,3,body part,,13.633524053023805,-3.0961084591726795,-3.0961084591726795,24.22628169450939,774.0598442293499,0.3976586494887151
1686,1686,-8.46263595088567,3.673020886970352,7.516727044631256,0.8116653149144399,10,food,,11.899935929946599,-1.1207520797140198,-1.1207520797140198,22.919459758014245,768.9196639293015,0.7128598673047755
1687,1687,-6.885008023117655,2.566338797094694,9.22785754095181,0.8484211231643839,10,food,,11.795880005153032,-0.5855092280731462,-0.5855092280731462,23.49251237329966,769.7794508348954,1.3832718940395736
1688,1688,-7.484836578233976,4.677902927920058,8.75528171644936,0.7831931086917757,10,food,,12.432236819667843,-0.8092812685618505,-0.8092812685618505,23.64555061586324,770.5290232025172,0.9409060300529966
1689,1689,-12.949011608504378,6.998612573001528,0.5017005078655473,0.7592273074142454,99,other,,14.727837009681657,0.584872374944517,0.584872374944517,24.809043213300118,791.2831435259891,-0.04346833795413474
1690,1690,-10.80905103022147,11.992628264831444,1.6475358803679154,0.8303930048253702,1,animal,,16.22877356270231,2.5521673021580895,2.5521673021580895,26.46928452756163,775.9521946477653,0.2124291129968192
1691,1691,-9.238266026863316,4.845411140079961,4.588804049811154,0.8122320748986943,99,other,,11.396521000159266,-2.879814702008794,-2.879814702008794,21.120581868389582,792.9349743836982,-0.6150003327826603
1692,1692,-6.872206587656285,7.82406872173333,2.6774816020812704,0.811002831010453,99,other,,10.752310564493381,-3.2857795784025683,-3.2857795784025683,20.590486078213313,793.7783716753146,-0.5423438146169772
1693,1693,-10.217016113274052,11.491998995868409,5.059125911960208,0.7930764321869381,99,other,,16.18790332850457,2.1308946935748487,2.1308946935748487,26.110062504727026,794.6326972000473,-0.10855287732465158
1694,1694,-12.208954207312276,11.093956603179713,2.300348261826463,0.7503794956815004,24,toy,,16.656111133009738,1.2229148538239905,1.2229148538239905,26.429713223417398,783.8561818539778,-0.22697847550967865
1695,1695,-11.693852583841768,5.71348756442208,0.0955941169435927,0.7369236935955598,26,vehicle,,13.015347349826003,0.8559085184520328,0.8559085184520328,23.445862044700426,784.417276038924,0.19563297498154597
1696,1696,-15.013565699294505,7.364765871302954,3.6221464163977446,0.7607206110030245,99,other,,17.110431789056765,2.403042018745765,2.403042018745765,26.792962001571805,797.1568905451536,-0.28881257245138414
1697,1697,-13.30611985408992,8.109745134692751,1.8234383411166848,0.738523202419223,99,other,,15.68903180903567,1.114907235624603,1.114907235624603,25.420753468872267,797.9586995754854,-0.3310952430382734
1698,1698,-9.996415995188688,4.404527915083594,1.078263712476327,0.8022500479604848,26,vehicle,,10.9768324910813,-0.9163271778364148,-0.9163271778364148,21.15544193907672,786.93456461187,-0.18746078404599942
1699,1699,-9.990482487456685,3.120936159946882,0.2200440437588248,0.7351232002584823,26,vehicle,,10.468925552693381,-0.5510136882713788,-0.5510136882713788,21.236277113520536,787.7954333444399,0.3685950055680287
1700,1700,-13.680604100116494,5.202600939186958,2.7358831731192703,0.7504808081878419,24,toy,,14.889964466495895,0.05971675127400644,0.05971675127400644,24.851702503047548,788.8342622212099,-0.1525028014123322
1701,1701,-11.924560914371945,8.0013467238599,2.3818870234612053,0.8178731762912542,22,sports equipment,,14.556444902122342,-0.42896303235129096,-0.42896303235129096,24.1590308551998,784.5831559123047,-0.5331185181953089
1702,1702,-13.74316705695968,9.502930937844758,1.9638351070860731,0.8293815901990301,99,other,,16.82370308501587,2.2793836192536787,2.2793836192536787,26.519712676687554,802.1752783371564,-0.29378560334809123
1703,1703,-12.995469231725668,5.096088944077765,2.436815413055436,0.7929557621865315,99,other,,14.170053367436012,-0.16132452343060777,-0.16132452343060777,24.145429301834124,802.9985375972628,-0.1851947429387586
1704,1704,-11.423295725781305,6.552391333858856,5.020687213309357,0.7627599181514458,6,container,,14.093715532980298,-1.4315051534715195,-1.4315051534715195,23.65584858772225,787.3242548733886,-0.6033503397526694
1705,1705,-9.47329542163344,5.492834899081952,7.48138974178745,0.7768333059312477,99,other,,13.262192648375917,-0.1796138731030652,-0.1796138731030652,23.30232110835673,804.6616753259158,-0.17886754423591356
1706,1706,-11.10202563999718,7.777690055561677,3.4604861745068503,0.7662954659034203,9,electronic device,,13.990082218324911,0.541555093301767,0.541555093301767,23.494260411707316,792.3262066563302,-0.6679745174040974
1707,1707,-10.006175622637802,5.4791035573504345,1.108502642095276,0.7559656133187402,99,other,,11.461801973981812,-2.988531145883801,-2.988531145883801,21.31761170924177,806.3501929468616,-0.4790503122560743
1708,1708,-11.582889076403587,6.618603275999162,-1.899453299424776,0.6870650832434725,21,plant,,13.475056642479544,0.23607226146743088,0.23607226146743088,24.329361703158547,792.2788194918589,0.6490079071508816
1709,1709,-12.408723508866322,6.836213016024439,-0.6591946771407731,0.7228680871973556,99,other,,14.182551432740317,0.4540019257691448,0.4540019257691448,24.567960304805293,808.0496111296318,0.22564250703663546
1710,1710,-10.940252809816144,6.294505694493543,4.094424514635021,0.7725331937494594,18,musical instrument,,13.269297102211024,0.643901484434128,0.643901484434128,22.82907457301793,793.6458894250544,-0.6587613266721526
1711,1711,-11.404263275795804,7.751499408382432,0.2163677898143614,0.7581033687663707,26,vehicle,,13.790931040444194,1.9044455426886948,1.9044455426886948,24.02772471116267,797.8567875365112,0.05182459678076867
1712,1712,-13.070037591533852,6.26841238270083,3.435612046921666,0.795603477948912,23,tool,,14.897056977156877,1.152173721434366,1.152173721434366,24.60517713213258,801.4770616962586,-0.40566424485292885
1713,1713,-9.310520294895534,5.167912179738547,2.143877885752773,0.7845867165386453,99,other,,10.862288748149325,-3.948543964559633,-3.948543964559633,20.493713916157034,811.4474184825546,-0.7420165203401012
1714,1714,-12.506167737268044,5.061087923127261,3.918370384017914,0.7637172786563031,99,other,,14.048931237096202,-0.3847898444571314,-0.3847898444571314,23.870138009333647,812.3132073434226,-0.3471587131673566
1715,1715,-9.730426332220892,4.450730231728375,0.7841400562987627,0.7979317430536943,26,vehicle,,10.728703175607519,-1.433593951311547,-1.433593951311547,20.96285373303908,801.2784308390668,-0.14788802312486027
1716,1716,-12.332429495438252,4.229367692122902,3.495129105023621,0.8029161522871515,18,musical instrument,,13.497862638059093,-0.7207465526309598,-0.7207465526309598,23.55612392516151,798.7924130326081,-0.1455681878285553
1717,1717,-9.282317454048524,6.867706021638024,3.64019607396683,0.701832156778975,99,other,,12.106933169647077,-2.605535027692806,-2.605535027692806,21.658011757232966,814.8532026509513,-0.7422640771468458
1718,1718,-12.67235515956472,10.2104197536251,2.924701257216362,0.7877685157387588,99,other,,16.534664625547357,1.9097061446716026,1.9097061446716026,26.14276566495011,815.7559835941928,-0.4002952098544803
1719,1719,-9.867860664864406,2.581757782927563,3.645616550666138,0.7615502969302432,23,tool,,10.831928147166417,-2.6216695431342885,-2.6216695431342885,21.2613133488824,807.475132936836,0.053989658553820874
1720,1720,-9.563047327465862,5.203860834383271,1.140817547145511,0.7493818681318682,26,vehicle,,10.946849156120459,-1.2472438203342051,-1.2472438203342051,20.90983712736052,805.5436532564902,-0.4050118366815063
1721,1721,-11.319504063836389,3.113422492698076,3.1207146399178263,0.7975258267620271,18,musical instrument,,12.147568963913901,-1.785099805608123,-1.785099805608123,22.463241100465915,803.0926838860711,0.024944586134960645
1722,1722,-12.60833063646414,6.531859208915669,1.7824586429353413,0.7600154663287715,6,container,,14.311266365254738,-0.746255653231632,-0.746255653231632,24.023764488976973,802.7362299264404,-0.4389847988698534
1723,1723,-12.00653399096782,3.856417992278833,2.757132317210488,0.7838015073097321,18,musical instrument,,12.908547432691412,-1.1325349067107524,-1.1325349067107524,23.09910425217853,804.8041715537385,-0.05119800322684753
1724,1724,-4.969356819148993,10.107543659739854,0.7290172596564826,0.8674381466869793,4,clothing,,11.286647517950003,-1.6637549462137713,-1.6637549462137713,22.405066783864456,808.077464717099,0.7722871629682473
1725,1725,-10.400641336076914,6.587873688378662,1.1210058337515263,0.721857991330071,26,vehicle,,12.362446117781408,-0.010400905661342108,-0.010400905661342108,22.299519641849685,809.8279176428359,-0.3398256188737605
1726,1726,-9.971067682278296,7.378103346546555,-0.7896820276337705,0.7581372558949842,21,plant,,12.429086749301572,-0.6375050809905609,-0.6375050809905609,22.930981854990833,807.6470767248069,0.22928461694086977
1727,1727,-9.863372031707003,6.2703599569928885,-1.960203420343976,0.7766679380656867,21,plant,,11.850988113876749,-1.1952693549616704,-1.1952693549616704,22.7752250594698,808.51218367422,0.6144229508063539
1728,1728,-10.916033144817945,3.232915247139892,4.3715605852884245,0.7883871320304204,23,tool,,12.195165540688688,-1.3542091534185445,-1.3542091534185445,22.524026945678184,815.1972708743228,0.041196929665400006
1729,1729,-10.20225594273105,6.904383038498432,8.61106656314109,0.7945678684691135,6,container,,15.030202886792393,-0.23377226954177033,-0.23377226954177033,25.262787211952354,808.801557580272,0.12736852305766533
1730,1730,-9.950768864350897,11.114221471268998,2.588912754823066,0.886843543941008,4,clothing,,15.14087808405568,1.4234868269577063,1.4234868269577063,25.163714880608243,813.2124662147007,-0.07525650928808503
1731,1731,-13.131812637887576,6.0558136289424,4.196139872029568,0.7617224220287183,99,other,,15.057389272071859,0.42471051289920325,0.42471051289920325,24.757369513447316,826.9771900553599,-0.40348598239032896
1732,1732,-9.840781176408653,4.895012526975579,-1.0756562766790436,0.8404603557716152,99,other,,11.04351204222487,-2.3827775915733156,-2.3827775915733156,21.68259868679496,827.8313414186889,0.277307571392555
1733,1733,-10.0906954855363,12.9212865490049,3.4956771578911123,0.7987575754456372,1,animal,,16.763100556147702,3.687297616039576,3.687297616039576,27.021861523068146,812.3064016334897,0.26506569947267167
1734,1734,-13.5637933824225,6.0722036065560285,3.811762735832784,0.783159641990456,99,other,,15.342023423095268,0.7252846240569788,0.7252846240569788,25.07165156494748,829.6087038424345,-0.35552046670500914
1735,1735,-8.61010989709793,1.4361855377914372,4.918057763425937,0.7322567642635917,9,electronic device,,10.01917728675659,-2.567172037807598,-2.567172037807598,20.93535938005701,817.2929818409724,0.4884820130056404
1736,1736,-6.838198835689167,8.574986348970697,-0.4925926619945055,0.8020998140221505,1,animal,,10.978797827271677,-2.5270000656185587,-2.5270000656185587,21.871806326205444,814.8633074114878,0.5270647459953004
1737,1737,-5.584083468224,10.06515639704612,1.7576696541203192,0.8307736590402097,4,clothing,,11.643829442675052,-2.114786346089595,-2.114786346089595,22.485215702248414,819.3598377765119,0.5182405798411089
1738,1738,-6.019837804176834,9.5485046681173,2.1681286246632565,0.7938087853679643,4,clothing,,11.49404934384478,-2.551576181812379,-2.551576181812379,22.097185415834165,820.2183540107632,0.2703513021957029
1739,1739,-11.695680052203562,7.536354381898404,6.094288969572836,0.8182144796794991,17,medical equipment,,15.189665147649857,-1.362788532728242,-1.362788532728242,24.86318076469203,820.5189557159232,-0.4214379999914222
1740,1740,-8.018091126657689,4.546972907203731,-0.5920578313278485,0.7653796889853622,99,other,,9.236627112202168,-4.401597047847375,-4.401597047847375,19.674832128808983,834.864200285657,-0.03985603733551457
1741,1741,-9.660500962555188,1.0374863764062214,4.228621768168896,0.753209716178788,99,other,,10.59636253093438,-2.410687760578309,-2.410687760578309,21.440223273261914,835.8210087688974,0.45330538682735266
1742,1742,-12.003280222130496,6.953615064630775,2.9743507364513104,0.8075532673036927,18,musical instrument,,14.18725698863165,1.6131571852104507,1.6131571852104507,23.741198179611366,821.3204794924198,-0.6055223482568195
1743,1743,-12.820244099621652,11.087993988295176,2.53040535282191,0.78706899603715,99,other,,17.137830105002894,2.7097785756876256,2.7097785756876256,26.821920587529302,837.5432935837207,-0.28548908531705663
1744,1744,-6.388987542706375,11.512333812286954,2.7459494265120097,0.8429495958601178,4,clothing,,13.44965538143429,-0.24755297321871694,-0.24755297321871694,24.278766378334197,825.5168605463681,0.6221791466076567
1745,1745,-5.049567297007724,9.311279062095505,2.314523434368938,0.845182465097868,4,clothing,,10.842281419861367,-2.703309106241047,-2.703309106241047,21.707821563718145,826.3942895859931,0.4908108849921753
1746,1746,-10.572906218079671,4.908840166615394,2.394010120285829,0.8028562505351472,26,vehicle,,11.900182441194564,0.7357229979536264,0.7357229979536264,21.70790712297413,828.1708577381706,-0.4989234147654322
1747,1747,-6.391320746549072,6.980071093723596,0.2281809026055136,0.7954601870373712,4,clothing,,9.466912901417134,-3.438944883789585,-3.438944883789585,19.787876777052627,828.1152461793253,-0.142277148947489
1748,1748,-9.508907561413473,12.661559985053476,5.346694910570958,0.8195620202186807,99,other,,16.71291628451896,3.068483392074107,3.068483392074107,26.855790475744055,841.9875977370102,0.1459493177236837
1749,1749,-10.21167338809244,7.410130090865826,3.4016181026186465,0.7067435895248835,6,container,,13.067490465452552,-2.693407739984778,-2.693407739984778,22.50929257720337,826.4602230940789,-0.7897239407901644
1750,1750,-13.09814262295461,8.065996784067211,5.9333942199347485,0.8049676667455873,9,electronic device,,16.4871711115339,2.2454648100196373,2.2454648100196373,26.15299273729628,830.4325868220219,-0.34563106598945126
1751,1751,-11.294497430774022,6.395147586891756,3.849920169095346,0.762716937811536,99,other,,13.53829642829169,-1.282185362250182,-1.282185362250182,23.10218084511221,844.5981728374612,-0.6373429437533353
1752,1752,-10.455768453737662,3.6277581190993393,0.7952657015922691,0.7625816799951798,26,vehicle,,11.095772639388205,-0.16382012650050726,-0.16382012650050726,21.605778347249146,833.5091636711707,0.1515898625531662
1753,1753,-12.200452571935688,10.405618675830691,4.648103695257225,0.7378114025979882,6,container,,16.69529307765253,0.9473229272964794,0.9473229272964794,26.26374783736894,830.078789491854,-0.42960425429821214
1754,1754,-8.683256357118871,3.5882527332433405,7.489408738652348,0.7770000976523951,10,food,,12.015229581480154,-0.9304639800777004,-0.9304639800777004,23.027687396441852,826.515600868591,0.7132135708322274
1755,1755,-6.956758599027419,12.246361573258936,3.485673970230304,0.8037594131905751,4,clothing,,14.509299949166262,1.0013462309057992,1.0013462309057992,25.30241779416719,835.2688983994598,0.6543793628613344
1756,1756,-9.584141384372977,9.038485281271,3.701854548652769,0.7838331758100694,99,other,,13.684067719606785,-0.7325990564841298,-0.7325990564841298,23.37037782238506,849.0755134162388,-0.5055361543223498
1757,1757,-13.25739011313468,7.334306278119405,8.161712181011653,0.8307697314506027,9,electronic device,,17.209415647219892,3.413395715574527,3.413395715574527,27.24567016421994,836.6790537395672,0.07128183280745048
1758,1758,-8.205195163308332,2.7171400972985302,2.276386116322607,0.7817787903153758,99,other,,8.938121263829007,-5.202675298606938,-5.202675298606938,18.96680216392876,850.9326770713861,-0.4685904813747612
1759,1759,-6.662068540049435,9.19190559445673,0.5957392525164733,0.8063469035533699,4,clothing,,11.36790178294615,-2.1720630811078436,-2.1720630811078436,21.873017633137238,838.7925705991387,0.16421286102094612
1760,1760,-11.68080204210322,12.020579990309724,7.807110721707335,0.7617513556058799,6,container,,18.490171915675496,3.0812019964157074,3.0812019964157074,28.542311252822042,836.4103073527212,0.16958965250327296
1761,1761,-11.10455052424495,3.532802423402729,3.9790150670826434,0.8381523578205372,99,other,,12.313581778360822,-1.697094746634697,-1.697094746634697,22.39191310689305,853.6155691133312,-0.20171247629844657
1762,1762,-11.955747546092196,6.005871906586396,3.388894825330511,0.7593679865195226,99,other,,13.801992786600245,-0.9475336433363175,-0.9475336433363175,23.442146975066745,854.4919979517739,-0.5441030074028426
1763,1763,-15.59489035368497,8.53732994781464,3.244071446607109,0.6760122143225481,99,other,,18.072371380978225,3.290602526386298,3.290602526386298,27.736491324867934,855.4644503803617,-0.2453172712940841
1764,1764,-12.369542061100583,4.383809734819782,2.181747109058752,0.7876147807647988,18,musical instrument,,13.303510027068922,0.03668008436054393,0.03668008436054393,23.449019766727456,840.9636706405366,-0.0708272869140707
1765,1765,-8.225036828674689,1.1770887586755685,1.7453573704272924,0.7559011386455637,23,tool,,8.490173209620652,-4.315551586425734,-4.315551586425734,19.420272679565716,847.9726470799754,0.404000415962134
1766,1766,-12.278155591508408,13.424555032992371,2.9842461547458474,0.8149549231520192,4,clothing,,18.435767075856795,4.775542290809831,4.775542290809831,28.441575984893852,845.1346516596604,0.11975800390531077
1767,1767,-10.140274409327455,6.516073131060454,1.3589524726445568,0.7501237771187786,22,sports equipment,,12.129761991428191,-2.8850261292846326,-2.8850261292846326,21.872981056441056,841.8366758116362,-0.5486544521437722
1768,1768,-9.435830147559775,11.67656455713306,1.0089831412632388,0.7130890260842656,1,animal,,15.046431384545883,0.8162357093658024,0.8162357093658024,25.554126331857603,843.38708433119,0.40352352929402
1769,1769,-10.997599706511783,6.781024396480952,9.773863304585584,0.8522052559843257,10,food,,16.20055230746972,2.955275665262562,2.955275665262562,26.959293646063642,839.9203205492669,0.7288433093957281
1770,1770,-7.3765118500862785,3.642494187046188,9.19376821288536,0.8492465724975353,10,food,,12.3371822118906,-0.7228585011388375,-0.7228585011388375,23.79539871680969,840.8915377241033,1.1796915046963647
1771,1771,-9.726621112425548,3.2027985429154486,7.929829558829297,0.8575199725392281,9,electronic device,,12.951728595182443,0.2255709421579084,0.2255709421579084,23.746571898129787,849.3392243576234,0.5558674015817999
1772,1772,-13.017957988742776,6.42954839628275,-0.7344816263327515,0.750748920080129,26,vehicle,,14.537736620128815,2.9681405440272,2.9681405440272,25.18923592717335,851.4873887386245,0.514590865308147
1773,1773,-10.28190051227956,11.661405608382529,2.744524644445586,0.8238807619423795,17,medical equipment,,15.787282047002243,-1.112082627738907,-1.112082627738907,25.684483498144377,851.0118482503597,-0.15929256304650252
1774,1774,-11.323821832003002,9.558851420454957,2.547227402964296,0.7562324118909785,99,other,,15.036254480544475,0.5051115064612866,0.5051115064612866,24.67653634396364,865.4122399109801,-0.464544488698472
1775,1775,-10.166073565185858,4.265465104340708,-0.3201918604786269,0.7419141289176294,99,other,,11.029313991207058,-2.59429911435409,-2.59429911435409,21.539968964223963,866.3423310656887,0.14796218504330128
1776,1776,-11.348230609212813,9.51309359537896,4.490494559261955,0.812336803258325,6,container,,15.47403725926353,-0.27825298670638077,-0.27825298670638077,25.0439608430616,850.9595354211933,-0.5067292815588296
1777,1777,-10.958437761774782,5.65160920459742,2.577390819306787,0.7074842075223174,13,home decor,,12.596467291095099,-2.020074793681811,-2.020074793681811,22.223547663330304,851.3583912384181,-0.6347583509082817
1778,1778,-10.56709763148866,4.890328967364895,5.9305518765109415,0.7859252328081341,10,food,,13.0671464108446,0.2218390948807354,0.2218390948807354,23.358350052438038,848.1255026948259,0.05965544743699169
1779,1779,-6.91016212703143,9.404397277698344,1.3309063355963533,0.8355345446167013,1,animal,,11.745822255285923,-2.184741871076689,-2.184741871076689,22.26051267358655,853.4400300774149,0.1981084804409754
1780,1780,-11.17354377369466,1.736492085819615,2.701888622299456,0.7794992049203248,99,other,,11.625991886892752,-1.6493976645075072,-1.6493976645075072,22.331693701839352,871.0113394332162,0.3814082002883872
1781,1781,-5.75428329736645,8.088586620487513,-0.4898308711463624,0.7805003675542829,1,animal,,9.9386590677922,-3.528022026175101,-3.528022026175101,20.970981288469716,855.2975124551617,0.5994403948087523
1782,1782,-12.798936325825933,4.620973873641759,3.833591702102367,0.774698987691483,99,other,,14.137276822353536,-0.13210634200680715,-0.13210634200680715,24.068794023955945,872.8155496822769,-0.23116280849909288
1783,1783,-10.214715349458624,9.332979840393348,5.241677780905327,0.7969019856108625,99,other,,14.795949051361688,0.4807867962301984,0.4807867962301984,24.555992059884662,873.702981450493,-0.3602481863356779
1784,1784,-9.062027664394924,7.448218002975939,5.453242080827879,0.8007455053612172,9,electronic device,,12.935770019686721,-0.4928505230440017,-0.4928505230440017,22.833868429983486,861.2132890621524,-0.34190450432125274
1785,1785,-11.06488192699157,13.275995596426496,1.4724906193310523,0.7757805182658155,1,animal,,17.345082869753558,3.2448118632096197,3.2448118632096197,27.752143783399866,859.0201127292462,0.45081908613359545
1786,1786,-11.649377350968482,8.237185042862002,4.740226880763784,0.757226838202448,5,clothing accessory,,15.03425957527415,0.4380800884784293,0.4380800884784293,24.58407033150471,859.7338731238266,-0.5551439779065497
1787,1787,-11.102380296046402,12.171171892472412,6.040701353073697,0.7771391005585486,6,container,,17.546804447282593,2.257075435676093,2.257075435676093,27.506957783331146,861.1896720890777,0.016893289615712348
1788,1788,-10.636043259650307,9.586802315519764,7.598541626431217,0.7799394396589668,99,other,,16.210182901701504,2.365537101705403,2.365537101705403,26.16850920127709,878.3490860892399,-0.07095195325798898
1789,1789,-11.587720308443853,10.560770090388624,8.976580527461751,0.7466844371516806,15,kitchen appliance,,18.066104306539764,1.994476730703596,1.994476730703596,28.250834996727725,865.3307749693704,0.2748901577717362
1790,1790,-9.447367529897916,10.286301431044556,6.304985130250908,0.7351601819589626,99,other,,15.323628417185136,1.4746808013823518,1.4746808013823518,25.3737753971526,880.2231935779663,-0.036185438188184094
1791,1791,-11.772727245220668,9.102413333665837,6.344582602687955,0.8321766464073984,6,container,,16.177291605506444,0.4723853926802164,0.4723853926802164,25.860809699926754,864.8827327311939,-0.34787687597946615
1792,1792,-12.41030415040094,11.259682091454868,3.05785863200144,0.7706155738432617,6,container,,17.03368983278121,1.6707238541168508,1.6707238541168508,26.668837618735893,865.8530013546779,-0.3411337234070899
1793,1793,-8.068382490214761,5.754455455736024,6.506053879526697,0.8426775138465737,10,food,,11.855011205551795,-1.1868671206439245,-1.1868671206439245,22.378110124307515,861.9795575472014,0.21354382981354902
1794,1794,-13.317379503582698,7.221501705451865,2.524061620775974,0.7629456377163432,99,other,,15.358176024182136,0.634277355420668,0.634277355420668,25.056993249387514,883.976843219753,-0.385291883593073
1795,1795,-8.890641236528634,9.323342285669826,5.291091404423014,0.7724793145028541,99,other,,13.92709091025048,-0.09313950446536623,-0.09313950446536623,23.87389021922809,884.8978446268789,-0.22940720399195058
1796,1796,-7.886449958425415,7.736062454681856,7.383358599577603,0.7362242510460147,99,other,,13.287465501721652,-0.052634780718715746,-0.052634780718715746,23.518861458415863,885.8377088798077,0.014026385571142441
1797,1797,-6.315279166410893,7.96971479090037,-1.5985218947768918,0.7797541078797608,1,animal,,10.293414256022183,-2.0360052706692464,-2.0360052706692464,21.52668472932432,870.1699258200366,0.8232188981530228
1798,1798,-14.569203150400307,10.331255284694103,2.1622082562064024,0.7657528872327961,13,home decor,,17.99087715311183,3.2565665669462014,3.2565665669462014,27.695287634675385,870.9523401158704,-0.21027129019367763
1799,1799,-12.52406432039628,7.223439213736762,4.497371629690143,0.7264553243489934,9,electronic device,,15.141222300445722,1.054853408443904,1.054853408443904,24.71326585973879,875.1935570329656,-0.5260275945206416
1800,1800,-9.098181085057323,7.665403379761174,8.369916901013758,0.7834663237537803,7,dessert,,14.546161588571215,0.20947926977015996,0.20947926977015996,24.93244693285536,872.1931587438072,0.24991909093069253
1801,1801,-9.46331779803232,1.7467485100931976,1.2936559130439107,0.7546146773280921,23,tool,,9.709740456130717,-3.050796084097442,-3.050796084097442,20.580410288307093,881.2075604049594,0.42305596158488257
1802,1802,-11.36942857973783,6.9057592630634375,0.0914204312323945,0.6630476325527376,21,plant,,13.302698031767562,0.4762220966828892,0.4762220966828892,23.494136270444244,876.2821465566801,-0.024951043809092965
1803,1803,-7.636340920071586,10.746186221074192,1.447774911415887,0.832307199419237,4,clothing,,13.262363030006751,-0.7660983387324976,-0.7660983387324976,23.703804758863317,879.1897867993813,0.22245668954036546
1804,1804,-7.932747779968809,11.11553849630056,1.8759416451246784,0.7894415567416134,1,animal,,13.784151785991508,0.12171022635195783,0.12171022635195783,24.29034649728808,876.7756262520203,0.32078935880965176
1805,1805,-11.70105323915464,5.916116233293756,2.2036270640286246,0.780764949819828,10,food,,13.29552745958928,1.9029527098580559,1.9029527098580559,22.999442499753734,873.2268554009673,-0.5129357041013449
1806,1806,-11.761874837398848,4.481147903478981,2.5482666422051428,0.7665092841119799,20,part of car,,12.84196437867921,0.9122053364905653,0.9122053364905653,22.852642857596322,881.4432737820039,-0.23536129259312943
1807,1807,-13.474446005323488,8.138368557365222,0.2667981396384042,0.7712350078604892,6,container,,15.743726343315407,1.1086688999608363,1.1086688999608363,25.755197322353894,879.9939150640017,-0.04782606007672996
1808,1808,-10.58544972886456,7.493757328295062,3.0833468723834705,0.7764102849787763,17,medical equipment,,13.330985439686431,-3.4002297592671056,-3.4002297592671056,22.798028161774038,883.5924401545414,-0.7475261258099728
1809,1809,-11.738756580700484,8.158788320907252,3.565634158103744,0.781472904655098,27,weapon,,14.73356643436163,2.0139899023685714,2.0139899023685714,24.253516902490233,880.6111060804667,-0.6043553566323325
1810,1810,-9.408635904392238,9.35906994200204,9.472176188581797,0.7902651643074438,7,dessert,,16.304500651913287,2.267298423924064,2.267298423924064,26.83814172143935,881.6765376077502,0.5104326303445177
1811,1811,-10.071611459089295,4.431908867963771,9.127576100031977,0.8276551208657069,16,kitchen tool,,14.296566687798498,0.6127679983409529,0.6127679983409529,24.979900360098043,886.8262803294004,0.5309047527694055
1812,1812,-14.235889308341704,8.600607451582936,4.481777913702829,0.7826192881539973,99,other,,17.225484788630364,2.353680174840214,2.353680174840214,26.76319777423883,901.0606978621902,-0.42622556986826865
1813,1813,-10.102032828786005,4.603785742258226,3.548811481915344,0.7637044651056353,19,office supply,,11.65504068498538,-1.4004742682318074,-1.4004742682318074,21.4100431534074,889.1431834735076,-0.5674217124250411
1814,1814,-11.423646762304486,13.160588402376716,3.955782052086617,0.8461413648068137,24,toy,,17.870338667476137,2.978456710890441,2.978456710890441,27.787963796742286,891.0638971531805,-0.004813890136031063
1815,1815,-14.471503181107645,14.408726820770909,7.023198361161382,0.7482588106035729,99,other,,21.595395993975927,7.324981603169849,7.324981603169849,31.402384295231606,904.055822864244,0.1242751421950139
1816,1816,-8.004143204605395,12.591480781103186,3.1806605327414106,0.8858876569975964,99,other,,15.255435035595037,1.9776405243531485,1.9776405243531485,25.465650495965868,904.9361121233961,0.11949446087577797
1817,1817,-14.401913345983752,5.44400841706709,3.543411061731144,0.7617800646445004,13,home decor,,15.798990398842607,1.6181793067583392,1.6181793067583392,25.721499505262198,889.0162286407167,-0.13323141742726108
1818,1818,-13.643165918052048,7.7666853966096765,2.564207561564959,0.6848244885058168,99,other,,15.906996534110199,1.1719466048136837,1.1719466048136837,25.579517144181725,906.8217560500079,-0.3762691848523154
1819,1819,-12.47390454701961,8.387056869300835,2.988342319534966,0.7225151292866313,99,other,,15.325508389471667,0.5090345902685378,0.5090345902685378,24.88058541472093,907.7733524916948,-0.5311344073927948
1820,1820,-8.636781554358464,4.861902419412687,1.1938025615593697,0.649435628026099,20,part of car,,9.98284805602005,-1.364176799772256,-1.364176799772256,19.78183350421369,894.8462902773036,-0.6310525977565717
1821,1821,-12.832545745048131,6.638701951691824,3.681556300616823,0.7458873722078694,20,part of car,,14.90974348192353,2.8701926360854415,2.8701926360854415,24.546382092534596,895.8022342749623,-0.4763293498977532
1822,1822,-13.440630419095486,11.230119121572343,1.992308133611032,0.8205021648860478,99,other,,17.627688823174534,3.2785116534866887,3.2785116534866887,27.365482305119272,910.7222813476013,-0.20026125490509372
1823,1823,-8.181700832060546,8.337651410863188,9.515595001252748,0.799042241373386,8,drink,,15.066625626937023,-0.587218041324558,-0.587218041324558,25.80327741793293,896.6434848154058,0.6337799723418804
1824,1824,-9.157728624261456,5.5311161045649415,7.695707840679009,0.7672961170907258,6,container,,13.178814745146228,-1.8999930885802137,-1.8999930885802137,23.44561802784548,896.3165139722056,0.042441498084190954
1825,1825,-9.712939896661352,7.901304720812851,9.48645137667721,0.73539201092145,6,container,,15.708742070877483,0.5138883159803385,0.5138883159803385,26.110341771114115,897.2768970416012,0.34005125018367366
1826,1826,-8.565556160410457,8.579589905691707,8.845184701886463,0.766109528588258,6,container,,15.00717853886862,-0.051781581386823206,-0.051781581386823206,25.513286054524983,898.255810119831,0.3994099829037623
1827,1827,-10.033564842308024,6.070555789939632,2.000667562679156,0.8286022195124504,99,other,,11.896501239436986,-2.873993958489713,-2.873993958489713,21.525588870164086,915.5139317956495,-0.6777973693555026
1828,1828,-9.358472464705756,3.5213054884056576,4.110640369500427,0.7970916792631024,99,other,,10.811011213697737,-3.2502478215212456,-3.2502478215212456,20.77972716879642,916.5152807139572,-0.4080256961718902
1829,1829,-10.10537786197287,3.533727481646657,2.8499410953660904,0.7608429538270559,23,tool,,11.078269535214094,-2.7293109675998792,-2.7293109675998792,21.143666604492207,907.9961009113483,-0.2941451873406855
1830,1830,-9.6982842511427,4.867172013367682,8.884107872262138,0.7608481060125983,6,container,,14.024031285962758,-0.6552904675755897,-0.6552904675755897,24.528117222754993,902.1479039483279,0.33411801639523375
1831,1831,-4.748321928761262,9.049583464714448,-0.1732805394320319,0.8379997738346707,1,animal,,10.221132430867632,-2.411106989718494,-2.411106989718494,21.51063184434528,902.7708484154741,0.8747961454273359
1832,1832,-7.3005627257701775,12.166522014952792,2.3814424872290942,0.8551180504349819,99,other,,14.387277100730898,1.2625603187011833,1.2625603187011833,24.675776486431793,920.458806814567,0.14190812982963763
1833,1833,-10.934100706604852,3.4677479095388186,1.235835503106897,0.80166909165167,99,other,,11.53720604033,-2.2659128702180595,-2.2659128702180595,21.890745232646733,921.4018837232568,0.02353176936300727
1834,1834,-10.894805010657135,10.846866963722205,2.4461756800589805,0.8202534851042554,99,other,,15.567115166486051,1.3914799878161759,1.3914799878161759,25.29316968344011,922.3830552864379,-0.3446083247785161
1835,1835,-11.340269179294832,2.907585833944361,3.0707577704943074,0.6920670524032128,12,furniture,,12.103111737304147,-0.7385249905355664,-0.7385249905355664,22.45955467511278,906.0245000565096,0.06285434500664877
1836,1836,-9.61400639660955,10.894840491152712,1.4379309969729144,0.8576510084174952,1,animal,,14.601175085374654,0.8298235173912296,0.8298235173912296,24.882679491391386,907.620860808111,0.14867854323868812
1837,1837,-7.70655613573658,4.317313893251263,9.19655175675288,0.8284816339623488,10,food,,12.75173599713992,-0.5289540592322126,-0.5289540592322126,24.067109737578267,904.1209509722676,1.0635273263731442
1838,1838,-10.18702265295797,5.973955162243985,4.094711084467801,0.7804281672542265,99,other,,12.49920916208877,-2.204678012608543,-2.204678012608543,22.073527771894728,926.2789472222292,-0.6937791549059327
1839,1839,-10.883098412986229,6.829652114376488,0.6707196227363976,0.7433390075458769,13,home decor,,12.866073366900807,-1.7834200537231766,-1.7834200537231766,22.818839412127748,910.3689603655398,-0.2917221936660006
1840,1840,-11.150206744941782,6.696890540230789,1.0489605407727007,0.7213864778123692,99,other,,13.048975882377743,-1.373837305470417,-1.373837305470417,22.885709905847794,928.2492471437178,-0.395983534051247
1841,1841,-10.74541045342806,2.2379258697948865,2.866754327394057,0.8316944742249621,23,tool,,11.344180815950121,-1.9535270638053426,-1.9535270638053426,21.978518587309424,919.7804920369625,0.2919082206565875
1842,1842,-8.72040342168709,12.237925280255793,2.769041918755158,0.802362077971834,3,body part,,15.280047256141552,-1.4880497283427978,-1.4880497283427978,25.498369312106743,915.6626972219855,0.12918497457616596
1843,1843,-10.849125384546983,2.869269727754108,2.639220644743581,0.7992990324102066,18,musical instrument,,11.528300654991115,-2.0724039411168995,-2.0724039411168995,21.91394410979718,915.7091367929783,0.055062926266323586
1844,1844,-8.33823245378984,6.16175865647786,1.6668973959460651,0.7078021197561754,26,vehicle,,10.501044572933006,-1.0747428321204247,-1.0747428321204247,20.22712477116415,919.8795221787497,-0.6706093392386236
1845,1845,-7.86698731192087,10.720853465207435,0.8994284925411485,0.7610259035471744,1,animal,,13.327984093686828,-0.9175534591759309,-0.9175534591759309,23.970660513151294,916.5059598015725,0.4279144201093743
1846,1846,-10.076980312246116,9.07030173722913,2.47369558291298,0.8392366699286723,99,other,,13.781693497342799,-0.6469733405068325,-0.6469733405068325,23.43667849252299,934.1831463628738,-0.530578560338153
1847,1847,-15.058539028792104,10.880962015606649,3.5327416013199686,0.8031291446876105,24,toy,,18.911245207241816,3.131832867410928,3.131832867410928,28.456063047680207,923.2573749336684,-0.31063369557520204
1848,1848,-8.340691107304508,5.917666873544472,9.82309152987587,0.7658811531774898,10,food,,14.180234009988451,1.073781469461224,1.073781469461224,25.32504449613335,914.9807313636534,0.9848949835022154
1849,1849,-13.817713435599789,8.7705254034208,3.177602002662419,0.7226549088779289,99,other,,16.671786794693862,1.8371884800326086,1.8371884800326086,26.248889740908158,937.1924730842153,-0.4224688133534258
1850,1850,-8.339276649046615,6.398024841044424,8.857010873771364,0.84315811785324,10,food,,13.744995398837347,0.715056705637025,0.715056705637025,24.671206185922696,916.9688125998044,0.7382855274464966
1851,1851,-6.207225310645979,8.302914498641782,0.3536619847346013,0.8001629173143788,1,animal,,10.372709965497272,-3.8077223178499473,-3.8077223178499473,21.09098977512348,922.4637704849417,0.3133313055198066
1852,1852,-8.59165346969086,5.1093214572280585,3.01842503954671,0.7974675868500317,99,other,,10.441865964275953,-4.3741997135796815,-4.3741997135796815,19.986636222120712,940.1513865314529,-0.8557277157457612
1853,1853,-9.687687777468858,4.348452620216247,5.585066436599284,0.8232370288350045,10,food,,11.998054082442405,-0.8372942717673766,-0.8372942717673766,22.35483903998674,919.9709322992952,0.056435385114458114
